#ANHUI01|HA
1	GAC	230
1	GAT	76
2	AAA	268
2	AAG	38
3	ATC	268
3	ATA	29
3	ATT	9
4	TGC	277
4	TGT	29
5	CTC	242
5	CTT	63
6	GGA	248
6	GGG	58
7	CAT	252
7	CAC	54
8	CAT	298
8	CAC	8
9	GCC	258
9	GCT	41
9	RCC	6
10	GTG	296
10	GTA	10
11	TCA	277
11	GCA	29
12	AAC	251
12	AAT	55
13	GGA	218
13	GGG	88
14	ACC	169
14	ACA	87
14	ACT	34
14	ACY	15
15	AAA	305
16	GTA	267
16	GTG	39
17	AAC	304
18	ACA	305
19	TTA	267
19	CTA	22
19	TTG	16
20	ACT	277
20	ACA	29
21	GAA	273
21	GAG	33
22	AGA	290
22	AGG	14
23	GGA	289
23	GGG	14
23	GAA	2
24	GTG	274
24	ATC	16
24	ATT	9
24	GTT	4
24	GTA	3
25	GAA	297
25	GAG	9
26	GTC	263
26	GTA	31
26	GTT	12
27	GTC	244
27	GTT	33
27	GTA	19
27	GTG	9
28	AAT	299
28	AAC	7
29	GCA	265
29	GCC	26
29	GCT	11
29	GCG	4
30	ACT	277
30	ACA	19
30	ACG	10
31	GAA	290
31	GAG	16
32	ACA	247
32	ACG	59
33	GTG	302
33	GTT	4
34	GAA	279
34	GAG	27
35	CGA	272
35	ACT	29
35	AGA	5
36	ACA	277
36	GCA	19
36	GTG	4
36	GCG	3
36	ACG	2
37	AAC	249
37	AAT	54
37	AGC	3
38	ATC	235
38	GTC	32
38	ATT	19
38	ACT	8
38	ACC	8
38	GTT	4
39	CCC	205
39	CCT	64
39	AAG	25
39	CCA	8
39	AAA	4
40	AGG	276
40	AAA	29
41	ATC	271
41	ATA	29
41	ATT	5
42	TGC	297
42	TGT	9
43	TCA	277
43	ACT	24
43	ACC	5
44	AAA	276
44	CAG	21
44	CAA	8
45	GGG	303
45	GGA	3
46	AAA	300
46	AGA	5
47	AGG	187
47	CGG	63
47	AGA	40
47	AAG	11
48	ACA	271
48	CCA	29
48	ACG	4
48	GCA	2
49	GTT	272
49	ACA	29
49	ATT	5
50	GAC	277
50	GAT	29
51	CTC	243
51	CTT	34
51	CTG	24
51	CTA	5
52	GGT	263
52	GGA	30
52	GGC	13
53	CAA	294
53	CAG	12
54	TGT	290
54	TGC	16
55	GGA	293
55	GGG	12
56	CTC	234
56	CTT	64
56	TTG	8
57	CTG	275
57	CTA	31
58	GGG	242
58	GGA	64
59	ACA	267
59	ACC	28
59	ACG	9
60	ATC	274
60	CTA	29
60	ATA	3
61	ACT	262
61	ATA	29
61	ATT	8
61	ACA	3
61	AYT	3
62	GGA	283
62	GGG	22
63	CCA	271
63	CCT	29
63	CCG	6
64	CCT	240
64	CCC	66
65	CAA	304
65	CAG	2
66	TGT	286
66	TGC	20
67	GAC	273
67	GAT	33
68	CAA	306
69	TTC	283
69	TTT	22
70	CTA	276
70	CTG	29
71	GAA	276
71	GAG	29
72	TTT	298
72	TTC	8
73	TCA	209
73	TCG	66
73	GAC	18
73	TCT	5
73	TCC	5
73	GAT	2
74	GCC	269
74	GCT	24
74	TCT	9
74	GCA	4
75	GAT	300
75	GAC	5
76	TTA	275
76	TTG	15
76	CTG	8
76	CTA	8
77	ATT	265
77	ATA	29
77	ATC	12
78	ATT	294
78	GTT	11
79	GAG	262
79	GAA	44
80	AGG	275
80	CGA	16
80	CGG	13
80	AGA	2
81	CGA	272
81	AGA	33
82	GAA	306
83	GGA	304
83	GGG	2
84	AGT	265
84	ACG	13
84	ACC	12
84	AAC	8
84	AAT	6
84	ART	2
85	GAT	303
85	GAC	3
86	GTC	263
86	GTG	20
86	GTT	10
86	ATA	6
86	ATC	3
86	GTA	3
87	TGT	286
87	TGC	20
88	TAT	298
88	TAC	8
89	CCT	289
89	CCC	17
90	GGG	290
90	GGT	9
90	GGA	7
91	AAA	282
91	AAG	22
91	AGA	2
92	TTC	298
92	TTT	8
93	GTG	261
93	ACA	24
93	GTA	13
93	ATA	4
93	GCG	3
94	AAT	303
94	AAC	2
95	GAA	285
95	GAG	16
95	AAA	4
96	GAA	305
97	GCT	268
97	TCA	28
97	GCC	4
97	TCT	3
97	RCT	2
98	CTG	296
98	TTG	5
98	TTA	4
99	AGG	300
99	AGA	6
100	CAA	275
100	CAG	31
101	ATT	272
101	ATC	34
102	CTC	288
102	CTT	17
103	AGA	240
103	AGG	33
103	CGA	29
103	CGG	4
104	GAA	216
104	GAG	32
104	AAA	30
104	GGG	22
104	AGA	5
105	TCA	293
105	TCG	9
105	TCT	4
106	GGC	255
106	GGA	45
106	GGT	6
107	GGA	303
107	GGG	3
108	ATT	302
108	GTC	3
109	GAC	276
109	GAT	20
109	GGT	5
109	AAT	4
110	AAG	291
110	AAA	15
111	GAA	247
111	GAG	59
112	GCA	159
112	ACA	88
112	TCA	29
112	ACG	12
112	CCC	8
112	TCG	8
112	GCT	2
113	ATG	306
114	GGA	200
114	GGG	75
114	GGT	20
114	GGC	9
115	TTC	305
116	ACA	269
116	ACC	31
116	ACT	4
117	TAC	257
117	TAT	49
118	AGT	187
118	AAT	74
118	AGC	45
119	GGA	281
119	GGG	13
119	GRA	10
119	GAA	2
120	ATA	306
121	AGA	306
122	ACT	263
122	ACC	37
122	ATT	4
122	GCT	2
123	AAT	235
123	RAT	69
123	GAT	2
124	GGA	271
124	GGG	35
125	GCA	158
125	GTA	66
125	RCA	49
125	GCG	17
125	GTG	7
125	TCA	4
125	ACA	2
126	ACC	276
126	ACG	20
126	ACA	9
127	AGT	305
128	GCA	260
128	GCT	18
128	TCA	12
128	GCC	10
128	ACA	3
129	TGT	277
129	TGC	29
130	AGG	190
130	AAG	72
130	AGA	31
130	ACA	9
130	ATG	2
131	AGA	298
131	AGG	8
132	TCA	305
133	GGA	251
133	GGT	28
133	GRA	15
133	GGG	10
134	TCT	302
134	TCC	3
135	TCA	270
135	TCC	17
135	TCT	12
135	TCG	7
136	TTC	297
136	TTT	9
137	TAT	303
137	TAC	3
138	GCA	281
138	GCG	18
138	ACA	4
138	GCT	3
139	GAA	238
139	GAG	68
140	ATG	306
141	AAA	271
141	AAG	35
142	TGG	306
143	CTC	269
143	TTA	15
143	TTG	14
143	CTT	8
144	CTG	282
144	TTG	14
144	CTT	10
145	TCA	279
145	TCG	27
146	AAC	268
146	AAT	35
146	GAT	2
147	ACA	277
147	TCA	29
148	GAT	237
148	GAC	58
148	AAC	9
148	RAC	2
149	AAT	211
149	RAT	74
149	GAT	21
150	GCT	276
150	GCG	17
150	GCA	12
151	GCA	231
151	GCT	59
151	RCA	6
151	TTA	4
151	ACT	2
151	KCA	2
152	TTC	282
152	TTT	24
153	CCG	275
153	CCC	20
153	CCA	9
153	CCT	2
154	CAG	253
154	CAA	53
155	ATG	304
155	ACG	2
156	ACT	288
156	ACC	9
156	ACA	9
157	AAG	296
157	AAA	10
158	TCA	277
158	TCG	24
158	GCG	5
159	TAT	245
159	TAC	61
160	AAA	267
160	AGA	28
160	AAG	9
161	AAT	272
161	AAC	34
162	ACA	276
162	CCC	29
163	AGA	247
163	AGG	56
163	AAG	3
164	AAA	258
164	AAC	15
164	AGA	11
164	AGC	9
164	GAA	8
164	AGT	4
165	AGC	223
165	GAC	45
165	AAA	29
165	AAC	9
166	CCA	302
166	TCA	4
167	GCT	301
167	GTT	4
168	CTA	143
168	ATA	105
168	CTG	49
168	TTA	5
168	TTG	4
169	ATA	302
169	GTA	4
170	GTA	232
170	ATA	33
170	ATT	23
170	GTT	13
170	GTG	4
171	TGG	306
172	GGG	245
172	GGA	61
173	ATC	264
173	GTG	20
173	ATT	13
173	GTT	9
174	CAT	248
174	CAC	58
175	CAT	281
175	CAC	25
176	TCC	266
176	TCT	40
177	GTA	136
177	GTT	79
177	GGA	70
177	GCA	11
177	GAA	5
177	GGG	5
178	TCA	279
178	TCG	27
179	ACT	239
179	ACC	28
179	GCT	19
179	GTT	13
179	GCA	4
180	GCA	240
180	ACA	36
180	ACT	12
180	GCT	6
180	AGC	5
180	AAT	4
181	GAG	256
181	GAA	50
182	CAA	236
182	CAG	70
183	ACC	288
183	ACT	11
183	ATC	6
184	AAG	267
184	AAA	34
184	AMA	2
185	CTA	269
185	CTC	29
185	CTG	8
186	TAT	280
186	TAC	26
187	GGG	285
187	GGA	21
188	AGT	300
188	AAT	4
188	AGY	2
189	GGA	297
189	GGG	9
190	AAC	286
190	AGC	17
190	RAC	2
191	AAA	276
191	AAG	30
192	CTG	243
192	TTG	54
192	TTA	9
193	GTG	232
193	ATA	74
194	ACA	306
195	GTT	276
195	GTA	29
196	GGG	256
196	GGA	32
196	AGA	9
196	GGT	3
196	GAG	3
197	AGT	275
197	AGC	31
198	TCT	266
198	TCG	18
198	TCA	11
198	TCC	11
199	AAT	265
199	AAA	32
199	AAC	8
200	TAT	245
200	TAC	61
201	CAA	270
201	CAG	33
202	CAA	247
202	CAG	59
203	TCT	245
203	TCC	31
203	TCA	25
203	CCA	4
204	TTT	198
204	TTC	108
205	GTA	268
205	ACC	28
205	GTG	9
206	CCG	266
206	CCA	39
207	AGT	287
207	AGC	17
207	AAT	2
208	CCA	255
208	CCG	43
208	CCT	8
209	GGA	278
209	GGG	17
209	GRA	6
209	GAA	4
210	GCG	268
210	GCA	27
211	AGA	243
211	AGG	33
211	CGA	19
212	CCA	279
212	ACA	9
212	CCG	9
213	CAA	278
213	CAG	19
214	GTT	234
214	GTG	55
214	GTA	8
215	AAT	295
215	AAC	2
216	GGT	231
216	GGC	45
216	GGG	19
217	CTA	177
217	CAA	73
217	TTA	27
217	CAG	9
217	CCA	7
217	CWA	3
218	TCT	198
218	TCC	75
218	TCA	19
218	GCA	9
218	TCG	5
219	GGA	297
219	CGG	7
219	CGA	2
220	AGA	253
220	AGG	49
220	AKA	2
220	AKW	2
221	ATT	297
221	ATC	9
222	GAC	269
222	GAT	37
223	TTT	298
223	TTC	8
224	CAT	284
224	CAC	22
225	TGG	306
226	CTA	268
226	CTG	33
226	ATG	3
227	ATG	174
227	ATA	102
227	CTC	29
228	CTA	254
228	CTT	32
228	TTA	17
228	CTG	3
229	AAT	237
229	AAC	32
229	GAT	18
229	GAC	15
229	AGC	4
230	CCC	304
230	CCT	2
231	AAT	293
231	AAC	13
232	GAT	242
232	GAC	64
233	ACA	306
234	GTC	246
234	GTT	30
234	GTG	29
235	ACT	270
235	ACC	28
235	ACA	8
236	TTC	305
237	AGT	265
237	ACT	28
237	GGT	4
237	AGC	4
237	GGC	3
238	TTC	306
239	AAT	298
239	AAC	8
240	GGG	297
240	GGA	9
241	GCT	233
241	GCC	45
241	GCA	27
242	TTC	304
242	TTT	2
243	ATA	306
244	GCT	285
244	GCC	21
245	CCA	277
245	CCT	29
246	GAC	300
246	GAT	6
247	CGT	269
247	AGA	17
247	AGG	12
247	CGC	8
248	GCA	304
248	ACA	2
249	AGC	259
249	AGT	39
249	TGC	7
250	TTC	273
250	TTT	33
251	CTG	266
251	TTT	18
251	CTT	11
251	TTG	10
252	AGA	293
252	AGG	8
252	AAA	5
253	GGA	249
253	GGG	54
253	GGT	3
254	AAA	239
254	AAG	38
254	GAG	19
254	GAA	10
255	TCT	273
255	TCA	29
255	TCG	4
256	ATG	269
256	CTA	29
256	ATA	5
256	CTG	3
257	GGA	306
258	ATC	239
258	ATT	39
258	GTT	17
258	GTC	11
259	CAG	282
259	CAA	24
260	AGT	306
261	GGA	198
261	GGT	59
261	GAT	23
261	GAC	14
261	AGT	6
261	GAG	3
261	GAA	2
262	GTA	268
262	GTT	19
262	GCT	9
262	GCA	8
263	CAG	270
263	CCT	29
263	CAA	7
264	GTT	277
264	TTG	29
265	GAT	305
266	GCC	257
266	TCT	23
266	GCA	15
266	TCC	4
266	TCA	2
267	AAT	225
267	AGT	39
267	GAT	35
267	GGT	7
268	TGT	285
268	TGC	21
269	GAA	276
269	GAG	13
269	AAG	7
269	AGA	5
269	GGA	4
270	GGG	259
270	GGA	47
271	GAC	232
271	GAT	72
271	AAT	2
272	TGC	298
272	TGT	8
273	TAT	273
273	TTC	20
273	TTT	9
273	TAC	3
274	CAT	265
274	CAC	32
274	TAT	9
275	AGT	280
275	AAT	23
275	AAA	3
276	GGA	213
276	GGT	66
276	GGG	25
276	AGA	2
277	GGG	272
277	GGT	29
277	GGA	5
278	ACA	277
278	ACG	27
278	ACR	2
279	ATA	306
280	ATA	269
280	GTG	17
280	GTC	10
280	AGA	8
280	GTA	2
281	AGT	278
281	AGC	25
281	AAT	2
282	AAC	207
282	AAT	45
282	TCC	25
282	AAA	23
282	TCA	4
282	AGC	2
283	TTG	276
283	CTG	30
284	CCA	261
284	CCC	41
284	CCT	4
285	TTT	277
285	TTC	29
286	CAG	293
286	CAA	13
287	AAC	299
287	AAT	7
288	ATA	273
288	ATC	33
289	GAT	232
289	AAT	41
289	AAC	33
290	AGC	264
290	CCT	24
290	AGT	9
290	TCT	5
290	AAC	3
291	AGG	264
291	AGA	42
292	GCA	277
292	ACA	20
292	ACT	5
292	ATT	4
293	GTT	239
293	GTA	33
293	GTG	30
293	ATA	4
294	GGA	275
294	GGG	31
295	AAA	301
295	AAG	5
296	TGT	250
296	TGC	56
297	CCG	268
297	CCT	29
297	CCA	8
298	AGA	269
298	CGG	17
298	CGA	10
298	AGG	8
298	AGR	2
299	TAT	306
300	GTT	259
300	GTC	47
301	AAG	244
301	AAA	54
301	AGG	8
302	CAA	259
302	CAG	47
303	AGG	232
303	GAG	33
303	ACA	20
303	AAA	9
303	AAG	4
303	AGT	4
303	AGA	4
304	AGT	276
304	AGC	30
305	CTG	266
305	CTC	28
305	CTT	9
305	YTG	3
306	CTG	244
306	ATG	31
306	CTT	16
306	CTC	13
307	CTA	167
307	CTG	119
307	TTG	17
307	TTA	3
308	GCA	276
308	GCT	24
308	GCC	6
309	ACA	306
310	GGG	255
310	GGA	51
311	ATG	306
312	AAG	252
312	AGA	25
312	AAA	25
312	AGG	4
313	AAT	286
313	AAC	20
314	GTT	283
314	GTC	22
315	CCT	247
315	CCA	30
315	CCC	28
316	GAG	263
316	GAA	43
317	ATT	231
317	ATC	21
317	AAC	18
317	AAA	10
317	GGT	8
317	CTC	6
317	CCC	5
317	ACC	3
317	ACT	2
318	CCA	285
318	CCC	20
319	AAG	292
319	AAA	10
319	AGG	2
319	AAR	2
320	GGA	270
320	ACC	16
320	GGG	11
320	CCC	9
321	AGA	305
322	GGC	286
322	GGT	16
322	GGA	4
323	CTA	262
323	CTT	29
323	CTG	15
324	TTT	303
324	TTC	3
325	GGT	277
325	GGA	29
326	GCT	270
326	GCG	20
326	GCA	9
326	GCC	7
327	ATA	274
327	ATT	29
327	ATG	3
328	GCG	262
328	GCT	29
328	GCA	15
329	GGT	270
329	GGA	33
329	GGG	3
330	TTC	298
330	TTT	8
331	ATT	277
331	ATA	29
332	GAA	272
332	GAG	34
333	AAT	300
333	AAC	6
334	GGA	288
334	GGG	18
335	TGG	306
336	GAA	297
336	GAG	9
337	GGC	240
337	GGT	66
338	CTA	234
338	CTG	43
338	CTC	29
339	ATT	292
339	ATC	10
339	MTT	2
339	GTT	2
340	GAT	252
340	GAC	28
340	AAT	20
340	RAT	5
341	GGT	232
341	GGG	37
341	GGA	37
342	TGG	306
343	TAT	285
343	TAC	21
344	GGT	267
344	GGC	39
345	TTC	305
346	AGA	257
346	AGG	44
346	ARA	4
347	CAC	243
347	CAT	63
348	CAG	233
348	CAA	71
348	CAR	2
349	AAT	298
349	AAC	8
350	GCA	306
351	CAG	234
351	CAA	72
352	GGA	282
352	GGG	24
353	GAG	273
353	GAA	33
354	GGA	287
354	GGT	13
354	GGG	6
355	ACT	302
355	ACA	4
356	GCT	276
356	GCA	29
357	GCA	275
357	GCT	25
357	GCC	4
358	GAT	292
358	GAC	13
359	TAC	301
359	TAT	5
360	AAA	297
360	AAG	9
361	AGC	306
362	ACT	260
362	ACC	46
363	CAA	295
363	CAG	11
364	TCG	234
364	TCA	39
364	TCT	33
365	GCA	305
366	ATT	277
366	ATA	29
367	GAT	302
367	GAC	4
368	CAA	274
368	CAG	32
369	ATA	276
369	ATC	29
370	ACA	302
370	ACT	4
371	GGA	165
371	GGG	112
371	GGC	28
372	AAA	303
372	AAG	3
373	TTA	273
373	TTG	33
374	AAC	266
374	AAT	40
375	CGG	263
375	CGT	29
375	CGA	11
375	AGG	3
376	CTT	210
376	CTC	67
376	CTA	23
376	TTA	5
377	ATA	274
377	ATT	29
377	ATC	3
378	GAA	198
378	GCA	79
378	GAC	20
378	GGC	9
379	AAA	301
379	AAG	5
380	ACC	252
380	ACA	29
380	ACT	25
381	AAC	269
381	AAT	37
382	CAA	277
382	CAG	29
383	CAA	276
383	CAG	30
384	TTT	304
384	TTC	2
385	GAG	256
385	GAA	39
385	AAG	10
386	TTG	256
386	CTG	29
386	TTA	21
387	ATA	306
388	GAC	298
388	GAT	8
389	AAT	297
389	AAC	9
390	GAA	284
390	GAG	22
391	TTC	306
392	AAT	218
392	ACT	49
392	AGT	24
392	AAC	11
392	ACC	4
393	GAG	283
393	GAA	23
394	GTA	232
394	GTT	45
394	ATA	29
395	GAG	235
395	GAA	71
396	AAG	261
396	CAA	29
396	AAA	10
396	AGA	3
396	AGG	2
397	CAA	290
397	CAG	16
398	ATC	216
398	ATT	81
398	ATA	9
399	GGT	232
399	GGC	45
399	GGG	20
399	GGA	9
400	AAT	294
400	AAC	12
401	GTG	273
401	GTC	29
401	GTA	4
402	ATA	277
402	ATT	29
403	AAT	264
403	AAC	42
404	TGG	306
405	ACC	273
405	ACA	28
405	ACT	4
406	AGA	279
406	CGA	27
407	GAT	291
407	GAC	15
408	TCT	238
408	TCC	37
408	TCA	22
408	GCA	9
409	ATA	241
409	ATG	65
410	ACA	280
410	ACT	25
411	GAA	274
411	GAG	32
412	GTG	270
412	GTA	21
412	ATA	12
412	STG	2
413	TGG	306
414	TCA	243
414	TCC	30
414	TCG	29
414	TCT	4
415	TAC	254
415	TAT	52
416	AAT	284
416	AAC	22
417	GCT	302
417	GCC	4
418	GAA	296
418	GAG	10
419	CTC	271
419	CTG	18
419	TTG	7
419	CTT	5
419	ATG	4
420	TTG	276
420	CTG	18
420	TTA	11
421	GTA	225
421	ATA	64
421	GTG	17
422	GCA	290
422	GCT	16
423	ATG	306
424	GAG	278
424	GAA	28
425	AAC	242
425	AAT	64
426	CAG	292
426	CAA	14
427	CAT	250
427	CAC	56
428	ACA	298
428	ACT	8
429	ATT	275
429	ATA	29
430	GAT	303
430	GAC	3
431	CTG	277
431	CTT	29
432	GCT	249
432	GCA	24
432	GCC	24
432	GCG	5
432	ACG	4
433	GAT	245
433	GAC	61
434	TCA	304
434	TCG	2
435	GAA	304
435	GAG	2
436	ATG	306
437	GAC	235
437	AAC	49
437	AGC	9
437	ACC	8
437	AAT	4
438	AAA	305
439	CTG	242
439	CTT	29
439	CTA	27
439	TTG	4
439	TTA	4
440	TAC	218
440	TAT	88
441	GAA	271
441	GAG	32
441	ACA	3
442	CGA	267
442	CGT	27
442	AGA	8
442	CGG	2
442	CGC	2
443	GTG	277
443	GTA	17
443	GTC	12
444	AAA	244
444	AGG	30
444	AAG	26
444	AGA	6
445	AGA	252
445	AAA	29
445	AGG	21
445	AAG	4
446	CAG	220
446	CAA	86
447	CTG	280
447	CTA	12
447	TTG	10
447	ATG	4
448	AGA	277
448	AGG	29
449	GAG	304
449	GAA	2
450	AAT	302
450	AAC	4
451	GCT	306
452	GAA	297
452	GAG	9
453	GAA	209
453	GAG	97
454	GAT	300
454	GAC	6
455	GGC	260
455	GGG	19
455	GGT	15
455	GGA	12
456	ACT	296
456	ACG	7
456	ACC	2
457	GGT	235
457	GGC	42
457	GGA	26
457	GGG	3
458	TGC	267
458	TGT	39
459	TTT	300
459	TTC	6
460	GAA	272
460	GAG	34
461	ATA	306
462	TTT	272
462	TTC	34
463	CAC	273
463	CAT	33
464	AAG	301
464	AAA	5
465	TGT	306
466	GAT	304
466	GAC	2
467	GAT	263
467	GAC	39
467	AAC	4
468	GAC	264
468	CAG	18
468	AAT	11
468	CAA	7
468	CAC	4
469	TGT	273
469	TGC	33
470	ATG	306
471	GCC	265
471	GAG	29
471	GCT	7
471	GCA	5
472	AGT	239
472	AGC	67
473	ATT	270
473	ATA	29
473	ATC	7
474	AGA	243
474	AGG	63
475	AAT	174
475	AAC	132
476	AAC	304
477	ACC	273
477	ACT	28
477	ACG	5
478	TAT	298
478	TAC	8
479	GAT	277
479	GAC	29
480	CAC	278
480	CAT	28
481	AGC	197
481	AGA	79
481	ACC	16
481	ACT	13
482	AAA	244
482	AAG	30
482	CAA	29
482	AGG	3
483	TAC	306
484	AGG	257
484	AGA	48
485	GAA	268
485	ACA	12
485	GCA	8
485	GAG	8
485	GCC	5
485	GCG	3
485	AAA	2
486	GAG	294
486	GAA	12
487	GCA	272
487	TCA	29
487	GCG	5
488	ATG	276
488	TTG	22
488	TTA	4
488	CTG	3
489	CAA	249
489	CAG	57
490	AAT	301
490	AAG	4
491	AGA	299
491	AGG	7
492	ATA	306
493	CAG	299
493	CGG	4
493	CAA	2
494	ATT	277
494	ATA	29
495	GAC	289
495	GAT	12
495	AAC	5
496	CCA	274
496	CCG	24
496	CCT	8
497	GTC	263
497	GTG	30
497	GTA	7
497	GYC	6
498	AAA	232
498	AAG	74
499	CTA	266
499	TTG	23
499	CTG	13
499	TTA	4
500	AGC	260
500	AGT	32
500	AGY	13
501	AGC	265
501	AGT	40
502	GGC	252
502	GGA	27
502	GGT	25
502	GGG	2
503	TAC	305
504	AAA	303
504	AAG	3
505	GAT	277
505	GAC	29
506	GTG	272
506	ATA	29
506	GTA	5
507	ATA	277
507	ATC	29
508	CTT	277
508	TTA	29
509	TGG	306
510	TTT	297
510	TTC	9
511	AGC	306
512	TTC	306
513	GGG	306
514	GCA	304
514	GCG	2
515	TCA	306
516	TGT	302
516	TGC	4
517	TTC	277
517	TTT	29
518	ATA	266
518	CTT	29
518	GTA	10
519	CTT	306
520	CTA	267
520	CTG	28
520	CTT	9
520	ATA	2
521	GCC	306
522	ATT	306
523	GTA	223
523	GCA	82
524	ATG	306
525	GGC	265
525	GGA	26
525	TGC	8
525	GGG	3
525	AGC	3
526	CTT	277
526	TTG	27
526	CTG	2
527	GTC	285
527	GTT	17
527	TTC	3
528	TTC	306
529	ATA	277
529	ATT	29
530	TGT	277
530	TGC	29
531	GTA	159
531	GTG	118
531	ATA	29
532	AAG	297
532	AAA	9
533	AAT	306
534	GGA	306
535	AAC	306
536	ATG	306
537	CGG	297
537	CAG	9
538	TGC	306
539	ACT	306
540	ATT	306
541	TGT	306
542	ATA	306
543	TAA	247
543	TAG	57

#ANHUI01|HA-signal
1	ATG	448
2	AAC	445
2	AAT	3
3	ACT	418
3	ATT	30
4	CAA	448
5	ATC	393
5	ATT	50
5	ATG	5
6	CTG	397
6	TTG	44
6	CTA	7
7	GTA	369
7	GCA	65
7	ATA	13
8	TTC	396
8	CTC	50
8	TTA	2
9	GCT	368
9	ATT	54
9	GCC	21
9	ACT	5
10	CTG	381
10	GCT	54
10	TTC	5
10	ATA	3
10	TTT	3
11	ATT	260
11	GTG	113
11	TGT	46
11	ATA	11
11	TGC	8
11	ATG	6
11	GTT	2
12	GCG	392
12	ATG	44
12	GTG	10
13	ATC	318
13	AGC	71
13	CTG	54
13	ACC	2
14	ATT	423
14	ATC	14
14	ACT	10
15	CCA	281
15	CCG	112
15	GGA	51
15	AGA	3
16	ACA	385
16	GCT	50
16	ATA	7
16	ACT	2
16	GTT	2
17	AAT	369
17	AAA	49
17	GAT	20
17	AGA	5
17	AGT	4
18	GCA	388
18	GGA	54
18	GCG	6

#ANHUI01|NA
1	ATG	247
2	AAT	247
3	CCA	246
4	AAT	208
4	AAC	39
5	CAG	247
6	AAG	247
7	ATT	247
8	CTA	247
9	TGC	246
10	ACT	168
10	AYT	69
10	ATT	10
11	TCA	247
12	GCC	247
13	ACT	247
14	GCT	228
14	GCC	17
14	RCT	2
15	ATC	247
16	ATA	133
16	ACA	113
17	ATA	246
18	GGC	246
19	GCA	246
20	ATC	247
21	GCA	220
21	ACA	27
22	GTA	246
23	CTC	247
24	ATT	247
25	GGA	247
26	ATA	245
27	GCA	246
28	AAC	246
29	CTA	226
29	ATA	21
30	GGA	247
31	TTG	247
32	AAC	246
33	ATA	247
34	GGA	247
35	CTG	247
36	CAT	247
37	CTA	185
37	TTA	62
38	AAA	247
39	CCG	211
39	TCG	26
39	CCA	8
40	GGC	237
40	AGC	10
41	TGC	247
42	AAT	246
43	TGC	247
44	TCA	246
45	CAC	217
45	CGC	28
46	TCA	247
47	CAA	247
48	CCT	246
49	GAA	239
49	GGA	8
50	ACA	232
50	ATA	14
51	ACC	245
51	AYC	2
52	AAC	246
53	ACA	229
53	CCA	18
54	AGC	247
55	CAA	247
56	ACA	247
57	ATA	245
58	ATA	247
59	AAC	247
60	AAC	247
61	TAT	247
62	TAT	247
63	AAT	234
63	AGT	13
64	GAA	247
65	ACA	247
66	AAC	247
67	ATC	245
67	ATA	2
68	ACC	240
68	AAC	7
69	AAC	247
70	ATC	247
71	CAA	247
72	ATG	186
72	ATA	61
73	GAA	225
73	GGA	21
74	GAG	149
74	GAA	96
74	AAA	2
75	AGA	247
76	ACA	247
77	AGC	247
78	AGG	223
78	AAG	24
79	AAT	245
79	GAT	2
80	TTC	247
81	AAT	245
81	AAC	2
82	AAC	247
83	TTA	246
84	ACT	247
85	AAA	247
86	GGG	247
87	CTC	247
88	TGT	247
89	ACT	247
90	ATA	247
91	AAT	247
92	TCA	247
93	TGG	247
94	CAC	247
95	ATA	247
96	TAT	247
97	GGG	240
97	GGT	7
98	AAA	247
99	GAC	247
100	AAT	227
100	AAC	20
101	GCA	225
101	GCG	22
102	GTA	247
103	AGA	247
104	ATT	247
105	GGA	247
106	GAG	149
106	GAA	98
107	AGC	246
108	TCG	225
108	TCA	22
109	GAT	246
110	GTT	242
110	ATT	5
111	TTA	247
112	GTC	243
112	GTA	3
113	ACA	247
114	AGA	247
115	GAA	246
116	CCC	247
117	TAT	247
118	GTT	233
118	GTG	14
119	TCA	247
120	TGC	247
121	GAC	247
122	CCA	247
123	GAT	247
124	GAA	247
125	TGC	247
126	AGG	229
126	AGA	15
126	AAG	3
127	TTC	247
128	TAT	247
129	GCT	247
130	CTC	247
131	AGC	196
131	AGT	51
132	CAA	247
133	GGA	247
134	ACA	247
135	ACA	247
136	ATC	247
137	AGA	247
138	GGG	238
138	GGA	9
139	AAA	240
139	AAG	7
140	CAC	247
141	TCA	247
142	AAC	247
143	GGA	247
144	ACA	247
145	ATA	247
146	CAC	247
147	GAT	247
148	AGG	247
149	TCC	247
150	CAG	247
151	TAT	247
152	CGC	234
152	CGT	13
153	GCC	247
154	CTG	247
155	ATA	247
156	AGC	247
157	TGG	247
158	CCA	245
158	CCG	2
159	CTA	247
160	TCA	247
161	TCA	246
162	CCG	246
163	CCC	247
164	ACA	234
164	ACG	13
165	GTG	247
166	TAC	185
166	CAC	62
167	AAC	247
168	AGC	247
169	AGG	196
169	AGA	51
170	GTG	247
171	GAA	245
171	GAG	2
172	TGC	247
173	ATT	221
173	ATC	26
174	GGG	239
174	GGA	8
175	TGG	247
176	TCA	247
177	AGT	247
178	ACT	238
178	GCT	8
179	AGT	246
180	TGC	247
181	CAT	211
181	CAC	36
182	GAT	247
183	GGC	185
183	GGT	62
184	AAA	244
184	AAG	3
185	TCC	246
186	AGG	221
186	AGA	26
187	ATG	247
188	TCA	246
189	ATA	247
190	TGT	247
191	ATA	247
192	TCA	247
193	GGA	246
194	CCA	246
195	AAC	247
196	AAC	247
197	AAT	246
198	GCA	247
199	TCT	247
200	GCA	233
200	GCT	14
201	GTA	247
202	GTA	220
202	ATA	27
203	TGG	247
204	TAC	246
205	AAC	247
206	AGA	196
206	AGG	51
207	AGG	245
207	AGA	2
208	CCT	247
209	GTT	246
210	GCA	239
210	GTA	8
211	GAA	247
212	ATT	247
213	AAC	247
214	ACA	240
214	ACG	7
215	TGG	247
216	GCC	247
217	CGA	244
217	CAA	2
218	AAC	247
219	ATA	243
219	ADA	2
220	CTA	233
220	CTG	13
221	AGA	247
222	ACA	247
223	CAG	246
224	GAA	223
224	GAG	24
225	TCT	247
226	GAA	247
227	TGT	247
228	GTA	244
228	GTG	3
229	TGC	239
229	TGT	8
230	CAC	247
231	AAC	247
232	GGC	246
233	GTA	247
234	TGC	247
235	CCA	195
235	CCT	51
236	GTA	197
236	GCA	50
237	GTG	247
238	TTC	247
239	ACC	222
239	ACT	24
240	GAT	247
241	GGG	224
241	GGA	23
242	TCT	151
242	CCT	95
243	GCC	247
244	ACT	229
244	ACA	18
245	GGA	247
246	CCT	247
247	GCA	247
248	GAC	244
248	GAA	3
249	ACA	247
250	AGA	247
251	ATA	247
252	TAC	247
253	TAT	247
254	TTT	247
255	AAA	247
256	GAG	246
257	GGG	247
258	AAA	247
259	ATA	246
260	TTG	245
260	TTA	2
261	AAA	247
262	TGG	247
263	GAG	247
264	TCT	247
265	CTG	247
266	ACT	247
267	GGA	247
268	ACT	247
269	GCT	246
270	AAG	247
271	CAT	247
272	ATT	222
272	GTT	23
272	ATA	2
273	GAA	247
274	GAA	247
275	TGC	236
275	TGY	11
276	TCA	247
277	TGT	247
278	TAC	247
279	GGG	247
280	GAA	220
280	AAA	27
281	CGA	246
282	ACA	247
283	GGA	149
283	GGG	98
284	ATT	247
285	ACC	247
286	TGC	247
287	ACA	247
288	TGC	247
289	AGG	220
289	AAG	17
289	ARG	10
290	GAC	247
291	AAT	247
292	TGG	247
293	CAG	247
294	GGC	246
295	TCA	247
296	AAT	246
297	AGA	247
298	CCA	247
299	GTG	247
300	ATT	185
300	GTT	62
301	CAG	226
301	CAA	18
301	CAR	3
302	ATA	247
303	GAC	229
303	GAT	18
304	CCA	247
305	GTA	243
305	ATA	4
306	GCA	229
306	ACA	15
306	RCA	3
307	ATG	247
308	ACA	247
309	CAC	247
310	ACT	246
311	AGT	247
312	CAA	237
312	CAG	10
313	TAT	247
314	ATA	247
315	TGC	246
316	AGT	247
317	CCT	247
318	GTT	221
318	GTC	26
319	CTT	247
320	ACA	247
321	GAC	247
322	AAT	151
322	AGT	96
323	CCC	245
323	CCY	2
324	CGA	247
325	CCG	234
325	CCA	13
326	AAT	245
326	AAC	2
327	GAC	246
328	CCA	247
329	AAT	219
329	AAC	28
330	ATA	247
331	GGT	194
331	GGC	53
332	AAG	246
333	TGT	247
334	AAT	247
335	GAC	246
336	CCT	247
337	TAT	211
337	TAC	36
338	CCA	234
338	CCC	13
339	GGT	247
340	AAT	184
340	AAC	62
341	AAT	245
342	AAC	238
342	AAT	9
343	AAT	245
343	AGT	2
344	GGA	247
345	GTC	223
345	ATC	24
346	AAG	247
347	GGA	247
348	TTC	244
348	TTT	3
349	TCA	247
350	TAC	246
351	CTG	247
352	GAT	247
353	GGG	247
354	GCT	220
354	GAT	27
355	AAC	247
356	ACT	247
357	TGG	247
358	CTA	247
359	GGG	196
359	GGA	51
360	AGG	246
361	ACA	247
362	ATA	246
363	AGC	185
363	AGT	62
364	ACA	246
365	GCC	189
365	ACC	50
365	GCT	7
366	TCG	247
367	AGG	244
367	AGA	3
368	TCT	247
369	GGA	245
369	GGG	2
370	TAC	247
371	GAG	247
372	ATG	247
373	TTA	240
373	TTG	7
374	AAA	247
375	GTG	234
375	GTA	13
376	CCA	247
377	AAT	247
378	GCA	247
379	TTG	247
380	ACA	247
381	GAT	247
382	GAT	247
383	AGA	247
384	TCA	247
385	AAG	247
386	CCC	246
387	ATT	247
388	CAA	247
389	GGT	246
390	CAG	247
391	ACA	247
392	ATT	247
393	GTA	233
393	GTG	14
394	TTA	246
395	AAC	245
395	AAT	2
396	GCT	240
396	ACC	7
397	GAC	233
397	GAT	14
398	TGG	247
399	AGT	245
399	AGC	2
400	GGT	246
401	TAC	234
401	TAT	13
402	AGT	247
403	GGA	203
403	GGG	44
404	TCT	185
404	TCC	62
405	TTC	246
406	ATG	247
407	GAC	247
408	TAT	247
409	TGG	247
410	GCT	244
410	GCG	3
411	GAA	238
411	GAG	9
412	GGG	247
413	GAC	247
414	TGC	247
415	TAT	247
416	CGA	247
417	GCG	247
418	TGT	246
419	TTT	247
420	TAT	247
421	GTG	247
422	GAG	238
422	GAA	9
423	TTG	221
423	CTG	26
424	ATA	245
425	CGT	247
426	GGA	220
426	GGG	27
427	AGA	220
427	AAA	27
428	CCC	247
429	AAG	246
430	GAG	145
430	GAA	102
431	GAT	245
432	AAA	243
432	AAG	2
433	GTG	247
434	TGG	247
435	TGG	247
436	ACC	247
437	AGC	247
438	AAT	247
439	AGT	247
440	ATA	247
441	GTA	238
441	RTA	9
442	TCG	247
443	ATG	247
444	TGT	247
445	TCC	247
446	AGT	247
447	ACA	247
448	GAA	246
449	TTC	247
450	CTG	245
450	CTA	2
451	GGA	247
452	CAA	247
453	TGG	247
454	AAC	247
455	TGG	247
456	CCT	247
457	GAT	219
457	GAC	28
458	GGG	247
459	GCT	247
460	AAA	222
460	ARA	25
461	ATA	247
462	GAG	247
463	TAC	247
464	TTC	247
465	CTC	247
466	TAA	247

#ANNARBOR60|HA
1	GAC	151
2	CAA	107
2	CAG	43
3	ATA	151
4	TGC	83
4	TGT	68
5	ATC	106
5	ATT	45
6	GGA	151
7	TAC	128
7	TAT	23
8	CAT	116
8	CAC	35
9	GCC	117
9	TCC	34
10	AAC	140
10	AAT	11
11	AAT	151
12	TCC	151
13	ACA	151
14	GAA	145
14	GAG	6
15	AAA	110
15	AAG	40
16	GTT	76
16	GTC	75
17	GAC	151
18	ACA	151
19	ATC	112
19	ATT	39
20	TTG	106
20	CTA	45
21	GAG	78
21	GAA	73
22	CGA	105
22	AGG	27
22	CGG	11
22	AGA	8
23	AAC	113
23	AAT	38
24	GTC	151
25	ACC	106
25	ACT	45
26	GTG	149
26	GTT	2
27	ACT	150
28	CAT	126
28	CAC	25
29	GCC	117
29	GCT	34
30	AAG	117
30	CAG	34
31	GAC	111
31	AAC	39
32	ATT	143
32	ATC	8
33	CTT	151
34	GAA	105
34	GAG	45
35	AAG	115
35	AAA	33
35	AGA	3
36	ACG	105
36	ACT	33
36	ACC	11
37	CAT	81
37	CAC	70
38	AAT	139
38	AAC	12
39	GGA	150
40	AAG	117
40	AAA	34
41	TTG	75
41	CTG	36
41	TTA	33
41	CTA	6
42	TGC	151
43	AGA	74
43	AAA	73
43	AAG	4
44	CTA	56
44	TTG	37
44	TTA	34
44	CTG	24
45	AGC	74
45	AAC	42
45	AAT	34
46	GGG	126
46	GGA	24
47	ATC	111
47	GTC	33
47	ATT	7
48	CCT	151
49	CCA	151
50	TTG	106
50	CTT	45
51	GAA	150
52	CTG	106
52	TTG	27
52	CTA	11
52	TTA	7
53	GGG	84
53	GGA	67
54	GAT	132
54	GAC	19
55	TGC	140
55	TGT	11
56	AGC	151
57	ATT	121
57	ATC	30
58	GCA	106
58	GCC	36
58	GCT	9
59	GGT	106
59	GGA	45
60	TGG	151
61	CTC	150
62	CTT	151
63	GGA	149
63	GGG	2
64	AAT	86
64	AAC	65
65	CCA	80
65	CCG	71
66	GAA	115
66	GAG	36
67	TGT	118
67	TGC	33
68	GAC	106
68	GAT	45
69	CGG	90
69	AGG	39
69	CGT	8
69	CGK	8
69	AGA	6
70	CTC	82
70	CTT	69
71	TTA	91
71	CTA	60
72	AGT	109
72	ACT	31
72	AGG	6
72	AAT	2
73	GTA	75
73	GTG	73
73	RTA	3
74	CCT	105
74	CCA	44
75	GAA	151
76	TGG	151
77	TCC	117
77	TCA	34
78	TAT	149
78	TAC	2
79	ATA	151
80	GTG	106
80	ATG	25
80	ATA	19
81	GAA	108
81	GAG	43
82	AAG	106
82	AAA	45
83	GAA	151
84	AAC	123
84	AAT	23
84	AGT	5
85	CCG	115
85	CCA	36
86	GTG	73
86	ACG	33
86	AGG	27
86	AGA	11
86	CGG	5
86	AAA	2
87	AAT	135
87	TAC	6
87	AAC	6
87	GAC	4
88	GGT	145
88	AGT	5
89	CTG	106
89	TTG	45
90	TGC	140
90	TGT	11
91	TAT	77
91	TAC	74
92	CCA	112
92	CCG	34
92	CCT	5
93	GGC	150
94	AGT	139
94	AGC	10
95	TTC	149
95	TTA	2
96	AAT	151
97	GAT	84
97	GAC	48
97	AAT	19
98	TAT	150
99	GAG	107
99	GAA	44
100	GAA	151
101	TTG	114
101	CTG	33
101	CTA	3
102	AAA	150
103	CAT	117
103	CAC	34
104	CTC	108
104	CTT	43
105	CTC	136
105	CTT	15
106	ACC	72
106	AGT	35
106	ACT	34
106	AGC	10
107	AGT	140
107	AGC	11
108	GTG	132
108	GTA	19
109	ACA	85
109	ATC	34
109	AGA	19
109	AAA	11
110	CAC	106
110	CAT	45
111	TTT	106
111	TTC	45
112	GAG	141
112	GAA	9
113	AAA	146
113	AAG	5
114	GTT	39
114	ATT	34
114	GTG	34
114	GTC	33
114	GTA	11
115	AAG	149
115	AGG	2
116	ATT	130
116	ATC	21
117	CTG	116
117	TTG	35
118	CCC	96
118	CCT	36
118	GCC	19
119	AGA	92
119	AAA	59
120	GAT	129
120	AAC	19
120	GAG	2
121	CAA	81
121	CAR	20
121	AGG	17
121	AGA	15
121	ATG	9
121	CAG	5
121	AKG	2
122	TGG	151
123	ACC	107
123	ACA	44
124	CAG	149
124	CAA	2
125	CAC	106
125	CAT	45
126	ACA	150
127	ACA	151
128	ACT	127
128	ACC	23
129	GGT	73
129	GGA	45
129	GGC	33
130	GGT	136
130	GGC	14
131	TCT	106
131	TCA	25
131	TCG	20
132	CGG	119
132	CAG	22
132	CGA	4
132	AAG	3
133	GCC	108
133	GCT	42
134	TGT	116
134	TGC	35
135	GCA	124
135	GCG	27
136	GTA	121
136	ATA	19
136	GTG	11
137	TCT	87
137	CTT	28
137	TAT	20
137	AAT	6
137	TTT	5
137	TCA	5
138	GGT	39
138	GGA	38
138	GGG	35
138	GGC	34
138	AGT	5
139	AAC	81
139	AAT	47
139	GGC	19
139	AAA	3
140	CCG	101
140	CCA	49
141	TCA	149
142	TTC	119
142	TTT	32
143	TTC	84
143	TTT	67
144	AGG	102
144	CGA	33
144	AGA	16
145	AAC	151
146	ATG	151
147	GTC	80
147	GTT	71
148	TGG	151
149	CTT	106
149	TTG	33
149	CTG	12
150	ACA	149
150	ACC	2
151	AAG	138
151	GAG	6
151	RAG	6
152	AAA	82
152	AAG	69
153	GGG	101
153	GGA	44
153	GAC	2
153	GGC	2
154	TCA	117
154	TCG	28
154	CCA	4
154	ACA	2
155	AAC	106
155	AAT	44
156	TAC	96
156	TAT	55
157	CCA	140
157	CCG	10
158	ATT	117
158	GTT	34
159	GCC	77
159	GCT	74
160	AAA	98
160	MAA	20
160	CGA	19
160	AAG	8
160	CAA	5
161	AGG	72
161	GGA	44
161	GGG	33
162	TCA	140
162	TCG	11
163	TAC	151
164	AAC	118
164	AAT	33
165	AAC	106
165	AAT	45
166	ACA	145
166	ACG	6
167	AGT	107
167	AGC	44
168	GGG	120
168	GGA	31
169	GAG	107
169	GAA	41
169	GGG	2
170	CAA	147
170	CAG	4
171	ATG	149
171	AWG	2
172	CTG	119
172	CTA	30
172	CWG	2
173	GTA	70
173	ATA	46
173	ATC	28
173	ATT	4
173	GTT	3
174	ATT	79
174	ATA	37
174	ATC	35
175	TGG	151
176	GGG	131
176	GGA	20
177	ATA	97
177	GTA	42
177	GTG	12
178	CAT	135
178	CAC	15
179	CAT	89
179	CAC	62
180	CCC	146
180	CCT	5
181	AAT	146
181	ATT	3
182	GAT	79
182	GAC	72
183	GAT	113
183	GAG	29
183	GAA	8
184	GCA	40
184	ACA	38
184	GCG	37
184	AAT	19
184	GCT	11
184	ACT	2
185	GAA	138
185	GGA	6
185	GTA	3
185	GAC	3
186	CAA	114
186	CAG	37
187	AGG	131
187	AGA	18
187	GAA	2
188	GCA	92
188	ACA	57
189	CTG	129
189	TTG	22
190	TAC	123
190	TAT	28
191	CAG	151
192	AAT	138
192	AAC	7
192	AAA	3
192	GAA	3
193	GTG	117
193	GTC	34
194	GGA	118
194	GGG	33
195	ACA	71
195	ACC	35
195	ACG	33
195	MCC	9
195	GCA	2
196	TAT	151
197	GTT	136
197	GTA	15
198	TCC	114
198	TCA	34
198	TYC	2
199	GTG	47
199	GTT	39
199	ATT	34
199	GTA	25
199	GCA	6
200	GGA	118
200	GGG	10
200	GTA	6
200	GKA	6
200	AGC	6
200	GGC	5
201	ACA	150
202	TCA	119
202	TCG	32
203	ACA	132
203	AAA	19
204	CTA	72
204	CTG	62
204	TTG	11
204	CTC	6
205	AAT	108
205	AAC	43
206	AAG	106
206	AAA	45
207	AGG	109
207	AGA	31
207	AKG	9
207	ATG	2
208	TCA	151
209	ATC	83
209	GTT	59
209	ACC	8
210	CCT	108
210	CCA	43
211	GAA	140
211	GAC	9
212	ATA	115
212	ATG	36
213	GCA	85
213	GCG	34
213	GCC	32
214	ACA	110
214	ACG	34
214	GCA	6
215	AGG	117
215	AGA	34
216	CCC	101
216	CCT	45
216	YCC	3
216	CYC	2
217	AAA	148
217	GAA	3
218	GTC	106
218	GTG	26
218	GTA	19
219	AAT	150
220	GGA	151
221	CAA	90
221	CTG	32
221	CTA	12
221	CAG	10
221	CWG	3
221	CWA	2
222	GGA	147
222	GGG	3
223	GGG	54
223	GGA	45
223	GGC	34
223	AGT	8
223	GGR	7
223	GGT	3
224	AGA	145
224	CGA	5
225	ATG	151
226	GAA	145
226	GAG	6
227	TTC	116
227	TTT	35
228	TCT	117
228	TCG	26
228	TCA	8
229	TGG	151
230	ACT	134
230	ACC	17
231	CTA	107
231	ATA	34
231	CTC	9
232	TTG	116
232	TTA	35
233	GAG	73
233	GAT	39
233	GAA	33
233	GAC	6
234	ACA	104
234	ATG	41
234	GTG	2
234	GTA	2
234	CCA	2
235	TGG	116
235	TTG	33
236	GAT	106
236	GAC	45
237	GTC	106
237	ACC	45
238	ATA	151
239	AAT	145
239	AAC	4
240	TTT	126
240	TTC	25
241	GAG	150
242	AGC	116
242	AGT	35
243	ACT	150
244	GGT	145
244	GGC	6
245	AAT	151
246	TTA	105
246	CTA	45
247	ATT	144
247	GTT	6
248	GCA	151
249	CCA	126
249	CCG	25
250	GAA	107
250	GAG	44
251	TAT	80
251	TAC	71
252	GGA	122
252	GGC	25
252	GGG	4
253	TTC	115
253	TTT	36
254	AAA	151
255	ATA	151
256	TCA	108
256	TCC	34
256	TCG	9
257	AAA	78
257	AAG	73
258	AGA	117
258	CGG	33
259	GGA	106
259	GGT	45
260	AGC	105
260	AGT	45
261	TCA	149
262	GGA	108
262	GGG	43
263	ATT	111
263	ATC	40
264	ATG	150
265	AAG	83
265	AAA	67
266	ACA	127
266	ACG	23
267	GAG	105
267	GAA	26
267	GGA	19
268	AAA	106
268	GGA	32
268	GGG	13
269	ACA	76
269	ACG	38
269	ATA	37
270	CTT	115
270	CCT	31
270	CTC	5
271	GAA	140
271	GAG	8
271	GGG	3
272	AAT	112
272	AAC	39
273	TGT	118
273	TGC	33
274	GAA	106
274	GAG	45
275	ACC	117
275	ACT	34
276	AAA	83
276	AGA	35
276	CAA	33
277	TGC	76
277	TGT	75
278	CAG	106
278	CAA	45
279	ACC	78
279	ACT	45
279	TCC	28
280	CCC	138
280	CCT	11
280	CCA	2
281	TTG	92
281	TTA	46
281	WTG	10
281	ATG	2
282	GGG	107
282	GGA	44
283	GCA	151
284	ATA	132
284	ATC	19
285	AAT	151
286	ACA	151
287	ACA	150
288	TTG	100
288	CTG	43
288	CTA	8
289	CCC	121
289	CCA	19
289	CCT	11
290	TTT	128
290	TTC	23
291	CAC	117
291	CAT	34
292	AAC	109
292	AAT	42
293	ATT	111
293	ATC	29
293	GTC	11
294	CAC	150
295	CCA	149
295	CCG	2
296	TTG	83
296	TTA	38
296	CTG	30
297	ACA	86
297	ACG	31
297	ACC	28
297	ACT	5
298	ATA	117
298	ATT	34
299	GGT	150
300	GAG	136
300	GAA	15
301	TGC	151
302	CCC	151
303	AAA	78
303	AAG	73
304	TAT	151
305	GTA	116
305	GTT	34
306	AAG	106
306	AAA	44
307	TCA	115
307	TCG	36
308	GAT	106
308	GAG	45
309	AGA	112
309	AGG	28
309	AAA	6
309	AAG	5
310	CTG	73
310	TTG	44
310	TTA	34
311	GTC	80
311	ATT	37
311	GTT	34
312	TTG	85
312	TTA	45
312	CTG	19
313	GCA	79
313	GCG	72
314	ACA	151
315	GGG	86
315	GGA	64
316	CTA	79
316	GTA	37
316	TTA	33
317	AGA	140
317	AGG	11
318	AAT	151
319	GTC	106
319	GTT	45
320	CCT	101
320	CCC	50
321	CAG	134
321	CAA	17
322	ATT	151
323	GAA	146
323	GAG	5
324	TCA	145
324	CCA	6
325	AGG	125
325	AGA	26
326	GGA	150
327	TTG	122
327	CTG	26
327	CTA	3
328	TTT	151
329	GGA	127
329	GGG	24
330	GCA	151
331	ATA	151
332	GCT	118
332	GCC	33
333	GGG	77
333	GGA	28
333	GGT	24
333	GGC	22
334	TTT	136
334	TTC	15
335	ATA	132
335	ATC	19
336	GAA	146
336	GAG	5
337	GGC	105
337	GGA	37
337	GGG	8
338	GGA	148
338	GGG	3
339	TGG	151
340	CAA	151
341	GGA	92
341	GGG	58
342	ATG	151
343	GTT	150
344	GAT	148
344	GAC	3
345	GGC	106
345	GGT	45
346	TGG	151
347	TAT	151
348	GGA	112
348	GGG	39
349	TAT	103
349	TAC	47
350	CAT	150
351	CAC	148
351	CAT	3
352	AGC	144
352	AGT	5
353	AAT	151
354	GAT	121
354	GAC	29
355	CAA	140
355	CAG	11
356	GGA	149
356	GGG	2
357	TCA	136
357	TCC	9
357	TCT	6
358	GGA	114
358	GGG	37
359	TAT	151
360	GCA	149
360	GCG	2
361	GCA	147
361	GCG	4
362	GAC	151
363	AAA	151
364	GAA	117
364	GAG	34
365	TCC	151
366	ACT	151
367	CAA	146
367	CAG	5
368	AAG	151
369	GCA	151
370	ATT	140
370	TTT	11
371	GAT	147
371	GAC	4
372	GGG	107
372	GGA	43
373	ATA	106
373	ATC	45
374	ACT	106
374	ACC	45
375	AAC	129
375	AAT	22
376	AAA	77
376	AAG	74
377	GTA	117
377	GTT	33
378	AAT	122
378	AAC	29
379	TCT	131
379	TTT	8
379	TCC	6
379	TYT	5
380	GTG	84
380	GTA	48
380	ATA	19
381	ATT	149
381	ATA	2
382	GAA	85
382	GAG	66
383	AAG	103
383	AAA	32
383	ARG	6
383	AGG	6
383	AAR	4
384	ATG	149
385	AAC	151
386	ACT	134
386	ACC	17
387	CAA	78
387	CAG	73
388	TTT	118
388	TCT	19
388	TTC	14
389	GAG	140
389	GAA	11
390	GCT	151
391	GTT	151
392	GGG	147
392	GGA	4
393	AAA	151
394	GAG	106
394	GAA	45
395	TTC	151
396	AAC	106
396	AAT	30
396	AGT	15
397	AAT	103
397	AAC	48
398	CTA	106
398	TTG	31
398	TTA	11
398	CTG	3
399	GAG	145
399	GAA	6
400	AGA	113
400	AAA	34
400	AGG	4
401	AGA	144
401	AGG	7
402	CTG	83
402	CTA	68
403	GAA	141
403	GAG	10
404	AAC	151
405	TTA	106
405	CTG	34
405	TTG	11
406	AAT	84
406	AAC	67
407	AAA	150
408	AAG	150
409	ATG	151
410	GAA	128
410	GAG	23
411	GAT	106
411	GAC	45
412	GGA	107
412	GGG	44
413	TTT	119
413	TTC	32
414	CTA	45
414	ATT	37
414	CTC	35
414	CTT	33
415	GAT	151
416	GTA	106
416	GTG	45
417	TGG	151
418	ACA	151
419	TAT	105
419	TAC	46
420	AAT	151
421	GCC	106
421	GCT	43
422	GAA	106
422	GAG	45
423	CTC	106
423	CTT	44
424	CTA	132
424	TTG	19
425	GTT	143
425	GTC	7
426	CTA	107
426	TTA	33
426	CTG	11
427	ATG	151
428	GAA	151
429	AAT	151
430	GAG	142
430	GAA	9
431	AGG	149
431	AGA	2
432	ACA	150
433	CTT	151
434	GAT	108
434	GAC	43
435	TTC	143
435	TTT	8
436	CAT	151
437	GAC	102
437	GAT	49
438	TCT	121
438	TCC	30
439	AAT	151
440	GTG	72
440	GTC	43
440	GTA	36
441	AAG	147
441	AAA	2
442	AAT	141
442	AAC	10
443	CTG	121
443	CTA	30
444	TAC	106
444	TAT	45
445	GAT	115
445	GAC	33
445	GAA	2
446	AAA	77
446	AAG	73
447	GTC	149
447	GTT	2
448	AGA	86
448	AGG	59
448	AGR	6
449	ATG	150
450	CAG	78
450	CAA	73
451	CTG	79
451	TTG	69
451	TTA	3
452	AGA	81
452	AGG	69
453	GAC	150
454	AAT	140
454	AAC	11
455	GCT	72
455	GCC	34
455	GCA	28
455	GTC	11
455	GCG	6
456	AAG	108
456	AAA	42
457	GAA	148
457	GAG	3
458	ATA	106
458	CTA	42
458	TTG	2
459	GGG	120
459	GGA	31
460	AAT	78
460	AAC	73
461	GGA	150
462	TGC	108
462	TGT	43
463	TTT	142
463	TTC	9
464	GAG	106
464	GAA	45
465	TTT	150
466	TAT	88
466	TAC	63
467	CAT	119
467	CAC	32
468	AAA	149
468	AAG	2
469	TGT	151
470	GAT	145
470	GAC	6
471	GAT	148
471	AAT	3
472	GAA	151
473	TGC	118
473	TGT	33
474	ATG	151
475	AAT	107
475	AAC	41
475	GAT	3
476	AGT	83
476	AGC	68
477	GTC	106
477	GTA	32
477	GTG	11
477	ATA	2
478	AGG	105
478	AAG	31
478	AAA	14
479	AAT	141
479	AAC	10
480	GGG	113
480	GGA	38
481	ACA	140
481	ACG	11
482	TAT	151
483	GAT	148
483	GAC	3
484	TAT	151
485	CCC	115
485	ATC	36
486	AAA	117
486	AAG	34
487	TAT	151
488	GAA	108
488	GAG	43
489	GAA	141
489	GAG	10
490	GAG	106
490	GAA	45
491	TCC	106
491	TCT	45
492	AAG	109
492	AAA	42
493	CTG	112
493	CTA	30
493	TTA	9
494	AAC	140
494	AAT	8
494	AAG	3
495	AGG	98
495	AGA	53
496	AAC	105
496	AAT	45
497	GAA	123
497	GAG	28
498	ATC	145
498	ATT	6
499	AAA	151
500	GGA	105
500	GGG	46
501	GTG	125
501	GTA	17
501	GTC	9
502	AAA	151
503	TTG	151
504	AGC	132
504	AGT	19
505	AAT	106
505	AAC	33
505	AGC	12
506	ATG	151
507	GGG	111
507	GGA	40
508	GTT	115
508	GTA	33
508	GTC	3
509	TAT	147
509	TAC	3
510	CAA	151
511	ATA	112
511	ATC	36
511	ATT	3
512	CTT	151
513	GCT	107
513	GCA	34
513	GCC	10
514	ATA	106
514	ATT	45
515	TAC	106
515	TAT	45
516	GCT	131
516	GCC	20
517	ACA	151
518	GTT	109
518	GTA	33
518	GTG	9
519	GCA	150
520	GGC	140
520	GGT	11
521	TCC	103
521	TCT	48
522	TTG	115
522	CTG	36
523	TCA	151
524	CTG	151
525	GCA	151
526	ATC	151
527	ATG	150
528	ATA	140
528	ATG	8
528	GTG	2
529	GCT	151
530	GGG	151
531	ATT	106
531	ATC	43
531	ATA	2
532	TCT	123
532	TTC	19
532	TCC	9
533	TTC	117
533	TTA	28
533	CTA	6
534	TGG	151
535	ATG	151
536	TGT	106
536	TGC	45
537	TCT	140
537	TCC	11
538	AAC	78
538	AAT	73
539	GGG	151
540	TCT	151
541	CTG	151
542	CAA	140
542	CAG	11
543	TGC	151
544	AGA	117
544	AGG	34
545	ATT	106
545	ATC	45
546	TGC	151
547	ATA	116
547	ATT	35

#ANNARBOR60|HA-signal
1	ATG	151
2	ACC	74
2	GCC	38
2	ACT	33
2	GCA	6
3	ATC	150
4	ACT	77
4	ATT	45
4	ACC	29
5	TTT	77
5	TAT	41
5	CTT	29
5	TGT	4
6	CTC	83
6	CTA	62
6	CTG	6
7	ATC	95
7	ATT	39
7	AYC	8
7	ATA	6
7	ACC	3
8	CTC	117
8	CTT	34
9	CTG	141
9	TTG	10
10	TTC	117
10	TTT	34
11	ACA	134
11	GTA	9
11	ACT	6
11	GCA	2
12	GTA	108
12	GCA	36
12	GGA	4
12	ACA	2
13	GTG	117
13	GTA	34
14	AAA	106
14	AGA	40
14	AGG	5
15	GGG	119
15	GGA	32

#BGD0994|HA
1	GAT	617
1	GAC	254
1	GAY	2
2	AAA	515
2	AAG	358
3	ATC	849
3	ATA	19
3	ATT	5
4	TGC	571
4	TGT	301
5	ATC	722
5	ATT	62
5	ATA	44
5	GTC	43
6	GGC	606
6	GGT	160
6	GGA	103
6	GGG	4
7	TAT	364
7	CAC	348
7	TAC	153
7	CAT	8
8	CAA	773
8	CAG	100
9	TCA	798
9	TCG	73
9	TCC	2
10	ACA	870
10	ACG	3
11	AAC	541
11	AAT	329
11	AGC	3
12	TCC	526
12	TCT	347
13	ACA	674
13	ACG	157
13	ACT	35
13	ACC	5
13	ACR	2
14	GAA	848
14	GAG	25
15	ACT	817
15	ACA	36
15	ACC	18
16	GTA	433
16	GTG	427
16	GTT	7
16	GTC	6
17	GAC	860
17	AAC	9
17	GAY	3
18	ACA	525
18	ACG	345
18	ACT	2
19	CTA	859
19	CTG	9
19	MTG	2
19	TTA	2
20	ACA	833
20	ACT	13
20	ACG	13
20	ATA	12
20	ACC	2
21	GAA	835
21	GAG	38
22	AAC	480
22	ACT	205
22	ACC	131
22	AGC	37
22	ACA	14
22	AAT	5
23	AAT	830
23	AAC	42
24	GTC	487
24	GTT	367
24	GTA	12
24	ATT	7
25	CCT	858
25	CCG	6
25	CAT	4
25	CCC	3
25	CCA	2
26	GTG	789
26	GTA	78
26	GTT	6
27	ACA	858
27	ACG	12
27	ACT	2
28	CAT	790
28	CAC	65
28	CAA	15
28	CGT	2
29	GCC	807
29	GCT	39
29	ACC	13
29	GCA	9
29	GTC	2
30	AAA	752
30	AAG	120
31	GAA	821
31	GAG	51
32	CTG	480
32	TTG	315
32	TTA	78
33	CTC	805
33	CTT	28
33	ATC	19
33	ATT	17
33	CTA	4
34	CAC	835
34	CAT	31
34	CAA	4
34	CAG	3
35	ACA	783
35	ACG	58
35	ACC	27
35	ACT	3
35	GCA	2
36	GAG	497
36	GAT	191
36	GAC	146
36	GAA	33
36	AAC	3
37	CAC	498
37	CAT	375
38	AAT	865
38	AAC	8
39	GGG	437
39	GGA	430
39	AGA	5
40	ATG	861
40	AAG	10
41	CTG	496
41	CTA	245
41	TTG	125
41	TTA	3
41	YTG	2
42	TGT	870
42	TGC	3
43	GCA	785
43	GCG	42
43	TCA	37
43	GAA	3
43	GCC	3
43	GCT	2
44	ACA	845
44	ACC	17
44	ACT	7
44	ACG	4
45	AGC	478
45	AAT	342
45	AAC	29
45	GAT	10
45	GAC	5
45	AGT	4
45	GGC	3
46	TTG	480
46	CTA	317
46	CTG	37
46	TTA	28
46	CTT	9
46	ATA	2
47	GGA	802
47	GGG	70
48	CAC	273
48	CAA	244
48	CAT	229
48	CGT	114
48	TAT	4
48	CGC	2
48	CAY	2
48	TCT	2
49	CCT	570
49	CCC	292
49	CCA	11
50	CTT	511
50	CTC	358
50	CTG	3
51	ATT	499
51	ATC	241
51	ATA	122
51	GTT	6
51	ACT	5
52	CTA	680
52	TTA	148
52	TTG	21
52	CTG	17
52	CTC	4
52	YTA	2
53	GAC	498
53	GAT	355
53	GAG	19
54	ACC	472
54	ACA	286
54	GCA	69
54	AAA	24
54	ACT	14
54	GCC	3
54	ACM	2
55	TGT	629
55	TGC	244
56	ACC	504
56	AAC	222
56	AAT	99
56	ACT	41
56	AAA	2
56	ATC	2
56	ACA	2
57	ATT	497
57	GTA	218
57	GTT	66
57	GTC	61
57	ATC	15
57	ATA	9
57	GTG	4
57	CTT	2
58	GAA	871
58	GAG	2
59	GGG	473
59	GGA	400
60	CTA	410
60	CTG	355
60	ATT	48
60	CTT	21
60	TTA	18
60	CTC	8
60	ATC	6
60	TTG	5
60	YTG	2
61	ATC	815
61	GTC	19
61	ATT	16
61	ATA	10
61	GTA	9
61	GTG	3
62	TAT	560
62	TAC	313
63	GGC	753
63	GGT	112
63	GGA	8
64	AAC	539
64	AAT	334
65	CCT	837
65	CCC	18
65	CCA	17
66	TCT	829
66	TCC	31
66	GCT	10
67	TGT	858
67	TGC	14
68	GAT	562
68	GAC	311
69	CCA	287
69	CTT	214
69	CTA	171
69	TCA	54
69	TTA	38
69	TCT	37
69	CTG	18
69	ATG	14
69	CCT	9
69	CTC	8
69	CGT	4
69	ATC	3
69	CAG	2
69	TTG	2
69	TTT	2
69	CCC	2
69	ATA	2
69	ATT	2
69	CKA	2
70	TTG	424
70	CTG	178
70	TTA	175
70	TCG	48
70	TCA	36
70	CTA	8
71	TTG	522
71	CTG	237
71	TTA	78
71	CCG	32
71	CTA	3
72	GGA	665
72	GAA	161
72	GAC	27
72	AGA	7
72	GTA	5
72	GGG	4
72	GAG	3
73	GGA	706
73	GGG	102
73	GAA	57
73	GGT	6
74	AGA	780
74	AGG	69
74	AAA	18
74	GGA	3
75	GAA	849
75	GAG	22
76	TGG	873
77	TCC	649
77	TCT	221
77	TCA	2
78	TAT	488
78	TAC	383
78	TAY	2
79	ATC	725
79	ATA	110
79	ATT	35
79	GTC	3
80	GTC	611
80	GTA	111
80	GTT	86
80	GTG	63
81	GAG	458
81	GAA	413
81	GAR	2
82	AGA	767
82	AGG	104
82	AGR	2
83	CCA	839
83	TCA	23
83	CCG	5
83	CCC	4
83	CCT	2
84	TCA	370
84	TCG	255
84	TCT	227
84	TCC	15
84	ACA	3
85	GCT	541
85	GCA	318
85	GCG	12
85	GCC	2
86	GTT	442
86	GTG	295
86	GTC	69
86	GTA	28
86	ATT	27
86	ATC	8
86	TTG	2
87	AAC	584
87	AAT	281
87	CAC	6
88	GGA	842
88	GGG	29
89	TTG	499
89	ACG	292
89	ACA	36
89	ACT	23
89	ATG	13
89	TTA	6
90	TGT	842
90	TGC	31
91	TAT	471
91	TAC	402
92	CCC	472
92	CCT	389
92	CCG	10
92	CCA	2
93	GGG	802
93	GGA	68
93	GGR	2
94	AAT	757
94	AAC	77
94	CAT	27
94	AGT	10
95	GTA	806
95	GTG	36
95	GTT	20
95	ATA	8
96	GAA	812
96	GAG	60
97	AAT	582
97	AAC	287
97	GAT	3
98	TTG	296
98	CTA	272
98	TTA	201
98	CTG	104
99	GAA	563
99	GAG	310
100	GAA	571
100	GAG	300
101	CTC	487
101	CTA	174
101	TTA	146
101	CTT	55
101	TTG	11
102	AGG	501
102	AGA	371
103	TCA	439
103	ACA	287
103	ACT	49
103	TCC	35
103	TCG	33
103	TCT	12
103	ATA	12
103	GCA	3
104	CTT	839
104	CTC	11
104	TTC	8
104	TTT	7
104	ATT	5
104	CTG	2
105	TTT	830
105	TTC	43
106	AGT	839
106	AGC	30
106	GGT	4
107	TCT	496
107	TCC	352
107	TCA	24
108	GCT	500
108	TCT	345
108	GCA	16
108	GCC	8
108	TCC	3
109	AGT	337
109	AGG	187
109	AGA	170
109	CGG	156
109	AAT	16
109	AGC	3
109	AAA	2
109	CAT	2
110	TCT	414
110	TCC	342
110	TCG	111
110	TCA	2
110	TCY	2
111	TAT	520
111	TAC	353
112	CAA	683
112	CAG	161
112	AAG	14
112	CGA	11
113	AGA	545
113	AGG	325
114	ATC	678
114	GTC	179
114	ATT	13
114	GTT	2
115	CAA	418
115	CAG	263
115	CTG	159
115	CTA	21
115	TTA	7
115	TTG	2
116	ATT	701
116	ATC	144
116	CTC	14
116	CTT	13
117	TTC	726
117	TTT	145
117	TTY	2
118	CCA	867
118	CCT	2
118	CCC	2
119	GAC	564
119	GAT	307
120	ACA	845
120	TCA	16
120	ACC	4
120	GCA	4
120	ACG	3
121	ATC	797
121	ATT	46
121	GTC	14
121	ACC	6
121	ATA	6
121	ACA	3
122	TGG	873
123	AAT	858
123	AAC	15
124	GTG	819
124	GTT	35
124	GTA	13
124	GTC	6
125	TCT	507
125	ACT	333
125	ACC	32
126	TAC	852
126	TAT	17
126	CAC	2
127	AGT	361
127	ACT	334
127	GAT	152
127	AAT	13
127	ACC	10
128	GGA	477
128	GGG	394
128	GGR	2
129	ACA	871
130	AGC	806
130	AGT	67
131	AAA	683
131	ACA	77
131	AAC	43
131	AGC	27
131	AAG	19
131	AGA	18
131	AYA	3
132	GCA	450
132	TCA	348
132	ACA	40
132	GCG	19
132	GCT	12
132	ACG	2
133	TGT	641
133	TGC	232
134	TCA	820
134	TCG	51
135	GAT	424
135	GAC	292
135	GGT	128
135	AAT	20
135	AGT	4
135	GRC	2
135	GAA	2
136	TCA	551
136	TCC	309
136	TCT	12
137	TTC	868
137	TTT	5
138	TAC	526
138	TAT	345
138	TAY	2
139	AGA	661
139	AGG	188
139	AAA	13
139	CGA	8
139	CGG	2
140	AGC	392
140	AAT	319
140	AAC	137
140	AGT	20
140	GGC	2
140	AAY	2
141	ATG	873
142	AGA	808
142	AGG	62
142	AGR	3
143	TGG	873
144	CTG	412
144	TTG	385
144	TTA	36
144	CTA	22
144	CTT	17
145	ACT	839
145	ACY	12
145	ACA	11
145	ACC	10
146	CAA	696
146	CGA	156
146	CAC	11
146	CAG	10
147	AAG	845
147	AAA	23
147	AGG	4
148	AAC	507
148	GAC	242
148	AAT	100
148	AGC	19
148	GGC	2
149	AAC	318
149	GGT	226
149	GGC	161
149	AGT	95
149	AAT	43
149	GGG	26
149	AGC	3
150	GCT	186
150	CTT	179
150	GCC	139
150	AAT	116
150	CAA	109
150	GAA	27
150	TTT	24
150	CTC	22
150	ACT	19
150	GGT	14
150	TCT	10
150	GAT	9
150	GAG	8
150	TTC	3
150	TCA	2
150	GTC	2
151	TAC	756
151	TAT	116
152	CCT	724
152	CCC	121
152	CCA	27
153	ATT	310
153	GTT	230
153	GTC	176
153	ACC	79
153	ACT	39
153	ATC	37
154	CAA	804
154	CAG	69
155	GAC	598
155	GAT	274
156	GCC	587
156	GCT	276
156	GTC	6
156	GCA	3
157	CAA	834
157	CAG	36
157	AAA	3
158	TAC	492
158	TTC	310
158	TAT	54
158	TTT	16
159	ACA	851
159	ACC	15
159	ATA	4
160	AAT	508
160	AAC	364
161	AAT	770
161	AAC	93
161	ACC	3
161	AGT	3
161	AAA	2
162	CAA	497
162	CGG	250
162	AGG	61
162	CGA	24
162	CAG	22
162	GAG	8
162	AAG	2
162	AGA	2
162	TGG	2
163	GGA	493
163	GAA	184
163	GGG	183
163	GGR	3
163	GGT	3
163	GAG	3
164	AAG	819
164	AAA	50
164	GAG	3
165	AAC	499
165	GAC	328
165	AAT	23
165	GAT	14
165	AGC	7
166	ATT	571
166	ATC	301
167	CTT	846
167	CTC	23
167	CTG	3
168	TTC	545
168	TTT	328
169	ATG	500
169	GTC	297
169	GTG	28
169	GTA	25
169	CTG	19
169	GTT	3
170	TGG	873
171	GGC	739
171	GGT	116
171	GGA	18
172	ATA	841
172	ATC	21
172	ATT	11
173	AAT	486
173	CAT	360
173	AAC	21
173	CAC	5
174	CAC	524
174	CAT	314
174	AAC	32
174	CAY	2
175	CCA	868
175	CCG	5
176	CCC	832
176	CCT	20
176	CCA	14
176	CAC	3
176	TCC	3
177	ACC	720
177	ACT	138
177	TCC	9
177	ACA	3
177	AGC	2
178	GAT	821
178	GAC	30
178	TAT	8
178	GAG	4
178	GAA	4
178	AAT	2
178	GAY	2
179	ACT	695
179	GAT	86
179	ACA	63
179	ACC	21
179	GCT	4
179	AAT	3
180	GCA	459
180	ACG	162
180	GCG	158
180	GCT	17
180	GAG	16
180	ACA	14
180	GYA	11
180	GTA	11
180	GYG	9
180	ATA	6
180	GAC	3
180	RCT	2
180	GTG	2
180	GAA	2
181	CAG	699
181	CAA	172
181	CAR	2
182	ACA	413
182	ACG	288
182	AGA	86
182	AGT	35
182	AGG	35
182	ACT	10
182	AAG	2
182	GAA	2
183	AAT	753
183	GGT	35
183	AAC	30
183	GAA	27
183	GAT	8
183	ACT	7
183	AGT	4
183	GGG	3
183	GGA	3
183	GCT	2
184	CTG	437
184	TTA	207
184	TTG	158
184	CTA	69
185	TAC	813
185	TAT	60
186	ACA	602
186	ACG	195
186	ACT	35
186	ATA	24
186	AAA	9
186	GCA	3
186	ATG	2
186	AGA	2
187	AGA	807
187	AGG	47
187	AAG	10
187	CGA	3
187	ARG	3
187	AAA	2
188	ACC	773
188	ACT	46
188	ACA	33
188	AAC	11
188	GCT	9
189	GAC	859
189	GAT	13
190	ACA	843
190	ACC	15
190	ACT	9
190	ACG	6
191	ACA	813
191	ACG	37
191	ACT	16
191	ATA	7
192	ACG	459
192	ACA	397
192	ACC	14
192	ACR	2
193	AGT	540
193	AGC	333
194	GTG	812
194	GTT	37
194	GTA	24
195	GCA	496
195	ACA	363
195	GCG	12
195	ACG	2
196	ACA	766
196	ACC	54
196	ACG	49
196	ACT	4
197	GAA	828
197	GAG	45
198	GAA	480
198	AAT	249
198	GAC	63
198	GAG	29
198	ACT	20
198	GAT	17
198	AGT	14
199	ATA	504
199	TTG	265
199	TTA	79
199	ATC	8
199	CTG	8
199	ATG	3
199	ATT	3
200	AAT	483
200	GAT	334
200	AAC	46
200	GAC	8
200	GAW	2
201	AGG	543
201	AGA	317
201	CGA	12
202	ACT	316
202	ACC	205
202	ACA	180
202	ATC	156
202	ACG	8
202	ATT	5
203	TTC	860
203	TTT	13
204	AAA	641
204	AAG	206
204	AGG	18
204	AGA	6
205	CCA	627
205	CCG	127
205	CCC	87
205	CCT	31
206	TTG	497
206	TTA	341
206	GTG	20
206	CTG	8
206	CTA	2
207	ATA	873
208	GGA	500
208	GGG	363
208	GGC	4
208	GGT	3
208	GTG	3
209	CCA	836
209	CCG	36
210	AGG	814
210	AGA	47
210	CGG	11
211	CCT	499
211	CCA	327
211	CCC	43
211	CTT	3
212	CTT	870
213	GTC	605
213	GTT	264
214	AAC	475
214	AAT	383
214	AGT	6
214	AAM	5
214	AAA	3
215	GGT	818
215	GGC	42
215	GGG	8
215	GAT	3
216	TTG	373
216	CTA	311
216	TTA	108
216	CTG	47
216	CAA	14
216	CTT	11
216	CAG	8
217	ATG	506
217	ATT	327
217	CAG	15
217	CAA	8
217	TTT	6
217	ATA	4
217	ACT	3
217	AAT	3
218	GGA	804
218	GGG	68
219	AGA	741
219	CGA	120
219	AGG	12
220	ATT	728
220	ATC	139
220	ATA	6
221	AAT	759
221	GAT	83
221	AAC	18
221	GAC	11
221	AGT	2
222	TAT	788
222	TAC	79
222	TRT	5
223	TAT	863
223	TAC	10
224	TGG	873
225	TCA	475
225	TCG	351
225	TCT	46
226	GTA	627
226	ATA	101
226	GTT	88
226	GTG	45
226	GTC	10
227	CTA	348
227	TTA	323
227	TTG	188
227	CTG	13
228	AAA	847
228	AAG	14
228	AGA	12
229	CCG	456
229	CCA	403
229	CCT	14
230	GGT	492
230	GGC	368
230	GGG	11
231	CAA	539
231	CAG	334
232	ACA	855
232	ACG	16
232	ACT	2
233	CTG	500
233	TTG	274
233	TTA	92
233	CTA	4
233	CTT	2
234	CGA	691
234	CGG	166
234	AGA	16
235	ATA	505
235	GTA	319
235	GTG	42
235	ATC	5
236	AAA	458
236	AGA	228
236	AGG	122
236	AAG	45
236	CGA	20
237	TCT	486
237	TCC	366
237	TCA	18
237	ACT	3
238	AAT	608
238	GAT	262
238	AAC	3
239	GGG	547
239	GGA	204
239	GGT	85
239	GGC	35
239	GGR	2
240	AAT	855
240	AAC	18
241	CTA	838
241	TTA	15
241	CTG	11
241	ATA	6
242	ATA	460
242	ATT	363
242	GTA	45
242	ATC	3
243	GCT	768
243	GCC	103
243	GCA	2
244	CCA	867
244	CCC	3
244	CCG	2
245	TGG	863
245	AGC	6
245	GGG	2
245	CGG	2
246	TAT	811
246	TTT	51
246	TAC	7
246	CAT	3
247	GGA	837
247	GGG	36
248	CAC	492
248	CAT	336
248	TAC	42
248	CAY	2
249	ATT	528
249	GTT	334
249	CTT	3
249	ATC	3
249	GCT	2
249	GTC	2
250	CTT	519
250	CTC	218
250	CTA	135
251	TCA	798
251	TCG	30
251	TTA	20
251	ACA	19
251	TCC	5
252	GGA	817
252	GGT	21
252	GGC	20
252	GGG	15
253	GAG	783
253	GAA	41
253	GTG	40
253	GGG	8
254	AGC	858
254	AGT	15
255	CAC	471
255	CAT	401
256	GGA	525
256	GGG	341
256	GGT	5
256	GGR	2
257	AGA	860
257	AGG	12
258	ATC	644
258	ATT	227
259	CTG	847
259	CTT	8
259	CTA	8
259	TTG	8
260	AAA	421
260	AAG	395
260	AGG	40
260	AGA	17
261	ACT	852
261	ACC	13
261	ACA	4
261	AHT	2
262	GAT	557
262	AAT	209
262	AAC	51
262	GAC	38
262	AGT	13
262	ACT	2
263	TTA	440
263	TTG	252
263	CTA	102
263	CTG	71
263	CTT	3
263	ATA	2
264	AAA	559
264	AAC	240
264	AAT	30
264	AGC	15
264	AGA	14
264	AAG	9
264	GAT	3
265	AGC	319
265	AGG	237
265	AGT	196
265	AGA	67
265	ATG	30
265	AAC	6
265	ATC	5
265	GGT	5
265	AAG	3
265	AGY	2
266	GGT	852
266	GGC	17
267	AGC	497
267	AAT	346
267	AGT	18
267	ATC	6
267	AAC	3
267	GAT	2
268	TGC	733
268	TGT	140
269	ACA	440
269	GTA	302
269	ATA	42
269	ACT	35
269	GTG	28
269	ACG	19
269	GTT	3
270	GTG	475
270	GTT	325
270	GTA	68
270	GTC	3
270	GCT	2
271	CAA	841
271	CAG	31
272	TGT	767
272	TGC	104
272	TGY	2
273	CAG	762
273	CAA	111
274	ACA	507
274	ACT	366
275	GAA	706
275	GAG	166
276	AAG	579
276	AAA	278
276	AGG	8
276	AGA	7
277	GGT	831
277	GGA	30
277	GGC	11
278	GGC	766
278	GGT	78
278	GGA	27
279	TTA	634
279	TTG	220
279	CTA	17
280	AAC	851
280	AAT	21
281	ACA	506
281	AGT	348
281	AGC	5
281	ATA	5
281	GCA	3
281	ACG	2
281	ACC	2
281	ACT	2
282	ACA	804
282	ACG	41
282	ACC	17
282	ACT	8
283	TTG	467
283	CTG	344
283	CTA	31
283	TTA	15
283	ATG	14
284	CCA	818
284	CCC	29
284	CCG	26
285	TTC	808
285	TTT	64
286	CAA	507
286	CAC	347
286	CAT	19
287	AAT	829
287	AAC	44
288	ATC	308
288	GTG	234
288	GTA	158
288	GTT	114
288	GTC	49
288	ATT	8
288	ATA	2
289	AGT	740
289	AGC	132
290	AAG	421
290	AAA	364
290	AGG	80
290	AAR	7
291	TAT	866
291	TAC	7
292	GCA	845
292	GCT	14
292	GCG	12
292	GGA	2
293	TTT	563
293	TTC	310
294	GGA	486
294	GGG	374
294	GGR	12
295	AAC	551
295	AAT	284
295	ACC	23
295	GAT	9
295	AAY	2
295	ATC	2
296	TGC	818
296	TGT	52
296	TGY	3
297	TCA	500
297	CCC	353
297	CCA	6
297	TCG	5
297	CCM	2
297	CCG	2
297	CCT	2
298	AAA	832
298	AAG	35
298	AGA	6
299	TAC	528
299	TAT	344
300	ATT	739
300	ATC	95
300	GTT	20
300	ATA	11
300	GTA	8
301	GGC	350
301	GGA	346
301	GGT	132
301	GGG	34
301	AGA	5
301	AAA	3
301	GGY	2
302	ATA	453
302	GTC	265
302	GTA	124
302	GTG	12
302	GTT	9
302	ATC	6
302	ATG	4
303	AAG	827
303	AAA	33
303	AAT	9
303	AGG	3
304	AGT	792
304	AGC	81
305	CTC	859
305	CTA	11
305	CTT	3
306	AAA	829
306	AAG	42
307	CTT	508
307	CTA	303
307	CTG	49
307	CTC	7
307	TTA	4
308	GCA	855
308	GCG	17
309	GTT	458
309	ATA	318
309	GTC	48
309	ATT	21
309	GTA	15
309	ATC	12
310	GGT	823
310	GGC	43
310	GGA	5
310	GGY	2
311	CTG	807
311	TTG	41
311	CTT	15
311	CTA	9
312	AGG	587
312	AGA	284
312	AGR	2
313	AAT	666
313	AAC	207
314	GTG	799
314	GTA	42
314	GTT	28
314	ATG	2
315	CCT	817
315	CCC	33
315	CAT	14
315	CCA	8
316	TCT	405
316	GCC	249
316	GCT	89
316	TCA	44
316	ACT	33
316	TCC	25
316	TCG	9
316	GCA	7
316	GTC	5
316	ACC	5
317	AGA	390
317	AAA	229
317	AAG	223
317	AGG	19
317	GCA	10
318	TCT	496
318	TCA	363
318	TCC	13
319	AGT	491
319	AAG	293
319	AAT	39
319	AAA	23
319	AGC	14
319	GAT	10
320	AGA	856
320	AGG	17
321	GGA	801
321	GGG	69
321	GGC	3
322	CTA	785
322	TTA	43
322	ATA	30
322	TTG	10
322	CTC	2
323	TTC	479
323	TTT	393
324	GGG	515
324	GGA	345
324	GGT	12
325	GCC	763
325	GCA	66
325	GCT	32
325	GCG	11
326	ATA	828
326	AWA	22
326	ATT	15
326	ATC	7
327	GCA	506
327	GCT	364
327	GCC	2
328	GGA	673
328	GGG	189
328	GGT	9
329	TTC	696
329	TTT	176
330	ATA	872
331	GAG	441
331	GAA	432
332	GGA	815
332	GGG	56
332	GGR	2
333	GGT	815
333	GGG	44
333	GGA	8
333	GGC	6
334	TGG	873
335	TCA	498
335	CCA	308
335	CCT	66
336	GGA	800
336	GGG	38
336	GGT	35
337	CTA	753
337	TTA	80
337	CTG	39
338	GTT	547
338	GTC	319
338	GTA	5
338	ATT	2
339	GCT	730
339	GCG	107
339	GCC	20
339	GCA	16
340	GGT	849
340	GGC	21
340	GGG	2
341	TGG	873
342	TAT	861
342	TAC	11
343	GGT	352
343	GGA	345
343	GGG	166
343	GGC	10
344	TTC	820
344	TTT	50
344	TAC	2
345	CAG	850
345	CAA	22
346	CAT	847
346	CAC	26
347	TCA	507
347	TCT	364
347	TCC	2
348	AAT	846
348	AAC	26
349	GAT	440
349	GAC	390
349	GCA	19
349	GCC	18
349	AAC	2
350	CAA	551
350	CAG	309
350	CAR	13
351	GGG	501
351	GGA	345
351	GGT	27
352	GTT	783
352	GTC	50
352	GTA	35
352	ATT	2
353	GGT	823
353	GGC	34
353	GGA	15
354	ATG	540
354	ATA	329
354	ATT	2
354	ATR	2
355	GCA	626
355	GCG	198
355	GCT	43
355	GCC	5
356	GCA	857
356	GCT	11
356	GCG	3
356	GCR	2
357	GAT	797
357	GAC	74
357	GAY	2
358	AGA	506
358	AAG	210
358	AGG	147
358	CAG	7
358	AAA	3
359	GAC	464
359	GTT	187
359	GTC	107
359	GAA	52
359	ATT	29
359	GAT	11
359	GCC	9
359	GTA	8
359	GGA	2
359	GTG	2
360	TCA	819
360	TCG	53
361	ACC	700
361	ACT	170
361	ACA	3
362	CAA	847
362	CAG	26
363	AAG	687
363	CAG	92
363	GAG	47
363	AAT	22
363	AGG	10
363	AAA	6
363	GAA	3
363	CAA	2
364	GCA	860
364	GCT	7
364	GCG	4
365	ATT	476
365	GTT	379
365	GTC	11
365	ATC	6
366	GAT	715
366	GAC	147
366	AAT	6
366	AAC	5
367	AAA	863
367	AAG	7
367	AGA	2
368	ATA	868
368	ATC	3
369	ACA	865
369	ACG	8
370	TCC	842
370	TCA	20
370	TCT	9
370	TTC	2
371	AAA	615
371	AAG	257
372	GTG	831
372	GTA	37
372	ATG	4
373	AAT	854
373	AAC	19
374	AAT	502
374	AAC	366
374	AGT	3
374	AAA	2
375	ATA	843
375	ATC	23
375	ATT	7
376	GTC	497
376	GTG	312
376	GTT	23
376	GTA	20
376	ATC	15
376	ATT	3
376	RTC	2
377	GAC	644
377	GAT	223
377	GAA	2
377	AAC	2
378	AAA	526
378	AAG	346
379	ATG	873
380	AAC	869
380	AAT	4
381	AAG	829
381	AAA	41
382	CAA	516
382	CAG	356
383	TAT	870
383	TAC	3
384	GAA	863
384	GAG	10
385	ATA	350
385	ATT	339
385	ATC	178
385	CTT	3
385	AYA	2
386	ATT	492
386	ATC	358
386	ATA	16
386	GTC	6
387	GAT	787
387	GAC	68
387	AAT	15
388	CAT	862
388	CAC	11
389	GAA	787
389	GAG	85
390	TTC	812
390	TTT	61
391	AGT	517
391	AGC	191
391	AAT	154
391	GGT	10
392	GAG	843
392	GAA	29
393	GTT	659
393	GTA	147
393	GTC	38
393	ATC	11
393	ATA	10
393	ATT	6
394	GAA	820
394	GAG	53
395	ACT	826
395	ACC	17
395	GCC	13
395	GCT	6
395	ACG	6
396	AGA	785
396	AGG	88
397	CTT	471
397	CTC	389
397	CTA	10
397	ATT	2
398	AAC	508
398	AAT	362
398	AAY	2
399	ATG	873
400	ATC	837
400	ATT	23
400	ATA	13
401	AAT	772
401	AAC	96
401	AAY	5
402	AAT	655
402	AGT	119
402	AAC	57
402	GAT	21
402	AGC	20
403	AAG	512
403	AAA	361
404	ATT	820
404	ATC	38
404	CTT	7
404	GTT	6
405	GAT	826
405	GAC	46
406	GAT	481
406	GAC	390
406	GAY	2
407	CAA	860
407	CAG	13
408	ATA	365
408	ATC	304
408	ATT	202
409	CAA	668
409	CAG	203
409	CAR	2
410	GAT	571
410	GAC	302
411	ATA	526
411	GTA	293
411	GTG	32
411	RTA	12
411	ATC	8
412	TGG	873
413	GCA	870
413	GCG	2
414	TAT	845
414	TAC	28
415	AAT	833
415	AAC	40
416	GCA	861
416	GCG	6
416	GCT	5
417	GAA	664
417	GAG	205
417	GGA	2
418	TTG	807
418	TTA	53
418	CTG	11
419	CTA	847
419	CTT	15
419	CTG	10
420	GTT	477
420	GTA	340
420	GTG	36
420	ATT	15
420	GTC	4
421	CTG	487
421	TTA	304
421	TTG	51
421	CTA	30
422	CTT	747
422	CTC	121
422	CTA	3
422	TTA	2
423	GAA	840
423	GAG	32
424	AAC	638
424	AAT	234
425	CAG	829
425	CAA	41
425	CAR	3
426	AAA	855
426	AAG	16
426	AAR	2
427	ACA	832
427	ACG	31
427	ACT	10
428	CTC	750
428	CTT	66
428	CTA	54
428	CTY	2
429	GAT	678
429	GAC	195
430	GAG	730
430	GAA	143
431	CAT	792
431	CAC	79
431	CAY	2
432	GAT	533
432	GAC	339
433	GCA	859
433	GCG	12
434	AAT	671
434	AAC	200
435	GTA	464
435	GTG	395
435	GTT	9
435	GTC	4
436	AAC	827
436	AAT	46
437	AAT	850
437	AAC	22
438	CTA	768
438	CTG	65
438	TTA	23
438	ATA	14
438	TTG	2
439	TAT	679
439	TAC	191
439	TWC	2
440	AAT	524
440	AAC	349
441	AAA	829
441	AAG	35
441	AGA	7
442	GTG	618
442	GTA	179
442	GTT	76
443	AAG	463
443	AAA	319
443	AGA	86
443	AGG	3
443	AAR	2
444	AGG	730
444	AGA	107
444	ATG	31
444	CGG	3
445	GCG	274
445	GCC	236
445	GCA	232
445	GCT	127
446	TTG	507
446	CTG	341
446	TTA	12
446	YTG	7
446	CTA	5
447	GGT	446
447	GGC	410
447	GGA	10
447	GGG	7
448	TCC	506
448	TCA	297
448	ACA	38
448	TCT	12
448	ACC	11
448	TCG	8
449	AAT	868
449	AAC	5
450	GCG	429
450	GCA	378
450	GCT	52
450	GCC	14
451	GTG	452
451	CTG	199
451	ATG	115
451	TTG	50
451	GTA	14
451	GTT	11
451	AGA	11
451	CTT	8
451	CAG	4
451	GCG	3
451	CTA	2
452	GAA	828
452	GAG	45
453	GAT	833
453	GAC	40
454	GGG	603
454	GGA	270
455	AAA	476
455	AAG	328
455	AGA	52
455	AAT	15
455	RAA	2
456	GGA	380
456	GGT	330
456	GGC	135
456	GGG	28
457	TGT	827
457	TGC	46
458	TTC	833
458	TTT	40
459	GAG	724
459	GAA	148
460	CTA	797
460	TTA	54
460	CTG	15
460	TTG	4
460	CTC	2
461	TAC	782
461	TAT	87
461	TTT	2
462	CAC	516
462	CAT	357
463	AAA	847
463	AAG	22
463	AAR	4
464	TGT	859
464	TGC	14
465	GAT	824
465	AAT	42
465	GAC	7
466	GAC	643
466	GAT	165
466	AAC	42
466	AAT	19
466	RAC	2
466	GAY	2
467	CAA	522
467	CAG	345
467	CRG	3
467	CGG	3
468	TGC	739
468	TGT	134
469	ATG	873
470	GAG	602
470	GAA	252
470	GCG	17
470	GAT	2
471	ACA	856
471	ACG	15
472	ATT	856
472	ATC	17
473	CGG	811
473	AGG	27
473	CGA	21
473	AGA	11
473	YGG	2
474	AAC	745
474	AAT	125
475	GGG	797
475	GGA	65
475	GGT	10
476	ACC	647
476	ACA	163
476	ACT	61
477	TAC	468
477	TAT	405
478	AAC	514
478	AAT	339
478	GAC	13
478	GAT	4
479	AGG	687
479	AGA	165
479	AAG	10
479	GGG	6
479	AAA	5
480	AGG	501
480	AGA	268
480	AAA	48
480	AAG	29
480	CAA	12
480	ATA	6
480	GAA	5
480	AGT	3
481	AAG	602
481	AAA	265
481	AGG	6
482	TAT	601
482	TAC	272
483	CAA	838
483	ACA	14
483	AGA	8
483	CAG	7
483	AAA	6
484	GAG	764
484	GAA	102
484	GTG	5
485	GAA	464
485	GAG	408
486	TCA	853
486	TCG	17
486	TCT	2
487	AAA	511
487	AGA	331
487	AGG	22
487	AAG	5
487	ARA	2
488	TTA	592
488	CTA	145
488	CTG	116
488	ATA	13
488	TTG	6
489	GAA	747
489	GAG	98
489	GGA	25
489	GGT	2
490	AGA	446
490	AGG	413
490	AAG	7
490	CGG	5
490	AAA	2
491	CAG	821
491	CAA	47
491	CTG	5
492	AAA	829
492	AGA	43
493	ATA	823
493	ATT	50
494	GAG	482
494	GAA	390
495	GGG	859
495	GGA	12
496	GTC	514
496	GTA	206
496	ATA	118
496	GTT	23
496	GTG	11
497	AAG	725
497	AAA	143
497	AGG	3
497	AAR	2
498	CTG	783
498	CTT	82
498	TTG	6
498	CTA	2
499	GAA	729
499	GAG	143
500	TCT	795
500	TCC	50
500	GCT	14
500	CCT	6
500	TCG	5
500	TYT	2
501	GAA	550
501	GAG	322
502	GGA	571
502	GGG	293
502	GAA	7
503	ACT	853
503	ACC	9
503	AAT	6
503	ACG	3
504	TAC	863
504	TAT	10
505	AAA	828
505	AAG	41
505	AGA	3
506	ATC	789
506	ATT	79
506	ATA	3
507	CTC	849
507	CTT	19
507	CTA	5
508	ACC	479
508	ACT	343
508	ACA	36
508	TCC	14
509	ATT	863
509	ATC	10
510	TAT	857
510	TAC	16
511	TCG	851
511	TCA	21
512	ACT	849
512	ACC	20
512	ACY	3
513	GTC	811
513	GTT	50
513	GCC	10
513	GTG	2
514	GCC	866
514	GCT	6
515	TCA	872
516	TCT	826
516	TCC	46
517	CTT	859
517	CTC	6
517	ATT	6
518	GTG	650
518	GTA	217
518	ATG	2
518	GTT	2
519	ATT	509
519	CTT	358
519	GTT	4
519	TTT	2
520	GCA	864
520	GCG	8
521	ATG	860
521	ATA	12
522	GGG	872
523	TTT	868
523	GTT	3
523	TTC	2
524	GCT	873
525	GCC	873
526	TTC	653
526	TTT	218
527	TTG	803
527	CTG	43
527	TTA	24
527	TTR	2
528	TTC	872
529	TGG	873
530	GCC	819
530	GCT	43
530	GCA	10
531	ATG	873
532	TCC	673
532	TCT	198
532	TCA	2
533	AAT	847
533	AAC	25
534	GGG	489
534	GGA	377
534	GGT	6
535	TCT	530
535	TCA	338
535	TCG	5
536	TGC	871
536	TGT	2
537	AGA	535
537	AGG	334
537	CGG	2
537	AGR	2
538	TGC	871
538	TGT	2
539	AAC	873
540	ATT	868
540	ATC	5
541	TGT	873
542	ATA	873

#BGD0994|HA-signal
1	ATG	856
2	GAG	552
2	GAA	289
2	AAG	10
2	AAA	5
3	ACA	821
3	GCA	19
3	ATA	13
3	AAA	2
4	GTA	421
4	GCA	314
4	ATA	94
4	ACA	22
4	GTG	3
5	TCA	538
5	ACA	282
5	GCA	22
5	ACG	5
5	ATA	4
5	CCA	3
6	CTG	664
6	CTA	179
6	TTG	9
6	ATG	3
7	ATG	455
7	ATA	304
7	TTG	64
7	CTA	15
7	GTG	7
7	CTG	3
7	TTR	2
7	ACA	2
7	TTA	2
8	ACT	594
8	ACG	142
8	ACA	70
8	ATT	16
8	ACC	13
8	GCT	5
8	GTT	4
8	ATA	4
8	GCC	3
8	ATG	2
9	ATA	788
9	ACA	55
9	GTA	8
9	ATG	4
10	CTA	766
10	CTG	88
10	TTA	2
11	CTA	697
11	CTG	143
11	TTA	9
11	ATA	5
12	GTA	379
12	TTA	249
12	GTG	63
12	CTA	58
12	ATA	47
12	GCA	33
12	ACA	12
12	ATG	8
12	TTG	5
13	GTA	466
13	GCA	275
13	ATA	80
13	ACA	17
13	GTG	14
13	ACG	3
14	ACA	812
14	GCA	31
14	ACT	7
14	ACG	2
14	ACW	2
15	ACA	389
15	GCA	287
15	GTA	145
15	ACG	13
15	ATA	5
15	ACC	4
15	GTG	3
15	GGA	3
15	GCG	2
15	TCA	2
16	AGC	826
16	AGT	21
16	GGC	5
16	ATC	4
17	AAT	610
17	AAG	100
17	CTT	90
17	AGT	30
17	AAA	19
17	GAT	3
17	AAC	2
18	GCA	748
18	GCG	65
18	GCT	42

#BRISBANE60|HA
1	GAT	14573
1	GAC	3680
2	CGA	18116
2	AGA	75
2	CGG	57
2	MGA	3
2	CGT	3
3	ATC	18187
3	ATT	40
3	GTC	17
3	ATA	9
3	RTC	2
4	TGC	18235
4	TGT	19
5	ACT	18201
5	ACC	34
5	ACA	16
5	ACY	2
6	GGG	17812
6	GGA	237
6	GGT	203
6	GGC	3
7	ATA	18239
7	GTA	13
7	ATC	2
8	ACA	18227
8	ACG	20
8	GCA	5
8	ACT	3
9	TCG	9084
9	TCT	9031
9	TCA	90
9	TCC	47
10	TCA	18236
10	TCG	13
10	GCA	4
11	AAC	18086
11	AAT	114
11	AGC	33
11	AAA	15
11	GAC	6
12	TCA	18231
12	TCG	16
12	TCC	6
13	CCT	9076
13	CCA	9045
13	CCC	116
13	CCG	13
13	MCT	3
14	CAT	18161
14	CAC	90
14	TAT	4
15	GTG	9083
15	GTC	8318
15	GTT	419
15	ATC	267
15	GTA	151
15	TTG	4
15	GCC	3
15	GTR	3
15	ATT	2
15	ATG	2
16	GTC	18147
16	GTA	74
16	GTT	18
16	ATC	16
17	AAA	18238
17	AAG	11
17	AGA	2
17	AAC	2
18	ACA	9127
18	ACT	9102
18	ACG	17
18	ACC	9
19	GCT	17920
19	GCC	322
19	GTT	10
19	GCA	2
20	ACT	18063
20	ACC	95
20	ACA	95
20	ACG	2
21	CAA	18233
21	CAG	20
22	GGG	17910
22	GGA	342
22	GGT	2
23	GAG	17992
23	GAA	249
23	GAT	11
23	GAR	3
24	GTC	18175
24	GTT	42
24	GTA	18
24	ATC	13
24	RTC	5
24	GTY	2
25	AAT	16246
25	AAC	2008
26	GTG	18126
26	GTA	117
26	GTT	8
26	GTR	3
27	ACT	10329
27	ACC	7899
27	ACA	15
27	ACG	7
27	ACY	2
28	GGT	10083
28	GGC	8147
28	GGA	18
28	GGG	3
29	GTG	9213
29	GTA	8917
29	GCG	100
29	GCA	11
29	GTR	5
29	GTT	4
29	ATA	3
30	ATA	18253
31	CCA	18195
31	TCA	25
31	CAA	18
31	CCG	11
32	CTG	17110
32	CTA	692
32	CTT	275
32	TTG	173
32	YTG	2
33	ACA	18232
33	ACG	15
33	ACT	4
33	AMA	2
33	TCA	2
34	ACA	18178
34	ATA	31
34	GCA	27
34	ACG	13
34	ACT	3
35	ACA	18186
35	ACG	28
35	GCA	19
35	ACC	12
35	ACT	6
35	ATA	2
36	CCA	9129
36	CCC	9084
36	CCT	21
36	CCG	13
36	CTC	5
37	ACA	9052
37	ACC	9029
37	ATC	59
37	GCA	43
37	ACG	41
37	ACT	19
37	GCC	4
37	ATA	3
38	AAA	18164
38	AAG	66
38	AGA	23
39	TCT	18223
39	TCC	30
40	CAT	9174
40	TAT	8967
40	TAC	86
40	CAC	27
41	TTT	18253
41	TTC	2
42	GCA	18234
42	GCG	9
42	TCA	7
42	GCT	3
42	RCA	2
43	AAT	17972
43	AAC	261
43	AGT	11
43	CAT	8
43	ACT	2
44	CTC	18205
44	CTT	32
44	CTA	14
44	ATC	2
45	AAA	18212
45	AAG	22
45	AGA	21
46	GGA	18197
46	GGG	56
47	ACA	18224
47	ATA	13
47	GCA	8
47	ACG	6
48	GAA	9033
48	AGG	8349
48	AAG	720
48	AGA	64
48	AAA	60
48	CAG	10
48	GAG	9
48	RAA	3
48	AGT	3
49	ACC	18213
49	ACA	26
49	ACT	16
50	AGA	9983
50	AGG	8270
51	GGG	18096
51	GGA	154
51	GGT	4
52	AAA	18193
52	AAC	34
52	AAG	11
52	GAA	8
52	AGA	7
53	CTA	18096
53	TTA	94
53	CTG	58
53	CTT	4
53	CTC	2
54	TGC	18127
54	TGT	127
55	CCA	9964
55	CCG	8269
55	CCT	19
56	AAA	9045
56	GAC	9020
56	ACC	63
56	GAT	33
56	AAC	23
56	AGA	18
56	GAA	15
56	AAG	11
56	CAA	10
56	GGC	4
56	ACA	3
56	GCT	3
56	AAR	2
57	TGC	9258
57	TGT	8997
58	CTC	17717
58	CCC	297
58	CTT	104
58	CTA	54
58	TTC	47
58	ATC	18
58	CAC	12
58	MTC	3
58	YTC	2
59	AAC	17676
59	AAT	570
59	GAC	7
59	AAY	2
60	TGC	9289
60	TGT	8964
60	TGY	2
61	ACA	18235
61	ACC	10
61	ACG	8
61	ACT	2
62	GAT	18218
62	GAC	37
63	CTG	18100
63	CTA	78
63	TTG	64
63	CTT	10
63	CTR	2
64	GAT	16343
64	GAC	1911
65	GTG	9471
65	GTA	8774
65	GTT	9
66	GCC	18011
66	GCT	192
66	GCA	46
66	GCY	2
66	GTC	2
66	ACC	2
67	TTG	18016
67	CTG	135
67	TTA	99
67	TTR	3
68	GGC	18141
68	GGT	103
68	AGC	6
68	GGA	5
69	AGA	9338
69	AGG	8847
69	CGA	29
69	ATG	14
69	AGT	14
69	AAA	4
69	AAG	3
69	GGG	3
69	AGR	2
70	CCA	18189
70	CCG	58
70	CCC	5
71	AAA	9072
71	ATG	9044
71	ACG	96
71	AAG	39
71	AGG	2
72	TGT	9237
72	TGC	9017
73	GTG	9037
73	ACA	7343
73	ACG	1659
73	ATG	66
73	ACT	64
73	GTA	33
73	TTG	17
73	GCA	10
73	ATA	9
73	GTT	8
73	GAG	3
73	AAG	2
73	GCG	2
74	GGG	17497
74	GGA	737
74	GAG	14
74	GGT	4
74	GGR	3
75	AAA	8591
75	ACC	8407
75	AAC	619
75	ACT	499
75	ATC	76
75	GAA	20
75	GCC	12
75	AAG	8
75	AAT	4
75	CCC	3
75	ACA	3
75	GTC	2
75	GAC	2
76	ACA	9108
76	ATA	9095
76	GTA	28
76	ACG	14
76	ACC	5
76	ACM	2
77	CCT	9172
77	CCC	9066
77	CCA	10
77	CCG	4
78	TCT	15669
78	TCG	2290
78	TCA	241
78	TCC	27
78	CCT	23
78	CCG	3
79	GCA	9216
79	GCT	8213
79	GCG	752
79	GCC	73
80	AAA	9134
80	AGG	7026
80	AGA	1974
80	AAG	54
80	GAA	27
80	GGG	17
80	ATG	5
80	ATA	5
80	GGA	3
80	AGR	3
80	ACA	3
81	GTT	9093
81	GCT	9054
81	GCC	91
81	GTC	7
81	ATT	4
82	TCA	18069
82	TCG	156
82	GCA	27
83	ATA	18242
83	GTA	7
83	ATC	4
84	CTC	17645
84	CTT	523
84	CTA	82
84	ATC	3
85	CAT	16842
85	CAC	1395
85	TAT	13
85	TAC	4
86	GAA	10390
86	GAG	7865
87	GTC	17694
87	GCC	357
87	ATC	97
87	GTA	86
87	GTT	15
87	RTC	2
87	GTG	2
88	AGA	18111
88	AAA	83
88	AGG	53
88	ARA	6
88	AGR	2
89	CCT	18241
89	CCC	14
90	GTT	17749
90	GTC	389
90	ATT	68
90	GCT	37
90	GTA	4
90	GTG	3
90	GYT	2
91	ACA	18186
91	ACG	50
91	ACC	11
91	ACT	5
91	ACR	2
92	TCT	9163
92	TCC	9021
92	TCA	59
92	TCG	8
92	TCY	2
93	GGG	17992
93	GGA	249
93	GGT	14
94	TGC	18081
94	TGT	173
95	TTT	17337
95	TTC	911
95	TWT	5
96	CCT	18173
96	CCC	78
96	CCA	3
97	ATA	18233
97	ATG	20
97	ATC	2
98	ATG	18252
98	ATA	3
99	CAC	18001
99	CAT	253
100	GAC	10415
100	GAT	7833
100	AAC	3
101	AGA	18199
101	AGG	43
101	CGA	10
102	ACA	18238
102	ACG	12
102	ACT	4
103	AAA	18210
103	AAG	44
104	ATC	9145
104	ATT	9074
104	GTT	28
104	ATA	8
105	AGA	13862
105	AGG	4388
105	AGR	4
106	CAG	9151
106	CAA	9099
106	CAR	2
107	CTA	9131
107	CTG	9099
107	TTA	13
107	TTG	11
108	CCT	8938
108	CCC	8720
108	GCC	571
108	CCG	13
108	GCT	5
108	CCA	3
108	TCT	2
108	CCY	2
109	AAT	9227
109	AAC	9023
109	AAY	5
110	CTT	18194
110	CTC	48
110	TTT	11
111	CTC	18210
111	CTT	34
111	CTA	9
112	AGA	9915
112	CGA	8311
112	AGG	14
112	CGG	11
112	AAA	2
113	GGA	18094
113	GGG	112
113	GGC	37
113	GGT	9
114	TAC	9128
114	TAT	9126
115	GAA	18235
115	GAG	20
116	CAT	8984
116	AAG	7621
116	AAT	1318
116	AGG	134
116	AAA	132
116	CAC	52
116	CGT	8
116	AAR	2
117	ATC	11281
117	GTC	6923
117	ATT	27
117	ATA	12
117	GTT	5
117	RTC	3
117	GTA	3
118	AGG	17758
118	AGA	462
118	AAG	18
118	AGR	6
118	ARG	3
118	AGT	3
118	GGG	2
119	TTA	18051
119	CTA	126
119	TTG	78
120	TCA	18188
120	ACA	53
120	TTA	7
120	TCG	5
121	ACT	9092
121	ACC	9043
121	TCC	34
121	GCC	17
121	ATC	16
121	GCT	16
121	AAC	12
121	AAT	12
121	ATT	4
121	ACA	3
121	ACY	2
122	CAA	8837
122	CAC	7684
122	CAT	1378
122	CAG	153
122	AAA	118
122	AAG	30
122	CTT	17
122	CGT	11
122	TAT	6
122	AAC	5
122	AAT	5
122	CGA	5
122	TAC	3
122	CGC	2
123	AAC	17999
123	AAT	204
123	ACC	15
123	AGC	12
123	AAA	9
123	GAC	9
123	ATC	2
124	GTT	18009
124	GTC	194
124	GCT	39
124	GTA	4
124	ATT	3
124	GTY	2
124	GYT	2
124	GCC	2
125	ATC	18095
125	ATT	116
125	GTC	29
125	ATA	14
126	GAT	9070
126	AAT	9053
126	AAC	81
126	GAC	19
126	AAA	9
126	AGT	8
126	AAG	5
126	RAT	4
126	GAA	2
126	GAY	2
127	GCA	18053
127	GCG	102
127	ACA	78
127	ATA	7
127	GTA	6
127	RCA	4
127	GCT	3
128	GAA	17553
128	AAA	680
128	GAG	16
128	RAA	3
128	GGA	2
129	AAA	8627
129	GAT	5876
129	AAT	1782
129	GGT	1349
129	AAG	517
129	GAC	30
129	AGT	27
129	ACT	20
129	ACG	12
129	GAG	3
129	RAT	3
129	GAA	2
129	TAT	2
129	AGA	2
129	GAW	2
130	GCA	18233
130	GCG	14
130	GCR	3
130	GCC	2
131	CCA	18072
131	CCT	135
131	CCG	35
131	CTA	7
131	TCA	5
132	GGA	18201
132	GGG	54
133	GGA	16352
133	AGA	1810
133	AGG	38
133	GGG	38
133	AAA	8
133	GGC	8
134	CCC	18189
134	CCT	31
134	CCA	13
134	CTC	9
134	CCG	9
135	TAC	18219
135	TAT	34
136	AGA	9078
136	AAA	6996
136	GAA	2063
136	AGG	61
136	AAG	23
136	GAG	11
136	ATA	6
136	RAA	6
136	ACA	4
136	GAC	2
137	CTT	9132
137	ATT	9099
137	GTT	14
137	ATC	3
137	CTC	3
138	GGA	18171
138	GGG	81
138	GGR	2
139	ACC	18119
139	ACT	116
139	ACA	11
139	AAC	5
140	TCA	18198
140	TCG	48
140	TCT	6
140	ACA	2
141	GGG	9137
141	GGA	9017
141	AGA	77
141	AGG	9
141	RGA	8
141	GGT	2
141	RGG	2
142	TCT	18216
142	TCC	38
143	TGC	18235
143	TGT	20
144	CCT	18052
144	CCC	186
144	CTT	9
144	TCT	2
144	CCA	2
144	CTC	2
145	AAC	17697
145	AAT	543
145	ACC	4
145	AAY	3
145	GAC	2
145	ARC	2
146	GCT	9066
146	ATT	7483
146	GTT	1544
146	ATC	73
146	ACT	50
146	GCC	12
146	TCT	12
146	AGT	4
146	GAT	4
146	GYT	2
147	ACC	18098
147	ACT	136
147	ACA	11
147	AAC	3
147	ACY	3
147	GCC	2
148	AAT	9092
148	AGT	9080
148	AGC	53
148	AAC	18
148	GGT	4
148	AAA	3
148	AGY	2
149	GGA	9066
149	AAA	8964
149	AAG	160
149	GGG	42
149	AGA	16
149	GAA	4
149	GGC	2
150	AAC	8998
150	ATT	4736
150	ATC	3426
150	AGC	819
150	AAA	78
150	GTC	62
150	GTT	48
150	AAT	32
150	AGT	18
150	AAM	11
150	ATA	9
150	ACT	6
150	AAY	3
150	CAC	2
150	TTC	2
150	ATG	2
151	GGA	18198
151	GGG	33
151	GGT	20
152	TTT	10324
152	TTC	7931
153	TTC	10390
153	TTT	7862
153	TTY	2
154	GCA	18035
154	GAA	70
154	ACA	61
154	GCT	38
154	TCA	20
154	GTA	11
154	GCC	5
154	KCA	4
154	GCG	4
154	RCA	3
154	GYA	2
155	ACA	18216
155	GCA	17
155	ACG	16
155	ACT	4
155	ACC	2
156	ATG	18253
157	GCT	18237
157	GCC	14
157	GCG	3
158	TGG	18254
159	GCT	9258
159	GCC	8969
159	ACT	8
159	GTC	6
159	ACC	5
159	GCG	3
159	GCA	3
160	GTC	13390
160	GTT	4858
160	GTA	3
160	GTG	2
161	CCA	16616
161	CCG	1625
161	CCT	6
161	CCR	3
161	CCC	2
162	AAA	5571
162	AAG	17
163	AAG	9059
163	AAC	5493
163	AAT	69
163	AGG	67
163	AGC	13
163	AAA	10
163	GAC	4
163	AAY	2
164	GAC	15945
164	GAT	91
164	AAC	27
164	GAA	25
164	GGC	12
164	AAG	3
164	TAC	2
164	GTC	2
164	RAC	2
165	AAC	9450
165	AAA	8698
165	AAT	77
165	AAG	8
165	AGC	8
165	AGA	4
165	GAC	3
165	ACA	2
166	AAC	9921
166	TAC	7839
166	TAT	473
166	CAC	8
166	AMC	3
166	AAT	3
167	AAA	18133
167	AGA	110
167	AAG	11
168	ACA	9168
168	AAT	9041
168	AAC	33
168	ACG	6
169	GCA	18189
169	GAA	49
169	ACA	13
169	GCG	3
170	ACA	9156
170	ACG	9085
170	ATA	5
170	ACT	3
170	ACR	3
170	ATG	2
171	AAT	9118
171	AAC	9060
171	GAT	54
171	AGT	14
171	GAC	2
171	AAY	2
172	CCA	17721
172	TCA	496
172	CCC	9
172	CTA	8
172	CCG	7
172	CAA	7
172	TCG	4
172	CYA	2
173	TTA	9205
173	CAA	7546
173	CTA	1390
173	TTG	65
173	CAG	38
173	CTG	6
173	ATA	2
174	ACA	18233
174	ACT	15
174	ACG	5
175	ATA	8804
175	GTG	7780
175	GTA	1634
175	ATG	16
175	TTG	15
175	GTT	3
176	GAA	18144
176	GAG	108
176	GRA	2
177	GTA	17665
177	ATA	348
177	GTG	240
178	CCA	18233
178	CCG	15
178	CAA	4
179	TAC	18119
179	CAC	76
179	TAT	49
179	AAC	5
179	TAY	3
179	YAC	2
180	ATT	14902
180	ATC	1797
180	GTT	1440
180	ACT	58
180	GTC	51
180	GTG	5
180	ATA	2
181	TGT	18142
181	TGC	110
181	TGY	2
182	ACA	17420
182	GCA	600
182	AAA	156
182	ACT	30
182	ACG	22
182	ATA	14
182	GTA	4
182	AAG	3
183	GAA	18066
183	AAA	116
183	GAG	39
183	GGA	21
183	RAA	5
183	GAT	3
183	GAR	2
184	GGA	9333
184	GGG	8709
184	GAA	152
184	GAG	35
184	AGA	8
184	GGT	8
184	AGG	6
185	GAA	18241
185	GAG	13
186	GAC	18215
186	GAT	39
187	CAA	18099
187	CAG	156
188	ATT	18048
188	ATC	202
188	ATA	2
188	GTT	2
189	ACT	9149
189	ACC	9005
189	ACA	65
189	GCT	28
189	GCC	5
190	GTT	18132
190	ATT	96
190	GTC	24
190	RTT	2
191	TGG	18255
192	GGG	18043
192	GGA	121
192	GGT	90
193	TTC	14569
193	TTT	3684
194	CAT	9863
194	CAC	8388
194	CAY	3
195	TCT	9092
195	TCG	7701
195	TCA	1372
195	TCC	89
196	GAT	9907
196	GAC	8348
197	AAC	16837
197	AAT	812
197	GAC	213
197	ARC	85
197	AGC	66
197	AAA	49
197	RAC	39
197	AAM	36
197	ACC	25
197	AMC	16
197	AWC	12
197	ATC	11
197	RRC	8
197	TAC	8
197	ART	6
197	ASC	6
197	CAC	5
197	AGT	5
197	AAW	3
197	ARM	3
197	RAM	2
198	AAA	9129
198	GAG	8465
198	GAA	583
198	AAG	56
198	GGG	12
198	AGA	5
198	ACA	2
198	GAR	2
199	ACC	17518
199	ATC	182
199	AYC	144
199	RCC	115
199	GCC	96
199	AAC	60
199	ACT	40
199	AMC	36
199	CCC	17
199	RYC	15
199	MCC	12
199	RMC	5
199	ACA	4
199	AGC	2
200	CAA	18137
200	CAG	95
200	CMA	8
200	CCA	5
200	CGA	3
200	MAA	2
200	AAA	2
201	ATG	18252
201	ACG	3
202	AAG	9022
202	GCA	8917
202	AAA	118
202	GCG	56
202	ACA	54
202	ATA	29
202	GTA	28
202	GAA	11
202	GCC	6
202	GCT	5
202	GGA	2
202	RAA	2
202	AGG	2
203	AAG	9010
203	AGC	7853
203	AAC	1248
203	AAA	79
203	AGT	21
203	ACC	8
203	AAT	8
203	ACG	7
203	AGG	6
203	ATA	5
203	AGA	3
203	ATC	3
203	AGM	3
204	CTC	18103
204	CTT	102
204	CTA	45
204	CTY	2
204	CTM	2
205	TAT	18238
205	TAC	17
206	GGA	9171
206	GGG	9080
206	GGT	3
207	GAC	18168
207	GAT	82
207	GAY	3
208	TCA	18221
208	TCG	20
208	CCA	10
208	ACA	3
209	AAT	9174
209	AAG	8916
209	AAC	104
209	AAA	21
209	GAT	20
209	AGG	5
209	AGT	4
209	ACG	4
209	ACT	3
209	GAG	2
210	CCC	9151
210	CCT	9096
210	CCA	6
210	CCG	2
211	CAA	9157
211	CAG	9097
212	AAG	17286
212	AGG	566
212	AAA	392
212	GAG	4
212	AAR	3
212	AGA	2
213	TTC	18226
213	TTT	28
214	ACC	18072
214	ACT	138
214	ACA	41
214	GCC	3
215	TCA	17905
215	TCG	195
215	TCT	146
215	TCC	5
215	TCR	4
216	TCT	18146
216	TCA	53
216	TCC	31
216	TTT	11
216	TAT	8
216	TCG	4
216	TTC	2
217	GCC	10828
217	GCT	7373
217	TCC	26
217	GTT	7
217	GCA	6
217	TCT	4
217	GCG	3
217	GCM	2
217	RCC	2
218	AAT	9148
218	AAC	9032
218	GAT	35
218	AGC	17
218	AGT	9
218	GAC	5
218	AAY	3
218	AAA	2
218	ART	2
219	GGA	18156
219	GGG	82
219	GGT	16
220	GTG	13814
220	GTA	4255
220	ATA	130
220	ATG	31
220	GCG	11
220	GTT	4
220	GTC	3
220	GTR	2
220	RTG	2
220	GCA	2
221	ACC	18144
221	ACA	54
221	ATC	31
221	ACT	15
221	GCC	9
222	ACA	18088
222	ACT	84
222	ACG	53
222	GCA	16
222	ATA	6
222	AAA	6
223	CAT	18121
223	CAC	123
223	AAT	6
223	TAT	3
224	TAT	9285
224	TAC	8954
224	CAC	7
224	TTC	5
224	TAY	2
224	CAT	2
225	GTT	18125
225	ATT	78
225	GTC	43
225	RTT	5
225	GCT	4
226	TCT	9148
226	TCA	9093
226	TCG	10
226	TCC	3
227	CAG	18143
227	CAA	111
228	ATT	18211
228	ATC	21
228	GTT	15
228	ATA	7
229	GGT	9171
229	GGC	9022
229	GGG	24
229	GGA	20
229	AGC	8
229	GAT	4
229	GAC	2
230	GGC	9730
230	GAC	7804
230	AAC	514
230	AGC	122
230	GGT	45
230	GGA	24
230	GAT	10
230	GRC	2
230	GGG	2
231	TTC	18184
231	TTT	70
232	CCA	17822
232	CCG	420
232	CCC	6
232	CCT	6
233	AAT	9414
233	GAT	8464
233	AAC	123
233	GAC	111
233	AGT	48
233	GCT	44
233	AAA	27
233	GAA	7
233	GGT	5
233	GTT	3
233	AAG	2
233	AAY	2
233	ACT	2
234	CAA	18247
234	CAG	8
235	ACA	17916
235	AAA	250
235	AGA	43
235	GCA	19
235	ATA	11
235	ACG	10
235	AAG	2
235	AYA	2
236	GAA	18197
236	GAG	56
236	GAR	2
237	GAC	17641
237	GAT	611
237	GAY	2
238	GGA	18006
238	GGG	226
238	GAA	11
238	GGT	4
238	RGA	3
238	GGR	2
239	GGA	17195
239	GGG	1050
239	AGA	4
239	RGA	2
240	CTA	18128
240	TTA	69
240	CTG	51
240	YTA	4
241	CCA	18204
241	CCG	15
241	CCC	12
241	CAA	9
241	AAA	7
241	TCA	3
241	CTA	2
242	CAA	18241
242	CAG	13
243	AGC	9149
243	AGT	9106
244	GGC	15146
244	GGT	3101
244	GGA	8
245	AGA	18122
245	AGG	131
246	ATT	18231
246	CTT	7
246	ATC	6
246	GTT	6
246	ATA	4
247	GTT	17156
247	GTC	750
247	GTA	331
247	ATT	15
247	RTT	2
248	GTT	18111
248	GTC	81
248	ATT	57
248	GTG	4
249	GAT	18223
249	GAC	32
250	TAC	18211
250	TAT	44
251	ATG	18234
251	ATA	17
251	ATR	3
252	GTG	15760
252	ATG	2222
252	GTA	122
252	ATT	79
252	ATA	43
252	GTT	13
252	AAG	6
252	TTG	5
252	RTG	2
253	CAA	16396
253	CAG	1842
253	CAT	15
254	AAA	18187
254	AAG	22
254	AGA	21
254	AAC	11
254	AGC	11
255	CCT	9116
255	TCT	9092
255	CCC	11
255	ACT	7
255	TCC	6
255	TTT	5
255	CCA	4
255	TCA	4
255	CAT	2
255	TCG	2
256	GGG	10730
256	GGA	7295
256	GGT	83
256	GAG	56
256	AGG	37
256	GAA	25
256	AGA	23
256	GRG	2
256	RGG	2
257	AAA	18154
257	AGA	75
257	AAG	24
258	ACA	18203
258	GCA	27
258	CCA	14
258	ACG	4
258	ACT	3
258	ACC	2
259	GGA	18205
259	GGG	49
260	ACA	18238
260	ACG	5
260	ATA	5
260	GCA	4
260	ACT	2
261	ATT	18207
261	ATC	30
261	CTT	14
261	ATY	2
262	GTC	9130
262	ACC	9082
262	ACT	18
262	GCC	7
262	GTT	7
262	ATC	5
262	GTY	3
262	GTA	2
263	TAT	17999
263	TAC	255
264	CAA	18197
264	CAG	58
265	AGA	10669
265	AGG	7576
265	CGA	7
266	GGT	18020
266	GGC	184
266	GGG	50
267	ATT	9160
267	GTT	9062
267	ATC	18
267	GTC	12
268	TTA	9143
268	TTG	8951
268	CTA	81
268	CTG	79
269	TTG	18042
269	TTA	111
269	CTG	56
269	TTT	40
269	CTA	2
269	YTG	2
269	TTR	2
270	CCT	18227
270	CCC	24
270	CCA	4
271	CAA	18214
271	CAG	40
272	AAG	17804
272	AAA	412
272	AGG	37
273	GTG	18147
273	GTA	84
273	GTT	20
273	GTR	2
274	TGG	18255
275	TGC	18112
275	TGT	138
275	TGY	4
276	GCA	9262
276	GCG	8907
276	ACA	31
276	GTG	20
276	GCT	17
276	GTA	7
276	ACG	4
276	RCA	2
276	GCR	2
277	AGT	18136
277	AGC	65
277	AAT	22
277	ACT	13
277	AGG	10
277	ART	3
277	GGT	2
277	CGT	2
278	GGC	18196
278	GGT	53
278	GGA	2
278	GGY	2
279	AGG	16583
279	CGG	1395
279	AGA	136
279	AAG	120
279	CGA	13
279	ARG	2
279	AAA	2
280	AGC	18225
280	AGT	26
280	AGY	2
281	AAA	9310
281	AAG	8923
281	AGG	13
281	AAT	5
282	GTA	18137
282	GTG	108
282	GTT	6
282	RTA	2
283	ATA	18249
283	ATT	2
284	AAA	18145
284	AAG	104
284	AGA	5
285	GGA	9143
285	GGG	9105
285	GGT	3
285	GGR	2
286	TCC	9903
286	TCA	8277
286	GCA	25
286	TTC	14
286	TCT	12
286	ACA	5
286	GCC	5
286	TAC	4
286	TCG	3
286	TCM	3
287	TTG	18123
287	TTA	112
287	CTG	17
288	CCT	16160
288	CCC	2093
289	TTA	18180
289	TTG	63
289	CTA	9
290	ATT	18234
290	ATC	10
290	GTT	8
291	GGT	9131
291	GGA	9085
291	GGC	23
291	GGG	14
292	GAA	18238
292	GAG	16
293	GCA	18215
293	GCG	13
293	GCT	13
293	GCC	12
294	GAT	18212
294	GAC	41
295	TGC	18195
295	TGT	59
296	CTT	9126
296	CTC	9122
296	CTA	3
296	ATC	2
297	CAT	16165
297	CAC	2089
298	GAA	18146
298	GAG	108
299	AAA	10410
299	GAA	7792
299	GAG	31
299	AAG	15
299	AGA	5
300	TAC	16708
300	TAT	1545
301	GGT	18239
301	GGC	14
302	GGA	18042
302	GGG	207
302	GCA	2
302	GGT	2
303	TTA	17426
303	TTG	743
303	CTA	75
303	ATA	4
303	TTT	2
304	AAC	18206
304	AAT	48
305	AAA	18231
305	AAG	21
305	AGA	2
306	AGC	18157
306	AGT	92
306	ACC	4
307	AAG	18179
307	AAA	54
307	AGG	20
308	CCT	18136
308	CCC	113
308	CCG	5
309	TAC	18203
309	TAT	51
310	TAC	18219
310	TAT	32
310	TAY	3
311	ACA	18214
311	ACG	34
311	ACT	3
311	ACC	2
312	GGA	9161
312	GGG	9086
312	GGR	4
312	GGT	3
313	GAA	10411
313	AAA	7813
313	GAG	17
313	AAG	8
313	AGA	3
314	CAT	18226
314	CAC	18
314	AAT	3
314	TAT	3
314	CTT	2
315	GCA	18230
315	GCG	22
316	AAA	9185
316	AAG	9069
317	GCC	18074
317	GCT	141
317	GCA	27
317	ACC	7
317	GTC	2
317	RCC	2
318	ATA	18165
318	GTA	75
318	ATC	6
318	GTG	4
318	ATT	3
319	GGA	18130
319	GGG	110
319	GGC	8
319	GGT	3
319	GGR	2
320	AAT	18089
320	AAC	153
320	GAT	9
320	AGT	2
321	TGC	18226
321	TGT	25
321	TGY	2
322	CCA	18223
322	CCG	29
323	ATA	18244
323	ACA	3
323	ATC	2
324	TGG	18253
325	GTG	9968
325	GTA	8283
326	AAA	17893
326	AAG	337
326	AGA	19
327	ACA	18216
327	ACG	20
327	ACC	8
327	GCA	4
327	AAA	3
328	CCT	9229
328	CCC	9002
328	TCT	8
328	CCA	7
328	TCC	2
329	TTG	18162
329	TTA	54
329	CTG	29
329	TTR	4
329	YTG	2
330	AAG	18064
330	AAA	153
330	AAT	12
330	ACG	7
330	GAG	6
330	AAR	6
330	AGG	3
331	CTT	9133
331	CTG	9067
331	TTG	25
331	CTA	17
331	CTC	8
332	GCC	17071
332	GCT	1161
332	GCA	15
332	GTC	4
333	AAT	18229
333	AAC	23
334	GGA	18061
334	GGG	189
335	ACC	18213
335	ACT	34
335	ACA	4
336	AAA	18226
336	AAG	26
337	TAT	18080
337	TAC	169
337	TAY	3
338	AGA	18226
338	AGG	19
338	ARA	2
338	AAA	2
338	AGR	2
339	CCT	16354
339	CCC	1877
339	CCG	10
339	GCT	6
339	TCT	2
339	CCY	2
340	CCT	18182
340	CCC	46
340	CCG	13
340	CCA	6
340	SCT	2
341	GCA	18182
341	GCG	35
341	GCC	13
341	ACA	6
341	GCT	5
341	RCA	4
341	GTA	4
342	AAA	18098
342	AAG	142
342	AGA	8
342	AAR	2
343	CTA	18094
343	CTG	99
343	TTA	55
343	ATA	2
344	TTA	10143
344	TTG	7871
344	CTA	202
344	CTG	30
344	YTA	2
344	TTR	2
345	AAG	16291
345	AAA	1906
345	AGG	50
345	AAR	2
345	CAG	2
346	GAA	18225
346	GAG	22
346	GGA	3
346	GAR	2
347	AGG	16051
347	AGA	2172
347	AAG	23
347	AAA	3
347	ARG	2
348	GGT	18030
348	GGC	44
348	GGG	11
349	TTC	18045
349	TTT	31
349	CTC	3
350	TTC	17891
350	TTT	183
350	TTY	2
351	GGA	17521
351	GGG	379
351	GGT	168
352	GCT	15947
352	GCC	2116
353	ATT	18008
353	ATC	25
353	ATA	23
353	TTG	3
353	ATY	2
354	GCT	17952
354	GCC	102
354	GCA	2
354	GCG	2
355	GGT	17774
355	GGC	273
355	GGG	8
355	GGA	3
356	TTC	18020
356	TTT	19
356	ATC	8
356	GTC	2
357	CTA	8975
357	TTA	8951
357	TTG	100
357	CTG	7
357	CAC	4
357	ATA	3
357	MTA	2
358	GAA	10899
358	GAG	7137
358	AAA	4
358	GAR	4
359	GGA	17976
359	GGG	56
359	GGT	6
360	GGA	17992
360	GGG	38
360	GGT	8
360	GGC	2
361	TGG	18040
362	GAA	17887
362	GAG	151
362	GAR	2
363	GGA	17947
363	GGG	91
363	GGT	2
364	ATG	18040
365	ATT	17991
365	GTT	31
365	ATC	16
366	GCA	18009
366	GCG	8
366	GCT	7
366	ACA	4
366	GAA	3
366	GCC	3
366	RCA	3
366	GYA	2
367	GGT	17886
367	GGC	154
368	TGG	18040
369	CAC	17966
369	CAT	73
370	GGA	17919
370	GGG	119
371	TAC	18002
371	TAT	36
371	TAY	2
372	ACA	17712
372	ACG	321
372	ATA	4
372	ACT	2
373	TCT	9079
373	TCC	8960
374	CAT	9024
374	CAC	9003
374	CGT	3
374	CAY	3
375	GGA	9084
375	GGG	8949
375	GGT	5
376	GCA	18012
376	GCG	15
376	GCT	5
376	ACA	4
377	CAT	17923
377	CAC	117
378	GGA	17996
378	GGG	43
379	GTG	9055
379	GTA	8895
379	ATA	67
379	GTT	10
379	CTA	7
379	TTG	3
379	GTR	2
380	GCA	9098
380	GCG	8794
380	GCT	146
381	GTG	16767
381	GTA	687
381	GTT	577
381	ATA	3
381	ATT	2
381	RTG	2
382	GCA	9212
382	GCG	8212
382	GCT	613
382	GCR	2
383	GCA	10217
383	GCT	7708
383	GCG	106
383	GCC	6
383	GCY	2
384	GAC	17912
384	GAT	126
384	GAY	2
385	CTT	17989
385	CTC	39
385	CTA	5
385	CTG	2
385	CTY	2
385	CWT	2
386	AAG	14279
386	AAA	3751
386	AGG	4
387	AGC	9527
387	AGT	8510
388	ACT	8965
388	ACA	8866
388	ACG	179
388	ACC	28
389	CAA	17985
389	CAG	55
390	GAA	9125
390	GAG	8910
390	AAA	2
391	GCC	10108
391	GCT	7860
391	GCA	69
391	GCY	2
392	ATA	18022
392	GTA	17
393	AAC	13434
393	AAT	4561
393	GAC	35
393	ACC	5
393	GAT	2
394	AAG	17944
394	AAA	87
394	AGG	4
394	AAR	2
394	ATG	2
395	ATA	18031
395	ATC	4
395	ATT	3
396	ACA	18018
396	ACG	14
396	ACC	5
397	AAA	17978
397	AAG	33
397	CAA	19
397	GAA	7
397	AGA	3
398	AAT	18015
398	AAC	24
399	CTC	17957
399	CTT	46
399	CTA	36
400	AAC	9593
400	AAT	8447
401	TCT	17965
401	TCG	33
401	TCC	26
401	TTT	8
401	TCA	3
401	TAT	2
401	GCT	2
402	TTG	17885
402	CTG	98
402	TTA	55
402	TTR	2
403	AGT	18024
403	AGC	15
404	GAG	10187
404	GAA	7847
404	GAT	4
404	GAR	2
405	CTA	9051
405	CTG	8949
405	TTA	14
405	TTG	10
405	ATA	6
405	ATG	6
405	CTR	3
406	GAA	18020
406	GAG	19
407	GTA	17986
407	GTG	24
407	ATA	24
407	GTT	3
407	GYA	2
408	AAG	17844
408	AAA	185
408	AGG	4
408	GAG	4
409	AAT	9729
409	AAC	8310
410	CTT	17983
410	CTC	54
411	CAA	17930
411	CAG	105
411	CAR	2
412	AGA	17536
412	AGG	501
412	AAA	2
413	CTA	17991
413	TTA	28
413	CTG	13
413	CTC	4
414	AGT	9144
414	AGC	8892
414	ART	2
415	GGT	17913
415	GGW	54
415	GGC	42
415	AGT	16
415	GGA	10
415	GGG	3
416	GCC	17957
416	GCT	49
416	GCA	33
417	ATG	18022
417	ATA	10
417	ATT	3
417	GTG	2
417	TTG	2
418	GAT	18002
418	AAT	22
418	GGT	8
418	GAC	6
418	RAT	2
419	GAA	18011
419	GAG	28
420	CTC	17988
420	CTT	30
420	CTA	14
420	ATC	5
420	TTC	2
421	CAC	17928
421	CAT	108
421	CAY	2
422	AAC	17330
422	AAT	591
422	AGC	83
422	GAC	19
422	AAA	6
422	ACC	5
422	CAC	3
422	TAC	2
423	GAA	18016
423	GAG	19
423	AAA	3
423	GAR	2
424	ATA	18015
424	ATC	12
424	GTA	6
424	TTA	6
425	CTA	8987
425	CTC	5380
425	CTT	3631
425	CTG	13
425	ATT	9
425	TTA	7
425	ATC	5
425	ATA	5
425	TTC	2
426	GAA	9052
426	GAG	8987
427	CTG	8918
427	CTA	8835
427	TTA	272
427	TTG	9
427	CTT	3
427	CTR	2
428	GAT	17329
428	GAC	710
429	GAG	10190
429	GAA	7845
429	GGG	3
430	AAA	17903
430	AAG	135
430	AAR	2
431	GTG	17987
431	GTA	48
431	ATG	2
431	GTT	2
432	GAT	18018
432	GAC	19
432	RAT	2
433	GAT	12898
433	GAC	5142
434	CTC	17995
434	CTT	28
434	CTA	15
435	AGA	18009
435	AGG	27
435	ARA	3
436	GCT	17826
436	GCA	206
436	GCC	5
436	GCG	2
437	GAC	9713
437	GAT	8325
437	GAY	2
438	ACA	9010
438	ACT	7632
438	ACC	1392
438	ACG	3
438	ATA	2
439	ATA	18024
439	ATC	4
439	ATG	4
439	GTA	3
439	ATT	3
440	AGC	17515
440	AGT	524
441	TCA	17911
441	TCG	120
441	TCC	9
442	CAA	18020
442	CAG	20
443	ATA	18036
443	ATT	3
444	GAA	17906
444	GAG	133
445	CTT	9078
445	CTC	8920
445	CTA	32
445	ATC	5
445	MTT	3
446	GCA	17957
446	GCT	64
446	GCG	9
446	GCC	4
446	GAA	2
447	GTC	17839
447	GTT	105
447	GTA	90
447	GTG	3
447	GTY	2
448	TTG	9073
448	CTG	8878
448	CTA	50
448	TTA	18
448	CTT	12
448	CTR	3
448	YTG	3
448	GTG	2
449	CTT	17993
449	CTC	43
449	CTG	3
450	TCC	17855
450	TCT	177
450	TCA	8
451	AAT	9135
451	AAC	8904
452	GAA	17900
452	GAG	140
453	GGA	17982
453	GGG	50
453	GGT	4
453	AGA	2
454	ATA	18025
454	ATC	15
455	ATA	18035
455	ATT	4
456	AAC	17974
456	AAT	60
456	AAA	5
457	AGT	16786
457	AGC	1250
457	AAT	3
458	GAA	17909
458	GAG	128
458	GAR	2
459	GAT	14373
459	GAC	3655
459	RAC	4
459	RAT	3
459	GAM	2
460	GAG	9399
460	GAA	8639
461	CAT	17696
461	CAC	343
462	CTA	8969
462	CTC	8968
462	TTA	49
462	CTT	29
462	CTG	21
463	TTG	17781
463	TTA	231
463	CTG	23
463	YTG	2
464	GCA	9069
464	GCG	8864
464	GCT	100
464	RCA	2
464	GCC	2
465	CTT	17989
465	CTC	39
465	CTA	7
465	CTG	4
466	GAA	9125
466	GAG	8914
467	AGA	17954
467	AGG	38
467	AAA	37
467	CGA	7
468	AAA	9147
468	AAG	8891
468	AGG	2
469	CTA	8989
469	CTG	8981
469	TTG	36
469	TTA	23
469	CTT	5
469	CTR	4
470	AAG	18029
470	AAA	8
471	AAA	17950
471	AAG	84
471	AGA	3
471	ARA	2
472	ATG	18033
472	ATA	5
472	TTG	2
473	CTG	17869
473	CTA	122
473	TTG	36
473	CTT	8
473	CTR	2
474	GGC	9297
474	GGT	8738
474	GGG	2
475	CCC	17845
475	CCT	186
475	CCA	3
475	CCY	3
476	TCT	18020
476	TCC	14
476	TCA	5
477	GCT	18011
477	GCC	15
477	GCA	9
477	GCY	2
477	GCG	2
478	GTA	17875
478	GTG	120
478	ATA	39
478	GTT	3
479	GAG	9047
479	GAC	8917
479	GAA	48
479	GAT	26
480	ATA	18023
480	GTA	9
480	ATT	5
480	ATG	2
481	GGA	9045
481	GGG	8992
481	GGT	2
482	AAT	10208
482	AAC	7830
483	GGA	17969
483	GGG	71
484	TGC	17980
484	TGT	59
485	TTT	9088
485	TTC	8952
486	GAA	18007
486	GAG	30
487	ACC	18012
487	ACT	17
487	ACA	10
488	AAA	18014
488	AAG	15
488	AGA	9
489	CAC	17983
489	CAT	57
490	AAA	9012
490	AAG	9008
490	CAA	6
490	AGG	5
490	AGA	4
491	TGC	17983
491	TGT	57
492	AAC	18010
492	AAT	28
493	CAG	17926
493	CAA	113
494	ACC	17882
494	ACT	150
494	ACA	3
494	GCC	2
495	TGC	9098
495	TGT	8941
496	TTA	8990
496	CTC	7424
496	CTT	1565
496	TTG	34
496	CTA	22
496	ATC	2
497	GAC	17994
497	GAT	33
497	AAC	9
497	RAC	4
498	AGG	8969
498	AGA	7524
498	AAA	1505
498	AAG	41
499	ATA	18011
499	ATT	27
499	ATC	2
500	GCT	18014
500	GCC	13
500	GCA	12
501	GCT	17977
501	GCC	46
501	GCA	10
501	ACT	3
501	GCG	2
502	GGT	9046
502	GGC	8944
502	GGA	45
502	GGY	2
503	ACC	17949
503	ACT	77
503	ACA	6
503	ACY	6
504	TTT	17808
504	TTC	231
505	AAT	8981
505	GAT	8940
505	GAC	73
505	AAC	25
505	AGT	17
505	RAT	2
506	GCA	17991
506	GCT	20
506	GTA	14
506	GCG	13
507	GGA	17948
507	GGG	61
507	AGA	19
507	GAA	9
507	RGA	3
508	GAA	17754
508	GAG	278
508	GAT	7
509	TTT	17994
509	TTC	33
509	TAT	11
509	CTT	2
510	TCT	17946
510	TCC	78
510	TTT	15
511	CTC	17960
511	CTT	70
511	CTA	8
511	NTC	2
512	CCC	17518
512	CCT	514
512	CCA	6
513	ACT	9634
513	ACC	8396
513	ACA	4
513	ACY	3
513	ACG	2
514	TTT	18037
514	TTC	2
515	GAT	13195
515	GAC	4839
515	AAT	2
516	TCA	18017
516	TCG	16
516	ACA	4
516	TCC	2
517	CTG	8998
517	TTG	8840
517	CTA	100
517	TTA	58
517	CTT	32
517	TTR	2
517	YTG	2
517	ATG	2
518	AAC	9039
518	AAT	8996
518	AAY	5
519	ATT	17878
519	ATC	153
519	GTT	8
520	ACT	17998
520	ACC	27
520	TCT	6
520	AMT	2
520	ACA	2
520	ACG	2
521	GCT	18017
521	GCC	16
521	RCT	3
521	GCA	3
522	GCA	17992
522	GCG	39
522	GCT	5
523	TCT	17970
523	TCC	35
523	TCA	12
523	TCG	10
523	TAT	4
523	CCT	4
523	TCY	2
523	GCT	2
524	TTA	17934
524	CTA	53
524	TTG	47
524	TCA	5
525	AAT	17936
525	GAT	50
525	AAC	22
525	AGT	17
525	AAY	6
525	ACT	3
526	GAT	9124
526	GAC	8705
526	GAA	114
526	AAC	34
526	GGC	24
526	AAT	14
526	GGT	12
526	GAG	4
526	GTC	3
526	GAY	2
526	RAC	2
527	GAT	16163
527	GAC	1842
527	AAT	23
527	TAT	3
527	GAA	2
527	GGT	2
527	GAY	2
528	GGA	17884
528	GGG	110
528	GAA	33
528	GGT	5
528	AGA	2
528	GTA	2
528	GRA	2
529	TTG	17797
529	TTA	125
529	CTG	112
529	TTR	4
530	GAT	15762
530	GAC	2266
530	AAT	6
530	GGT	2
531	AAT	9017
531	AAC	8969
531	GAC	18
531	GAT	11
531	RAT	7
531	AGC	6
531	AAY	4
531	AGT	3
531	RAC	2
532	CAT	17841
532	CAC	183
532	AAT	7
532	CAY	5
532	CTT	2
533	ACT	17738
533	ACC	248
533	ATT	41
533	GCT	6
533	AYT	3
533	RCT	2
534	ATA	18022
534	GTA	12
534	ATC	5
535	CTG	17922
535	TTG	47
535	CTA	47
535	CTT	18
535	ATG	3
535	YTG	2
536	CTC	9057
536	CTT	8972
536	CTA	8
536	CTY	2
537	TAC	9188
537	TAT	8849
537	TAY	2
538	TAC	17954
538	TAT	83
538	TAY	2
539	TCA	18034
539	TCG	4
540	ACT	18002
540	ACC	20
540	GCT	10
540	ACA	4
540	ACY	2
541	GCT	17976
541	GCC	45
541	GTT	12
541	GCA	4
541	ACT	2
542	GCT	9046
542	GCC	8937
542	GCA	47
542	GTC	5
542	GCY	2
542	GCG	2
543	TCT	9029
543	TCC	9004
543	TCA	4
543	TCY	3
544	AGT	17974
544	AGC	64
545	TTG	17956
545	CTG	46
545	TTA	37
546	GCT	17988
546	GCC	27
546	GCA	15
546	GCG	5
546	RCT	2
547	GTA	17931
547	GTG	88
547	ATA	15
547	RTA	3
548	ACA	17931
548	GCA	54
548	ACG	41
548	ATA	8
548	ACT	5
549	CTG	8291
549	TTA	8289
549	TTG	1150
549	CTA	303
549	YTG	4
549	CTR	3
550	ATG	18039
551	ATA	9030
551	CTA	8961
551	TTA	16
551	CTG	14
551	GTA	6
551	ATG	5
551	ATR	3
551	MTA	2
552	GCT	17865
552	GCC	171
552	GCA	3
553	ATT	9016
553	ATC	8969
553	CTT	21
553	GTC	19
553	GTT	5
553	ATA	3
553	ATY	2
553	WTT	2
554	TTT	18005
554	TTC	24
554	CTT	6
554	TGT	4
555	ATT	9074
555	GTT	8942
555	ATC	7
555	GTC	5
555	GCT	3
555	GTA	3
555	RTT	2
555	GTW	2
556	GTT	17945
556	GTG	78
556	GTC	11
556	ATT	6
557	TAT	17983
557	TAC	56
558	ATG	18020
558	ACG	8
558	GTG	4
558	ATA	3
558	RTG	2
559	GTC	17852
559	ATC	142
559	GTA	18
559	GTT	18
559	RTC	5
559	GYC	2
559	GCC	2
560	TCC	17989
560	TCT	37
560	TCA	6
560	TCY	3
560	TAC	3
561	AGA	17979
561	AAA	19
561	AGG	12
561	ARA	2
562	GAC	17981
562	GAT	15
562	AAC	7
562	GGC	4
562	GAA	2
562	RAC	2
563	AAT	9378
563	AAC	8613
563	AGT	8
563	AAY	4
563	CAC	3
563	AGC	2
564	GTT	17936
564	ATT	50
564	GTC	15
564	GTG	8
564	RTT	2
565	TCT	9005
565	TCA	8852
565	TCG	103
565	TCC	46
565	TCR	2
566	TGC	17957
566	TGT	55
567	TCC	17954
567	TCT	42
567	TCA	13
567	TCY	2
568	ATC	11095
568	ATT	6883
568	ATA	28
568	GTC	3
569	TGT	17950
569	TGC	62
570	CTA	17921
570	CTG	89
571	TAA	17757
571	TAG	236
571	TGA	16
571	TAR	2

#BRISBANE60|HA-signal
1	ATG	18036
2	AAG	17937
2	AAA	69
2	GAG	19
2	AAT	5
2	RAG	2
2	AGG	2
3	GCA	17938
3	ACA	55
3	GCG	15
3	GAA	11
3	GTA	8
3	GCT	3
3	GCV	2
4	ATA	17997
4	GTA	21
4	ACA	8
4	CTA	4
4	ATG	4
5	ATT	18015
5	GTT	8
5	ACT	6
5	ATC	3
5	CTT	2
6	GTA	17999
6	ATA	14
6	GCA	14
6	KTA	3
6	GYA	2
6	GTG	2
7	CTA	18036
8	CTC	17889
8	CTA	135
8	CTT	11
9	ATG	18032
9	ATA	2
9	ACG	2
10	GTA	18010
10	GCA	14
10	ATA	6
10	TTA	2
10	RTA	2
11	GTA	17948
11	GCA	44
11	GTG	35
11	ATA	7
12	ACA	17797
12	ATG	170
12	ACG	50
12	GCA	14
12	RCA	2
13	TCC	17963
13	TCT	60
13	TCA	10
13	ACC	2
14	AAT	17203
14	AGT	517
14	GAT	255
14	AAC	41
14	AAA	12
14	AAG	2
14	AAK	2
14	ACT	2
15	GCA	18010
15	GCG	16
15	GCT	9

#BRISBANE60|HA1
1	GAT	14673
1	GAC	3685
2	CGA	18221
2	AGA	75
2	CGG	57
2	CGT	3
2	MGA	3
3	ATC	18291
3	ATT	40
3	GTC	17
3	ATA	9
3	RTC	2
4	TGC	18340
4	TGT	19
5	ACT	18305
5	ACC	34
5	ACA	16
5	ACY	2
6	GGG	17913
6	GGA	241
6	GGT	203
6	GGC	3
7	ATA	18343
7	GTA	13
7	ATC	2
8	ACA	18331
8	ACG	21
8	GCA	5
8	ACT	3
9	TCG	9150
9	TCT	9068
9	TCA	91
9	TCC	47
10	TCA	18340
10	TCG	14
10	GCA	4
11	AAC	18191
11	AAT	114
11	AGC	33
11	AAA	15
11	GAC	6
12	TCA	18336
12	TCG	16
12	TCC	6
13	CCT	9133
13	CCA	9064
13	CCC	145
13	CCG	13
13	MCT	3
14	CAT	18265
14	CAC	90
14	TAT	4
15	GTG	9169
15	GTC	8319
15	GTT	436
15	ATC	267
15	GTA	152
15	TTG	4
15	GTR	3
15	GCC	3
15	ATT	2
15	ATG	2
16	GTC	18252
16	GTA	74
16	GTT	18
16	ATC	16
17	AAA	18343
17	AAG	11
17	AGA	2
17	AAC	2
18	ACA	9184
18	ACT	9150
18	ACG	17
18	ACC	9
19	GCT	18019
19	GCC	327
19	GTT	10
19	GCA	2
20	ACT	18168
20	ACC	95
20	ACA	95
20	ACG	2
21	CAA	18336
21	CAG	22
22	GGG	18015
22	GGA	342
22	GGT	2
23	GAG	18092
23	GAA	254
23	GAT	11
23	GAR	3
24	GTC	18280
24	GTT	42
24	GTA	18
24	ATC	13
24	RTC	5
24	GTY	2
25	AAT	16350
25	AAC	2009
26	GTG	18229
26	GTA	119
26	GTT	8
26	GTR	3
27	ACT	10434
27	ACC	7899
27	ACA	15
27	ACG	7
27	ACY	2
28	GGT	10188
28	GGC	8147
28	GGA	18
28	GGG	3
29	GTG	9282
29	GTA	8941
29	GCG	112
29	GCA	11
29	GTR	5
29	GTT	4
29	ATA	3
30	ATA	18358
31	CCA	18300
31	TCA	25
31	CAA	18
31	CCG	11
32	CTG	17212
32	CTA	694
32	CTT	275
32	TTG	174
32	YTG	2
33	ACA	18337
33	ACG	15
33	ACT	4
33	TCA	2
33	AMA	2
34	ACA	18281
34	ATA	32
34	GCA	27
34	ACG	14
34	ACT	3
35	ACA	18287
35	ACG	28
35	GCA	19
35	ACC	13
35	ACT	9
35	ATA	2
36	CCA	9186
36	CCC	9132
36	CCT	21
36	CCG	13
36	CTC	5
37	ACA	9109
37	ACC	9076
37	ATC	60
37	GCA	43
37	ACG	41
37	ACT	19
37	GCC	4
37	ATA	3
38	AAA	18269
38	AAG	66
38	AGA	23
39	TCT	18328
39	TCC	30
40	CAT	9248
40	TAT	8998
40	TAC	86
40	CAC	27
41	TTT	18358
41	TTC	2
42	GCA	18338
42	GCG	9
42	TCA	8
42	GCT	3
42	RCA	2
43	AAT	18077
43	AAC	261
43	AGT	11
43	CAT	8
43	ACT	2
44	CTC	18310
44	CTT	32
44	CTA	14
44	ATC	2
45	AAA	18317
45	AAG	22
45	AGA	21
46	GGA	18302
46	GGG	56
47	ACA	18329
47	ATA	13
47	GCA	8
47	ACG	6
48	GAA	9052
48	AGG	8391
48	AAG	733
48	AAA	89
48	AGA	66
48	CAG	10
48	GAG	9
48	AGT	3
48	RAA	3
49	ACC	18317
49	ACA	26
49	ACT	17
50	AGA	10088
50	AGG	8270
51	GGG	18197
51	GGA	158
51	GGT	4
52	AAA	18297
52	AAC	35
52	AAG	11
52	GAA	8
52	AGA	7
53	CTA	18198
53	TTA	96
53	CTG	59
53	CTT	4
53	CTC	2
54	TGC	18224
54	TGT	135
55	CCA	10068
55	CCG	8270
55	CCT	19
56	AAA	9092
56	GAC	9061
56	ACC	76
56	GAT	36
56	AAC	23
56	AGA	18
56	GAA	16
56	AAG	11
56	CAA	10
56	GGC	4
56	ACA	3
56	GCT	3
56	AAR	2
57	TGC	9304
57	TGT	9056
58	CTC	17820
58	CCC	297
58	CTT	104
58	CTA	54
58	TTC	49
58	ATC	18
58	CAC	12
58	MTC	3
58	YTC	2
59	AAC	17780
59	AAT	570
59	GAC	7
59	AAY	2
60	TGC	9363
60	TGT	8995
60	TGY	2
61	ACA	18338
61	ACC	12
61	ACG	8
61	ACT	2
62	GAT	18323
62	GAC	37
63	CTG	18198
63	CTA	83
63	TTG	66
63	CTT	10
63	CTR	2
64	GAT	16400
64	GAC	1959
65	GTG	9573
65	GTA	8776
65	GTT	10
66	GCC	18115
66	GCT	192
66	GCA	47
66	GCY	2
66	ACC	2
66	GTC	2
67	TTG	18119
67	CTG	135
67	TTA	100
67	TTR	4
68	GGC	18245
68	GGT	103
68	AGC	6
68	GGA	6
69	AGA	9432
69	AGG	8855
69	CGA	29
69	AGT	15
69	ATG	14
69	AAA	4
69	AAG	3
69	GGG	3
69	AGR	2
69	ATA	2
70	CCA	18293
70	CCG	59
70	CCC	5
71	AAA	9120
71	ATG	9101
71	ACG	96
71	AAG	39
71	AGG	2
72	TGT	9295
72	TGC	9064
73	GTG	9094
73	ACA	7347
73	ACG	1701
73	ATG	67
73	ACT	64
73	GTA	33
73	TTG	17
73	GCA	10
73	ATA	9
73	GTT	8
73	AAG	3
73	GAG	3
73	GCG	2
74	GGG	17600
74	GGA	739
74	GAG	14
74	GGT	4
74	GGR	3
75	AAA	8593
75	ACC	8451
75	AAC	665
75	ACT	499
75	ATC	88
75	GAA	20
75	GCC	12
75	AAG	8
75	AAT	4
75	CCC	3
75	GTC	3
75	ACA	3
75	GAC	2
76	ACA	9165
76	ATA	9143
76	GTA	28
76	ACG	14
76	ACC	5
76	ACM	2
77	CCT	9231
77	CCC	9111
77	CCA	11
77	CCG	4
78	TCT	15682
78	TCG	2375
78	TCA	247
78	TCC	27
78	CCT	23
78	CCG	3
79	GCA	9308
79	GCT	8213
79	GCG	765
79	GCC	73
80	AAA	9208
80	AGG	7026
80	AGA	1993
80	AAG	54
80	GAA	39
80	GGG	17
80	ATA	5
80	ATG	5
80	AGR	3
80	ACA	3
80	GGA	3
81	GTT	9141
81	GCT	9110
81	GCC	92
81	GTC	7
81	ATT	4
82	TCA	18174
82	TCG	156
82	GCA	27
83	ATA	18347
83	GTA	7
83	ATC	4
84	CTC	17750
84	CTT	523
84	CTA	82
84	ATC	3
85	CAT	16890
85	CAC	1452
85	TAT	13
85	TAC	4
86	GAA	10495
86	GAG	7865
87	GTC	17793
87	GCC	357
87	ATC	99
87	GTA	90
87	GTT	15
87	GTG	2
87	RTC	2
88	AGA	18215
88	AAA	83
88	AGG	54
88	ARA	6
88	AGR	2
89	CCT	18346
89	CCC	14
90	GTT	17850
90	GTC	389
90	ATT	69
90	GCT	37
90	GTA	7
90	GTG	3
90	GYT	2
91	ACA	18288
91	ACG	50
91	ACC	14
91	ACT	5
91	ACR	2
92	TCT	9215
92	TCC	9074
92	TCA	59
92	TCG	8
92	TCY	2
93	GGG	18082
93	GGA	264
93	GGT	14
94	TGC	18185
94	TGT	174
95	TTT	17440
95	TTC	912
95	TWT	5
95	TAT	2
96	CCT	18278
96	CCC	78
96	CCA	3
97	ATA	18338
97	ATG	20
97	ATC	2
98	ATG	18357
98	ATA	3
99	CAC	18106
99	CAT	253
100	GAC	10519
100	GAT	7834
100	AAC	3
101	AGA	18304
101	AGG	43
101	CGA	10
102	ACA	18342
102	ACG	13
102	ACT	4
103	AAA	18315
103	AAG	44
104	ATC	9201
104	ATT	9122
104	GTT	28
104	ATA	8
105	AGA	13953
105	AGG	4401
105	AGR	4
106	CAG	9211
106	CAA	9144
106	CAR	2
107	CTA	9188
107	CTG	9147
107	TTA	13
107	TTG	11
108	CCT	8956
108	CCC	8802
108	GCC	576
108	CCG	13
108	GCT	5
108	CCA	3
108	TCT	2
108	CCY	2
109	AAT	9297
109	AAC	9058
109	AAY	5
110	CTT	18298
110	CTC	48
110	TTT	12
111	CTC	18314
111	CTT	35
111	CTA	9
112	AGA	10018
112	CGA	8312
112	AGG	15
112	CGG	11
112	AAA	2
113	GGA	18197
113	GGG	113
113	GGC	37
113	GGT	10
114	TAT	9183
114	TAC	9176
115	GAA	18340
115	GAG	20
116	CAT	9031
116	AAG	7621
116	AAT	1360
116	AAA	145
116	AGG	134
116	CAC	52
116	CGT	11
116	AAR	2
117	ATC	11386
117	GTC	6923
117	ATT	27
117	ATA	12
117	GTT	5
117	GTA	3
117	RTC	3
118	AGG	17836
118	AGA	488
118	AAG	19
118	AGR	6
118	AGT	3
118	ARG	3
118	GGG	2
119	TTA	18156
119	CTA	126
119	TTG	78
120	TCA	18293
120	ACA	53
120	TTA	7
120	TCG	5
121	ACT	9138
121	ACC	9097
121	TCC	34
121	GCC	17
121	ATC	16
121	AAC	16
121	GCT	16
121	AAT	12
121	ACA	4
121	ATT	4
121	ACY	2
122	CAA	8894
122	CAC	7685
122	CAT	1425
122	CAG	153
122	AAA	118
122	AAG	30
122	CTT	17
122	CGT	11
122	TAT	6
122	AAT	5
122	CGA	5
122	AAC	5
122	TAC	3
122	CGC	2
123	AAC	18101
123	AAT	206
123	ACC	15
123	AGC	12
123	AAA	9
123	GAC	9
123	ATC	3
124	GTT	18114
124	GTC	194
124	GCT	39
124	GTA	4
124	ATT	3
124	GYT	2
124	GCC	2
124	GTY	2
125	ATC	18200
125	ATT	116
125	GTC	29
125	ATA	14
126	GAT	9112
126	AAT	9102
126	AAC	91
126	GAC	22
126	AAA	9
126	AGT	9
126	AAG	5
126	RAT	4
126	GAA	2
126	GAY	2
127	GCA	18157
127	GCG	102
127	ACA	78
127	ATA	8
127	GTA	6
127	RCA	4
127	GCT	3
128	GAA	17658
128	AAA	680
128	GAG	16
128	RAA	3
128	GGA	2
129	AAA	8628
129	GAT	5876
129	AAT	1809
129	GGT	1349
129	AAG	591
129	GAC	30
129	AGT	27
129	ACT	20
129	ACG	12
129	GAA	5
129	RAT	3
129	GAG	3
129	AGA	2
129	GAW	2
129	TAT	2
130	GCA	18338
130	GCG	14
130	GCR	3
130	GCC	2
131	CCA	18171
131	CCT	135
131	CCG	35
131	CTA	13
131	TCA	5
132	GGA	18306
132	GGG	54
133	GGA	16457
133	AGA	1810
133	AGG	38
133	GGG	38
133	AAA	8
133	GGC	8
134	CCC	18294
134	CCT	31
134	CCA	13
134	CCG	9
134	CTC	9
135	TAC	18324
135	TAT	34
136	AGA	9135
136	AAA	7044
136	GAA	2063
136	AGG	61
136	AAG	23
136	GAG	11
136	RAA	6
136	ATA	6
136	ACA	4
136	GAC	2
137	CTT	9188
137	ATT	9148
137	GTT	14
137	CTC	3
137	ATC	3
138	GGA	18276
138	GGG	81
138	GGR	2
139	ACC	18213
139	ACT	127
139	ACA	11
139	AAC	5
140	TCA	18302
140	TCG	48
140	TCT	7
140	ACA	2
141	GGG	9186
141	GGA	9072
141	AGA	78
141	AGG	9
141	RGA	8
141	GGT	2
141	RGG	2
142	TCT	18320
142	TCC	39
143	TGC	18340
143	TGT	20
144	CCT	18155
144	CCC	188
144	CTT	9
144	TCT	2
144	CTC	2
144	CCA	2
145	AAC	17798
145	AAT	547
145	ACC	4
145	AAY	3
145	GAC	2
145	ARC	2
146	GCT	9123
146	ATT	7487
146	GTT	1588
146	ATC	73
146	ACT	50
146	TCT	12
146	GCC	12
146	GAT	4
146	AGT	4
146	GYT	2
147	ACC	18201
147	ACT	137
147	ACA	11
147	AAC	4
147	ACY	3
147	GCC	2
148	AAT	9140
148	AGT	9135
148	AGC	55
148	AAC	18
148	GGT	4
148	AAA	3
148	AGY	2
149	GGA	9114
149	AAA	9020
149	AAG	160
149	GGG	42
149	AGA	17
149	GAA	4
149	GGC	2
150	AAC	9046
150	ATT	4736
150	ATC	3426
150	AGC	874
150	AAA	78
150	GTC	62
150	GTT	48
150	AAT	32
150	AGT	20
150	AAM	11
150	ATA	9
150	ACT	6
150	AAY	3
150	ATG	2
150	TTC	2
150	CAC	2
151	GGA	18299
151	GGG	37
151	GGT	20
152	TTT	10423
152	TTC	7937
153	TTC	10493
153	TTT	7864
153	TTY	2
154	GCA	18135
154	GAA	70
154	ACA	61
154	GCT	38
154	TCA	25
154	GTA	11
154	GCC	5
154	GCG	4
154	KCA	4
154	RCA	3
154	GYA	2
155	ACA	18321
155	GCA	17
155	ACG	16
155	ACT	4
155	ACC	2
156	ATG	18358
157	GCT	18342
157	GCC	14
157	GCG	3
158	TGG	18359
159	GCT	9318
159	GCC	9013
159	ACT	8
159	GTC	6
159	ACC	5
159	GCA	4
159	GCG	3
160	GTC	13494
160	GTT	4859
160	GTA	3
160	GTG	2
161	CCA	16720
161	CCG	1626
161	CCT	6
161	CCR	3
161	CCC	2
162	AAA	5619
162	AAG	17
163	AAG	9103
163	AAC	5542
163	AGG	79
163	AAT	69
163	AGC	13
163	AAA	10
163	GAC	4
163	AAY	2
164	GAC	16045
164	GAT	92
164	GAA	29
164	AAC	27
164	GGC	12
164	AAG	3
164	GTC	2
164	TAC	2
164	RAC	2
165	AAC	9553
165	AAA	8699
165	AAT	78
165	AAG	8
165	AGC	8
165	AGA	4
165	GAC	3
165	ACA	2
166	AAC	10024
166	TAC	7840
166	TAT	473
166	CAC	8
166	AMC	3
166	AAT	3
167	AAA	18238
167	AGA	110
167	AAG	11
168	ACA	9229
168	AAT	9085
168	AAC	33
168	ACG	6
169	GCA	18294
169	GAA	49
169	ACA	13
169	GCG	3
170	ACA	9203
170	ACG	9143
170	ATA	5
170	ACT	3
170	ACR	3
170	ATG	2
171	AAT	9180
171	AAC	9103
171	GAT	54
171	AGT	14
171	AAY	2
171	GAC	2
172	CCA	17779
172	TCA	543
172	CCC	9
172	CTA	8
172	CCG	7
172	CAA	7
172	TCG	4
172	CYA	2
173	TTA	9253
173	CAA	7548
173	CTA	1444
173	TTG	65
173	CAG	38
173	CTG	7
173	ATA	2
174	ACA	18338
174	ACT	15
174	ACG	5
175	ATA	8856
175	GTG	7780
175	GTA	1686
175	ATG	16
175	TTG	15
175	GTT	3
176	GAA	18249
176	GAG	108
176	GRA	2
177	GTA	17768
177	ATA	350
177	GTG	240
178	CCA	18337
178	CCG	15
178	CAA	4
179	TAC	18207
179	CAC	93
179	TAT	49
179	AAC	5
179	TAY	3
179	YAC	2
180	ATT	14969
180	ATC	1810
180	GTT	1465
180	ACT	58
180	GTC	51
180	GTG	5
180	ATA	2
181	TGT	18247
181	TGC	110
181	TGY	2
182	ACA	17519
182	GCA	600
182	AAA	158
182	ACT	30
182	ACG	26
182	ATA	14
182	GTA	4
182	AAG	3
183	GAA	18158
183	AAA	128
183	GAG	39
183	GGA	22
183	RAA	5
183	GAT	3
183	GAR	2
184	GGA	9383
184	GGG	8751
184	GAA	165
184	GAG	35
184	AGA	8
184	GGT	8
184	AGG	6
185	GAA	18346
185	GAG	13
186	GAC	18320
186	GAT	39
187	CAA	18204
187	CAG	156
188	ATT	18153
188	ATC	202
188	GTT	2
188	ATA	2
189	ACT	9206
189	ACC	9053
189	ACA	65
189	GCT	28
189	GCC	5
190	GTT	18232
190	ATT	101
190	GTC	24
190	RTT	2
191	TGG	18360
192	GGG	18144
192	GGA	123
192	GGT	92
193	TTC	14674
193	TTT	3684
194	CAT	9921
194	CAC	8435
194	CAY	3
195	TCT	9153
195	TCG	7701
195	TCA	1416
195	TCC	89
196	GAT	10012
196	GAC	8348
197	AAC	16926
197	AAT	813
197	GAC	217
197	ARC	86
197	AGC	71
197	AAA	52
197	RAC	39
197	AAM	38
197	ACC	25
197	AMC	16
197	AWC	12
197	ATC	11
197	RRC	8
197	TAC	8
197	ASC	6
197	ART	6
197	AGT	5
197	CAC	5
197	ARM	3
197	AAW	3
197	RAM	2
198	AAA	9186
198	GAG	8469
198	GAA	627
198	AAG	56
198	GGG	12
198	AGA	5
198	GAR	2
198	ACA	2
199	ACC	17598
199	ATC	191
199	AYC	145
199	RCC	115
199	GCC	105
199	AAC	60
199	ACT	42
199	AMC	36
199	CCC	20
199	RYC	15
199	MCC	12
199	RMC	5
199	ACA	4
199	AGC	2
199	AWC	2
200	CAA	18242
200	CAG	95
200	CMA	8
200	CCA	5
200	CGA	3
200	MAA	2
200	AAA	2
201	ATG	18357
201	ACG	3
202	AAG	9053
202	GCA	8965
202	AAA	144
202	GCG	56
202	ACA	54
202	ATA	29
202	GTA	28
202	GAA	11
202	GCC	6
202	GCT	5
202	GGA	2
202	RAA	2
202	AGG	2
203	AAG	9029
203	AGC	7853
203	AAC	1303
203	AAA	108
203	AGT	21
203	AAT	9
203	ACC	9
203	ACG	7
203	AGG	6
203	ATA	5
203	AGM	3
203	AGA	3
203	ATC	3
204	CTC	18208
204	CTT	102
204	CTA	45
204	CTM	2
204	CTY	2
205	TAT	18343
205	TAC	17
206	GGA	9228
206	GGG	9128
206	GGT	3
207	GAC	18273
207	GAT	82
207	GAY	3
208	TCA	18326
208	TCG	20
208	CCA	10
208	ACA	3
209	AAT	9230
209	AAG	8964
209	AAC	105
209	AAA	21
209	GAT	20
209	AGG	5
209	ACG	4
209	AGT	4
209	ACT	3
209	GAG	2
210	CCC	9195
210	CCT	9157
210	CCA	6
210	CCG	2
211	CAA	9214
211	CAG	9145
212	AAG	17388
212	AGG	566
212	AAA	395
212	GAG	4
212	AAR	3
212	AGA	2
213	TTC	18331
213	TTT	28
214	ACC	18174
214	ACT	141
214	ACA	41
214	GCC	3
215	TCA	18006
215	TCG	199
215	TCT	146
215	TCC	5
215	TCR	4
216	TCT	18250
216	TCA	53
216	TCC	31
216	TTT	12
216	TAT	8
216	TCG	4
216	TTC	2
217	GCC	10876
217	GCT	7428
217	TCC	28
217	GTT	7
217	GCA	6
217	TCT	4
217	GCG	3
217	GCM	2
217	RCC	2
218	AAT	9205
218	AAC	9080
218	GAT	35
218	AGC	17
218	AGT	9
218	GAC	5
218	AAY	3
218	ART	2
218	AAA	2
219	GGA	18261
219	GGG	82
219	GGT	16
220	GTG	13862
220	GTA	4301
220	ATA	141
220	ATG	31
220	GCG	11
220	GTT	4
220	GTC	3
220	RTG	2
220	GCA	2
220	GTR	2
221	ACC	18248
221	ACA	54
221	ATC	31
221	ACT	16
221	GCC	9
222	ACA	18193
222	ACT	84
222	ACG	53
222	GCA	16
222	ATA	6
222	AAA	6
223	CAT	18226
223	CAC	123
223	AAT	6
223	TAT	3
224	TAT	9344
224	TAC	9000
224	CAC	7
224	TTC	5
224	TAY	2
224	CAT	2
225	GTT	18230
225	ATT	78
225	GTC	43
225	RTT	5
225	GCT	4
226	TCT	9205
226	TCA	9141
226	TCG	10
226	TCC	3
227	CAG	18248
227	CAA	111
228	ATT	18314
228	ATC	22
228	GTT	16
228	ATA	7
229	GGT	9220
229	GGC	9068
229	GGG	32
229	GGA	20
229	AGC	10
229	GAT	4
229	GAC	2
230	GGC	9832
230	GAC	7807
230	AAC	514
230	AGC	122
230	GGT	45
230	GGA	24
230	GAT	10
230	GRC	2
230	GGG	2
231	TTC	18288
231	TTT	71
232	CCA	17914
232	CCG	432
232	CCT	7
232	CCC	6
233	AAT	9461
233	GAT	8501
233	AAC	125
233	GAC	122
233	GCT	52
233	AGT	48
233	AAA	27
233	GAA	7
233	GGT	5
233	GTT	3
233	ACT	2
233	AAG	2
233	AAY	2
234	CAA	18352
234	CAG	8
235	ACA	18020
235	AAA	250
235	AGA	43
235	GCA	19
235	ATA	11
235	ACG	11
235	AAG	2
235	AYA	2
236	GAA	18301
236	GAG	57
236	GAR	2
237	GAC	17745
237	GAT	612
237	GAY	2
238	GGA	18111
238	GGG	226
238	GAA	11
238	GGT	4
238	RGA	3
238	GGR	2
239	GGA	17286
239	GGG	1063
239	AGA	4
239	RGA	2
239	GGT	2
240	CTA	18232
240	TTA	69
240	CTG	52
240	YTA	4
241	CCA	18309
241	CCG	15
241	CCC	12
241	CAA	9
241	AAA	7
241	TCA	3
241	CTA	2
242	CAA	18346
242	CAG	13
243	AGC	9205
243	AGT	9155
244	GGC	15202
244	GGT	3150
244	GGA	8
245	AGA	18227
245	AGG	131
246	ATT	18336
246	CTT	7
246	GTT	6
246	ATC	6
246	ATA	4
247	GTT	17259
247	GTC	752
247	GTA	331
247	ATT	15
247	RTT	2
248	GTT	18216
248	GTC	81
248	ATT	57
248	GTG	4
249	GAT	18327
249	GAC	33
250	TAC	18316
250	TAT	44
251	ATG	18339
251	ATA	17
251	ATR	3
252	GTG	15852
252	ATG	2235
252	GTA	122
252	ATT	79
252	ATA	43
252	GTT	13
252	AAG	6
252	TTG	5
252	RTG	2
253	CAA	16501
253	CAG	1842
253	CAT	15
254	AAA	18292
254	AAG	22
254	AGA	21
254	AAC	11
254	AGC	11
255	CCT	9173
255	TCT	9140
255	CCC	11
255	ACT	7
255	TCC	6
255	TTT	5
255	CCA	4
255	TCA	4
255	TCG	2
255	CAT	2
256	GGG	10818
256	GGA	7304
256	GGT	83
256	GAG	56
256	AGG	45
256	GAA	25
256	AGA	23
256	GRG	2
256	RGG	2
257	AAA	18259
257	AGA	75
257	AAG	24
258	ACA	18308
258	GCA	27
258	CCA	14
258	ACG	4
258	ACT	3
258	ACC	2
259	GGA	18310
259	GGG	49
260	ACA	18342
260	ACG	6
260	ATA	5
260	GCA	4
260	ACT	2
261	ATT	18312
261	ATC	30
261	CTT	14
261	ATY	2
262	GTC	9187
262	ACC	9130
262	ACT	18
262	GTT	7
262	GCC	7
262	ATC	5
262	GTY	3
262	GTA	2
263	TAT	18104
263	TAC	255
264	CAA	18302
264	CAG	58
265	AGA	10774
265	AGG	7576
265	CGA	7
266	GGT	18114
266	GGC	184
266	GGG	61
267	ATT	9221
267	GTT	9106
267	ATC	18
267	GTC	12
268	TTA	9191
268	TTG	9008
268	CTA	81
268	CTG	79
269	TTG	18147
269	TTA	111
269	CTG	56
269	TTT	40
269	TTR	2
269	YTG	2
269	CTA	2
270	CCT	18332
270	CCC	24
270	CCA	4
271	CAA	18319
271	CAG	40
272	AAG	17862
272	AAA	458
272	AGG	37
272	AAR	2
273	GTG	18252
273	GTA	84
273	GTT	20
273	GTR	2
274	TGG	18360
275	TGC	18215
275	TGT	140
275	TGY	4
276	GCA	9310
276	GCG	8964
276	ACA	31
276	GTG	20
276	GCT	17
276	GTA	7
276	ACG	4
276	GCR	2
276	RCA	2
277	AGT	18240
277	AGC	65
277	AAT	23
277	ACT	13
277	AGG	10
277	ART	3
277	GGT	2
277	CGT	2
278	GGC	18301
278	GGT	53
278	GGA	2
278	GGY	2
279	AGG	16688
279	CGG	1395
279	AGA	136
279	AAG	120
279	CGA	13
279	ARG	2
279	AAA	2
280	AGC	18330
280	AGT	26
280	AGY	2
281	AAA	9366
281	AAG	8972
281	AGG	13
281	AAT	5
282	GTA	18241
282	GTG	108
282	GTT	6
282	ATA	2
282	RTA	2
283	ATA	18354
283	ATT	2
284	AAA	18250
284	AAG	104
284	AGA	5
285	GGA	9192
285	GGG	9161
285	GGT	3
285	GGR	2
286	TCC	10003
286	TCA	8278
286	GCA	25
286	TTC	17
286	TCT	12
286	GCC	6
286	ACA	5
286	TAC	4
286	TCG	3
286	TCM	3
287	TTG	18228
287	TTA	112
287	CTG	17
288	CCT	16258
288	CCC	2100
289	TTA	18285
289	TTG	63
289	CTA	9
290	ATT	18339
290	ATC	10
290	GTT	8
291	GGT	9188
291	GGA	9133
291	GGC	23
291	GGG	14
292	GAA	18343
292	GAG	16
293	GCA	18316
293	GCT	16
293	GCG	14
293	GCC	12
294	GAT	18317
294	GAC	41
295	TGC	18299
295	TGT	60
296	CTT	9183
296	CTC	9170
296	CTA	3
296	ATC	2
297	CAT	16209
297	CAC	2150
298	GAA	18251
298	GAG	108
299	AAA	10515
299	GAA	7792
299	GAG	31
299	AAG	15
299	AGA	5
300	TAC	16810
300	TAT	1548
301	GGT	18344
301	GGC	14
302	GGA	18141
302	GGG	213
302	GCA	2
302	GGT	2
303	TTA	17531
303	TTG	743
303	CTA	75
303	ATA	4
303	TTT	2
304	AAC	18310
304	AAT	49
305	AAA	18336
305	AAG	21
305	AGA	2
306	AGC	18262
306	AGT	92
306	ACC	4
307	AAG	18284
307	AAA	54
307	AGG	20
308	CCT	18240
308	CCC	113
308	CCG	6
309	TAC	18307
309	TAT	52
310	TAC	18321
310	TAT	35
310	TAY	3
311	ACA	18318
311	ACG	34
311	ACT	3
311	ACC	2
312	GGA	9217
312	GGG	9135
312	GGR	4
312	GGT	3
313	GAA	10516
313	AAA	7813
313	GAG	17
313	AAG	8
313	AGA	3
314	CAT	18331
314	CAC	18
314	AAT	3
314	TAT	3
314	CTT	2
315	GCA	18335
315	GCG	22
316	AAA	9245
316	AAG	9114
317	GCC	18179
317	GCT	141
317	GCA	27
317	ACC	7
317	RCC	2
317	GTC	2
318	ATA	18270
318	GTA	75
318	ATC	6
318	GTG	4
318	ATT	3
319	GGA	18225
319	GGG	120
319	GGC	8
319	GGT	3
319	GGR	2
320	AAT	18194
320	AAC	153
320	GAT	9
320	AGT	2
321	TGC	18331
321	TGT	25
321	TGY	2
322	CCA	18328
322	CCG	29
323	ATA	18349
323	ACA	3
323	ATC	2
324	TGG	18358
325	GTG	10072
325	GTA	8284
326	AAA	17995
326	AAG	340
326	AGA	19
327	ACA	18321
327	ACG	20
327	ACC	8
327	GCA	4
327	AAA	3
328	CCT	9286
328	CCC	9050
328	TCT	8
328	CCA	7
328	TCC	2
329	TTG	18267
329	TTA	54
329	CTG	29
329	TTR	4
329	YTG	2
330	AAG	18166
330	AAA	156
330	AAT	12
330	ACG	7
330	GAG	6
330	AAR	6
330	AGG	3
331	CTT	9190
331	CTG	9115
331	TTG	25
331	CTA	17
331	CTC	8
332	GCC	17175
332	GCT	1162
332	GCA	15
332	GTC	4
333	AAT	18334
333	AAC	23
334	GGA	18166
334	GGG	189
335	ACC	18317
335	ACT	35
335	ACA	4
336	AAA	18331
336	AAG	26
337	TAT	18183
337	TAC	171
337	TAY	3
338	AGA	18331
338	AGG	19
338	ARA	2
338	AAA	2
338	AGR	2
339	CCT	16459
339	CCC	1877
339	CCG	10
339	GCT	6
339	CCY	2
339	TCT	2
340	CCT	18283
340	CCC	46
340	CCG	17
340	CCA	6
340	SCT	2
341	GCA	18287
341	GCG	35
341	GCC	13
341	ACA	6
341	GCT	5
341	GTA	4
341	RCA	4
342	AAA	18203
342	AAG	142
342	AGA	8
342	AAR	2
343	CTA	18198
343	CTG	100
343	TTA	55
343	ATA	2
344	TTA	10246
344	TTG	7872
344	CTA	203
344	CTG	30
344	YTA	2
344	TTR	2
345	AAG	16394
345	AAA	1907
345	AGG	51
345	CAG	2
345	AAR	2
346	GAA	18330
346	GAG	22
346	GGA	3
346	GAR	2
347	AGG	16152
347	AGA	2176
347	AAG	23
347	AAA	3
347	ARG	2

#BRISBANE60|NEP
1	ATG	16520
2	GCG	16289
2	GCA	128
2	ACG	44
2	GCT	23
2	GAG	12
2	GTG	5
2	GCK	2
3	AAC	7841
3	AGC	27
3	GAG	13
3	GAC	10
3	AAT	8
3	ARC	3
3	AAA	2
4	GAC	8466
4	AAC	8010
4	AGC	19
4	AAT	10
4	GGC	4
4	AAA	3
4	GAT	3
5	AAC	8755
5	AAT	7752
5	AGT	6
5	GAC	4
5	AAY	2
6	ATG	16272
6	ATA	212
6	ACG	17
6	ATT	14
6	ACA	3
7	ACC	16495
7	ATC	12
7	ACA	8
7	ACT	4
8	ACA	16355
8	ACG	158
8	ATA	6
9	ACA	16466
9	GCA	37
9	AAA	8
9	ATA	7
10	CAA	16518
10	CAG	2
11	ATT	16499
11	ATC	17
11	ATY	3
12	GAG	16518
13	TGG	16520
14	AGG	16508
14	AAG	11
15	ATG	16514
15	ATA	5
16	AAG	16468
16	AAA	40
16	GAG	8
16	AAR	4
17	AAG	16439
17	AGG	76
17	GAG	3
17	ATG	2
18	ATG	16520
19	GCC	16415
19	GCT	78
19	GTC	20
19	GCA	3
19	GYC	2
20	ATC	16410
20	ATA	108
21	GGA	16500
21	GAA	13
21	GGG	4
22	TCC	16185
22	TCT	321
22	TTC	13
23	TCA	16512
23	TCG	7
24	ATT	8375
24	ACT	8141
25	CAC	16513
25	CGC	4
26	TCT	16416
26	TAT	98
26	TTT	4
26	TYT	2
27	TCG	16493
27	TCA	14
27	TTG	11
28	AGC	16184
28	AAC	193
28	ATC	131
28	GGC	9
29	GTC	16215
29	GCC	171
29	GTT	72
29	GTA	58
30	TTA	10053
30	TCA	6440
30	TTG	20
30	TCG	5
30	TYA	2
31	ATG	16492
31	ATA	11
31	GTG	9
31	ACG	7
32	AAG	16465
32	GAG	22
32	AAA	20
32	AGG	10
33	GAC	16482
33	GAT	26
33	GGC	4
33	GAA	3
33	AAC	3
34	ATT	16266
34	ATC	179
34	ATA	68
34	GTT	4
35	CAA	16518
36	AGC	16277
36	AGA	139
36	AAC	79
36	AGT	10
36	GGC	9
36	ARC	2
36	TGC	2
37	CAA	16473
37	CAG	45
38	TTC	16518
38	TTM	2
39	GAG	16516
39	GGG	2
39	AAG	2
40	CAG	16509
40	CAA	5
40	CAT	2
40	CTG	2
41	CTG	16507
41	CTA	7
41	MTG	2
41	CTR	2
41	ATG	2
42	AAA	16509
42	AGA	8
42	AAG	2
43	CTG	16500
43	TTG	18
44	CGG	15915
44	CGA	571
44	CAG	20
44	CGT	8
44	CAA	2
44	CRG	2
45	TGG	16520
46	GAG	16503
46	GGG	8
46	GAT	7
47	TCT	16074
47	TCC	424
47	TTT	8
47	TAT	8
47	TYT	3
47	TCY	2
48	TAT	16519
49	CCC	16518
49	TCC	2
50	AAT	16518
50	ATT	2
51	TTG	16511
51	TTA	5
51	TCG	2
51	TTR	2
52	GTC	16520
53	AAG	16495
53	AAA	18
53	AGG	6
54	AGC	16489
54	AGT	27
54	AAC	4
55	ACC	16447
55	ACA	54
55	ATC	18
56	GAT	16454
56	GAC	51
56	GAG	8
56	AAT	4
56	TAT	2
57	TAT	16516
57	TRT	3
58	CAC	16485
58	CAT	32
59	CAG	16500
59	CAA	15
59	CAR	3
60	AAG	16451
60	AGG	39
60	AAA	22
60	AAR	6
60	AAT	2
61	AGG	16480
61	AGA	37
61	ARG	3
62	GAG	16504
62	GAA	12
62	GAT	2
62	AAG	2
63	ACA	16469
63	ACG	39
63	ACT	8
63	GCA	2
64	ATT	16519
65	AGA	16404
65	AAA	84
65	AGG	32
66	CTG	9427
66	TTG	6608
66	CTA	426
66	TTA	53
66	CTT	4
66	ATG	2
67	GTC	16330
67	GCC	87
67	GTT	82
67	ATC	10
67	GTA	5
67	GYC	3
67	GTY	2
68	ACG	15899
68	ACA	594
68	ACT	16
68	ATG	8
69	GAA	16452
69	GCA	28
69	AAA	21
69	GAG	8
69	GGA	7
69	RAA	3
70	GAA	16495
70	GAG	24
71	CTT	16413
71	CTC	103
71	CTA	2
72	TAT	16417
72	TAC	78
72	CAT	21
72	TGT	3
73	CTT	16484
73	CTC	25
73	CTG	4
73	TTT	3
73	ATT	2
73	YTT	2
74	TTA	16219
74	TTG	290
74	CTA	9
75	AGT	16427
75	AGC	61
75	AAT	26
75	GGT	3
76	AAA	16481
76	AGA	23
76	AAG	14
77	AGA	16485
77	AGG	21
77	AAA	6
77	ARA	4
77	RGA	2
78	ATT	16499
78	ATC	14
78	GTT	4
79	GAT	16486
79	GAC	26
79	AAT	7
80	GAT	16246
80	GAC	229
80	GAG	36
80	AAT	3
80	GAA	2
80	RAT	2
80	GGT	2
81	AAC	16213
81	AGC	251
81	AAT	48
81	GAC	2
81	AAA	2
82	ATA	16518
83	TTG	8535
83	CTA	7852
83	TTA	77
83	ATA	25
83	CTG	15
83	TCG	6
83	TTT	4
83	CTC	2
83	CTT	2
84	TTC	16092
84	TTT	404
84	CTC	13
84	TCC	3
84	GTC	3
84	TTA	2
84	TTY	2
85	CAC	16488
85	CAT	27
85	TAC	2
85	AAC	2
86	AAA	16488
86	AGA	17
86	AAG	13
87	ACA	16025
87	ACG	392
87	AAA	52
87	GCA	27
87	ACC	17
87	ACT	2
87	AGA	2
88	GTA	8438
88	GTG	5636
88	ATG	1983
88	ATA	448
88	GCG	7
88	TTA	3
88	TTG	2
89	ATA	16495
89	GTA	13
89	ATG	10
90	GCT	16296
90	GCA	169
90	GCC	48
90	ACT	4
91	AAC	16491
91	AAT	15
91	GAC	8
91	AGC	3
91	ACC	2
92	AGC	16491
92	AGT	26
92	GGC	2
93	TCC	16328
93	TCT	101
93	CCC	51
93	TCA	29
93	TTC	7
93	TAC	2
93	TCY	2
94	ATA	16476
94	ATG	21
94	GTA	13
94	TTA	2
94	ACA	2
94	GTG	2
95	ATA	16413
95	ATT	67
95	GTA	22
95	ATG	12
95	GTG	3
95	ATR	2
96	GCT	16452
96	GCC	68
97	GAC	15732
97	GAT	782
97	GAA	4
98	ATG	16516
98	ATA	2
98	AYG	2
99	GTT	16452
99	ATT	57
99	GTC	9
100	GTA	16481
100	GTG	36
100	GTC	2
101	TCA	16468
101	TCG	30
101	TCT	16
101	TCC	5
102	TTA	16411
102	TTG	76
102	CTA	30
102	TTR	3
103	TCA	16458
103	TCG	46
103	TCC	10
103	TCT	5
104	TTA	16211
104	CTA	164
104	TTG	139
104	TTC	3
104	YTA	2
105	TTA	16407
105	TTG	82
105	CTA	28
105	YTA	2
106	GAA	16514
106	GAG	6
107	ACA	16512
107	ACG	4
107	GCA	2
108	TTG	16481
108	TTA	22
108	CTG	14
108	YTG	2
109	TAT	16516
109	TAC	3
110	GAA	16486
110	GAG	31
110	GAR	3
111	ATG	16511
111	ATA	5
111	ATR	3
112	AAG	16378
112	AAA	117
112	AGG	21
112	AAR	3
113	GAT	16508
113	GAC	9
113	GRT	2
114	GTG	16312
114	GTA	154
114	ATG	33
114	GTT	14
114	GYG	2
115	GTT	16095
115	ATT	312
115	GTC	106
115	GTG	2
115	GCT	2
116	GAA	16411
116	GAG	109
117	GTG	16167
117	ATG	187
117	GTA	114
117	GCG	38
117	GTT	8
117	GKA	2
117	TTG	2
118	TAC	16498
118	TAT	16
118	CAC	6
119	AGC	16514
119	AGT	4
120	AGG	16505
120	AGA	7
120	AAG	5
120	ACG	2
121	CAG	16472
121	CAA	47
122	TGC	16500
122	TGT	18
123	TTG	16483
123	TTA	31
123	TTT	3
124	TGA	16452
124	TAA	65

#BRISBANE60|NS1
1	ATG	16520
2	GCG	16289
2	GCA	129
2	ACG	44
2	GCT	23
2	GAG	12
2	GTG	5
2	GCK	2
3	AAC	7841
3	AGC	27
3	GAG	12
3	GAC	10
3	AAT	8
3	ARC	3
3	AAA	2
4	GAC	8466
4	AAC	8010
4	AGC	19
4	AAT	10
4	GGC	4
4	GAT	3
4	AAA	3
5	AAC	8756
5	AAT	7751
5	AGT	6
5	GAC	4
5	AAY	2
6	ATG	16272
6	ATA	212
6	ACG	17
6	ATT	14
6	ACA	3
7	ACC	16496
7	ATC	11
7	ACA	8
7	ACT	4
8	ACA	16355
8	ACG	158
8	ATA	6
9	ACA	16466
9	GCA	37
9	AAA	8
9	ATA	7
10	CAA	16518
10	CAG	2
11	ATT	16499
11	ATC	17
11	ATY	3
12	GAG	16518
13	GTG	16491
13	GTA	29
14	GGT	16491
14	AGT	21
14	GGC	6
15	CCG	16182
15	CCA	309
15	CCT	10
15	TCG	8
15	CCR	3
15	CAG	3
15	CCC	2
15	CTG	2
16	GGA	16386
16	GGG	107
16	GAA	18
16	AGA	8
17	GCA	16509
17	GCG	7
17	ACA	2
18	ACC	16512
18	ACT	4
18	ACY	2
18	ACA	2
19	AAT	16432
19	AAC	56
19	GAT	29
19	AGT	2
20	GCC	14565
20	GCT	1924
20	GCA	21
20	ACC	5
20	RCC	2
21	ACC	16383
21	ACT	120
21	ACA	17
22	ATA	16510
22	ATG	6
22	GTA	3
23	AAC	16495
23	AAT	25
24	TTT	9193
24	TTC	7315
24	CTC	8
24	TTY	3
25	GAA	16504
25	GAG	16
26	GCA	16493
26	GCG	13
26	GCC	8
26	ACA	3
26	TCA	3
27	GGA	16508
27	GGG	12
28	ATT	16457
28	GTT	42
28	ATC	17
29	CTG	16356
29	CTA	117
29	TTG	33
29	CTT	6
29	CTR	5
29	ATG	3
30	GAG	16194
30	GAA	321
30	GAT	3
31	TGC	15328
31	TGT	1189
31	TGY	2
32	TAT	16494
32	TAC	26
33	GAA	16492
33	GAG	24
33	GGA	2
34	AGG	8710
34	AGA	7798
34	CGA	6
34	AGR	3
34	CGG	2
35	CTT	16469
35	CTC	31
35	CTG	10
35	TTT	8
35	ATT	2
36	TCA	16501
36	TCG	13
36	GCA	3
37	TGG	16518
37	TKG	2
38	CAA	16500
38	CAG	19
39	AGA	8274
39	AGG	8149
39	GGA	48
39	AAG	29
39	AAA	18
40	GCC	16453
40	GCT	60
40	GCA	4
40	RCC	2
41	CTT	16319
41	CTC	197
41	CTA	4
42	GAC	16478
42	GAT	40
42	GAY	2
43	TAC	15682
43	TAT	819
43	TGC	8
43	CAC	6
43	TAY	3
44	CCT	9030
44	CCC	7468
44	CCA	18
44	CCY	3
45	GGT	16484
45	GGC	33
45	GGG	2
46	CAA	16423
46	AAA	67
46	CAG	25
46	CGA	3
47	GAC	16498
47	GAT	21
48	CGC	8958
48	CGT	7547
48	CGA	13
48	CGY	2
49	CTA	16309
49	TTA	166
49	CTG	31
49	CTC	6
49	YTA	3
50	AAC	16342
50	CAC	110
50	AAT	54
50	AGC	9
50	ACC	2
51	AGA	16478
51	AGG	21
51	AAA	20
52	CTA	16483
52	CTG	20
52	TTA	8
52	CAA	2
52	ATA	2
53	AAG	8929
53	AAA	7584
53	AAR	3
53	ARG	2
54	AGA	9185
54	AGG	7328
54	CGA	2
54	AGR	2
55	AAA	16495
55	AAG	20
55	AGA	4
56	TTA	16494
56	TTG	14
56	CTA	9
56	ATA	2
57	GAG	16145
57	GAA	352
57	AAG	11
57	GTG	9
58	TCA	16511
58	TCG	6
58	TTA	3
59	AGA	16332
59	AGG	183
59	AAA	3
60	ATA	16485
60	GTA	34
61	AAG	16109
61	AAA	301
61	GAG	85
61	AAT	9
61	AGG	7
61	AAR	4
61	AWG	2
62	ACT	10951
62	ACC	5353
62	GCT	176
62	GCC	19
62	ACA	11
62	AAT	5
62	ATT	2
63	CAC	16326
63	CAT	167
63	CAA	20
63	CAM	2
63	TAC	2
64	AAC	16505
64	AAT	13
64	AAY	2
65	AAA	16380
65	AGA	82
65	AAG	50
65	CAA	3
66	AGT	16392
66	AAT	97
66	AGC	14
66	GGT	7
66	TGT	6
66	ART	2
67	GAG	15834
67	GAA	674
67	AAG	6
67	GGG	2
68	CCT	16468
68	TCT	13
68	CCA	10
68	CCC	9
68	CCG	7
68	CTT	7
68	CAT	3
68	YCT	2
69	GAA	16487
69	GAG	18
69	AAA	7
69	GGA	3
69	RAA	2
70	AGT	16436
70	AAT	36
70	AGC	23
70	GGT	20
70	AGG	2
70	ATT	2
71	AAA	16471
71	AAG	44
71	GAA	2
71	AAR	2
72	AGG	14788
72	AGA	1689
72	AAG	30
72	GGG	4
72	AAA	3
72	AKG	2
72	AGR	2
73	ATG	16457
73	CTG	45
73	ATA	9
73	GTG	4
73	AAG	4
74	TCT	8494
74	TCC	7983
74	TCA	26
74	CCT	9
74	CCC	4
75	CTT	16477
75	CTC	18
75	ATT	13
75	TTT	9
75	MTT	2
76	GAA	16466
76	GAG	27
76	AAA	21
76	GAT	4
77	GAG	16490
77	AAG	15
77	GAA	9
77	GAT	3
78	AGA	16209
78	AGG	311
79	AAA	16295
79	AAG	219
79	AGA	6
80	GCA	16337
80	ACA	110
80	GTA	47
80	TCA	12
80	GAA	4
80	GCG	4
80	GCT	3
80	RCA	2
81	ATT	16484
81	GTT	19
81	ATC	13
81	ATG	2
82	GGA	16460
82	GGG	55
82	GGT	4
83	GTA	16203
83	ATA	219
83	GTG	93
83	RTA	2
84	AAA	16471
84	AGA	19
84	AAG	18
84	GAA	6
84	AAT	4
85	ATG	16494
85	TTG	12
85	ATA	11
85	GTG	2
86	ATG	16372
86	ATA	130
86	ATT	7
86	GTG	7
86	ATR	2
87	AAA	16082
87	AGA	415
87	AAG	23
88	GTA	16331
88	GTG	155
88	ATA	21
88	GCA	5
88	GYA	4
88	GTC	2
89	CTC	8762
89	CTT	7755
90	CTA	16274
90	TTA	219
90	CTG	17
90	CTT	7
90	ATA	2
91	TTT	16445
91	TTC	58
91	TCT	8
91	CTT	7
91	TTY	2
92	ATG	16496
92	ATA	11
92	TTG	4
92	ACG	3
92	ATK	2
92	GTG	2
93	AAT	16287
93	GAT	137
93	AAC	71
93	AGT	16
93	AAY	4
93	ACT	2
94	CCG	15408
94	CCA	1044
94	CCT	51
94	CCC	7
94	TCG	6
94	CAG	2
95	TCT	16468
95	TCC	40
95	TTT	4
95	TCA	3
96	GCT	16321
96	GTT	143
96	ACT	25
96	GCC	23
96	GYT	4
96	RCT	2
97	GGA	16263
97	GAA	216
97	GGG	28
97	RGA	5
97	GRA	4
97	AGA	3
98	ATT	16195
98	GTT	263
98	ATC	35
98	ACT	10
98	CTT	7
98	ATG	3
98	AAT	2
98	AYT	2
99	GAA	16456
99	GAG	35
99	GGA	12
99	AAA	9
99	GAC	4
99	RAA	3
100	GGG	16464
100	GGA	34
100	AGG	7
100	GAG	7
100	GGR	4
100	GRG	2
101	TTT	16476
101	TTC	34
101	CTT	5
101	TYT	2
102	GAG	16370
102	GAA	89
102	AAG	22
102	GGG	12
102	GAT	12
102	RAG	3
102	GAR	3
102	GTG	3
102	AAA	2
102	CAG	2
103	CCA	16406
103	CCG	78
103	TCA	10
103	CCC	9
103	CTA	7
103	ACA	3
103	CCR	3
103	CCT	2
104	TAC	16392
104	CAC	54
104	TAT	47
104	TGC	23
104	AAC	3
105	TGT	16244
105	TAT	193
105	AGT	29
105	TGC	27
105	CGT	14
105	CAT	3
105	TRT	3
105	GGT	2
105	TTT	2
106	ATG	15990
106	GTG	220
106	ATA	186
106	ACG	58
106	ATT	53
106	CTG	7
106	GTA	4
107	AAA	8979
107	AAC	7458
107	GAC	23
107	GAA	21
107	CAA	11
107	AGA	9
107	AAG	7
107	AGC	6
107	ACA	3
108	AGT	16294
108	AAT	97
108	GGT	59
108	AGC	23
108	ATT	22
108	CGT	15
108	TGT	8
108	ART	2
109	TCC	16143
109	CCT	248
109	TCT	50
109	CCC	32
109	TTC	21
109	TCA	15
109	YCC	4
109	GCC	3
109	TCY	2
109	TAC	2
110	TCA	16347
110	TCG	127
110	TTA	23
110	CCA	15
110	TCC	3
110	ACA	2
111	AAT	8708
111	GAG	4752
111	AAG	2873
111	AGG	94
111	CAT	18
111	AGT	17
111	GAT	15
111	AAC	15
111	GAA	12
111	ACT	8
111	AAA	2
111	GGG	2
111	ACG	2
112	AGC	16124
112	AGT	165
112	AAC	156
112	GGC	50
112	AGA	11
112	AAT	4
112	RGC	4
112	ATC	4
113	AAC	16390
113	GAC	33
113	AAT	32
113	CAC	29
113	AGC	15
113	AAA	15
113	ACC	2
113	TAC	2
114	TGT	16166
114	TAT	233
114	TGC	76
114	TTT	23
114	CGT	13
114	GGT	4
114	AGT	3
115	ACG	7566
115	CCG	7437
115	CAG	416
115	TCG	296
115	CCA	269
115	ACA	267
115	ACT	60
115	CTG	52
115	GCG	49
115	ATG	35
115	AAG	25
115	GAG	13
115	CCT	12
115	AYG	3
115	AAA	3
115	CAA	3
115	GCT	2
115	CCC	2
115	CTA	2
115	GTG	2
116	AAA	16382
116	AAG	71
116	AAC	35
116	GAA	15
116	AGA	12
116	AAT	4
117	TAC	16221
117	CAC	172
117	TGC	77
117	TAT	36
117	TTC	8
117	AAC	2
117	GAC	2
118	AAT	8949
118	AGT	7513
118	AAC	17
118	ATT	13
118	AGC	11
118	GAT	6
118	GGT	4
118	TGT	2
118	TAT	2
118	ART	2
119	TGG	16490
119	CGG	18
119	TGC	7
119	TGT	3
120	ACC	8489
120	ATT	7540
120	ATC	219
120	GCC	129
120	ACT	124
120	AAC	5
120	GCT	3
120	ATG	2
120	ACA	2
120	GTT	2
120	ATA	2
121	GAT	15012
121	AAT	1262
121	GGT	143
121	GAC	78
121	TAT	6
121	AGT	4
121	GAA	3
121	RAT	3
121	CAT	3
121	KAT	2
122	TAC	16291
122	TGC	80
122	TCC	54
122	TAT	46
122	CAC	43
122	TAY	2
122	AAC	2
123	CCT	14223
123	CCC	2160
123	TCT	83
123	TCC	29
123	CTT	12
123	CAT	8
123	YCT	2
124	TCA	16387
124	CCA	47
124	TTA	35
124	CAA	27
124	ACA	7
124	TCT	5
124	TCG	5
124	CTA	3
124	TCC	2
125	ACA	8708
125	ACC	7448
125	AAC	257
125	AGC	22
125	ACG	19
125	ACT	14
125	AAA	13
125	CCC	12
125	ATC	8
125	GCC	6
125	GCA	3
125	AYC	3
125	ATA	2
125	ASA	2
125	GAC	2
126	CCA	16429
126	TCA	33
126	ACA	26
126	CAA	12
126	CTA	10
126	CCG	4
126	CCT	2
126	YCA	2
127	GGG	8670
127	GAG	7664
127	GGA	95
127	GAA	33
127	AGG	31
127	GAT	8
127	TGG	5
127	AAG	4
127	GTG	3
127	AGA	2
128	AGG	16174
128	AGA	193
128	AAG	134
128	GGG	12
128	ATG	3
128	ARG	2
129	TGC	16212
129	TAC	168
129	TGT	116
129	CGC	10
129	TTC	8
129	GGC	3
129	TCC	2
130	CTT	16481
130	CCT	17
130	TTT	9
130	ATT	6
130	CTC	2
130	CCC	2
131	GAT	16460
131	AAT	20
131	GAC	14
131	GGT	12
131	GAG	5
131	RAT	2
131	TAT	2
132	GAC	16419
132	GAT	33
132	AAC	27
132	GGC	14
132	TAC	10
132	GAA	6
132	GAG	5
132	GCC	2
133	ATA	16498
133	GTA	9
133	ATG	6
133	ATT	3
133	ACA	2
134	GAA	8600
134	GAG	7890
134	AAG	8
134	AAA	5
134	GAT	5
134	GGG	4
134	GAC	3
134	GGA	3
135	GAA	16264
135	GAG	239
135	AAA	9
135	GGA	5
135	RAA	2
136	GAA	16458
136	GAG	28
136	AAA	16
136	GGA	12
136	GAC	4
136	RAA	2
137	CCA	16391
137	CCG	42
137	CCC	28
137	ACA	23
137	TCA	20
137	CAA	6
137	CTA	5
137	YCA	3
137	CCT	2
138	GAT	8336
138	GAG	8070
138	GAA	79
138	GGT	8
138	AAT	8
138	GAC	6
138	GGG	4
138	AAG	2
138	CAT	2
139	GAT	16334
139	GGT	82
139	AAT	81
139	GAC	18
139	RAT	3
139	GRT	2
140	GTT	16436
140	GCT	33
140	ATT	18
140	GTA	16
140	GTC	9
140	TTT	4
140	GTY	2
141	GAT	16454
141	GAA	21
141	GGT	20
141	AAT	17
141	GAC	4
141	GAG	3
142	GGC	16182
142	GAC	116
142	GGT	105
142	AGC	78
142	TGC	22
142	GRC	5
142	GGA	5
142	GKC	3
142	GCC	2
142	RGC	2
143	CCA	16322
143	CCC	164
143	CTA	13
143	TCA	7
143	CCG	7
143	CAA	4
144	ACT	16387
144	ATT	42
144	ACC	39
144	GCT	20
144	ACG	12
144	AAT	7
144	ACA	4
144	AYT	4
144	ACK	2
144	AGT	2
145	GAA	16482
145	GAG	34
145	AAA	3
146	ATA	16497
146	ATG	8
146	GTA	8
146	ATT	5
147	GTA	16470
147	GTG	33
147	ATA	14
147	GCA	3
148	TTA	16385
148	TTG	69
148	CTA	50
148	TCA	13
148	YTA	2
149	AGG	14685
149	AGA	1823
149	AAG	9
150	GAC	16490
150	GAT	30
151	ATG	16520
152	AAC	15994
152	AGC	257
152	AAT	253
152	GAC	6
152	AAA	6
152	AAY	2
153	AAC	16480
153	AAT	30
153	AGC	8
153	ACC	2
154	AAA	14762
154	AGA	1741
154	AAG	14
155	GAT	16443
155	GAC	63
155	AAT	11
156	GCA	16501
156	GCG	10
156	ACA	8
157	AGG	16398
157	AGA	115
157	AGR	2
157	AAG	2
157	CGG	2
158	CAA	16509
158	AAA	6
158	CGA	3
159	AAG	16500
159	AGG	7
159	AAA	6
159	AAR	4
159	AAT	3
160	ATA	16517
160	ATT	3
161	AAG	16433
161	AAA	67
161	AGG	16
161	AAR	2
162	GAG	16282
162	GAA	222
162	GGG	7
162	GAT	6
162	GAR	2
163	GAA	16482
163	GAG	18
163	GAC	8
163	AAA	7
163	GGA	2
164	GTA	16212
164	GTG	285
164	GCA	12
164	ATA	8
164	RTA	2
165	AAC	16442
165	AAT	55
165	AGC	19
165	GAC	2
165	ACC	2
166	ACT	16412
166	ACC	95
166	ATT	5
166	ACY	3
166	AGT	2
167	CAG	16411
167	CAA	109
168	AAA	16425
168	AGA	69
168	AAG	23
168	CAA	2
169	GAA	16491
169	GAG	23
169	AAA	6
170	GGG	16380
170	GGA	140
171	AAG	16459
171	AAA	61
172	TTC	16494
172	TTT	23
172	TTY	3
173	CGT	16084
173	CGG	405
173	CGC	13
173	CAT	8
173	CRT	2
173	CGA	2
174	TTG	16412
174	TTA	89
174	CTG	18
175	ACA	16417
175	GCA	88
175	ACG	10
175	RCA	2
175	AAA	2
176	ATA	16462
176	GTA	22
176	ACA	20
176	ATG	12
176	ATC	2
177	AAA	11576
177	AGA	4902
177	AAG	26
177	ACA	6
177	AGG	5
177	ARA	4
178	AGG	16342
178	AGA	168
178	AAG	5
178	AGR	2
179	GAT	16459
179	GAC	33
179	AAT	19
179	GRT	6
179	GGT	2
180	ATG	16084
180	ATA	335
180	GTG	64
180	ATT	23
180	ACG	7
180	TTG	2
180	CTG	2
181	CGT	16344
181	CGC	67
181	CAT	63
181	AGT	28
181	TGT	10
181	CGA	4
181	MGT	2
181	CGY	2
182	AAT	16472
182	GAT	24
182	AGT	8
182	AAC	8
182	CAT	4
182	ACT	2
182	AAG	2
183	GTA	16244
183	ATA	172
183	GTG	97
183	GTC	2
183	RTA	2
183	GTR	2
184	TTG	16343
184	TCG	100
184	CTG	37
184	TTA	17
184	TTT	17
184	GTG	5
185	TCC	16456
185	TCT	42
185	TCA	18
185	TTC	2
186	TTG	8039
186	CTG	7986
186	CTT	393
186	CTA	59
186	TTA	36
186	CTR	2
186	ATG	2
186	TTR	2
187	AGA	16480
187	AGG	29
187	AAA	10
188	GTG	16045
188	GTA	408
188	ATG	58
188	TTG	3
188	GTT	3
188	RTG	2
189	TTA	8707
189	TTG	7794
189	CTG	13
189	TTR	2
190	GTA	16453
190	GTG	37
190	GCA	25
190	GTC	2
190	GYA	2
191	AAC	8899
191	AAT	7620
192	GGA	16473
192	GGG	47
193	ACA	16485
193	ACG	10
193	ACC	8
193	ACT	7
193	RCA	5
193	GCA	4
194	TTC	16485
194	TTT	34
195	CTC	16458
195	CTT	31
195	CTA	16
195	ATC	11
195	TTC	2
195	CAC	2
196	AAA	16446
196	AAG	44
196	AGA	19
196	GAA	5
196	ACA	2
197	CAC	16369
197	CAT	125
197	TAC	16
197	AAC	3
197	CAA	3
197	CGC	2
197	CAY	2
198	CCC	16381
198	CCT	62
198	TCC	59
198	CCA	13
198	CTC	2
199	AAT	16409
199	AGT	62
199	AAC	28
199	GAT	15
199	AAG	5
200	GGA	16441
200	GGG	77
201	TAC	16283
201	CAC	175
201	TAT	35
201	TGC	16
201	TCC	2
201	AAC	2
201	YAC	2
201	GAC	2
202	AAG	16469
202	AAA	31
202	AGG	12
202	CAG	4
202	ATG	3
203	TCC	16374
203	TCT	121
203	TTC	13
203	TCA	7
204	TTA	16189
204	TTG	319
204	CTA	8
204	GTA	2
205	TCA	16377
205	TCG	59
205	TTA	40
205	CTA	23
205	CAA	17
205	TYA	3
206	ACT	16397
206	GCT	55
206	ATT	28
206	ACC	23
206	AAT	10
206	GTT	5
207	CTG	11588
207	CTA	3625
207	TTG	1288
207	CTT	8
207	TTA	6
207	CTR	4
208	CAT	16502
208	CAC	14
208	YAT	2
209	AGA	16488
209	AGG	26
209	ARA	4
210	TTG	16274
210	TTA	206
210	CTG	39
211	AAT	16227
211	AAC	293
212	GCA	16099
212	GCC	230
212	GTA	78
212	GCG	62
212	ACA	46
212	GCT	2
213	TAT	16514
213	TAC	4
214	GAC	16416
214	GAT	101
214	RAC	2
215	CAG	16452
215	CAA	67
216	AGT	16345
216	AAT	125
216	GGT	31
216	AGC	14
216	TGT	3
217	GGA	16238
217	GGG	275
217	GAA	4
218	AGG	15935
218	AGA	480
218	AAG	79
218	GGG	17
218	CGG	4
218	AAA	3
218	AGR	2
219	CTT	16505
219	ATT	7
219	CTC	6
220	GTT	16484
220	ATT	23
220	GTC	4
220	GTA	4
220	GTG	3
220	RTT	2
221	GCT	16510
221	GCC	10
222	AAA	16512
222	AAG	7
223	CTT	16493
223	ATT	24
223	CTC	3
224	GTT	16253
224	GTC	251
224	ATT	11
224	GCT	5
225	GCT	8607
225	GCC	7901
225	ACC	5
225	ACT	4
225	RCT	2
226	ACT	16485
226	ACC	15
226	AAT	9
226	GCT	5
226	ATT	5
227	GAT	16500
227	GGT	8
227	AAT	7
227	GAC	5
228	GAT	16497
228	AAT	11
228	GAC	7
228	GGT	4
229	CTT	16504
229	ATT	13
229	MTT	2
230	ACA	16518
230	GCA	2
231	GTG	16520
232	GAG	16508
232	GAA	11
233	GAT	16520
234	GAA	16506
234	GGA	8
234	AAA	5
235	GAA	16395
235	GAG	76
235	AAA	40
235	RAA	4
235	GGA	3
235	GAT	2
236	GAT	16520
237	GGC	16497
237	GGT	20
237	GGY	2
238	CAT	16436
238	TAT	78
238	AAT	3
239	CGG	16396
239	AGG	108
239	CGA	13
239	CGT	2
240	ATC	16501
240	ATT	13
240	GTC	4
241	CTC	16198
241	TTC	321
242	AAT	8372
242	AAC	8140
242	GAT	4
242	GAC	3
243	TCA	16512
243	TCG	4
244	CTC	16414
244	CTA	98
244	CTT	4
244	CTY	2
245	TTC	16508
245	TTT	11
246	GAG	16174
246	GAA	193
246	GAT	126
246	AAG	9
246	GGG	9
246	AAT	5
247	CGT	16347
247	CGC	171
248	CTT	9968
248	CTC	6419
248	TTT	69
248	ATT	35
248	ATC	23
248	TTC	2
248	CTY	2
249	AAT	16479
249	GAT	25
249	AGT	9
249	AAC	7
250	GAA	16473
250	GGA	22
250	AAA	11
250	GAG	10
251	GGA	16491
251	AGA	20
251	GGG	4
251	GAA	3
252	CAT	16486
252	TAT	26
252	CGT	4
252	AAT	3
253	TCA	16270
253	CCA	179
253	ACA	68
254	AAG	16426
254	AAA	79
254	AGG	9
254	AAR	2
254	ATG	2
255	CCA	16368
255	ACA	139
255	TCA	10
256	ATT	16475
256	GTT	45
257	CGA	16514
257	MGA	2
257	CAA	2
257	CGG	2
258	GCA	16517
258	GCT	2
259	GCT	16508
259	ACT	5
259	TCT	2
259	GMT	2
259	GAT	2
260	GAA	16502
260	GAG	8
260	AAA	7
260	RAA	2
261	ACT	16498
261	ATT	18
261	GCT	2
262	GCG	16494
262	GCA	22
262	GCR	2
263	GTG	15939
263	ATG	573
263	TTG	8
264	GGA	16511
264	GGG	8
265	GTC	16492
265	GTA	9
265	GTT	8
265	TTC	7
265	GTY	3
266	TTA	16090
266	CTA	427
266	YTA	2
267	TCC	16518
267	TTC	2
268	CAA	16518
268	CAT	2
269	TTT	16518
269	TTC	2
270	GGT	16513
270	AGT	5
270	RGT	2
271	CAA	16514
271	CAG	6
272	GAG	16497
272	AAG	18
272	GAA	4
273	CAC	16474
273	TAC	27
273	CAT	18
274	CGA	16459
274	AGA	54
274	CAA	4
274	CTA	2
275	TTA	16458
275	CTA	51
275	GTA	8
275	TTR	3
276	TCA	16518
277	CCA	16484
277	TCA	32
278	GAA	16462
278	GAG	39
278	AAA	15
278	RAA	4
279	GAG	16487
279	AAG	22
279	RAG	6
279	GAR	3
279	TAG	2
280	GGA	16480
280	AGA	36
280	GAA	2
281	GAC	16501
281	AAC	12
281	GGC	2
281	TAC	2
282	AAT	16469
282	GAT	39
282	TAT	8
283	TAG	16434
283	TAA	84

#CALI07|HA
1	GAC	19768
1	GAT	9
1	RAC	2
2	ACA	19653
2	ACT	44
2	AAA	29
2	ACC	23
2	ACG	17
2	ATA	10
2	ACM	2
3	TTA	17880
3	ATA	1766
3	TTG	51
3	CTA	45
3	ATT	15
3	ATC	14
3	TTR	4
3	GTA	3
4	TGT	19605
4	TGC	177
5	ATA	19371
5	ATC	234
5	GTA	169
5	ACA	2
5	ATR	2
6	GGT	17904
6	GGC	1827
6	GGA	38
6	GGG	5
6	RGT	5
6	GGY	2
7	TAT	17650
7	TAC	2105
7	YAT	11
7	YAC	5
7	TTT	3
7	TMC	2
7	CAT	2
7	TRC	2
8	CAT	19759
8	CAC	17
9	GCG	17696
9	GCT	1018
9	GCC	736
9	GCA	299
9	GCR	10
9	RCG	7
9	GTG	4
9	GYG	4
9	GTC	2
9	ACG	2
10	AAC	19727
10	AAT	50
10	ARC	2
10	ACC	2
11	AAT	17998
11	AAC	1778
11	GAT	3
12	TCA	18656
12	TCG	1091
12	TCT	16
12	TCC	16
13	ACA	17817
13	ACC	1624
13	ACT	306
13	ACG	33
14	GAC	19707
14	GAT	42
14	AAC	13
14	GAA	8
14	GAG	8
14	GGC	3
15	ACT	19667
15	ACC	94
15	ATT	7
15	GCT	5
15	ACA	5
16	GTA	17786
16	GTT	1822
16	GTG	125
16	GTC	38
16	ATA	6
16	ATT	3
17	GAC	19047
17	GAT	714
17	AAC	9
17	GAY	4
17	RAC	4
17	GAA	3
18	ACA	19742
18	ACG	25
18	ACC	10
18	ACT	3
18	ACM	2
19	GTA	19534
19	GTG	155
19	ATA	77
19	TTA	5
19	RTA	4
19	GYA	2
20	CTA	17913
20	CTT	1732
20	TTA	50
20	CTC	40
20	CTG	25
20	ATG	8
20	TTG	5
20	YTA	3
20	TTT	2
21	GAA	19206
21	GAG	564
21	RAA	3
21	AAA	3
21	GRA	2
21	GGA	2
22	AAG	19671
22	AAA	65
22	AGG	37
22	AAR	2
22	RAG	2
23	AAT	19738
23	AAC	40
23	GAT	3
24	GTA	17923
24	GTG	1838
24	ATA	9
24	GTT	4
24	GTR	2
24	GCA	2
24	RTA	2
25	ACA	19330
25	ACG	382
25	ACT	31
25	ACC	27
25	GCA	3
25	AYA	2
26	GTA	17882
26	GTG	1871
26	GTT	16
26	ATA	9
27	ACA	19661
27	ACT	77
27	ACC	34
27	ACG	8
28	CAC	19695
28	CAT	73
28	CGC	3
28	TAC	3
28	CWC	2
28	CAA	2
28	CAY	2
28	CRC	2
29	TCT	19724
29	TCA	35
29	TCC	18
29	TAT	2
30	GTT	15414
30	GTC	4300
30	ATT	19
30	GTG	12
30	GCC	11
30	GTA	11
30	GCT	10
30	GTY	2
30	ATC	2
31	AAT	13261
31	AAC	6438
31	GAC	66
31	GAT	12
31	AAY	3
32	CTT	17829
32	CTG	1359
32	CTA	397
32	ATT	93
32	CTC	71
32	TTG	17
32	TTA	16
33	CTG	13168
33	CTA	4808
33	CTT	1738
33	CTC	32
33	TTG	13
33	TTA	9
33	CTR	4
33	ATG	4
33	CTW	2
34	GAA	18048
34	GAG	1732
34	GAC	2
35	GAC	18436
35	AAC	1132
35	GAT	96
35	ACC	42
35	GGC	41
35	TAC	10
35	GAA	10
35	AAT	5
35	AGC	3
35	GRC	2
35	RAC	2
35	TAT	2
36	AAG	17299
36	AGT	1294
36	AAA	488
36	AAC	240
36	AGC	202
36	AGG	75
36	ATG	55
36	AGA	47
36	AAT	36
36	CGT	16
36	GAG	16
36	ACC	8
36	AAR	3
36	CAG	2
37	CAT	17857
37	CAC	1915
37	AAT	9
38	AAC	17666
38	AAT	2024
38	GAC	66
38	GAT	11
38	AAY	5
38	AGC	4
38	RAC	3
38	ACC	2
39	GGA	14859
39	GGG	4802
39	GGT	47
39	AGA	23
39	GAG	19
39	GAA	16
39	AGG	6
39	GGR	5
39	GRA	3
40	AAA	19708
40	AAG	54
40	AGA	16
40	AAC	3
41	CTA	19469
41	TTA	141
41	CTG	123
41	CTC	21
41	CTT	16
41	ATA	9
41	YTA	2
42	TGC	17946
42	TGT	1835
43	AAA	17907
43	CTA	1713
43	AAG	41
43	AGA	36
43	AAC	23
43	TTA	15
43	AGC	14
43	CAA	10
43	ACA	6
43	CGA	5
43	AAR	4
43	CTG	3
43	AAT	2
44	CTA	18113
44	TTA	1513
44	CTG	133
44	CTT	8
44	ATA	5
44	MTA	3
44	CTR	2
44	YTA	2
44	TTW	2
45	AGA	16707
45	AAA	1965
45	GGA	842
45	AGG	109
45	AAG	38
45	CGA	30
45	GGG	17
45	AAC	16
45	AAT	16
45	GAA	14
45	CAA	10
45	RGA	6
45	ATA	5
45	ARA	5
46	GGG	17608
46	GGA	2159
46	GGR	8
46	GAG	5
46	GGT	2
47	GTA	17692
47	ATA	1761
47	AAA	111
47	GTG	56
47	TTA	56
47	GCA	45
47	GTT	20
47	AAG	15
47	GAA	13
47	GGA	3
47	CTA	2
47	ATT	2
48	GCC	18999
48	GCT	240
48	CCC	228
48	GTC	146
48	TCC	82
48	ACC	59
48	GCA	10
48	RCC	4
48	ATC	4
48	KCC	3
48	GCY	2
49	CCA	19432
49	CCG	283
49	CCC	66
50	TTG	17832
50	CTA	1501
50	TTA	391
50	CTG	46
50	TTR	6
50	ATA	2
51	CAT	17871
51	CAA	1784
51	AAT	61
51	CAC	40
51	TAC	9
51	TAT	8
51	CGT	2
51	CAG	2
51	CCT	2
52	TTG	19447
52	TTA	277
52	CTG	41
52	CTA	15
53	GGT	19486
53	GGC	233
53	GGG	34
53	GGA	25
54	AAA	17914
54	AAC	971
54	AAT	696
54	AGT	139
54	AGA	35
54	AAG	11
54	GAA	9
54	AAR	2
54	GAT	2
55	TGT	17272
55	TGC	2508
55	TGY	2
56	AAC	17935
56	AGC	1751
56	GAC	71
56	AAT	15
56	AGT	5
56	ACC	3
57	ATT	17942
57	GTT	1719
57	ATC	62
57	GTG	22
57	ATA	15
57	GTA	8
57	GTC	5
57	ACT	5
57	ATW	2
58	GCT	17871
58	GCC	1772
58	GCG	97
58	GCA	39
58	GCY	2
59	GGC	17835
59	GGG	1293
59	GGA	622
59	GGT	26
59	GGR	2
59	GGM	2
60	TGG	19778
61	ATC	19492
61	CTC	87
61	CTT	71
61	ATT	55
61	ATA	42
61	GTC	24
61	RTC	5
61	ATY	3
61	ATM	2
62	CTG	17762
62	TTA	1726
62	TTG	199
62	CTA	53
62	CTT	21
62	CTC	15
62	CTR	3
63	GGA	19418
63	GGG	328
63	GGC	30
63	GGT	3
63	GGR	2
64	AAT	17855
64	AAC	1911
64	AAY	5
64	AGT	4
64	GAT	3
64	ART	2
65	CCA	19735
65	CCG	25
65	CCT	15
65	CCC	5
66	GAG	17843
66	GAA	1911
66	AAA	10
66	GAT	9
66	AAG	3
66	GGG	2
67	TGT	17952
67	TGC	1827
67	TGY	2
68	GAA	19332
68	GAC	304
68	GGA	89
68	GAG	47
68	GAT	4
68	GTA	3
69	TCA	17512
69	TTA	1480
69	ACA	318
69	TTG	217
69	CCA	193
69	CTG	23
69	GTA	16
69	TCG	6
69	TCR	6
69	CTA	3
69	TCT	3
69	YCA	2
70	CTC	17906
70	CTG	1755
70	CTA	52
70	CTT	22
70	TTG	17
70	ATA	9
70	ATC	4
70	TTC	4
70	CCC	4
70	YTC	3
70	TTA	2
71	TCC	17822
71	ATT	1594
71	AAT	130
71	TCT	55
71	TTC	48
71	CTC	35
71	TAC	27
71	ACC	11
71	ATC	11
71	CTT	11
71	TTT	9
71	GCC	9
71	CCC	6
71	TCY	4
71	GTT	3
71	TCA	3
71	YCC	2
71	ATG	2
72	ACA	17771
72	TCC	1704
72	ACG	174
72	ACT	37
72	ACC	22
72	CCC	20
72	TCT	16
72	GCA	13
72	CCA	9
72	AAA	5
72	TCA	3
72	ATA	2
72	ACM	2
73	GCA	17777
73	AAG	1524
73	AAA	149
73	GAA	110
73	AGG	65
73	GCG	41
73	TCA	41
73	GTA	26
73	ACA	25
73	GTG	11
73	AAT	4
73	RCA	3
73	ARG	2
74	AGA	9334
74	AGT	5496
74	AGC	2864
74	GAG	1255
74	GAA	457
74	AGG	240
74	AAA	44
74	AAT	30
74	GGA	16
74	GGT	8
74	AAC	7
74	AAG	5
74	AGW	3
74	ATA	3
74	ATT	3
74	AGM	3
74	ARA	2
74	GGC	2
74	GGG	2
75	TCA	19709
75	TCG	52
75	TCC	7
75	TCT	6
75	CCA	5
76	TGG	19782
77	TCC	19605
77	TCT	91
77	TCA	55
77	CCC	28
78	TAC	19733
78	TAT	49
79	ATT	19614
79	ATC	99
79	ATA	58
79	GTT	5
79	ATY	4
80	GTG	17631
80	GTA	1820
80	GTT	282
80	ATA	33
80	GCA	13
80	GTR	2
81	GAA	19513
81	GAG	264
81	GAR	3
82	ACA	17714
82	AAA	1214
82	ACG	629
82	AGA	129
82	GCA	30
82	ACT	26
82	ACC	10
82	AAC	9
82	ATA	9
82	AYA	4
82	AAG	3
83	TCT	17741
83	CCA	1608
83	CCT	167
83	TCA	159
83	TCC	53
83	CCC	15
83	TAT	11
83	TCG	11
83	TTT	9
83	GCT	2
83	CCG	2
84	AAT	15154
84	AGT	4408
84	GGT	89
84	AAC	74
84	GAT	13
84	ATT	11
84	AGC	11
84	ACT	8
84	AAA	7
84	ART	3
84	AAG	3
85	TCA	17922
85	CCT	1722
85	TCC	43
85	TCG	40
85	TCT	32
85	CCA	16
85	CCC	3
86	GAC	17843
86	GAG	1717
86	GAA	114
86	GAT	40
86	AAC	32
86	GGC	14
86	AAA	13
86	GTG	3
86	RAC	3
87	AAT	19756
87	AAC	16
87	AAA	5
88	GGA	19286
88	GGG	475
88	GGT	18
88	GGR	2
89	ACG	17104
89	ACA	2587
89	GCA	38
89	ACT	22
89	ATA	12
89	GCG	6
89	ACR	5
89	ATG	4
90	TGT	19668
90	TGC	112
91	TAC	19722
91	TAT	58
91	TAY	2
92	CCA	19709
92	CCT	46
92	CCC	19
92	CCG	8
93	GGA	17919
93	GGG	1858
93	GGR	2
93	GGT	2
94	GAT	17675
94	CAT	1337
94	TAT	369
94	GAC	286
94	GAA	39
94	AAT	23
94	GAG	20
94	CAG	12
94	AGT	9
94	GGT	4
94	CTT	3
94	RAT	3
95	TTC	19758
95	TTT	23
96	ATC	17886
96	GCT	1022
96	GCC	582
96	GAA	129
96	ATT	41
96	ATA	37
96	ACC	34
96	GTC	26
96	ACA	8
96	TTC	4
96	AAC	3
96	AGC	2
96	RTC	2
96	TCC	2
97	AAT	15454
97	GAT	2367
97	GAC	1760
97	AAC	187
97	RAT	5
97	AGT	2
98	TAT	19769
98	TAC	10
98	CAT	2
99	GAG	19399
99	GAA	363
99	GRG	10
99	GRA	3
99	GGG	2
100	GAG	17306
100	GAA	2474
100	GAR	2
101	CTA	17828
101	CTG	1892
101	TTA	28
101	TTG	25
101	CTR	3
101	YTA	2
102	AGA	17434
102	AGG	2319
102	CGT	13
102	AAG	6
102	CGA	4
102	AGR	2
102	ARA	2
103	GAG	19680
103	GAA	90
103	GRG	3
103	RAG	3
103	GGG	2
103	GMG	2
103	AAG	2
104	CAA	18733
104	CAG	1013
104	CAT	18
104	CGA	7
104	CAC	5
104	MAA	5
105	TTG	17645
105	CTG	2044
105	TTA	57
105	CTA	24
105	YTG	7
105	ATG	2
106	AGC	17765
106	AGT	2005
106	AAC	5
106	RGT	2
107	TCA	19733
107	TCT	18
107	ACA	13
107	TCG	9
107	TCC	3
107	WCA	2
108	GTG	17817
108	GTA	1890
108	GTT	39
108	ATG	12
108	ATA	7
108	TTG	6
108	GTC	5
108	CTG	2
108	GCG	2
109	TCA	17819
109	TCT	1759
109	TCG	190
109	TCC	5
109	GCA	3
110	TCA	19296
110	TCG	462
110	TTA	15
110	TCT	6
110	ACA	3
111	TTT	19734
111	TTC	34
111	CTT	8
111	YTT	3
112	GAA	17442
112	GAG	2153
112	AAG	148
112	AAA	35
113	AGG	18225
113	AGA	1314
113	AAG	171
113	AAA	53
113	CGG	6
113	GGG	5
113	AGR	2
113	CGA	2
113	ATG	2
114	TTT	18027
114	TTC	1752
114	ATT	2
115	GAA	14624
115	GAG	5153
115	GAR	4
116	ATA	19641
116	ATG	88
116	ATT	38
116	GTA	10
116	ATC	3
116	ATW	2
117	TTC	19674
117	TTT	106
117	TTY	2
118	CCC	18938
118	CCA	650
118	CCT	173
118	CCG	15
118	TCC	5
119	AAG	17301
119	AAA	2373
119	AAK	22
119	AAT	22
119	AGG	21
119	AGA	12
119	ATA	9
119	GAG	6
119	AAR	5
119	MAG	2
119	CAG	2
119	RAG	2
119	ATG	2
120	ACA	16224
120	GCA	1585
120	GAA	1425
120	GAG	164
120	ATA	155
120	AAG	129
120	ACG	35
120	GGA	26
120	GAT	21
120	AAA	6
120	GTA	5
120	GCT	3
121	AGT	17582
121	AGC	1797
121	AAT	327
121	ACC	14
121	AAC	12
121	ATT	11
121	GGT	9
121	AGA	6
121	ART	4
121	AGY	4
121	GGC	4
121	ACT	3
121	AGG	3
121	AKT	2
121	AKC	2
122	TCA	19718
122	TCG	37
122	TCT	12
122	GCA	9
122	TCR	3
123	TGG	19782
124	CCC	10266
124	CCT	9444
124	CCA	59
124	CCY	7
124	CTC	3
125	AAT	18008
125	AAC	1605
125	GAT	64
125	AAA	25
125	AGC	13
125	AAM	11
125	MAC	10
125	ARC	10
125	WAC	7
125	CAC	5
125	RAT	4
125	AGT	4
125	AMC	3
125	RAC	3
125	GAC	3
125	GAA	2
125	AAS	2
125	WAT	2
126	CAT	17904
126	CAC	1759
126	TAT	119
127	GAC	17552
127	ACC	1686
127	GAT	220
127	GAA	127
127	GAG	51
127	GAM	51
127	ACT	36
127	AAC	22
127	GAS	8
127	ACA	6
127	ATC	5
127	AYC	3
128	TCG	17594
128	GTA	1660
128	TCA	176
128	ACG	127
128	ACA	79
128	CCG	38
128	GCA	24
128	TCT	22
128	TTG	15
128	CCA	11
128	ATA	4
128	GTG	4
128	ACC	4
128	TCR	3
128	TYG	2
129	AAC	15307
129	GAC	2622
129	ACC	1758
129	AGC	21
129	AAT	19
129	AAA	11
129	ACA	9
129	ACT	9
129	RAC	9
129	GAT	4
129	ARC	4
129	GCA	2
129	AAY	2
130	AAA	16856
130	AAT	1044
130	AGA	81
130	AAG	43
130	AAC	12
130	ACA	9
130	AAK	2
130	AAW	2
131	GGT	17984
131	GGA	1750
131	GGG	25
131	GGC	20
132	GTA	18331
132	GTG	1186
132	GTT	147
132	GCG	36
132	ATA	25
132	GTC	21
132	TCC	8
132	GAG	6
132	ACC	5
132	GCA	3
132	AAG	3
132	GTR	2
132	GYA	2
133	ACG	17456
133	TCA	1675
133	ACA	460
133	ACT	126
133	TCC	51
133	ACR	8
133	TCG	3
133	ACK	2
134	GCA	19469
134	TCA	138
134	GCT	61
134	ACA	53
134	GCC	15
134	GTT	13
134	GCG	8
134	GTA	8
134	GYA	4
134	GCR	3
134	AYA	2
134	ATA	2
135	GCA	17996
135	TCA	1753
135	KCA	13
135	GCT	10
135	GCG	4
135	GCC	2
135	TCG	2
136	TGT	17854
136	TGC	1928
137	CCT	16908
137	TCC	1779
137	TCT	961
137	CCC	56
137	CCA	28
137	ACT	17
137	CTT	15
137	YCT	4
137	CAT	4
137	GCT	3
137	TCA	3
138	CAC	13840
138	CAT	5667
138	CAA	109
138	CGT	69
138	TAC	30
138	TAT	29
138	CTC	9
138	GAT	9
138	CGC	6
138	CAY	3
138	AAC	3
138	MAC	2
138	CTT	2
139	GCT	17775
139	AAT	1291
139	AAC	440
139	GAT	143
139	TCT	43
139	GCC	35
139	GCA	16
139	ACT	11
139	AAG	7
139	GCG	7
139	GAG	6
139	GTT	2
139	RCT	2
140	GGA	17276
140	GGG	2485
140	GGT	5
140	GAA	5
140	AGA	4
140	GGR	2
140	AGG	2
141	GCA	17728
141	GAA	1316
141	AAA	344
141	ACA	145
141	AAC	139
141	TCA	37
141	GCT	16
141	RAA	15
141	ATC	8
141	GTA	7
141	GCC	7
141	AGA	6
141	GCG	6
141	KCA	3
141	GAG	2
141	ACG	2
142	AAA	17800
142	AGC	1526
142	AAC	222
142	AGA	143
142	AAG	35
142	AGT	25
142	AGG	7
142	AAT	5
142	AAR	3
142	CGC	3
142	AGM	2
142	GGA	2
142	ARM	2
142	AAM	2
142	WGC	2
143	AGC	17723
143	AGT	1477
143	GGC	570
143	GGT	4
143	RGC	3
143	AAC	3
143	AGY	2
144	TTC	18089
144	TTT	1692
145	TAC	19756
145	TAT	26
146	AAA	18145
146	AGA	1514
146	GAA	32
146	AAG	22
146	AAC	20
146	CGG	15
146	CGA	13
146	AGG	7
146	ACA	3
146	CAA	3
146	AGT	3
146	AGC	2
146	AAR	2
147	AAC	12548
147	AAT	7229
147	AAY	3
147	ACC	2
148	TTG	14686
148	TTA	5045
148	CTG	44
148	CTA	3
149	ATA	17874
149	CTA	1709
149	GTA	95
149	TTA	30
149	ATT	20
149	CTG	17
149	ATC	12
149	CTC	6
149	ATG	6
149	GTC	5
149	YTA	2
149	ATR	2
149	CCA	2
150	TGG	19782
151	CTG	11046
151	CTA	8627
151	ATA	32
151	CTT	27
151	TTG	22
151	TTA	15
151	CTR	6
151	GTA	3
151	YTG	2
152	GTT	17624
152	ACG	1591
152	ACA	173
152	GTC	107
152	GTA	96
152	ATT	90
152	ACT	67
152	GTG	17
152	RTT	7
152	GCA	5
152	ATA	3
153	AAA	17740
153	GGG	1165
153	GGA	267
153	AAG	214
153	GTA	129
153	AGG	59
153	CAA	55
153	RGG	46
153	GAG	34
153	GTG	33
153	RAA	10
153	GAA	9
153	GCG	6
153	AGA	4
153	RGA	3
153	CGG	2
153	GAR	2
154	AAA	17956
154	AAG	1781
154	RAA	12
154	GAA	10
154	GCA	3
154	AGA	3
154	AMA	3
154	ACA	2
154	AAC	2
154	CAA	2
154	AAR	2
154	AAM	2
154	MAA	2
155	GGA	16354
155	AAT	1592
155	GGG	1357
155	GAA	171
155	AAC	142
155	GRA	76
155	GAG	26
155	GGT	23
155	AGA	20
155	GGR	8
155	AAA	6
155	GAT	3
155	GTA	2
156	AAT	17627
156	GGT	1580
156	AAA	233
156	GAT	105
156	AAC	71
156	GGC	40
156	AGT	34
156	RAT	21
156	AAW	20
156	ACT	16
156	ATT	5
156	MAA	4
156	ACC	4
156	GAA	4
156	ACA	3
156	RAA	3
156	AWT	2
156	GRT	2
156	AAM	2
157	TCA	17932
157	TTG	1724
157	TCG	49
157	TCC	30
157	TTA	18
157	TCT	11
157	ACA	7
157	CTG	3
157	TYA	3
157	TCR	2
158	TAC	19594
158	TAT	188
159	CCA	19680
159	CCT	44
159	CCG	39
159	CCC	8
159	CCR	5
159	TCA	5
160	AAG	16786
160	AAC	1668
160	ATG	1032
160	AAA	181
160	AGG	27
160	AAT	23
160	AMC	14
160	ACC	13
160	ARC	7
160	ACG	6
160	AAM	5
160	AGC	5
160	ATA	2
160	AAR	2
161	CTC	17220
161	CTG	1732
161	ATC	679
161	CTT	63
161	GTC	44
161	TTG	19
161	TTC	16
161	MTC	3
161	CTA	3
161	CTM	2
162	AAC	12978
162	AGC	6443
162	AAT	142
162	AGT	79
162	CGC	24
162	AGM	15
162	ARC	13
162	ATC	12
162	AGA	11
162	ACC	9
162	AAM	8
162	AAA	8
162	RGC	6
162	MAC	5
162	AMC	4
162	WAC	4
162	GAC	3
162	AAY	3
162	AKC	3
162	RAC	2
162	AGY	2
163	CAA	14832
163	AAA	2975
163	AAG	1707
163	ATA	85
163	ACG	47
163	AAC	33
163	CAG	20
163	AAT	16
163	GAA	14
163	ACA	13
163	AGA	10
163	CTA	9
163	ATG	4
163	CGA	4
163	AGG	3
163	MAA	3
163	RAA	2
164	TCC	10188
164	ACC	9359
164	TCT	73
164	ACT	65
164	TCA	35
164	TTC	14
164	ATC	11
164	AYC	8
164	ACA	6
164	TYC	6
164	CCC	4
164	WCC	4
164	RCC	2
164	GCC	2
165	TAC	17939
165	TAT	1836
165	TTT	5
166	ATT	17626
166	GCA	1541
166	GTT	210
166	ACA	172
166	ATC	57
166	ACT	41
166	ATG	21
166	GTG	18
166	GAA	17
166	GTA	16
166	GTC	14
166	TTT	11
166	GAG	10
166	ATA	10
166	AGT	4
166	AAG	4
166	ATY	3
166	WTT	2
166	ACG	2
167	AAT	17769
167	AAC	2012
168	GAT	17466
168	AAC	1602
168	GAC	381
168	AAT	167
168	AAA	152
168	GAA	4
168	GGT	3
168	AAG	3
168	RAT	2
168	GAG	2
169	AAA	19342
169	AAG	274
169	GAG	126
169	AGA	25
169	ARA	4
169	CAA	2
169	AGG	2
169	GAA	2
170	GGG	17691
170	GAA	989
170	GAG	663
170	GGA	359
170	AAG	46
170	AGG	22
170	GGR	5
170	GGT	2
170	RGG	2
171	AAA	19624
171	AAG	135
171	AGA	16
171	AAT	5
172	GAA	19672
172	GAT	43
172	GAG	26
172	AAA	17
172	GAC	13
172	GTA	5
172	GGA	3
172	RAA	2
173	GTC	18447
173	ATC	828
173	GTT	469
173	GTA	21
173	GTG	10
173	RTC	3
173	GTY	2
173	ATT	2
174	CTC	18081
174	CTT	1598
174	CTA	93
174	CTY	5
174	TTA	2
174	CTM	2
175	GTG	17942
175	GTA	1757
175	ATA	56
175	GTT	8
175	GTR	8
175	GTC	4
175	GTK	2
175	RTA	2
176	CTG	15520
176	CTA	4117
176	TTG	43
176	CTT	23
176	ATA	21
176	TTA	19
176	CTR	12
176	ATC	11
176	ATG	5
176	ATT	4
176	GTA	3
177	TGG	19782
178	GGC	17738
178	GGT	1882
178	GCC	93
178	GGA	64
178	GGG	3
179	ATT	17796
179	GTT	1751
179	ATC	144
179	ATA	56
179	GTG	19
179	GTC	9
179	ATY	3
179	GTA	2
180	CAC	17894
180	CAT	1885
180	CAY	2
181	CAT	17632
181	CAC	2135
181	AAC	10
181	CAY	2
181	CAA	2
182	CCA	18093
182	CCG	1633
182	CCT	26
182	CCC	16
182	YCG	6
182	CMA	5
182	TCG	3
183	TCT	9635
183	CCT	8562
183	CCA	1292
183	TCC	89
183	YCT	81
183	CCC	80
183	CCG	22
183	TCA	10
183	GCT	5
184	ACT	17756
184	AAC	1541
184	ACC	222
184	AGC	145
184	GAC	40
184	AMT	38
184	AAT	27
184	AAA	4
184	AAM	4
184	RAC	2
185	ACT	12966
185	ATT	2854
185	AGT	1974
185	ATA	1585
185	ATG	153
185	ACC	127
185	ACA	22
185	AAT	18
185	AGC	16
185	GCT	13
185	GAC	13
185	GGT	10
185	CCT	5
185	AST	4
185	GCA	3
185	AMT	3
185	ATC	3
185	ACG	2
185	GTT	2
185	ACY	2
186	GCT	17483
186	GGT	869
186	ACT	470
186	GTT	226
186	GGG	205
186	GAG	156
186	AGT	148
186	GCC	95
186	AAT	33
186	GCA	14
186	GAC	14
186	AGG	10
186	AAG	9
186	RGG	8
186	TCT	8
186	ATT	7
186	ACC	7
186	GAT	5
186	GGA	5
186	RAG	2
187	GAC	17903
187	GCC	681
187	AAC	344
187	RAC	294
187	GAT	158
187	GTC	109
187	GWC	80
187	GGC	52
187	RWC	35
187	GAA	24
187	AAT	23
187	GWT	15
187	RAT	15
187	GYC	6
187	SAC	5
187	GRC	5
187	KAC	4
187	RRC	4
187	GKC	3
187	GTT	3
187	GAY	3
187	GVC	2
187	AGC	2
187	GMC	2
187	RCC	2
187	RWT	2
187	TAC	2
188	CAA	19719
188	CAG	63
189	CAA	17210
189	AAG	1003
189	GAA	691
189	AGG	483
189	ATG	221
189	CAG	65
189	CGG	39
189	CGA	17
189	AAA	14
189	AGT	10
189	CTA	8
189	AAT	7
189	CAC	3
189	MAA	2
189	AGR	2
189	ATA	2
189	CAM	2
190	AGT	17431
190	ACC	890
190	GCC	867
190	AGC	296
190	MGT	63
190	ATT	50
190	CGT	42
190	AAT	41
190	GCT	26
190	ACT	20
190	AGK	10
190	GGT	10
190	TGG	8
190	AGA	4
190	GTT	4
190	AGG	4
190	GTC	2
190	ART	2
190	AGW	2
191	CTC	19583
191	MTC	96
191	ATC	65
191	CTT	29
191	CTA	8
192	TAT	19461
192	TAC	319
193	CAG	17873
193	CAT	1474
193	CGT	214
193	CAA	106
193	AAA	52
193	CAC	32
193	AAT	13
193	TAT	4
193	CAR	4
193	CGG	4
193	AAC	2
194	AAT	18019
194	ACA	1502
194	AAA	217
194	ACG	15
194	AAC	13
194	ACT	10
194	AGT	4
195	GCA	17833
195	GAA	1809
195	ACA	31
195	GCT	30
195	GTA	18
195	GCG	16
195	AAT	14
195	ACT	12
195	RCA	3
195	GAT	2
195	GCC	2
195	RAA	2
195	GAC	2
195	GAG	2
196	GAT	17972
196	AAT	1772
196	GAC	16
196	CAT	12
196	RAT	4
196	GAA	2
196	CAC	2
197	GCA	17270
197	GCT	1750
197	ACA	587
197	GCC	123
197	GCG	21
197	TCA	12
197	RCA	7
197	TCC	5
197	ACT	2
198	TAT	19731
198	CAT	26
198	TAC	15
198	TCT	9
199	GTT	18499
199	GTC	1139
199	GCT	62
199	GTG	62
199	GTA	8
199	ATT	6
199	ATC	2
199	GTY	2
199	GGT	2
200	TTT	17916
200	TCT	1751
200	TTC	73
200	TCA	30
200	TCC	3
200	YTT	3
200	TYT	2
201	GTG	17965
201	GTA	1775
201	GTT	33
201	GTR	4
201	GTC	4
202	GGG	17813
202	GTG	1721
202	GGA	156
202	GRG	32
202	ATG	15
202	GAG	11
202	GTT	10
202	KGG	8
202	GTA	7
202	GGR	3
202	RGG	3
202	TGG	2
203	ACA	17329
203	TCT	1709
203	TCA	659
203	TCC	36
203	ACC	16
203	ACT	14
203	ACG	12
203	GCA	4
204	TCA	19721
204	TCG	38
204	TCC	13
204	ACA	5
204	CCA	4
205	AGA	17188
205	CAT	1726
205	AAA	751
205	AGG	41
205	AAG	20
205	AAT	14
205	CAC	13
205	ACG	9
205	ARA	7
205	CGA	4
205	AGT	3
205	ATA	2
206	TAC	17994
206	TAT	1778
206	TRC	3
206	GAC	2
206	TAY	2
207	AGC	19647
207	AAC	61
207	AGT	45
207	TAC	14
207	ARC	8
207	GGC	2
208	AAG	17699
208	AGA	1700
208	AAA	215
208	AGG	118
208	CGG	15
208	GGA	14
208	CAG	9
208	AAT	3
208	AAR	3
208	GAG	2
208	CAA	2
209	AAG	17763
209	AAA	1490
209	AGA	430
209	ATG	31
209	GAG	16
209	AGG	14
209	RAG	14
209	AAK	9
209	GAA	9
209	AAT	2
209	AAR	2
210	TTC	19684
210	TTT	79
210	TTA	5
210	CTC	5
210	GTC	3
210	TCC	2
210	TTM	2
211	AAG	17586
211	ACC	1730
211	AAA	270
211	GAG	93
211	ACA	36
211	AGA	22
211	AGG	14
211	ATC	6
211	ACT	6
211	AAT	4
211	AAR	3
211	RAG	2
211	GCC	2
212	CCG	17439
212	CCA	2290
212	CCT	44
212	CCR	4
212	TCG	2
212	CCC	2
213	GAA	19730
213	GAG	43
213	GAR	5
213	ATA	3
214	ATA	19728
214	GTA	51
214	ATG	2
215	GCA	17386
215	GCC	1679
215	GGA	353
215	GCT	108
215	ACC	58
215	GMA	50
215	RCA	47
215	GTA	24
215	GYA	16
215	GCG	15
215	ACA	13
215	GAA	12
215	GTC	8
215	GRA	4
215	RMA	3
215	GTG	2
216	ACA	12080
216	ATA	4749
216	AAA	2599
216	AAG	116
216	GTA	91
216	GCA	37
216	GCC	23
216	ATT	15
216	AYA	12
216	GAA	12
216	CCA	8
216	AGG	8
216	ACG	7
216	AMA	3
216	ACT	3
216	ACC	3
216	ATG	2
216	GTT	2
216	AGA	2
216	ATR	2
217	AGA	19624
217	AGG	153
217	CGA	3
218	CCC	19640
218	CCT	123
218	CCA	9
218	CYC	5
218	CCY	2
218	CCM	2
219	AAA	19307
219	AAG	457
219	AGA	13
219	ARA	2
219	AAR	2
220	GTG	18193
220	GTA	1507
220	GTC	26
220	GTT	18
220	ATA	17
220	ATG	7
220	GTR	5
220	RTG	4
220	TTG	3
221	AGG	17782
221	AGA	1826
221	CGA	133
221	CGG	24
221	AAG	8
221	ARG	6
221	AGR	3
222	GAT	18941
222	AAT	229
222	GGT	206
222	GAC	160
222	GRT	92
222	RAT	48
222	GAA	45
222	RRT	20
222	GGG	15
222	GAG	9
222	GGA	5
222	GGC	5
222	GCT	2
223	CAA	19023
223	CAG	431
223	CGA	214
223	CRA	109
223	CGG	2
223	CAR	2
224	GAA	19430
224	GCA	133
224	GRA	52
224	RAA	43
224	GAG	40
224	AAA	27
224	GCG	21
224	GCT	13
224	ACA	9
224	GGA	4
224	GMA	3
224	ATG	2
225	GGG	17874
225	GGA	1859
225	GGT	18
225	GSG	15
225	GGC	14
225	GCG	2
226	AGA	19687
226	AGG	95
227	ATG	18026
227	ATC	1597
227	ATA	142
227	ATT	13
227	ATK	2
228	AAC	19421
228	AAT	321
228	GAC	16
228	AGC	14
228	GAT	4
228	AAY	4
229	TAT	18033
229	TAC	1748
230	TAC	19584
230	TAT	179
230	CAC	19
231	TGG	19782
232	ACA	17987
232	ACT	1746
232	ACG	20
232	ACC	11
232	GCA	8
232	ATA	6
233	CTA	17708
233	CTG	1687
233	ATA	225
233	TTA	127
233	TTG	24
233	CTC	4
233	CTT	2
233	MTG	2
234	GTA	17576
234	CTT	1401
234	ATA	318
234	CTG	203
234	CTA	145
234	TTA	59
234	GTG	51
234	TTG	12
234	GTT	11
234	RTA	3
235	GAG	13943
235	GAA	4417
235	GAC	1312
235	GAT	51
235	AAG	22
235	AAA	13
235	GGG	10
235	GAR	5
235	RAG	2
235	AAC	2
235	GRG	2
236	CCG	17494
236	CCC	1745
236	CCA	334
236	CCT	170
236	CAA	15
236	CAG	13
236	CCR	4
236	CCY	2
236	CAT	2
237	GGA	17903
237	GGG	1769
237	GGT	77
237	AGG	18
237	AGA	5
237	GAG	4
237	GGR	3
237	GGW	2
238	GAC	17993
238	GAT	1764
238	GAG	11
238	AAT	4
238	GGC	4
238	GAA	3
239	AAA	17853
239	ACA	1774
239	AAG	85
239	ACT	38
239	ACC	14
239	AGA	14
239	ACG	3
240	ATA	19720
240	GTA	56
240	ATC	3
240	MTA	2
241	ACA	17926
241	ATA	1764
241	ACG	52
241	ACC	15
241	ACT	14
241	ATG	3
241	AAA	3
241	GTA	2
242	TTC	17917
242	TTT	1856
242	CTC	3
242	ATC	2
242	TTY	2
243	GAA	17761
243	GAG	2012
243	RAA	2
244	GCA	19711
244	GCT	27
244	GCC	17
244	ACA	14
244	GCG	10
244	TCA	2
245	ACT	18005
245	AAT	1579
245	AGT	171
245	ACG	10
245	ACA	7
245	ACC	6
245	AAC	2
245	TCT	2
246	GGA	19499
246	GGG	190
246	GGT	93
247	AAT	19675
247	AAC	102
247	AAY	4
248	CTA	19616
248	CTG	100
248	TTA	41
248	TTG	19
248	CTT	3
248	CTC	2
249	GTG	17792
249	ATA	1780
249	TTG	161
249	GTA	34
249	ATG	6
249	GTT	3
249	GTR	2
250	GTA	17625
250	GCG	1578
250	GCA	429
250	GTG	109
250	GCT	16
250	ATA	10
250	GTT	5
250	GYA	4
250	RTA	3
251	CCG	17581
251	CCA	2195
251	CCT	3
251	CCR	2
252	AGA	18866
252	AGG	785
252	TGG	97
252	AAG	9
252	AGR	7
252	AAA	7
252	ATG	6
253	TAT	19533
253	TTT	161
253	TAC	74
253	CAT	11
254	GCA	17869
254	GCT	1637
254	GCC	259
254	GCG	14
255	TTC	19627
255	TTT	148
255	TTY	2
255	TAC	2
256	ACA	14679
256	GCA	4779
256	GAA	137
256	ATA	97
256	ACT	42
256	ACG	13
256	GTA	8
256	GCG	7
256	RCA	5
256	GCC	5
256	AYA	4
256	AAA	3
256	TCA	2
257	ATG	17843
257	CTG	1617
257	TTG	232
257	ATA	31
257	ATT	22
257	CTA	21
257	GTG	13
258	GAA	17707
258	AGT	1733
258	AAA	138
258	GAG	127
258	AAT	37
258	AAC	14
258	GRA	6
258	AGA	5
258	GGA	4
258	GGT	3
258	ART	2
258	AGY	2
258	GTA	2
259	AGA	19458
259	AAG	162
259	AGG	98
259	AAA	52
259	ARA	5
259	CGA	4
259	GGA	3
260	AAT	13178
260	GAT	4108
260	GGC	1636
260	AAC	601
260	AGT	147
260	ACT	29
260	GGT	22
260	GGA	14
260	GAC	9
260	AGC	7
260	CAT	6
260	GRC	4
260	ACC	3
260	RAT	2
260	AAW	2
260	GGM	2
260	ART	2
260	ATT	2
260	AAA	2
261	GCT	17667
261	TTT	1694
261	TCT	214
261	ACT	59
261	GCC	29
261	CTT	27
261	GAT	27
261	GTT	17
261	GCG	13
261	TTG	9
261	GCA	6
261	TTC	4
261	TTA	4
261	CCT	3
261	GMT	2
261	GCY	2
261	TCA	2
262	GGA	19553
262	GGG	149
262	GAA	27
262	AAT	12
262	GAT	12
262	GGT	7
262	AGT	5
262	RGA	4
262	AGA	4
262	GRA	3
262	GGR	3
262	GGC	2
263	TCT	17982
263	TCA	1749
263	TCC	28
263	GCT	6
263	TTT	4
263	TTA	4
263	TMT	2
264	GGT	17935
264	GGA	1746
264	GGC	82
264	GGG	10
264	GAT	3
264	RGT	2
265	ATT	17978
265	ATC	1801
266	ATC	19544
266	GTC	85
266	ATA	85
266	ATT	47
266	ATG	14
266	TTC	3
267	ATT	17804
267	AAC	1342
267	ACC	263
267	ACA	141
267	ATC	107
267	GTT	37
267	ACT	30
267	AGT	20
267	ATG	12
267	AAT	8
267	AGG	4
267	ACG	4
267	ATA	2
267	RTT	2
267	CTT	2
267	ATY	2
268	TCA	19705
268	TCG	43
268	TCT	28
268	TCC	2
268	GCA	2
269	GAT	17898
269	AAT	1748
269	GAC	90
269	AAC	21
269	AAA	12
269	GAG	6
269	GGT	2
269	GAA	2
270	ACA	17181
270	GCA	1731
270	ACG	615
270	GCG	129
270	GCT	61
270	AAA	13
270	ATA	13
270	GCC	11
270	TCA	8
270	ACR	6
270	RCA	4
270	ACC	3
270	ACT	3
270	AMA	2
271	CCA	19365
271	TCA	261
271	CCG	82
271	ACA	35
271	CTA	8
271	AAT	8
271	CAA	5
271	TCG	5
271	CCT	4
271	CAG	4
271	CAT	2
271	GCA	2
272	GTC	17271
272	ATG	1745
272	GCC	257
272	GTT	232
272	ATC	211
272	GTA	19
272	TTC	17
272	ATT	7
272	ATA	5
272	KTC	5
272	RTC	3
272	ACC	3
272	GTG	3
273	CAC	17490
273	GAT	1432
273	CAT	341
273	GGT	275
273	TAC	101
273	CAA	63
273	GAC	33
273	AAC	20
273	CGC	8
273	CAY	7
273	GAA	4
273	AAT	2
274	GAT	17394
274	AAA	1001
274	GAA	714
274	GAC	358
274	AAT	234
274	GAG	43
274	GGT	11
274	GGA	6
274	AAC	4
274	TAT	4
274	GAY	3
274	RAT	3
274	KAT	2
275	TGC	17990
275	TGT	1792
276	AAT	17928
276	GAT	1652
276	AAC	152
276	GAC	28
276	ACC	8
276	ACT	6
276	AGT	5
276	GAA	2
277	ACA	18024
277	GCG	1537
277	ACG	109
277	GCA	81
277	TCG	17
277	ACC	3
277	GCT	3
277	GTA	3
278	ACT	17927
278	AAG	1527
278	AAA	254
278	ACC	27
278	ATT	14
278	GCT	12
278	AAT	6
278	TCT	6
278	AYT	4
278	GAG	2
278	AGG	2
279	TGT	18338
279	TGC	1443
280	CAG	17729
280	CAA	2050
280	CAR	3
281	ACA	19026
281	ACC	714
281	ACT	27
281	ACG	14
282	CCC	15680
282	CCT	3193
282	GCC	838
282	CCA	40
282	TCC	10
282	ACC	7
282	GTC	4
282	SCC	3
282	YCC	3
282	CCY	2
283	GAG	14983
283	AAG	2745
283	CAG	1547
283	CAA	170
283	GAA	104
283	AAT	91
283	AAA	67
283	CAT	31
283	GAT	11
283	CTG	10
283	AGG	6
283	GGG	4
283	CGG	4
283	CAR	2
283	CWG	2
283	GTG	2
284	GGT	17926
284	GGA	1628
284	GGG	195
284	GGC	32
285	GCT	19691
285	GCC	70
285	TCT	15
285	GCY	3
286	ATA	19326
286	GTA	323
286	CTA	74
286	ATT	19
286	TTG	14
286	ATG	11
286	ATC	10
286	TTA	3
286	RTA	2
287	AAC	19638
287	AAT	115
287	AAA	18
287	ACC	3
287	AAY	2
287	GAC	2
288	ACC	17944
288	AGC	1720
288	AGT	57
288	ACT	32
288	ACA	19
288	GGC	4
288	AAC	2
288	ACM	2
289	AGC	17406
289	AGT	2330
289	AAT	28
289	GAT	8
289	AGY	4
289	ATT	2
290	CTC	17462
290	CTT	2111
290	CTA	199
290	TTC	3
290	CTY	2
291	CCA	17983
291	CCT	1657
291	CCC	130
291	CCG	11
292	TTT	17873
292	TTC	1896
292	TAC	6
292	TTY	5
293	CAG	19391
293	CAA	303
293	CAT	85
294	AAT	18657
294	AAC	1109
294	AGT	5
294	ACT	2
294	AAK	2
294	AAA	2
294	GAT	2
295	GTA	11366
295	ATA	8317
295	GTG	80
295	RTA	8
295	ACA	3
295	TTA	2
295	GTT	2
295	ATT	2
296	CAT	17038
296	CAC	1876
296	AAT	853
296	TAT	8
296	AGT	4
297	CCG	16894
297	CCA	2763
297	CCT	60
297	TCG	35
297	CCC	14
297	CAG	11
297	CCK	2
298	ATC	16242
298	GTC	2477
298	ATT	776
298	GTT	224
298	ATA	29
298	GTA	14
298	ACC	8
298	RTC	7
298	TTC	2
299	ACA	19628
299	ACG	83
299	ACC	33
299	ACT	25
299	ATA	3
299	RCA	3
300	ATT	18002
300	ATA	1749
300	ATC	21
300	GTA	3
300	GTT	2
301	GGG	13249
301	GGA	6509
301	GGT	12
301	GGR	8
302	AAA	17069
302	GAG	1459
302	ACA	613
302	GAA	482
302	AAG	129
302	AGA	16
302	AAT	8
302	RAA	2
303	TGT	19688
303	TGC	89
303	TGY	2
304	CCA	19659
304	CCC	84
304	CCT	18
304	CCG	13
304	TCA	3
304	YCA	2
305	AAG	16745
305	AAA	3024
305	AAR	8
305	AGG	2
306	TAT	19551
306	TAC	224
306	TTT	4
307	GTA	17588
307	GTC	1788
307	GTG	316
307	GTT	71
307	ATC	3
307	RTA	3
307	GTR	3
307	ATA	3
308	AAA	17919
308	AGG	1708
308	AAG	64
308	AGA	63
308	GAA	18
308	ACA	4
308	AAR	2
309	AGC	17914
309	AGT	1861
310	ACA	17860
310	GCA	1654
310	ACT	93
310	ACG	69
310	ACC	39
310	ATA	18
310	AAA	13
310	GCC	12
310	GCG	8
310	TCA	8
310	AMA	3
311	AAA	19583
311	AAG	116
311	ACA	31
311	AGA	15
311	CAA	14
311	AAT	10
311	GAA	5
311	AAR	2
312	TTG	17856
312	TTA	1822
312	CTG	63
312	CTA	31
312	TTR	3
313	AGA	15746
313	AGG	3984
313	AAA	22
313	AGR	8
313	CGA	5
313	ATA	3
313	AGT	3
313	ARA	2
313	GGA	2
313	AAG	2
313	ARG	2
314	CTG	17791
314	ATG	1913
314	CTA	44
314	TTG	16
314	CTT	4
314	ATR	3
314	GTG	2
314	ATA	2
314	RTG	2
315	GCC	17819
315	GTT	1692
315	GCT	99
315	GCA	96
315	GTC	52
315	GTA	12
315	GCM	2
315	GCY	2
316	ACA	19661
316	ACG	53
316	ACT	45
316	ACC	5
316	AAA	4
316	RCA	4
316	TCA	2
317	GGA	19511
317	GGG	181
317	GGT	63
317	GGC	20
318	TTG	17721
318	CTA	1722
318	TTA	194
318	CTG	123
318	GTA	3
318	CCA	3
318	TTK	2
319	AGG	19618
319	AGA	146
319	AGR	4
319	AAG	3
319	ARG	2
319	CGG	2
320	AAT	17975
320	AAC	1795
321	GTC	17276
321	ATC	2047
321	GTT	196
321	ACC	152
321	ATT	43
321	GCC	18
321	GYC	11
321	ATA	9
321	GTA	6
321	RTC	5
321	GTY	4
321	KTC	2
321	AWC	2
322	CCG	16773
322	CCA	2905
322	CCT	72
322	CTG	8
322	CCC	6
322	CAA	2
322	CTA	2
322	CYA	2
323	TCT	17837
323	TCC	1890
323	TCA	36
323	TCY	3
323	TYC	3
323	TTC	3
323	ACT	2
324	ATT	19309
324	ATC	308
324	GTT	129
324	GTC	8
324	ATG	6
324	ATA	6
324	WTT	2
325	CAA	19742
325	CAG	31
326	TCT	17820
326	TCC	1891
326	TCA	21
326	TCG	20
326	ACT	5
326	CCT	3
326	TYT	3
326	CCC	2
326	ACC	2
327	AGA	19735
327	AGG	21
327	CGA	10
327	AAA	5
327	RGA	2
328	GGC	17954
328	GGT	1602
328	GGA	33
329	CTA	17872
329	TTG	1540
329	CTG	90
329	TTA	35
329	CTT	26
329	CTC	21
329	TTT	2
330	TTC	15004
330	TTT	4549
330	YTT	8
330	YTC	7
330	TTY	7
330	CTT	4
330	TTM	4
330	CTC	4
330	TTG	2
331	GGG	17720
331	GGA	1804
331	GGT	65
332	GCC	18870
332	GCG	523
332	GCT	148
332	GCA	48
333	ATT	19401
333	ATC	172
333	ATA	10
333	ATY	2
333	MTT	2
334	GCC	16811
334	GCT	2664
334	GCA	111
334	GCG	2
334	GCY	2
335	GGC	16007
335	GGT	3514
335	GGA	34
335	GGG	25
335	GGY	7
335	GGM	3
336	TTC	19260
336	TTT	327
336	TTY	3
337	ATT	19403
337	ATC	170
337	CTT	8
337	ATA	5
337	ATW	2
338	GAA	19512
338	GAG	75
339	GGG	19199
339	GGA	380
339	GGR	4
339	GGT	4
340	GGG	19063
340	GGA	422
340	GGT	72
340	GGC	23
340	GGR	5
341	TGG	19584
342	ACA	18018
342	ACT	1560
342	ACC	2
343	GGG	16446
343	GGA	3108
343	GGC	12
343	GGR	10
343	GGT	4
343	GRG	2
344	ATG	19578
344	TTG	3
344	CTG	2
345	GTA	19326
345	ATA	192
345	GTT	27
345	GTG	25
345	TTA	5
345	KTA	3
345	ATG	3
345	RTA	2
346	GAT	19503
346	GAC	70
346	GAA	3
346	AAT	2
346	GAG	2
346	GAY	2
346	TAT	2
347	GGA	18114
347	GGT	1377
347	GGG	84
347	GGC	8
347	GGR	2
348	TGG	19585
349	TAC	17150
349	TAT	2435
350	GGT	19512
350	GGG	42
350	GGA	19
350	GGC	11
351	TAT	19466
351	TAC	107
351	TTT	5
351	TAY	3
352	CAC	17899
352	CAT	1666
352	CAY	5
352	CGC	4
352	TAC	2
352	YAC	2
353	CAT	19274
353	CAC	306
354	CAA	18010
354	CAG	1565
354	AAA	4
355	AAT	19547
355	AAC	33
356	GAG	19038
356	GAA	416
356	GCG	46
356	GAT	40
356	GGG	19
356	GAC	9
356	GAR	6
356	AAG	3
356	GGA	2
357	CAG	17873
357	CAA	1700
357	CAR	4
357	CWG	2
358	GGG	17663
358	GGA	1799
358	GGT	105
358	GGC	9
358	GGR	4
358	GRG	2
359	TCA	17923
359	TCT	1571
359	TCC	46
359	TCG	20
359	ACT	12
359	TYA	2
359	TYT	2
360	GGA	17970
360	GGC	1322
360	GGG	253
360	GGT	31
361	TAT	19436
361	TAC	113
361	YAT	14
361	CAT	4
361	TTT	3
361	TGT	2
361	TRT	2
362	GCA	17978
362	GCT	1548
362	GCC	33
362	GCG	14
363	GCC	17786
363	GCA	1560
363	GCT	201
363	GCG	24
363	GCY	4
364	GAT	11089
364	GAC	8471
364	GAY	8
364	GMC	2
365	CTG	17567
365	CAA	1577
365	CAG	240
365	CTT	66
365	TTG	56
365	CTA	51
365	ATG	7
365	CGA	5
365	YTG	2
365	CTR	2
366	AAG	17708
366	AAA	1681
366	CAA	129
366	GAA	25
366	AGG	13
366	AAR	4
366	ACG	3
366	GAG	3
366	RAG	3
366	ARG	2
366	AGA	2
366	CAG	2
367	AGC	19518
367	AGT	53
367	AGY	2
368	ACA	19528
368	ACG	29
368	ACC	9
368	ACT	3
369	CAA	16700
369	CAG	2869
369	CAR	4
370	AAT	19227
370	ATT	136
370	AGT	132
370	AAC	37
370	GAT	12
370	AGA	9
370	ATC	9
370	CAT	6
370	ACT	2
370	ART	2
371	GCC	19085
371	GCT	254
371	GCA	213
371	GYC	7
371	RCC	5
371	GTC	3
371	GCY	2
371	ACC	2
372	ATT	19144
372	GTT	299
372	ATC	97
372	TTT	10
372	ATA	9
372	CTT	8
372	MTT	3
372	RTT	2
373	GAT	9451
373	GAC	8560
373	AAT	1412
373	AAC	143
373	GAY	6
374	AAG	15396
374	GGG	1709
374	GAG	1323
374	AAA	983
374	GAA	61
374	CAA	39
374	AGG	27
374	GGA	21
374	CAG	4
374	AAR	3
374	ATG	2
375	ATT	19248
375	ATC	270
375	GTT	28
375	ATA	22
376	ACT	17840
376	ACA	1582
376	ACC	123
376	AGC	10
376	AGT	4
376	ACG	3
376	TCT	2
377	AAC	19483
377	AAT	45
377	ACC	7
377	RAC	6
377	AMC	5
377	ARC	5
377	AAY	5
377	AAA	3
377	GAC	2
378	AAA	17852
378	AAG	1703
378	ARA	5
379	GTA	17899
379	GTG	1629
379	GTT	10
379	GTR	7
379	GYA	5
379	RTG	4
379	ATA	2
379	GCA	2
379	ATG	2
380	AAT	19132
380	AAC	422
380	AAY	6
381	TCT	19471
381	TCA	42
381	TCC	29
381	TCG	8
381	ACT	6
381	TTT	2
382	GTT	17882
382	GTA	1523
382	GTC	93
382	ATT	21
382	GTG	17
382	ATA	11
382	GCA	5
382	RTT	2
382	GTY	2
382	GYY	2
383	ATT	19464
383	ATC	37
383	GTT	28
383	ATA	27
383	ACT	3
384	GAA	18134
384	GAG	1406
384	GAT	7
384	GTA	5
384	GGG	4
384	GAC	3
385	AAG	16919
385	AAA	2631
385	AAR	6
385	AGG	3
385	ARG	2
386	ATG	19558
387	AAT	17722
387	AAC	1837
387	AAY	2
388	ACA	17837
388	ACT	1534
388	ACC	74
388	ACG	38
388	ATA	36
388	ATT	18
388	ATC	8
388	GCA	5
388	GTA	3
388	GTT	2
388	AYT	2
388	ACR	2
389	CAG	17750
389	CAA	1802
389	CAT	3
389	CAK	3
389	CGG	2
390	TTC	19503
390	TTT	56
391	ACA	19402
391	ACG	68
391	ACT	55
391	ACC	16
391	ATA	7
391	GCA	5
391	AMA	2
391	TCA	2
391	AAA	2
392	GCA	18859
392	GCT	561
392	TCA	68
392	GCC	40
392	GCG	16
392	GCW	12
392	GTA	2
393	GTG	16496
393	GTA	2928
393	GTT	97
393	RTG	10
393	ATG	9
393	ATA	9
393	GTR	4
393	GYG	3
393	GCG	2
394	GGT	17778
394	GGC	1742
394	GRT	7
394	AGT	6
394	GRC	6
394	GAC	5
394	RGT	5
394	GGG	3
394	GAT	3
394	GGY	3
394	GGW	2
395	AAA	19370
395	AAG	184
395	ACA	3
395	ARA	3
396	GAG	17782
396	GAA	1765
396	GGA	4
396	GGG	2
396	GRA	2
396	GRG	2
397	TTC	19417
397	TTT	138
397	TTM	2
398	AAC	19311
398	AAT	139
398	AGC	104
398	AAY	2
399	CAC	17748
399	AAA	1529
399	CAT	192
399	AAT	24
399	CAA	19
399	AAC	12
399	AGC	9
399	CGC	8
399	AAG	7
399	CAY	6
399	AGT	4
400	CTT	9434
400	CTG	7435
400	TTG	2551
400	TTA	87
400	CTA	28
400	CTC	8
400	CTK	6
400	TTT	4
400	CTR	3
400	ATT	2
401	GAA	19057
401	GAG	445
401	GAM	27
401	GRA	12
401	GAC	8
401	GGA	3
401	GAT	2
401	GAK	2
401	GAR	2
402	AAA	17862
402	AGA	1576
402	AAG	92
402	AGG	23
402	ARA	3
402	ACA	2
403	AGA	18114
403	AGG	1392
403	RGA	41
403	GGA	6
403	AGW	3
403	AGT	3
404	ATA	17137
404	ATG	2334
404	ATT	34
404	CTA	28
404	CTG	14
404	GTA	7
404	GTG	3
404	RTA	2
405	GAG	17133
405	GAA	2392
405	GGG	23
405	GAT	4
405	GCA	2
406	AAT	18130
406	AAC	1414
406	AGT	16
407	CTA	13119
407	TTA	5386
407	TTG	1018
407	CTG	32
407	ATA	5
408	AAT	19319
408	AAC	227
408	AAY	4
408	AAK	4
408	AWT	3
408	TAT	2
409	AAA	19481
409	AAG	44
409	AGA	15
409	AAT	15
409	AAC	3
409	RAA	2
410	AAA	18407
410	AAG	1140
410	AAR	9
410	ARA	4
411	GTT	19437
411	GTA	62
411	GTC	26
411	ATT	22
411	GTG	8
411	RTT	3
412	GAT	19507
412	GAC	42
412	RAT	2
412	AAT	2
412	KAT	2
412	GAK	2
412	RAK	2
413	GAT	19298
413	GAC	263
414	GGT	17147
414	GGG	1816
414	GGA	433
414	GGC	155
414	GGW	3
414	GAG	2
414	AGG	2
415	TTC	17765
415	TTT	1783
415	TTG	8
415	TTA	2
416	CTG	17729
416	ATA	1266
416	CTA	413
416	TTG	136
416	CTT	7
416	ATG	6
416	YTG	2
417	GAC	19345
417	GAT	212
417	GAY	3
418	ATT	19094
418	GTT	378
418	ATC	59
418	GTA	13
418	CTT	5
418	RTT	2
418	ATG	2
418	GTC	2
418	ATA	2
418	ACT	2
419	TGG	19561
420	ACT	17956
420	ACA	1561
420	ACC	27
420	ACG	17
421	TAC	18023
421	TAT	1536
422	AAT	19449
422	AAC	109
423	GCC	17788
423	GCA	1627
423	GCT	133
423	RCC	6
423	GCM	5
424	GAA	19460
424	GAG	99
425	CTG	19074
425	TTG	393
425	CTA	57
425	CTT	15
425	ATG	11
425	CTC	5
425	TTA	4
426	TTG	18359
426	CTG	974
426	TTA	189
426	CTC	27
426	TTR	4
426	CTT	3
426	CTA	3
427	GTT	19430
427	ATT	66
427	GTC	31
427	ATC	10
427	ATA	9
427	GTA	6
427	RTT	5
427	GTG	3
428	CTA	18943
428	CTG	505
428	TTA	98
428	CTC	10
428	CTT	2
428	YTA	2
429	CTG	10969
429	TTG	8297
429	CTA	198
429	TTA	55
429	CTC	20
429	CTT	10
429	YTG	7
429	TTR	2
430	GAA	19499
430	GAG	61
431	AAT	14952
431	AAC	4607
431	AAY	2
432	GAA	19516
432	GAG	33
432	GGA	4
432	GAC	4
432	GRA	3
433	AGA	17884
433	AGG	1596
433	CGA	55
433	AKA	10
433	ARA	4
433	CGG	4
433	AAA	3
433	AGR	2
434	ACT	19401
434	ACC	58
434	AMT	34
434	ACG	28
434	AYT	15
434	AAT	13
434	RCT	7
434	ACA	3
435	TTG	19437
435	TTA	65
435	CTG	35
435	CTA	17
435	TTR	4
435	YTG	2
436	GAC	17865
436	GAT	1680
436	GAA	4
436	AAC	3
436	GRC	2
436	GGC	2
437	TAT	13335
437	TAC	4625
437	TTC	1559
437	TTT	14
437	TYC	7
437	TAY	6
437	YAC	5
437	CAC	3
437	AAT	2
437	YAT	2
438	CAC	16962
438	CAT	2589
438	CAY	6
438	CAM	2
439	GAT	17668
439	GAC	1777
439	RAT	34
439	RAC	31
439	AAC	15
439	AAT	10
439	GGC	4
439	GAA	4
439	GAM	3
439	KAC	3
439	GRT	2
439	GRC	2
440	TCA	17961
440	TCC	1507
440	TCG	39
440	TYC	13
440	TCT	12
440	TTT	9
440	TYA	4
440	CTT	4
440	TCR	3
440	WCA	3
440	WCC	2
441	AAT	19283
441	AAC	245
441	AAG	27
441	MAT	2
442	GTG	19333
442	GTA	182
442	GTT	14
442	ATG	14
442	RTG	13
442	ATA	2
442	GTR	2
443	AAG	19284
443	AAA	227
443	AGG	25
443	RAG	8
443	AAK	5
443	GAG	4
444	AAC	17537
444	AAT	1946
444	AGT	27
444	ACC	10
444	RAC	8
444	RAT	8
444	AGC	7
444	ART	3
444	AAA	3
444	ARC	3
444	GAC	3
444	GAT	2
444	AAY	2
445	TTG	15579
445	TTA	2577
445	CTG	1352
445	CTA	41
445	YTG	5
445	TTR	4
445	ATG	3
446	TAT	19496
446	TAC	46
446	TRT	8
446	TGT	5
446	CAT	3
446	TAY	2
447	GAA	17951
447	GAG	1585
447	GAC	14
447	GCA	3
447	AAA	3
447	GGA	2
448	AAA	14914
448	AAG	4624
448	AAR	9
448	AGG	5
448	AGA	3
449	GTA	19294
449	GTG	103
449	GTT	78
449	ATA	37
449	GTC	29
449	GCA	9
449	GTR	4
449	GYA	3
449	RTA	2
450	AGA	17880
450	AAA	1473
450	AAG	132
450	AGG	68
450	CGA	5
451	AAC	14832
451	AGC	3238
451	ACC	1304
451	AAT	73
451	TCA	28
451	CAC	25
451	GGC	16
451	AGT	9
451	AAA	7
451	ATC	7
451	ACA	6
451	RAC	4
451	ARC	3
451	GAC	3
452	CAG	17631
452	CAA	1925
452	CAR	2
453	TTA	18734
453	CTA	656
453	TTG	136
453	CTG	26
453	TTT	4
453	YTA	4
454	AAA	18097
454	AAG	1374
454	AGA	42
454	AGG	33
454	GAA	6
454	AAR	2
455	AAC	17798
455	AAT	1554
455	ACC	115
455	AGC	84
455	AGA	2
455	RAC	2
455	ACT	2
456	AAT	19554
456	AAC	5
456	AGT	2
457	GCC	18145
457	GCT	1202
457	GCA	211
457	GCM	2
458	AAG	17473
458	AAA	2041
458	AGG	16
458	GAG	14
458	AAT	5
458	CAA	4
458	AAR	3
459	GAA	19543
459	GAG	17
460	ATT	17881
460	ATA	1514
460	ATC	74
460	GTT	39
460	ACT	33
460	ATG	11
460	CTA	2
460	ACA	2
461	GGA	19375
461	GGG	161
461	GGT	13
461	GAA	5
461	GRA	2
461	GGR	2
461	GGC	2
462	AAC	16989
462	AAT	2555
462	GAC	5
462	AMC	2
463	GGC	17542
463	GGG	1542
463	GGA	347
463	GGT	120
463	RGC	3
464	TGC	17993
464	TGT	1564
464	TGY	4
465	TTT	19507
465	TTC	53
466	GAA	19474
466	GAG	77
466	AAA	5
466	GAC	2
467	TTT	18312
467	TTC	1242
467	ATT	4
467	YTT	2
468	TAC	17935
468	TAT	1602
468	CAC	8
468	TTC	7
468	TAY	3
469	CAC	19402
469	CAT	156
469	YAC	2
470	AAA	17929
470	AAG	1624
470	AGA	3
471	TGC	17720
471	TGT	1839
472	GAT	13000
472	GAC	5109
472	AAC	1389
472	AAT	48
472	GAY	9
472	RAT	2
473	AAC	17802
473	GAT	1498
473	GAC	184
473	AAT	68
473	AAY	2
473	AGC	2
474	ACA	9663
474	ACG	8001
474	GAA	1507
474	ATG	173
474	GAG	61
474	GCG	40
474	ACT	29
474	GCA	24
474	AAG	22
474	ACC	15
474	ACR	8
474	ATA	6
474	AAA	3
474	AMA	2
475	TGC	19205
475	TGT	353
476	ATG	19528
476	ATA	15
476	ATK	5
476	ACG	3
476	ATT	3
476	ATR	3
477	GAA	17968
477	GAG	1443
477	GAT	129
477	GGA	7
477	AAA	6
477	GAC	5
478	AGT	19325
478	AGC	150
478	AAT	79
478	GGT	2
478	ART	2
479	GTC	17896
479	GTA	1432
479	GTG	145
479	ATC	44
479	GTT	34
479	GTY	2
479	GCC	2
479	RTC	2
480	AAG	10493
480	AAA	8988
480	AGA	44
480	AGG	19
480	AAR	9
480	GAA	2
480	ARG	2
481	AAT	19499
481	AAC	49
481	GAT	3
481	ART	3
481	AGT	2
482	GGG	17744
482	GGA	1684
482	GAG	91
482	GGC	29
482	GGT	5
482	GRG	4
483	ACT	19402
483	ACC	110
483	ACA	31
483	ACG	4
483	ATT	3
483	GCT	3
484	TAT	19498
484	TAC	59
484	TAY	2
485	GAC	19082
485	GAT	394
485	GAA	37
485	AAT	23
485	AAC	16
485	GAM	3
485	GAG	2
486	TAC	17934
486	TAT	1623
487	CCA	19287
487	CCC	137
487	CCT	96
487	TCA	15
487	CCG	11
487	CTA	10
487	CCM	3
488	AAA	19308
488	AGA	158
488	AAG	72
488	ACA	10
488	GAA	5
488	ATA	2
489	TAC	18109
489	TAT	1446
489	TTC	2
490	TCA	17965
490	TCC	1505
490	ACA	49
490	TCT	17
490	TAT	13
490	TCG	8
490	TTC	2
491	GAG	17688
491	GAA	1726
491	GGG	108
491	AAG	16
491	AAA	12
491	GAT	3
491	GRG	2
491	GGA	2
492	GAA	19463
492	GAG	90
492	GAR	3
493	GCA	17893
493	TCA	1551
493	TCG	29
493	TCC	29
493	GCG	23
493	GCC	18
493	RCA	6
493	ACA	5
493	GTA	3
494	AAA	18078
494	AAG	1443
494	AGA	14
494	AGG	8
494	AAT	6
494	AAC	2
494	ACA	2
494	CAG	2
495	TTA	18979
495	CTA	393
495	TTG	166
495	CTG	11
495	ATA	3
495	TCA	2
495	TYA	2
495	YTA	2
496	AAC	18597
496	AGC	881
496	AAT	47
496	AAA	14
496	ACC	11
496	GAC	2
496	AAY	2
497	AGA	17989
497	AGG	1546
497	AAA	18
497	GGA	2
497	AAG	2
498	GAA	17897
498	GAG	1641
498	AAG	6
498	GTA	5
498	GGA	3
498	AAA	3
498	GAC	2
499	AAA	16693
499	GAA	2778
499	AAG	30
499	GAG	25
499	AGA	12
499	GTA	5
499	RAA	5
499	ATA	4
499	ACA	3
499	CAA	2
499	AAC	2
500	ATA	17983
500	ATT	1560
500	GTA	13
500	CTA	2
500	ATC	2
501	GAT	19377
501	GAA	82
501	GAC	57
501	AAT	16
501	GGT	9
501	TAT	9
501	GAG	5
501	GAY	2
502	GGA	11187
502	GGG	8334
502	GGT	18
502	GGR	12
502	GGC	4
502	GAG	2
503	GTA	17911
503	GTG	1587
503	ATA	35
503	GTT	17
503	RTA	6
503	GTC	2
504	AAG	17501
504	AAA	1929
504	AGG	115
504	GAG	4
504	ACG	2
504	ACA	2
505	CTG	17677
505	TTG	1766
505	CTA	91
505	CTT	18
505	TTA	5
505	CTR	2
506	GAA	18643
506	GAC	832
506	GAG	59
506	GAT	16
506	GAR	4
506	AAC	3
506	RAA	2
507	TCA	19514
507	TCG	25
507	CCA	8
507	TCT	8
507	GCA	2
508	ACA	17946
508	ATG	1553
508	GCA	23
508	GTG	11
508	ATA	9
508	ACG	7
508	AAA	3
508	ACC	3
508	RCA	2
509	AGG	17585
509	GGA	1490
509	AGA	331
509	GGG	61
509	AAG	43
509	GAA	23
509	ATG	15
509	ACG	4
509	ARG	3
510	ATC	12625
510	ATT	5189
510	GTC	1564
510	GTT	104
510	ACT	23
510	ACC	17
510	GTA	16
510	ATY	6
510	ATA	4
510	GTG	3
510	GTY	2
510	GCC	2
511	TAC	17937
511	TAT	1610
511	CAT	5
511	CAC	4
511	TTC	3
512	CAG	19127
512	CAA	260
512	AAT	137
512	CGG	28
512	CAR	3
512	CAT	2
513	ATT	19364
513	ATC	186
513	GTT	4
513	ATA	4
514	TTG	18036
514	CTG	1481
514	CTA	37
514	TTA	6
515	GCG	19341
515	GCA	183
515	ACG	13
515	TCG	12
515	GCT	6
515	GCR	4
516	ATC	19500
516	ATA	29
516	ATT	23
516	GTC	6
517	TAT	17540
517	TAC	2017
517	TAY	3
518	TCA	19513
518	TCC	28
518	TCG	9
518	GCA	5
518	TCT	3
519	ACT	17915
519	ACA	1522
519	ACG	77
519	ACC	36
519	GCT	8
520	GTC	14806
520	GTT	2471
520	GCC	2047
520	ATC	139
520	GCT	87
520	GTA	5
520	RTC	2
521	GCC	19417
521	GCT	129
521	GCA	10
521	ACC	2
521	TCC	2
522	AGT	19506
522	AGC	51
523	TCA	17886
523	TCT	1272
523	TCC	298
523	TCG	100
523	TCR	3
524	TTG	17346
524	CTG	1994
524	CTA	147
524	TTA	53
524	TTT	7
524	GTG	5
524	ATG	3
524	TTR	2
524	YTG	2
525	GTA	17881
525	GTT	1512
525	GTG	96
525	ATA	34
525	GTC	28
525	TTA	3
525	RTA	3
525	GTM	2
526	CTG	17873
526	CTT	1529
526	CTA	77
526	TTG	44
526	CTC	20
526	ATG	6
526	TTT	5
526	TTA	4
526	CTR	2
527	GTA	17839
527	TTG	1389
527	TTA	191
527	ATA	57
527	GTG	33
527	GCA	17
527	CTA	11
527	CTG	8
527	TCA	5
527	RTA	4
527	GTC	3
527	GTR	2
528	GTC	19388
528	ATC	168
528	GYC	2
529	TCC	19346
529	TCT	200
529	GCC	4
529	TTC	3
529	TCA	2
530	CTG	19522
530	TTG	23
530	CTA	10
530	CTT	3
531	GGG	19536
531	GGA	23
532	GCA	19555
532	GCG	2
533	ATC	19474
533	GTC	55
533	ATT	13
533	CTC	10
533	ACC	4
534	AGC	16069
534	AGT	3308
534	TGC	139
534	GGC	27
534	AGY	10
534	GGT	5
535	TTC	18962
535	TTT	588
535	TTA	5
535	CTC	2
535	TTY	2
536	TGG	19558
537	ATG	19559
538	TGC	17110
538	TGT	2447
539	TCT	17946
539	TCC	1599
539	TAT	4
539	TCA	3
539	GCC	2
539	TTT	2
540	AAT	19547
540	AAC	10
541	GGG	19466
541	GGA	83
541	GGT	7
542	TCT	19421
542	TCG	80
542	TCA	38
542	TCC	11
542	TAT	3
542	TTT	2
543	CTA	17841
543	TTG	1416
543	TTA	287
543	CTG	10
543	YTA	2
544	CAG	17063
544	CAA	2472
544	CAR	11
544	CRG	2
544	CTG	2
544	CGG	2
544	YAG	2
544	CAC	2
545	TGT	19305
545	TGC	249
545	TTT	3
546	AGA	19507
546	AGG	30
546	AAA	4
546	AGR	4
546	CGA	4
546	GGA	3
546	ASG	2
546	AGC	2
547	ATA	19488
547	GTA	45
547	ATT	14
547	ATM	3
547	GTG	2
547	ATC	2
548	TGT	17932
548	TGC	1620
549	ATT	17982
549	ATC	1567

#CALI07|HA-signal
1	ATG	19768
2	AAG	17800
2	AAA	1821
2	GAG	100
2	GAA	27
2	AAT	9
2	AGG	2
2	AAK	2
2	AMA	2
2	ACG	2
3	GCA	17661
3	GTA	1973
3	ACA	97
3	GTG	14
3	GCG	8
3	GAA	5
3	GCT	4
3	GYA	3
3	ATA	2
4	ATA	17829
4	AAA	1786
4	ACA	55
4	GTA	50
4	ATG	17
4	AGA	12
4	AAC	8
4	AYA	3
4	ATR	2
4	TTA	2
5	CTA	19667
5	TTA	36
5	ATA	20
5	CTG	19
5	TTG	15
5	CTT	5
5	YTA	2
6	GTA	17605
6	CTG	1592
6	GCA	198
6	ATA	142
6	ATG	112
6	CTT	27
6	TTA	17
6	CTC	15
6	TTG	15
6	TTT	14
6	CTA	10
6	ATT	8
6	GTG	6
6	GYA	3
6	GTT	2
7	GTT	18072
7	GTC	1526
7	ATT	53
7	ATC	51
7	GTA	19
7	ACC	13
7	ATA	9
7	GCT	7
7	TTT	5
7	GCC	4
7	RTC	2
7	GCA	2
7	GTG	2
8	CTG	18813
8	CTA	572
8	ATG	262
8	TTG	89
8	TTA	15
8	CTT	11
8	CTC	5
9	CTG	9237
9	CTA	8660
9	TTA	1757
9	ATA	31
9	TTC	28
9	TTG	16
9	TTT	15
9	CTR	9
9	CTC	9
9	ATG	3
10	TAT	16420
10	TGC	1353
10	TAC	1258
10	TGT	663
10	CAT	28
10	TTT	22
10	CAC	18
10	TAY	3
11	ACA	19641
11	GCA	79
11	ATG	14
11	ACG	12
11	ATA	12
11	ACC	5
11	AAA	2
12	TTT	18378
12	TTC	1227
12	CTT	91
12	TGT	14
12	ATT	13
12	TCC	11
12	TCT	9
12	TTA	7
12	GTT	5
12	YTT	3
12	TAT	3
12	TTY	2
13	ACA	15003
13	GCA	4512
13	ACC	106
13	AAA	39
13	ACG	34
13	ACT	23
13	GCC	13
13	GGA	11
13	TCA	7
13	RCA	6
13	GTA	5
13	ATA	4
13	ATT	3
14	ACC	17632
14	GCT	1773
14	GCC	211
14	ACT	72
14	ACA	24
14	GCA	23
14	ATC	16
14	AAC	5
14	GTT	2
14	GTA	2
14	CCC	2
15	GCA	17800
15	ACA	1744
15	ACG	129
15	TCA	32
15	GTA	13
15	GCG	10
15	CTG	10
15	TTA	9
15	CTA	5
15	GCC	4
15	RCA	4
15	GCT	2
16	AAT	17601
16	TAT	1749
16	AAC	241
16	AGT	59
16	GAT	47
16	AAA	33
16	ACT	19
16	TAC	5
16	AAG	4
16	CAT	3
16	RAT	2
16	ACA	2
17	GCA	19437
17	GCG	153
17	TCA	60
17	GCC	57
17	GCT	35
17	ACA	19
17	RCA	3
17	GCW	2
17	KCA	2

#CALI07|HA1
1	GAC	19828
1	GAT	9
1	RAC	2
2	ACA	19712
2	ACT	44
2	AAA	30
2	ACC	23
2	ACG	17
2	ATA	10
2	ACM	2
3	TTA	17890
3	ATA	1816
3	TTG	51
3	CTA	45
3	ATT	15
3	ATC	14
3	TTR	4
3	GTA	3
4	TGT	19665
4	TGC	177
5	ATA	19429
5	ATC	236
5	GTA	169
5	ATR	2
5	ACA	2
6	GGT	17915
6	GGC	1874
6	GGA	40
6	GGG	5
6	RGT	5
6	GGY	2
7	TAT	17661
7	TAC	2154
7	YAT	11
7	YAC	5
7	TTT	3
7	TMC	2
7	CAT	2
7	TRC	2
8	CAT	19819
8	CAC	17
9	GCG	17704
9	GCT	1023
9	GCC	780
9	GCA	302
9	GCR	10
9	RCG	7
9	GTG	4
9	GYG	4
9	ACG	2
9	GTC	2
10	AAC	19786
10	AAT	51
10	ACC	2
10	ARC	2
11	AAT	18010
11	AAC	1826
11	GAT	3
12	TCA	18688
12	TCG	1119
12	TCT	16
12	TCC	16
13	ACA	17824
13	ACC	1673
13	ACT	310
13	ACG	33
14	GAC	19767
14	GAT	42
14	AAC	13
14	GAA	8
14	GAG	8
14	GGC	3
15	ACT	19725
15	ACC	96
15	ATT	7
15	ACA	5
15	GCT	5
16	GTA	17796
16	GTT	1872
16	GTG	125
16	GTC	38
16	ATA	6
16	ATT	3
17	GAC	19106
17	GAT	715
17	AAC	9
17	RAC	4
17	GAY	4
17	GAA	3
18	ACA	19802
18	ACG	25
18	ACC	10
18	ACT	3
18	ACM	2
19	GTA	19593
19	GTG	155
19	ATA	77
19	TTA	6
19	RTA	4
19	GYA	2
20	CTA	17924
20	CTT	1781
20	TTA	50
20	CTC	40
20	CTG	25
20	ATG	8
20	TTG	5
20	YTA	3
20	TTT	2
21	GAA	19231
21	GAG	599
21	AAA	3
21	RAA	3
21	GGA	2
21	GRA	2
22	AAG	19731
22	AAA	65
22	AGG	37
22	RAG	2
22	AAR	2
23	AAT	19797
23	AAC	41
23	GAT	3
24	GTA	17934
24	GTG	1887
24	ATA	9
24	GTT	4
24	GTR	2
24	GCA	2
24	RTA	2
25	ACA	19390
25	ACG	382
25	ACT	31
25	ACC	27
25	GCA	3
25	AYA	2
26	GTA	17892
26	GTG	1920
26	GTT	16
26	ATA	10
27	ACA	19720
27	ACT	77
27	ACC	35
27	ACG	8
28	CAC	19754
28	CAT	74
28	TAC	3
28	CGC	3
28	CAY	2
28	CRC	2
28	CAA	2
28	CWC	2
29	TCT	19784
29	TCA	35
29	TCC	18
29	TAT	2
30	GTT	15422
30	GTC	4351
30	ATT	19
30	GTG	12
30	GTA	11
30	GCC	11
30	GCT	10
30	ATC	3
30	GTY	2
31	AAT	13262
31	AAC	6496
31	GAC	66
31	GAT	12
31	AAY	3
32	CTT	17840
32	CTG	1378
32	CTA	427
32	ATT	93
32	CTC	71
32	TTG	17
32	TTA	16
33	CTG	13169
33	CTA	4818
33	CTT	1787
33	CTC	32
33	TTG	13
33	TTA	9
33	CTR	4
33	ATG	4
33	CTW	2
34	GAA	18059
34	GAG	1781
34	GAC	2
35	GAC	18489
35	AAC	1139
35	GAT	96
35	ACC	42
35	GGC	41
35	GAA	10
35	TAC	10
35	AAT	5
35	AGC	3
35	TAT	2
35	RAC	2
35	GRC	2
36	AAG	17307
36	AGT	1333
36	AAA	488
36	AAC	242
36	AGC	208
36	AGG	77
36	ATG	55
36	AGA	48
36	AAT	36
36	CGT	18
36	GAG	16
36	ACC	8
36	AAR	3
36	CAG	2
37	CAT	17868
37	CAC	1964
37	AAT	9
38	AAC	17674
38	AAT	2076
38	GAC	66
38	GAT	11
38	AAY	5
38	AGC	4
38	RAC	3
38	ACC	2
39	GGA	14910
39	GGG	4811
39	GGT	47
39	AGA	23
39	GAG	19
39	GAA	16
39	AGG	6
39	GGR	5
39	GRA	3
40	AAA	19767
40	AAG	55
40	AGA	16
40	AAC	3
41	CTA	19523
41	TTA	146
41	CTG	124
41	CTC	21
41	CTT	16
41	ATA	9
41	YTA	2
42	TGC	17954
42	TGT	1887
43	AAA	17918
43	CTA	1761
43	AAG	41
43	AGA	36
43	AAC	23
43	TTA	15
43	AGC	14
43	CAA	10
43	ACA	6
43	CGA	5
43	CTG	4
43	AAR	4
43	AAT	2
44	CTA	18153
44	TTA	1533
44	CTG	133
44	CTT	8
44	ATA	5
44	MTA	3
44	YTA	2
44	CTR	2
44	TTW	2
45	AGA	16717
45	AAA	2013
45	GGA	842
45	AGG	110
45	AAG	39
45	CGA	30
45	GGG	17
45	AAC	16
45	AAT	16
45	GAA	14
45	CAA	10
45	RGA	6
45	ATA	5
45	ARA	5
46	GGG	17619
46	GGA	2208
46	GGR	8
46	GAG	5
46	GGT	2
47	GTA	17703
47	ATA	1810
47	AAA	111
47	GTG	56
47	TTA	56
47	GCA	45
47	GTT	20
47	AAG	15
47	GAA	13
47	GGA	3
47	CTA	2
47	ATT	2
48	GCC	19056
48	GCT	243
48	CCC	228
48	GTC	146
48	TCC	82
48	ACC	59
48	GCA	10
48	RCC	4
48	ATC	4
48	KCC	3
48	GCY	2
49	CCA	19491
49	CCG	283
49	CCC	67
50	TTG	17843
50	CTA	1544
50	TTA	397
50	CTG	46
50	TTR	6
50	ATA	2
51	CAT	17882
51	CAA	1833
51	AAT	61
51	CAC	40
51	TAC	9
51	TAT	8
51	CCT	2
51	CGT	2
51	CAG	2
52	TTG	19507
52	TTA	277
52	CTG	41
52	CTA	15
53	GGT	19546
53	GGC	233
53	GGG	34
53	GGA	25
54	AAA	17925
54	AAC	973
54	AAT	743
54	AGT	139
54	AGA	35
54	AAG	11
54	GAA	9
54	GAT	2
54	AAR	2
55	TGT	17283
55	TGC	2557
55	TGY	2
56	AAC	17946
56	AGC	1800
56	GAC	71
56	AAT	15
56	AGT	5
56	ACC	3
57	ATT	17953
57	GTT	1768
57	ATC	62
57	GTG	22
57	ATA	15
57	GTA	8
57	ACT	5
57	GTC	5
57	ATW	2
58	GCT	17881
58	GCC	1821
58	GCG	97
58	GCA	40
58	GCY	2
59	GGC	17845
59	GGG	1307
59	GGA	658
59	GGT	26
59	GGM	2
59	GGR	2
60	TGG	19838
61	ATC	19546
61	CTC	89
61	CTT	73
61	ATT	55
61	ATA	43
61	GTC	24
61	RTC	5
61	ATY	3
61	ATM	2
62	CTG	17773
62	TTA	1775
62	TTG	199
62	CTA	53
62	CTT	21
62	CTC	15
62	CTR	3
63	GGA	19478
63	GGG	328
63	GGC	30
63	GGT	3
63	GGR	2
64	AAT	17865
64	AAC	1961
64	AAY	5
64	AGT	4
64	GAT	3
64	ART	2
65	CCA	19795
65	CCG	25
65	CCT	15
65	CCC	5
66	GAG	17853
66	GAA	1961
66	AAA	10
66	GAT	9
66	AAG	3
66	GGG	2
67	TGT	17963
67	TGC	1876
67	TGY	2
68	GAA	19390
68	GAC	304
68	GGA	90
68	GAG	48
68	GAT	4
68	GTA	3
69	TCA	17523
69	TTA	1528
69	ACA	318
69	TTG	217
69	CCA	193
69	CTG	23
69	GTA	17
69	TCG	6
69	TCR	6
69	CTA	3
69	TCT	3
69	YCA	2
70	CTC	17916
70	CTG	1804
70	CTA	53
70	CTT	22
70	TTG	17
70	ATA	9
70	CCC	4
70	TTC	4
70	ATC	4
70	YTC	3
70	TTA	2
71	TCC	17831
71	ATT	1643
71	AAT	130
71	TCT	55
71	TTC	49
71	CTC	35
71	TAC	27
71	ACC	11
71	ATC	11
71	CTT	11
71	GCC	10
71	TTT	9
71	CCC	6
71	TCY	4
71	TCA	3
71	GTT	3
71	ATG	2
71	YCC	2
72	ACA	17782
72	TCC	1753
72	ACG	174
72	ACT	37
72	ACC	22
72	CCC	20
72	TCT	16
72	GCA	13
72	CCA	9
72	AAA	5
72	TCA	3
72	ACM	2
72	ATA	2
73	GCA	17788
73	AAG	1568
73	AAA	149
73	GAA	110
73	AGG	70
73	TCA	41
73	GCG	41
73	GTA	26
73	ACA	25
73	GTG	11
73	AAT	4
73	RCA	3
73	ARG	2
74	AGA	9334
74	AGT	5501
74	AGC	2870
74	GAG	1266
74	GAA	493
74	AGG	240
74	AAA	46
74	AAT	30
74	GGA	16
74	GGT	8
74	AAC	7
74	AAG	5
74	ATT	3
74	ATA	3
74	AGM	3
74	AGW	3
74	GGG	2
74	GGC	2
74	ARA	2
75	TCA	19769
75	TCG	52
75	TCC	7
75	TCT	6
75	CCA	5
76	TGG	19842
77	TCC	19663
77	TCT	92
77	TCA	56
77	CCC	28
78	TAC	19793
78	TAT	49
79	ATT	19674
79	ATC	99
79	ATA	58
79	GTT	5
79	ATY	4
80	GTG	17642
80	GTA	1868
80	GTT	283
80	ATA	33
80	GCA	13
80	GTR	2
81	GAA	19554
81	GAG	283
81	GAR	3
82	ACA	17752
82	AAA	1232
82	ACG	629
82	AGA	130
82	GCA	31
82	ACT	27
82	ACC	10
82	AAC	9
82	ATA	9
82	AYA	4
82	AAG	3
82	GTA	2
83	TCT	17752
83	CCA	1656
83	CCT	167
83	TCA	159
83	TCC	53
83	CCC	16
83	TAT	11
83	TCG	11
83	TTT	9
83	CCG	2
83	GCT	2
84	AAT	15206
84	AGT	4415
84	GGT	89
84	AAC	75
84	GAT	13
84	ATT	11
84	AGC	11
84	ACT	8
84	AAA	7
84	ART	3
84	AAG	3
85	TCA	17932
85	CCT	1770
85	TCC	43
85	TCG	41
85	TCT	33
85	CCA	16
85	CCC	3
86	GAC	17853
86	GAG	1765
86	GAA	114
86	GAT	41
86	AAC	33
86	GGC	14
86	AAA	13
86	GTG	3
86	RAC	3
87	AAT	19816
87	AAC	16
87	AAA	5
88	GGA	19341
88	GGG	479
88	GGT	19
88	GGR	2
89	ACG	17114
89	ACA	2636
89	GCA	39
89	ACT	22
89	ATA	12
89	GCG	6
89	ACR	5
89	ATG	4
90	TGT	19728
90	TGC	112
91	TAC	19782
91	TAT	58
91	TAY	2
92	CCA	19769
92	CCT	46
92	CCC	19
92	CCG	8
93	GGA	17934
93	GGG	1903
93	GGT	2
93	GGR	2
94	GAT	17686
94	CAT	1355
94	TAT	396
94	GAC	286
94	GAA	39
94	AAT	26
94	GAG	20
94	CAG	13
94	AGT	9
94	GGT	4
94	CTT	3
94	RAT	3
95	TTC	19818
95	TTT	23
96	ATC	17897
96	GCT	1028
96	GCC	624
96	GAA	129
96	ATT	41
96	ATA	37
96	ACC	35
96	GTC	26
96	ACA	8
96	TTC	4
96	AAC	3
96	AGC	2
96	RTC	2
96	TCC	2
97	AAT	15463
97	GAT	2369
97	GAC	1809
97	AAC	187
97	RAT	5
97	AGT	2
98	TAT	19829
98	TAC	10
98	CAT	2
99	GAG	19456
99	GAA	366
99	GRG	10
99	GRA	3
99	GGG	2
100	GAG	17343
100	GAA	2497
100	GAR	2
101	CTA	17840
101	CTG	1940
101	TTA	28
101	TTG	25
101	CTR	3
101	YTA	2
102	AGA	17465
102	AGG	2348
102	CGT	13
102	AAG	6
102	CGA	4
102	ARA	2
102	AGR	2
103	GAG	19739
103	GAA	91
103	RAG	3
103	GRG	3
103	GGG	2
103	GMG	2
103	AAG	2
104	CAA	18789
104	CAG	1017
104	CAT	18
104	CGA	7
104	CAC	5
104	MAA	5
105	TTG	17704
105	CTG	2044
105	TTA	58
105	CTA	24
105	YTG	7
105	ATG	2
106	AGC	17776
106	AGT	2054
106	AAC	5
106	RGT	2
107	TCA	19793
107	TCT	18
107	ACA	13
107	TCG	9
107	TCC	3
107	WCA	2
108	GTG	17828
108	GTA	1935
108	GTT	40
108	ATG	12
108	ATA	9
108	TTG	6
108	GTC	5
108	CTG	2
108	GCG	2
109	TCA	17830
109	TCT	1808
109	TCG	190
109	TCC	5
109	GCA	3
110	TCA	19356
110	TCG	462
110	TTA	15
110	TCT	6
110	ACA	3
111	TTT	19794
111	TTC	34
111	CTT	8
111	YTT	3
112	GAA	17453
112	GAG	2201
112	AAG	149
112	AAA	35
113	AGG	18276
113	AGA	1322
113	AAG	171
113	AAA	54
113	CGG	6
113	GGG	5
113	ATG	2
113	AGR	2
113	CGA	2
114	TTT	18037
114	TTC	1802
114	ATT	2
115	GAA	14673
115	GAG	5164
115	GAR	4
116	ATA	19699
116	ATG	90
116	ATT	38
116	GTA	10
116	ATC	3
116	ATW	2
117	TTC	19733
117	TTT	107
117	TTY	2
118	CCC	18998
118	CCA	650
118	CCT	173
118	CCG	15
118	TCC	5
119	AAG	17311
119	AAA	2421
119	AAT	22
119	AAK	22
119	AGG	21
119	AGA	13
119	ATA	9
119	GAG	6
119	AAR	5
119	CAG	3
119	RAG	2
119	MAG	2
119	ATG	2
120	ACA	16233
120	GCA	1586
120	GAA	1448
120	GAG	190
120	ATA	155
120	AAG	129
120	ACG	36
120	GGA	26
120	GAT	21
120	AAA	6
120	GTA	5
120	GCT	3
121	AGT	17593
121	AGC	1846
121	AAT	327
121	ACC	14
121	AAC	12
121	ATT	11
121	GGT	9
121	AGA	6
121	ART	4
121	AGY	4
121	GGC	4
121	ACT	3
121	AGG	3
121	AKT	2
121	AKC	2
122	TCA	19778
122	TCG	37
122	TCT	12
122	GCA	9
122	TCR	3
123	TGG	19842
124	CCC	10326
124	CCT	9444
124	CCA	59
124	CCY	7
124	CTC	3
125	AAT	18020
125	AAC	1651
125	GAT	64
125	AAA	25
125	AGC	14
125	AAM	12
125	ARC	10
125	MAC	10
125	WAC	7
125	CAC	5
125	RAT	4
125	AGT	4
125	GAC	3
125	RAC	3
125	AMC	3
125	WAT	2
125	AAS	2
125	GAA	2
126	CAT	17915
126	CAC	1808
126	TAT	119
127	GAC	17561
127	ACC	1734
127	GAT	220
127	GAA	129
127	GAG	51
127	GAM	51
127	ACT	37
127	AAC	22
127	GAS	8
127	ACA	6
127	ATC	5
127	AYC	3
128	TCG	17601
128	GTA	1704
128	TCA	176
128	ACG	130
128	ACA	83
128	CCG	38
128	GCA	26
128	TCT	22
128	TTG	15
128	CCA	11
128	ATA	4
128	ACC	4
128	GTG	4
128	TCR	3
128	TYG	2
129	AAC	15318
129	GAC	2622
129	ACC	1807
129	AGC	21
129	AAT	19
129	AAA	11
129	ACT	9
129	ACA	9
129	RAC	9
129	GAT	4
129	ARC	4
129	GCA	2
129	AAY	2
130	AAA	16864
130	AAT	1044
130	AGA	84
130	AAG	43
130	AAC	12
130	ACA	9
130	AAK	2
130	AAW	2
131	GGT	17995
131	GGA	1799
131	GGG	25
131	GGC	20
132	GTA	18384
132	GTG	1192
132	GTT	147
132	GCG	36
132	ATA	25
132	GTC	21
132	TCC	8
132	GAG	6
132	ACC	5
132	AAG	4
132	GCA	3
132	GTR	2
132	GYA	2
133	ACG	17467
133	TCA	1723
133	ACA	460
133	ACT	126
133	TCC	51
133	ACR	8
133	TCG	4
133	ACK	2
134	GCA	19529
134	TCA	138
134	GCT	61
134	ACA	53
134	GCC	15
134	GTT	13
134	GTA	8
134	GCG	8
134	GYA	4
134	GCR	3
134	ATA	2
134	AYA	2
135	GCA	18007
135	TCA	1802
135	KCA	13
135	GCT	10
135	GCG	4
135	TCG	2
135	GCC	2
136	TGT	17865
136	TGC	1977
137	CCT	16918
137	TCC	1828
137	TCT	961
137	CCC	56
137	CCA	29
137	ACT	17
137	CTT	15
137	YCT	4
137	CAT	4
137	TCA	3
137	GCT	3
138	CAC	13844
138	CAT	5722
138	CAA	109
138	CGT	69
138	TAC	30
138	TAT	30
138	GAT	9
138	CTC	9
138	CGC	6
138	AAC	3
138	CAY	3
138	CTT	2
138	MAC	2
139	GCT	17786
139	AAT	1311
139	AAC	469
139	GAT	143
139	TCT	43
139	GCC	35
139	GCA	16
139	ACT	11
139	AAG	7
139	GCG	7
139	GAG	6
139	RCT	2
139	GTT	2
140	GGA	17283
140	GGG	2538
140	GAA	5
140	GGT	5
140	AGA	4
140	AGG	2
140	GGR	2
141	GCA	17737
141	GAA	1327
141	AAA	381
141	ACA	146
141	AAC	139
141	TCA	37
141	GCT	16
141	RAA	15
141	ATC	8
141	GCC	7
141	AGA	7
141	GTA	7
141	GCG	6
141	ACG	3
141	KCA	3
141	GAG	2
142	AAA	17807
142	AGC	1573
142	AAC	226
142	AGA	143
142	AAG	35
142	AGT	25
142	AGG	7
142	AAT	5
142	AGM	3
142	CGC	3
142	AAR	3
142	GGA	3
142	ARM	2
142	WGC	2
142	AAM	2
143	AGC	17738
143	AGT	1522
143	GGC	570
143	GGT	4
143	RGC	3
143	AAC	3
143	AGY	2
144	TTC	18100
144	TTT	1741
145	TAC	19816
145	TAT	26
146	AAA	18169
146	AGA	1550
146	GAA	32
146	AAG	22
146	AAC	20
146	CGG	15
146	CGA	13
146	AGG	7
146	ACA	3
146	AGT	3
146	CAA	3
146	AGC	2
146	AAR	2
147	AAC	12549
147	AAT	7288
147	AAY	3
147	ACC	2
148	TTG	14735
148	TTA	5055
148	CTG	45
148	CTA	3
149	ATA	17883
149	CTA	1756
149	GTA	97
149	TTA	30
149	ATT	20
149	CTG	18
149	ATC	13
149	ATG	6
149	CTC	6
149	GTC	5
149	CCA	2
149	ATR	2
149	YTA	2
150	TGG	19842
151	CTG	11097
151	CTA	8636
151	ATA	32
151	CTT	27
151	TTG	22
151	TTA	15
151	CTR	6
151	GTA	3
151	YTG	2
152	GTT	17631
152	ACG	1639
152	ACA	174
152	GTC	108
152	GTA	99
152	ATT	90
152	ACT	67
152	GTG	17
152	RTT	7
152	GCA	5
152	ATA	3
153	AAA	17751
153	GGG	1205
153	GGA	273
153	AAG	214
153	GTA	129
153	AGG	59
153	CAA	55
153	RGG	48
153	GAG	34
153	GTG	34
153	RAA	10
153	GAA	9
153	GCG	6
153	AGA	4
153	RGA	3
153	CGG	2
153	GAR	2
154	AAA	17967
154	AAG	1830
154	RAA	12
154	GAA	10
154	AGA	3
154	AMA	3
154	GCA	3
154	AAM	2
154	MAA	2
154	AAC	2
154	CAA	2
154	AAR	2
154	ACA	2
155	GGA	16363
155	AAT	1641
155	GGG	1358
155	GAA	171
155	AAC	142
155	GRA	76
155	GAG	27
155	GGT	23
155	AGA	20
155	GGR	8
155	AAA	6
155	GAT	3
155	GTA	2
156	AAT	17637
156	GGT	1628
156	AAA	234
156	GAT	105
156	AAC	71
156	GGC	41
156	AGT	34
156	RAT	21
156	AAW	20
156	ACT	16
156	ATT	5
156	GAA	4
156	MAA	4
156	ACC	4
156	ACA	3
156	RAA	3
156	AWT	2
156	GRT	2
156	AAM	2
157	TCA	17943
157	TTG	1773
157	TCG	49
157	TCC	30
157	TTA	18
157	TCT	11
157	ACA	7
157	CTG	3
157	TYA	3
157	TCR	2
158	TAC	19631
158	TAT	211
159	CCA	19739
159	CCT	44
159	CCG	39
159	CCC	8
159	TCA	6
159	CCR	5
160	AAG	16797
160	AAC	1716
160	ATG	1032
160	AAA	181
160	AGG	27
160	AAT	23
160	AMC	14
160	ACC	14
160	ARC	7
160	ACG	6
160	AAM	5
160	AGC	5
160	ATA	2
160	AAR	2
161	CTC	17228
161	CTG	1780
161	ATC	682
161	CTT	63
161	GTC	44
161	TTG	20
161	TTC	16
161	CTA	3
161	MTC	3
161	CTM	2
162	AAC	12982
162	AGC	6499
162	AAT	142
162	AGT	79
162	CGC	24
162	AGM	15
162	ARC	13
162	ATC	12
162	AGA	11
162	ACC	9
162	AAM	8
162	AAA	8
162	RGC	6
162	MAC	5
162	AMC	4
162	WAC	4
162	GAC	3
162	AAY	3
162	AKC	3
162	RAC	2
162	AGY	2
163	CAA	14836
163	AAA	2981
163	AAG	1754
163	ATA	86
163	ACG	47
163	AAC	33
163	CAG	20
163	AAT	16
163	GAA	14
163	ACA	13
163	AGA	12
163	CTA	9
163	ATG	4
163	CGA	4
163	AGG	3
163	MAA	3
163	RAA	2
164	TCC	10247
164	ACC	9359
164	TCT	74
164	ACT	65
164	TCA	35
164	TTC	14
164	ATC	11
164	AYC	8
164	TYC	6
164	ACA	6
164	WCC	4
164	CCC	4
164	RCC	2
164	GCC	2
165	TAC	17949
165	TAT	1886
165	TTT	5
166	ATT	17635
166	GCA	1589
166	GTT	211
166	ACA	172
166	ATC	57
166	ACT	42
166	ATG	21
166	GTG	18
166	GAA	17
166	GTA	16
166	GTC	14
166	TTT	11
166	GAG	10
166	ATA	10
166	AAG	5
166	AGT	4
166	ATY	3
166	WTT	2
166	ACG	2
167	AAT	17776
167	AAC	2065
168	GAT	17473
168	AAC	1650
168	GAC	381
168	AAT	171
168	AAA	152
168	GAA	5
168	GGT	3
168	AAG	3
168	RAT	2
168	GAG	2
169	AAA	19400
169	AAG	275
169	GAG	126
169	AGA	26
169	ARA	4
169	CAA	2
169	AGG	2
169	GAA	2
170	GGG	17699
170	GAA	994
170	GAG	707
170	GGA	359
170	AAG	48
170	AGG	23
170	GGR	5
170	RGG	2
170	GGT	2
171	AAA	19679
171	AAG	139
171	AGA	17
171	AAT	5
172	GAA	19732
172	GAT	43
172	GAG	26
172	AAA	17
172	GAC	13
172	GTA	5
172	GGA	3
172	RAA	2
173	GTC	18504
173	ATC	828
173	GTT	472
173	GTA	21
173	GTG	10
173	RTC	3
173	ATT	2
173	GTY	2
174	CTC	18096
174	CTT	1643
174	CTA	93
174	CTY	5
174	TTA	2
174	CTM	2
175	GTG	17953
175	GTA	1805
175	ATA	57
175	GTT	8
175	GTR	8
175	GTC	4
175	GTK	2
175	RTA	2
176	CTG	15549
176	CTA	4145
176	TTG	43
176	CTT	23
176	ATA	21
176	TTA	21
176	CTR	12
176	ATC	11
176	ATG	5
176	GTA	4
176	ATT	4
177	TGG	19842
178	GGC	17746
178	GGT	1931
178	GCC	96
178	GGA	64
178	GGG	3
179	ATT	17807
179	GTT	1798
179	ATC	144
179	ATA	56
179	GTG	19
179	GTC	10
179	ATY	3
179	GTA	3
180	CAC	17906
180	CAT	1933
180	CAY	2
181	CAT	17642
181	CAC	2185
181	AAC	10
181	CAA	2
181	CAY	2
182	CCA	18105
182	CCG	1681
182	CCT	26
182	CCC	16
182	YCG	6
182	CMA	5
182	TCG	3
183	TCT	9645
183	CCT	8599
183	CCA	1305
183	TCC	89
183	YCT	81
183	CCC	80
183	CCG	22
183	TCA	10
183	GCT	5
184	ACT	17763
184	AAC	1589
184	ACC	226
184	AGC	145
184	GAC	40
184	AMT	38
184	AAT	27
184	AAA	4
184	AAM	4
184	RAC	2
185	ACT	12971
185	ATT	2854
185	AGT	1979
185	ATA	1634
185	ATG	153
185	ACC	127
185	ACA	22
185	AAT	18
185	AGC	17
185	GCT	13
185	GAC	13
185	GGT	10
185	CCT	5
185	AST	4
185	AMT	3
185	ATC	3
185	GCA	3
185	GTT	2
185	ACY	2
185	ACG	2
186	GCT	17490
186	GGT	887
186	ACT	471
186	GGG	235
186	GTT	226
186	GAG	156
186	AGT	148
186	GCC	97
186	AAT	33
186	GCA	14
186	GAC	14
186	AGG	11
186	AAG	9
186	RGG	8
186	ACC	8
186	TCT	8
186	ATT	7
186	GAT	5
186	GGA	5
186	RAG	2
187	GAC	17950
187	GCC	681
187	AAC	351
187	RAC	296
187	GAT	159
187	GTC	109
187	GWC	80
187	GGC	55
187	RWC	35
187	GAA	24
187	AAT	23
187	RAT	15
187	GWT	15
187	GYC	6
187	SAC	5
187	GRC	5
187	KAC	4
187	RRC	4
187	GKC	3
187	GAY	3
187	GTT	3
187	GVC	2
187	RWT	2
187	TAC	2
187	AGC	2
187	GMC	2
187	RCC	2
188	CAA	19779
188	CAG	63
189	CAA	17221
189	AAG	1008
189	GAA	691
189	AGG	525
189	ATG	223
189	CAG	65
189	CGG	39
189	CGA	17
189	AAA	14
189	AGT	10
189	CTA	8
189	AAT	7
189	CAC	3
189	MAA	2
189	AGR	2
189	CAM	2
189	ATA	2
190	AGT	17442
190	GCC	911
190	ACC	893
190	AGC	296
190	MGT	63
190	ATT	50
190	CGT	42
190	AAT	41
190	GCT	28
190	ACT	20
190	AGK	10
190	GGT	10
190	TGG	8
190	AGA	4
190	AGG	4
190	GTT	4
190	GTC	2
190	AGW	2
190	ART	2
191	CTC	19643
191	MTC	96
191	ATC	65
191	CTT	29
191	CTA	8
192	TAT	19517
192	TAC	323
193	CAG	17881
193	CAT	1521
193	CGT	214
193	CAA	109
193	AAA	52
193	CAC	33
193	AAT	13
193	TAT	5
193	CAR	4
193	CGG	4
193	AAC	2
194	AAT	18030
194	ACA	1549
194	AAA	217
194	ACG	17
194	AAC	13
194	ACT	10
194	AGT	4
195	GCA	17844
195	GAA	1858
195	ACA	31
195	GCT	30
195	GTA	18
195	GCG	16
195	AAT	14
195	ACT	12
195	RCA	3
195	GAT	2
195	RAA	2
195	GAC	2
195	GAG	2
195	GCC	2
196	GAT	17982
196	AAT	1822
196	GAC	16
196	CAT	12
196	RAT	4
196	GAA	2
196	CAC	2
197	GCA	17277
197	GCT	1799
197	ACA	587
197	GCC	126
197	GCG	21
197	TCA	12
197	RCA	7
197	TCC	6
197	ACT	2
198	TAT	19791
198	CAT	26
198	TAC	15
198	TCT	9
199	GTT	18509
199	GTC	1187
199	GTG	64
199	GCT	62
199	GTA	8
199	ATT	6
199	ATC	2
199	GGT	2
199	GTY	2
200	TTT	17927
200	TCT	1800
200	TTC	73
200	TCA	30
200	YTT	3
200	TCC	3
200	TYT	2
201	GTG	17976
201	GTA	1824
201	GTT	33
201	GTR	4
201	GTC	4
202	GGG	17824
202	GTG	1769
202	GGA	156
202	GRG	32
202	ATG	16
202	GAG	11
202	GTT	10
202	KGG	8
202	GTA	7
202	RGG	3
202	GGR	3
202	TGG	2
203	ACA	17336
203	TCT	1758
203	TCA	663
203	TCC	36
203	ACC	16
203	ACT	14
203	ACG	12
203	GCA	4
204	TCA	19781
204	TCG	38
204	TCC	13
204	ACA	5
204	CCA	4
205	AGA	17196
205	CAT	1775
205	AAA	753
205	AGG	41
205	AAG	21
205	AAT	14
205	CAC	13
205	ACG	9
205	ARA	7
205	CGA	4
205	AGT	3
205	ATA	2
206	TAC	18005
206	TAT	1827
206	TRC	3
206	TAY	2
206	GAC	2
207	AGC	19706
207	AAC	62
207	AGT	45
207	TAC	14
207	ARC	8
207	GGC	2
208	AAG	17707
208	AGA	1748
208	AAA	216
208	AGG	121
208	CGG	15
208	GGA	14
208	CAG	9
208	AAR	3
208	AAT	3
208	CAA	2
208	GAG	2
209	AAG	17773
209	AAA	1510
209	AGA	460
209	ATG	31
209	GAG	16
209	AGG	14
209	RAG	14
209	AAK	9
209	GAA	9
209	AAR	2
209	AAT	2
210	TTC	19743
210	TTT	79
210	TTA	5
210	CTC	5
210	GTC	3
210	TCC	2
210	TTM	2
210	ATC	2
211	AAG	17594
211	ACC	1779
211	AAA	270
211	GAG	96
211	ACA	36
211	AGA	22
211	AGG	14
211	ACT	6
211	ATC	6
211	AAT	4
211	AAR	3
211	GCC	2
211	RAG	2
212	CCG	17446
212	CCA	2343
212	CCT	44
212	CCR	4
212	CCC	2
212	TCG	2
213	GAA	19789
213	GAG	44
213	GAR	5
213	ATA	3
214	ATA	19788
214	GTA	51
214	ATG	2
215	GCA	17397
215	GCC	1727
215	GGA	353
215	GCT	108
215	ACC	59
215	GMA	50
215	RCA	47
215	GTA	24
215	GYA	16
215	GCG	15
215	ACA	13
215	GAA	12
215	GTC	8
215	GRA	4
215	RMA	3
215	GTG	2
216	ACA	12085
216	ATA	4755
216	AAA	2648
216	AAG	116
216	GTA	91
216	GCA	37
216	GCC	23
216	ATT	15
216	AYA	12
216	GAA	12
216	CCA	8
216	AGG	8
216	ACG	7
216	ACC	3
216	AMA	3
216	ACT	3
216	ATR	2
216	AGA	2
216	ATG	2
216	GTT	2
217	AGA	19683
217	AGG	154
217	CGA	3
218	CCC	19697
218	CCT	126
218	CCA	9
218	CYC	5
218	CCY	2
218	CCM	2
219	AAA	19334
219	AAG	490
219	AGA	13
219	ARA	2
219	AAR	2
220	GTG	18233
220	GTA	1527
220	GTC	26
220	GTT	18
220	ATA	17
220	ATG	7
220	GTR	5
220	RTG	4
220	TTG	3
221	AGG	17790
221	AGA	1878
221	CGA	133
221	CGG	24
221	AAG	8
221	ARG	6
221	AGR	3
222	GAT	18996
222	AAT	229
222	GGT	207
222	GAC	162
222	GRT	93
222	RAT	48
222	GAA	45
222	RRT	20
222	GGG	15
222	GAG	9
222	GGC	6
222	GGA	5
222	GCT	2
223	CAA	19053
223	CAG	461
223	CGA	214
223	CRA	109
223	CAR	2
223	CGG	2
224	GAA	19484
224	GCA	137
224	GRA	53
224	RAA	43
224	GAG	40
224	AAA	28
224	GCG	21
224	GCT	13
224	ACA	9
224	GGA	4
224	GMA	3
224	ATG	2
225	GGG	17885
225	GGA	1908
225	GGT	18
225	GSG	15
225	GGC	14
225	GCG	2
226	AGA	19746
226	AGG	96
227	ATG	18037
227	ATC	1646
227	ATA	142
227	ATT	13
227	ATK	2
228	AAC	19479
228	AAT	323
228	GAC	16
228	AGC	14
228	AAY	4
228	GAT	4
229	TAT	18042
229	TAC	1799
230	TAC	19643
230	TAT	180
230	CAC	19
231	TGG	19842
232	ACA	17998
232	ACT	1795
232	ACG	20
232	ACC	11
232	GCA	8
232	ATA	6
233	CTA	17724
233	CTG	1730
233	ATA	225
233	TTA	128
233	TTG	24
233	CTC	4
233	MTG	2
233	CTT	2
234	GTA	17585
234	CTT	1439
234	ATA	319
234	CTG	214
234	CTA	145
234	TTA	59
234	GTG	51
234	GTT	12
234	TTG	12
234	RTA	3
235	GAG	13953
235	GAA	4467
235	GAC	1312
235	GAT	51
235	AAG	22
235	AAA	13
235	GGG	10
235	GAR	5
235	RAG	2
235	AAC	2
235	GRG	2
236	CCG	17501
236	CCC	1793
236	CCA	334
236	CCT	175
236	CAA	15
236	CAG	13
236	CCR	4
236	CAT	2
236	CCY	2
237	GGA	17914
237	GGG	1817
237	GGT	78
237	AGG	18
237	AGA	5
237	GAG	4
237	GGR	3
237	GGW	2
238	GAC	18005
238	GAT	1812
238	GAG	11
238	GGC	4
238	AAT	4
238	GAA	3
239	AAA	17860
239	ACA	1824
239	AAG	88
239	ACT	38
239	AGA	14
239	ACC	14
239	ACG	3
240	ATA	19780
240	GTA	56
240	ATC	3
240	MTA	2
241	ACA	17937
241	ATA	1813
241	ACG	52
241	ACC	15
241	ACT	14
241	ATG	3
241	AAA	3
241	GTA	2
242	TTC	17929
242	TTT	1904
242	CTC	3
242	TTY	2
242	ATC	2
243	GAA	17774
243	GAG	2059
243	RAA	2
244	GCA	19769
244	GCT	28
244	GCC	17
244	ACA	15
244	GCG	10
244	TCA	2
245	ACT	18016
245	AAT	1628
245	AGT	171
245	ACG	10
245	ACA	7
245	ACC	6
245	AAC	2
245	TCT	2
246	GGA	19556
246	GGG	193
246	GGT	93
247	AAT	19734
247	AAC	103
247	AAY	4
248	CTA	19675
248	CTG	100
248	TTA	41
248	TTG	20
248	CTT	3
248	CTC	2
249	GTG	17803
249	ATA	1829
249	TTG	161
249	GTA	34
249	ATG	6
249	GTT	3
249	GTR	2
250	GTA	17633
250	GCG	1625
250	GCA	432
250	GTG	110
250	GCT	17
250	ATA	10
250	GTT	5
250	GYA	4
250	RTA	3
251	CCG	17591
251	CCA	2245
251	CCT	3
251	CCR	2
252	AGA	18896
252	AGG	814
252	TGG	98
252	AAG	9
252	AGR	7
252	AAA	7
252	ATG	6
253	TAT	19564
253	TTT	190
253	TAC	74
253	CAT	11
254	GCA	17876
254	GCT	1686
254	GCC	263
254	GCG	14
255	TTC	19687
255	TTT	148
255	TTY	2
255	TAC	2
256	ACA	14683
256	GCA	4835
256	GAA	137
256	ATA	97
256	ACT	42
256	ACG	13
256	GTA	8
256	GCG	7
256	RCA	5
256	GCC	5
256	AYA	4
256	AAA	3
256	TCA	2
257	ATG	17851
257	CTG	1666
257	TTG	235
257	ATA	31
257	ATT	22
257	CTA	21
257	GTG	13
258	GAA	17714
258	AGT	1782
258	AAA	142
258	GAG	127
258	AAT	37
258	AAC	14
258	GRA	6
258	AGA	5
258	GGA	4
258	GGT	3
258	GTA	2
258	ART	2
258	AGY	2
259	AGA	19518
259	AAG	162
259	AGG	98
259	AAA	52
259	ARA	5
259	CGA	4
259	GGA	3
260	AAT	13188
260	GAT	4108
260	GGC	1685
260	AAC	601
260	AGT	147
260	ACT	29
260	GGT	23
260	GGA	14
260	GAC	9
260	AGC	7
260	CAT	6
260	GRC	4
260	ACC	3
260	ART	2
260	GGM	2
260	AAW	2
260	RAT	2
260	AAA	2
260	ATT	2
261	GCT	17674
261	TTT	1741
261	TCT	218
261	ACT	59
261	GCC	29
261	CTT	28
261	GAT	27
261	GTT	17
261	GCG	13
261	TTG	10
261	GCA	6
261	TTA	4
261	TTC	4
261	CCT	3
261	TCA	2
261	GCY	2
261	GMT	2
262	GGA	19613
262	GGG	149
262	GAA	27
262	AAT	12
262	GAT	12
262	GGT	7
262	AGT	5
262	RGA	4
262	AGA	4
262	GGR	3
262	GRA	3
262	GGC	2
263	TCT	17992
263	TCA	1798
263	TCC	29
263	GCT	6
263	TTA	4
263	TTT	4
263	TMT	2
264	GGT	17946
264	GGA	1795
264	GGC	82
264	GGG	10
264	GAT	3
264	RGT	2
265	ATT	17989
265	ATC	1850
266	ATC	19604
266	GTC	85
266	ATA	85
266	ATT	47
266	ATG	14
266	TTC	3
267	ATT	17815
267	AAC	1361
267	ACC	292
267	ACA	141
267	ATC	107
267	GTT	37
267	ACT	31
267	AGT	20
267	ATG	12
267	AAT	8
267	ACG	4
267	AGG	4
267	CTT	2
267	RTT	2
267	ATY	2
267	ATA	2
268	TCA	19764
268	TCG	43
268	TCT	29
268	TCC	2
268	GCA	2
269	GAT	17908
269	AAT	1796
269	GAC	90
269	AAC	21
269	AAA	13
269	GAG	7
269	GGT	2
269	GAA	2
270	ACA	17192
270	GCA	1780
270	ACG	615
270	GCG	129
270	GCT	61
270	AAA	13
270	ATA	13
270	GCC	11
270	TCA	8
270	ACR	6
270	RCA	4
270	ACC	3
270	ACT	3
270	AMA	2
271	CCA	19422
271	TCA	264
271	CCG	82
271	ACA	35
271	CTA	8
271	AAT	8
271	TCG	5
271	CAA	5
271	CCT	4
271	CAG	4
271	CAT	2
271	GCA	2
272	GTC	17281
272	ATG	1794
272	GCC	257
272	GTT	233
272	ATC	211
272	GTA	19
272	TTC	17
272	ATT	7
272	KTC	5
272	ATA	5
272	GTG	3
272	ACC	3
272	RTC	3
273	CAC	17501
273	GAT	1475
273	CAT	341
273	GGT	280
273	TAC	101
273	CAA	63
273	GAC	34
273	AAC	20
273	CGC	8
273	CAY	7
273	GAA	4
273	AAT	2
274	GAT	17405
274	AAA	1007
274	GAA	756
274	GAC	358
274	AAT	234
274	GAG	44
274	GGT	11
274	GGA	6
274	TAT	4
274	AAC	4
274	RAT	3
274	GAY	3
274	KAT	2
275	TGC	17997
275	TGT	1845
276	AAT	17936
276	GAT	1704
276	AAC	152
276	GAC	28
276	ACC	8
276	ACT	6
276	AGT	5
276	GAA	2
277	ACA	18031
277	GCG	1584
277	ACG	113
277	GCA	82
277	TCG	18
277	ACC	3
277	GTA	3
277	GCT	3
278	ACT	17937
278	AAG	1556
278	AAA	274
278	ACC	28
278	ATT	14
278	GCT	12
278	TCT	6
278	AAT	6
278	AYT	4
278	GAG	2
278	AGG	2
279	TGT	18379
279	TGC	1462
280	CAG	17740
280	CAA	2099
280	CAR	3
281	ACA	19086
281	ACC	714
281	ACT	27
281	ACG	14
282	CCC	15691
282	CCT	3241
282	GCC	838
282	CCA	41
282	TCC	10
282	ACC	7
282	GTC	4
282	YCC	3
282	SCC	3
282	CCY	2
283	GAG	14988
283	AAG	2747
283	CAG	1591
283	CAA	174
283	GAA	104
283	AAT	94
283	AAA	68
283	CAT	31
283	GAT	11
283	CTG	10
283	AGG	7
283	GGG	4
283	CGG	4
283	CAR	2
283	CWG	2
283	GTG	2
284	GGT	17937
284	GGA	1677
284	GGG	195
284	GGC	32
285	GCT	19750
285	GCC	71
285	TCT	15
285	GCY	3
286	ATA	19385
286	GTA	323
286	CTA	74
286	ATT	20
286	TTG	14
286	ATG	11
286	ATC	10
286	TTA	3
286	RTA	2
287	AAC	19698
287	AAT	115
287	AAA	18
287	ACC	3
287	AAY	2
287	GAC	2
288	ACC	17955
288	AGC	1766
288	AGT	60
288	ACT	32
288	ACA	19
288	GGC	4
288	ACM	2
288	AAC	2
289	AGC	17421
289	AGT	2374
289	AAT	29
289	GAT	8
289	AGY	4
289	ATT	2
290	CTC	17473
290	CTT	2159
290	CTA	200
290	TTC	3
290	CTY	2
291	CCA	17994
291	CCT	1706
291	CCC	130
291	CCG	11
292	TTT	17884
292	TTC	1945
292	TAC	6
292	TTY	5
293	CAG	19449
293	CAA	305
293	CAT	85
294	AAT	18717
294	AAC	1109
294	AGT	5
294	ACT	2
294	AAK	2
294	AAA	2
294	GAT	2
295	GTA	11415
295	ATA	8328
295	GTG	80
295	RTA	8
295	ACA	3
295	GTT	2
295	ATT	2
295	TTA	2
296	CAT	17052
296	CAC	1922
296	AAT	853
296	TAT	8
296	AGT	4
297	CCG	16900
297	CCA	2815
297	CCT	62
297	TCG	35
297	CCC	14
297	CAG	11
297	CCK	2
298	ATC	16249
298	GTC	2530
298	ATT	776
298	GTT	224
298	ATA	29
298	GTA	14
298	ACC	8
298	RTC	7
298	TTC	2
299	ACA	19687
299	ACG	83
299	ACC	33
299	ACT	26
299	RCA	3
299	ATA	3
300	ATT	18012
300	ATA	1798
300	ATC	22
300	GTA	3
300	GTT	2
301	GGG	13254
301	GGA	6564
301	GGT	12
301	GGR	8
302	AAA	17076
302	GAG	1499
302	ACA	613
302	GAA	495
302	AAG	129
302	AGA	16
302	AAT	8
302	RAA	2
303	TGT	19747
303	TGC	90
303	TGY	2
304	CCA	19718
304	CCC	84
304	CCT	19
304	CCG	13
304	TCA	3
304	YCA	2
305	AAG	16798
305	AAA	3031
305	AAR	8
305	AGG	2
306	TAT	19611
306	TAC	224
306	TTT	4
307	GTA	17598
307	GTC	1838
307	GTG	316
307	GTT	71
307	GTR	3
307	RTA	3
307	ATC	3
307	ATA	3
308	AAA	17930
308	AGG	1757
308	AAG	64
308	AGA	63
308	GAA	18
308	ACA	4
308	AAR	2
309	AGC	17921
309	AGT	1914
310	ACA	17885
310	GCA	1686
310	ACT	96
310	ACG	69
310	ACC	39
310	ATA	18
310	AAA	13
310	GCC	12
310	TCA	8
310	GCG	8
310	AMA	3
311	AAA	19643
311	AAG	116
311	ACA	31
311	AGA	15
311	CAA	14
311	AAT	10
311	GAA	5
311	AAR	2
312	TTG	17865
312	TTA	1871
312	CTG	65
312	CTA	31
312	TTR	3
313	AGA	15781
313	AGG	4009
313	AAA	22
313	AGR	8
313	CGA	5
313	ATA	3
313	AGT	3
313	ARA	2
313	ARG	2
313	AAG	2
313	GGA	2
314	CTG	17798
314	ATG	1965
314	CTA	44
314	TTG	16
314	ATR	4
314	CTT	4
314	GTG	2
314	ATA	2
314	RTG	2
315	GCC	17829
315	GTT	1736
315	GCT	104
315	GCA	96
315	GTC	52
315	GTA	13
315	GCY	2
315	GCM	2
316	ACA	19721
316	ACG	53
316	ACT	45
316	ACC	5
316	AAA	4
316	RCA	4
316	TCA	2
317	GGA	19565
317	GGG	185
317	GGT	65
317	GGC	20
318	TTG	17729
318	CTA	1770
318	TTA	198
318	CTG	123
318	CCA	3
318	GTA	3
318	TTK	2
319	AGG	19677
319	AGA	146
319	AGR	4
319	AAG	4
319	CGG	2
319	ARG	2
320	AAT	17986
320	AAC	1844
321	GTC	17282
321	ATC	2098
321	GTT	197
321	ACC	152
321	ATT	45
321	GCC	18
321	GYC	11
321	ATA	9
321	GTA	6
321	RTC	5
321	GTY	4
321	KTC	2
321	AWC	2
322	CCG	16784
322	CCA	2954
322	CCT	72
322	CTG	8
322	CCC	6
322	CYA	2
322	CAA	2
322	CTA	2
323	TCT	17848
323	TCC	1939
323	TCA	36
323	TCY	3
323	TTC	3
323	TYC	3
323	ACT	2
324	ATT	19367
324	ATC	310
324	GTT	129
324	GTC	8
324	ATG	6
324	ATA	6
324	WTT	2
325	CAA	19802
325	CAG	31
326	TCT	17830
326	TCC	1941
326	TCA	21
326	TCG	20
326	ACT	5
326	CCT	3
326	TYT	3
326	ACC	2
326	CCC	2

#CALI07|NA
1	ATG	18712
2	AAT	18700
2	ATT	3
2	AAC	3
2	AGT	2
2	GAT	2
3	CCA	18592
3	ACA	100
3	TCA	7
3	GCA	5
3	CCG	3
3	CCC	2
4	AAC	17184
4	AAT	1502
4	ACC	22
4	AAY	3
5	CAA	17857
5	CAG	789
5	AAG	51
5	CGA	6
5	CCA	5
5	CGG	2
6	AAG	18556
6	AGA	95
6	AAA	57
6	AGG	3
7	ATA	18706
7	ACA	3
8	ATA	17937
8	GTA	389
8	ATC	160
8	ATG	108
8	ATT	68
8	ACA	26
8	GTG	17
8	AYA	4
9	ACC	18229
9	GCC	352
9	ACT	48
9	ACA	43
9	ATC	34
9	ACM	2
9	GCA	2
10	ATT	18385
10	ATC	322
11	GGT	16170
11	GGA	1174
11	GGC	986
11	GGG	300
11	AGT	46
11	AGC	19
11	GTT	7
11	GGR	4
11	GKT	2
11	GGY	2
12	TCG	14402
12	TCT	2734
12	TCA	1391
12	ACA	97
12	TTG	34
12	TCC	18
12	GCG	14
12	TAT	6
12	TYG	5
12	TTA	5
12	TTT	3
13	ATC	14413
13	GTC	4108
13	GTT	90
13	ATT	69
13	ACC	14
13	ATA	11
13	GYC	2
13	GCC	2
13	GTA	2
14	TGT	18551
14	TGC	143
14	AGT	8
14	GGT	5
14	TGY	3
14	TCT	2
15	ATG	18475
15	ATA	117
15	CTG	74
15	GTG	29
15	TTG	6
15	ATT	4
15	ATR	2
15	ACG	2
16	ACA	17192
16	GTA	1279
16	ATA	135
16	GCA	74
16	GTG	8
16	ACG	7
16	ATG	5
16	GGA	5
16	RCA	3
16	ACT	2
17	ATT	18284
17	ACT	209
17	GTT	167
17	ATC	19
17	GTC	10
17	AAT	10
17	ATA	3
17	CTT	2
17	ATY	2
18	GGA	18440
18	GGG	146
18	GGT	121
18	GAA	3
19	ATG	16954
19	ATA	1374
19	ACG	107
19	GTA	80
19	GTG	63
19	CTG	61
19	ATT	31
19	ACA	27
19	CTA	6
19	TTG	5
19	RTG	2
20	GCT	16772
20	GTT	736
20	GCC	398
20	ATT	371
20	GTC	254
20	ATC	80
20	ACT	54
20	TCT	23
20	GCY	10
20	ATA	5
20	GCA	3
20	TTT	2
20	GGT	2
21	AAC	16705
21	AGC	1359
21	AAT	538
21	AGT	108
22	TTA	17928
22	TTG	623
22	CTA	138
22	CTG	7
22	TTT	3
22	TYA	3
22	TTC	3
22	TCA	2
22	CTT	2
23	ATA	17171
23	ATG	1340
23	TTG	67
23	CTA	44
23	GTA	25
23	TTA	14
23	GTG	13
23	ACA	12
23	ATT	12
23	ATC	4
23	CTG	3
23	GCA	2
23	ACG	2
24	TTA	18359
24	TTG	259
24	CTA	79
24	ATA	11
24	CTG	2
25	CAA	17758
25	CAG	953
26	ATT	18216
26	GTT	345
26	ATA	106
26	ATC	30
26	ACT	10
26	CTT	3
27	GGA	16596
27	GGG	2101
27	GGR	9
27	GGT	5
28	AAC	18602
28	AAT	77
28	AGC	17
28	AMC	7
28	GAC	3
28	AAY	2
28	ACC	2
28	CAC	2
29	ATA	18042
29	ATG	560
29	TTG	48
29	ACA	38
29	ATT	5
29	GTA	4
29	ATC	3
29	AYA	2
29	GTG	2
29	ACG	2
29	TTA	2
30	ATC	17841
30	ATT	345
30	ATA	338
30	GTC	131
30	ACC	24
30	GTT	12
30	CTC	8
30	TTA	6
30	AYC	2
30	ATY	2
31	TCA	18286
31	TCT	211
31	TCG	193
31	TTA	7
31	TCM	4
31	TCR	3
31	TCW	2
31	ACA	2
32	ATA	18497
32	TTA	92
32	ATG	52
32	ATC	33
32	GTA	13
32	ACA	9
32	ATT	7
32	TTG	4
32	CTA	3
33	TGG	18709
33	TTG	2
34	GTT	14336
34	ATT	2988
34	GTC	1212
34	ATC	88
34	GCC	50
34	ATA	13
34	CTT	5
34	GCT	4
34	GTA	3
34	RTT	3
34	ATG	2
34	ACC	2
34	GTY	2
35	AGC	17235
35	AGT	1313
35	AAT	81
35	AAC	27
35	ATT	14
35	GGC	13
35	GGT	6
35	ACT	5
35	AGA	4
35	TGT	3
35	ATC	3
36	CAC	17175
36	CAT	1265
36	CAG	222
36	TAC	27
36	CGC	7
36	CGT	6
36	CAY	5
36	CAA	3
37	TCA	18616
37	CCA	36
37	TCG	27
37	ACA	21
37	TCT	4
37	TTA	2
37	CAA	2
37	ATA	2
38	ATT	18241
38	TTT	329
38	ATA	48
38	ATC	43
38	GTT	23
38	ACT	6
38	TTC	5
38	ATY	5
38	WTT	3
38	CTT	3
38	AAT	2
39	CAA	17995
39	CAG	495
39	CAC	187
39	CGG	21
39	CGA	4
39	AAA	4
39	CCA	2
40	ATT	13926
40	CTT	2971
40	ACA	1244
40	ACC	292
40	ACT	75
40	GTT	66
40	ATA	31
40	AAA	27
40	GCA	22
40	ATC	13
40	TTT	10
40	CTC	7
40	AGT	2
40	CTA	2
40	ACG	2
41	GGA	14071
41	GGG	3773
41	AGG	595
41	GGT	115
41	AGA	71
41	GAG	20
41	GAA	20
41	ATG	6
41	GAT	5
41	GGR	4
41	GGC	3
41	AAG	3
41	GRA	2
41	GTA	2
42	AAT	17905
42	AAC	297
42	TTC	221
42	TGG	61
42	GTT	49
42	GTC	46
42	GAT	28
42	AGT	22
42	GGG	14
42	GAA	8
42	AAY	7
42	AGG	6
42	CAT	4
42	AAA	4
42	GCC	4
42	AGC	4
42	ACT	4
42	TAT	3
42	AAG	3
42	GAG	2
42	TCC	2
43	CAA	18489
43	CAG	69
43	GAA	67
43	AAA	38
43	CAT	9
43	CGA	6
43	CTA	5
43	AGA	4
43	CCA	4
43	CAC	3
43	AAG	3
44	AGC	12836
44	AGT	2473
44	AAT	1980
44	CAC	998
44	AAC	227
44	TGC	97
44	TAC	28
44	CGC	22
44	CAT	6
44	TGT	5
44	CAA	4
44	ACC	4
44	GGT	3
44	GGC	2
44	CCC	2
44	TAT	2
44	ATC	2
45	CAG	17038
45	CAA	1387
45	CAC	98
45	CAT	59
45	AAA	49
45	CGG	23
45	CGA	13
45	CTG	10
45	AAG	8
45	TAC	3
45	CAR	2
45	CWG	2
45	CAK	2
46	ATT	16884
46	ACT	744
46	GCT	441
46	ATC	278
46	GTT	171
46	GAT	68
46	CCT	36
46	TCT	29
46	ACC	18
46	AAT	11
46	TTT	4
46	CTT	3
46	ATA	3
46	ACA	2
47	GAA	18262
47	GAG	293
47	GGA	70
47	AAA	30
47	GGG	14
47	AAG	7
47	RAA	6
47	GAC	6
47	GAT	4
47	GTG	3
47	GAR	2
48	ACA	17010
48	CCA	1247
48	GCA	117
48	TCA	70
48	ATA	57
48	AAA	56
48	GTG	50
48	ATG	31
48	ACG	18
48	CCG	14
48	ACT	11
48	GTA	5
48	AYA	2
48	ACR	2
48	TCG	2
49	TGC	17337
49	TGT	41
49	CGC	7
49	TTC	3
49	TRC	2
49	TAC	2
50	AAT	17163
50	AAC	163
50	AGT	22
50	ATT	13
50	AAA	10
50	ACT	7
50	AGC	6
50	AAG	5
50	AAY	3
50	CAT	2
50	GAT	2
51	CAA	14565
51	AAA	2632
51	CAG	160
51	CGA	22
51	AAG	6
51	AGA	5
51	CAC	3
52	AGC	16417
52	AAC	755
52	AGT	111
52	AAT	65
52	AGA	19
52	ACC	17
52	CAT	3
53	GTC	17163
53	ATC	162
53	GTA	20
53	GTT	18
53	TTC	13
53	GCC	9
53	CTC	2
53	ATT	2
54	ATT	16878
54	ATC	484
54	GTT	11
54	ATG	9
54	ATA	3
54	ACT	2
55	ACT	17108
55	ACC	134
55	ACA	59
55	ATT	55
55	AAT	17
55	GTT	8
55	ACG	3
56	TAT	17337
56	TAC	27
56	TTT	16
56	CAT	7
57	GAA	17046
57	GAG	237
57	GTA	81
57	AAA	18
57	GRA	3
57	CAA	2
58	AAC	17285
58	AAT	91
58	AGC	6
58	AAA	3
58	CAC	2
59	AAC	16923
59	AAT	418
59	AAA	24
59	AGC	9
59	CAC	5
59	ATC	3
59	AAY	2
60	ACT	16788
60	ACC	503
60	ACA	107
61	TGG	17390
61	AGG	12
62	GTA	17038
62	ATA	203
62	GTG	126
62	GTT	17
62	TTA	4
62	ATG	4
62	GTC	4
62	GTR	2
62	GYA	2
63	AAT	17204
63	AAC	171
63	AAA	13
63	AAY	3
64	CAG	17177
64	CAA	110
64	CGA	74
64	CAC	14
64	CTG	9
64	CAT	6
64	CAR	3
65	ACA	17166
65	ACG	103
65	ACT	103
65	CAA	12
65	ACC	7
65	AYA	2
66	TAT	17251
66	TTT	98
66	TAC	21
66	GCT	12
66	CAT	6
66	YAT	3
66	TGT	2
66	AAT	2
67	GTT	16884
67	ATT	221
67	GTC	160
67	GTG	69
67	GTA	29
67	GAG	12
67	ATC	6
67	TTT	5
67	CTT	3
67	GTY	3
68	AAC	17260
68	AAT	103
68	CCA	12
68	AGC	9
68	AAA	4
68	TAC	3
68	RAC	2
69	ATC	18384
69	ATT	225
69	ACC	32
69	GTC	30
69	ATA	16
69	GTT	6
69	AAC	2
70	AGC	17439
70	AGA	873
70	AGT	169
70	ATC	124
70	AAC	63
70	AAA	11
70	GGA	4
70	AGG	3
70	GGC	3
70	CTC	2
71	AAC	17275
71	AAT	1376
71	AGC	13
71	AGT	13
71	TAC	10
71	GAT	5
71	ATC	4
71	AAA	2
71	CAC	2
72	ACC	16178
72	ACT	1335
72	ATC	969
72	AAC	127
72	ATT	48
72	ACA	14
72	GCT	11
72	AAT	4
72	GTC	3
72	CCC	3
73	AAC	17393
73	AAT	1089
73	AAA	197
73	AAG	5
73	AGA	4
73	GAC	4
73	AAY	3
73	AGT	3
73	GAT	2
74	TTT	15179
74	TCT	2594
74	TTG	613
74	ATT	96
74	TTC	93
74	CTT	42
74	CCT	27
74	TTA	21
74	GTT	11
74	TGT	7
74	TAT	7
74	YTT	4
74	TTK	3
75	GCT	17206
75	CTT	1163
75	CCT	102
75	GTT	99
75	ATT	24
75	CTC	24
75	CAT	18
75	GCC	15
75	GCA	14
75	CCC	14
75	GAT	6
75	GCY	5
75	TTT	2
75	ACT	2
76	GCT	17180
76	ACT	1360
76	GTT	37
76	GCC	37
76	GAT	23
76	AAT	20
76	ACC	18
76	GCA	8
76	TCT	5
76	GAG	5
76	ACG	3
76	ATT	2
76	CTT	2
76	GCG	2
77	AGA	9246
77	GGA	7450
77	GAG	1022
77	GAA	343
77	GGG	235
77	AAA	219
77	ATA	82
77	GTA	47
77	GAT	21
77	AGG	16
77	AAG	6
77	RGA	6
77	ACA	6
77	GAC	2
77	AKA	2
77	GRA	2
78	CAG	17252
78	AAC	726
78	AAA	522
78	AAG	75
78	CAA	73
78	AAT	22
78	CAT	10
78	AGC	9
78	ACC	5
78	CCG	4
78	AGA	3
78	GAC	3
78	GAG	3
78	CGG	3
78	CTG	2
79	TCA	16630
79	GCT	1246
79	TCG	302
79	CCA	240
79	GAT	68
79	ACT	64
79	ACA	49
79	GAC	20
79	GCC	19
79	TTA	15
79	GGC	11
79	GCG	11
79	TCT	6
79	TCC	5
79	GCA	4
79	GTA	4
79	ATT	3
79	GTT	3
79	GGT	3
79	GGA	3
79	YCA	2
79	TYA	2
80	GTG	17284
80	ATG	800
80	GTA	467
80	GAG	42
80	GCG	42
80	GTT	32
80	GGG	10
80	ACA	6
80	TTG	5
80	TTA	4
80	GCA	4
80	GTR	4
80	AAA	2
80	RTG	2
81	GCT	9974
81	GTT	7847
81	GCC	399
81	ACT	244
81	GTC	132
81	ATT	58
81	GGT	12
81	TCT	9
81	GAT	8
81	GYT	7
81	AAT	4
81	GCY	3
81	GCG	2
81	ACC	2
81	GMT	2
81	KCT	2
82	TCC	16304
82	TCA	1421
82	CCC	523
82	TCT	312
82	CCG	49
82	TCG	43
82	CCA	29
82	TTG	7
82	TTC	5
82	TAC	3
82	TCY	3
82	TYC	3
82	TTA	3
82	TCM	2
82	YCC	2
83	GTG	16899
83	GTA	1203
83	ATG	152
83	ATA	147
83	GCA	120
83	TTG	53
83	GTT	43
83	ATT	29
83	GCT	28
83	GCG	22
83	GTR	6
83	GGG	4
83	RTG	2
83	TTA	2
84	AAA	17378
84	ACA	1111
84	ATA	71
84	GTG	37
84	GCA	36
84	AAG	24
84	AGA	20
84	ATG	6
84	AAT	6
84	ACC	5
84	GTA	5
84	GAA	4
84	AAC	3
84	ACG	2
85	TTA	17620
85	ATA	390
85	TTG	344
85	CTA	325
85	GTA	10
85	TTT	9
85	TCA	8
85	CTG	4
86	GCG	17475
86	GCA	467
86	GCT	449
86	ACG	130
86	GTG	53
86	GCC	51
86	TCC	37
86	ACC	17
86	TCT	8
86	ATG	8
86	ACT	4
86	TCG	4
86	RCG	3
86	GCR	2
87	GGC	18581
87	GGT	88
87	GGA	34
87	AGC	7
87	GSC	2
88	AAT	18522
88	AAC	158
88	AGT	19
88	AAG	4
88	ART	3
88	AAA	3
89	TCC	17189
89	TCA	1033
89	TCG	372
89	TCT	73
89	GCA	13
89	TTC	12
89	ACT	8
89	TTG	3
89	TAC	2
89	TYC	2
89	ACA	2
90	TCT	17810
90	TCC	554
90	CCT	243
90	TCA	70
90	TCG	11
90	ACT	11
90	GCC	7
90	YCT	2
90	TTT	2
91	CTC	16609
91	CTT	2066
91	CTA	33
91	ATC	2
92	TGC	18254
92	TGT	455
92	TGY	3
93	CCT	16138
93	CCC	1193
93	CAT	1121
93	CCA	109
93	TCT	98
93	TCC	22
93	CTT	12
93	TCA	4
93	YCT	4
93	CCG	3
93	ACT	2
93	TAT	2
94	GTT	16499
94	ATT	1328
94	GTC	734
94	GTA	73
94	ATC	32
94	ATA	23
94	GCT	20
95	AGT	17257
95	AGA	384
95	AGG	335
95	AAA	304
95	AGC	140
95	AAC	128
95	AAT	94
95	GGT	52
95	CGT	6
95	ATT	5
95	ART	2
95	RGT	2
96	GGA	18391
96	GGG	230
96	GGC	74
96	AGC	7
96	GGT	6
96	GRA	2
96	GGR	2
97	TGG	18712
98	GCT	18617
98	GCC	55
98	GCG	15
98	GCA	10
98	GTT	8
98	GCY	2
98	ACT	2
98	GYT	2
99	ATA	17337
99	GTA	1266
99	GTG	68
99	ATG	13
99	ATC	10
99	ATT	5
99	GTC	3
99	GTT	3
99	MTA	2
99	RTA	2
100	TAC	17621
100	CAC	1022
100	YAC	19
100	TAT	17
100	AAC	15
100	CAT	14
100	TRC	2
101	AGT	18437
101	AGC	268
101	GGT	2
101	ACA	2
102	AAA	17907
102	AAG	802
103	GAC	18608
103	GAT	102
104	AAC	18556
104	AAT	155
105	AGT	18266
105	AGC	300
105	AAT	86
105	GGT	53
105	ART	2
106	GTA	14399
106	ATA	3377
106	GTG	915
106	RTA	6
106	GTT	4
106	GTC	3
106	GCA	3
106	TTA	2
107	AGA	17612
107	AGG	1082
107	CGA	11
107	CGG	4
108	ATC	17258
108	ATT	1354
108	GTC	33
108	ATG	29
108	ATA	26
108	CTC	5
108	GTT	3
108	ATM	2
109	GGT	17899
109	GGG	477
109	GGC	300
109	GGA	29
109	RGT	4
109	AGT	2
110	TCC	18573
110	TCT	113
110	TCA	17
110	ACC	4
110	TTC	2
111	AAG	18159
111	AAA	446
111	AGG	84
111	AGA	11
111	AAR	5
111	AAT	2
112	GGG	18510
112	GGA	197
112	GGR	2
113	GAT	18540
113	GAC	158
113	AAT	8
113	GAG	3
114	GTG	18451
114	GTA	125
114	ATT	95
114	GTT	26
114	GCG	6
114	ATA	4
115	TTT	18625
115	TTC	57
115	TAT	16
115	CTT	7
115	TTG	3
116	GTC	17276
116	GTA	865
116	GTT	532
116	ATC	15
116	GTG	9
116	ATT	5
116	GCC	3
116	GCA	2
117	ATA	16805
117	ATT	1002
117	ATG	853
117	GTT	19
117	ACA	15
117	ATC	11
118	AGG	17046
118	AGA	1661
118	CGG	4
119	GAA	16632
119	GAG	2016
119	RAA	37
119	CAG	11
119	AAA	6
119	GGA	5
119	GAR	3
120	CCA	17669
120	CCG	983
120	CCT	44
120	CCC	9
120	ACA	3
121	TTC	18595
121	TTT	116
122	ATA	17525
122	ATC	1042
122	ATT	125
122	GTA	7
122	ATG	5
122	ACA	3
122	ACC	2
123	TCA	18667
123	TCG	25
123	TCT	9
123	GCA	3
123	TCC	3
123	ACA	2
124	TGC	18646
124	TGT	64
125	TCT	14531
125	TCC	4083
125	TCA	89
125	TCG	6
126	CCC	17092
126	CAT	863
126	CAC	529
126	CCT	65
126	CAA	63
126	CCA	44
126	CTC	18
126	AAT	15
126	TCC	10
126	ACC	5
126	CGA	4
126	CYC	2
127	TTG	17741
127	CTG	493
127	TTT	323
127	TTA	65
127	ATG	43
127	TCG	21
127	TGG	7
127	GTG	6
127	CAG	5
127	TTR	2
127	TTK	2
128	GAA	18528
128	GAG	151
128	GGA	23
128	GAR	4
128	GRA	2
128	GAC	2
129	TGC	18651
129	TGT	59
130	AGA	18592
130	AGG	112
130	ARA	2
130	AAA	2
131	ACC	16341
131	ACT	2313
131	ACA	30
131	AAC	9
131	AYC	5
131	ACY	3
131	ACG	2
131	RCC	2
132	TTC	18555
132	TTT	156
133	TTC	17290
133	TTT	1420
134	TTG	18422
134	CTG	162
134	TTA	123
134	CTA	3
135	ACT	17836
135	ACC	845
135	ACG	12
135	ACA	10
135	RCT	4
135	ACY	2
136	CAA	17439
136	CAG	1249
136	CAT	10
136	CRA	5
136	MAA	4
136	CGA	2
137	GGG	17231
137	GGA	1370
137	GGC	72
137	GGT	37
138	GCT	9818
138	GCC	8737
138	TCC	75
138	GCA	41
138	ACC	22
138	GCY	8
138	ACT	4
138	TCT	2
139	TTG	17036
139	TTA	1549
139	CTG	88
139	CTA	24
139	YTG	8
139	CTT	4
140	CTA	17170
140	CTG	1409
140	TTA	51
140	TTG	29
140	ATA	24
140	CTT	20
140	CTC	7
141	AAT	18653
141	AAC	42
141	AGT	8
141	GAT	4
141	ACT	2
142	GAC	18508
142	GAT	197
142	AAC	4
143	AAA	17255
143	AAG	1367
143	AGA	52
143	AGG	15
143	ATA	13
143	AAR	3
143	ARA	3
143	CAA	2
144	CAT	17096
144	CAC	1614
145	TCC	18522
145	TCT	126
145	TCA	62
146	AAT	17744
146	AAC	961
146	AGT	5
147	GGA	17336
147	GGG	1337
147	AGA	9
147	RGA	8
147	AGG	7
147	GGT	7
147	GAA	3
147	GGC	2
148	ACC	17333
148	ACT	1317
148	ACA	55
148	AYC	3
148	AGC	2
149	ATT	16875
149	GTC	1349
149	GTT	296
149	ATC	110
149	GCC	57
149	ATG	7
149	CTC	4
149	GTA	4
149	CTT	3
149	TTT	2
150	AAA	18514
150	AAG	177
150	AGA	10
150	GAA	6
150	RAA	2
151	GAC	18133
151	GAT	408
151	GAM	107
151	RAC	53
151	GAA	4
151	GAS	4
152	AGG	15497
152	AGA	3208
152	CGG	2
152	CGA	2
153	AGC	18504
153	AGT	195
153	AAC	5
153	AGY	4
154	CCA	17185
154	CCT	1380
154	CCC	109
154	TCA	19
154	CCG	14
155	TAT	17195
155	CAC	1292
155	TAC	170
155	CAT	49
155	TTT	3
156	CGA	17197
156	AGA	1300
156	AGG	183
156	CGG	28
156	CGC	2
157	ACC	17195
157	ACA	901
157	ACG	445
157	ACT	133
157	GCC	13
157	GCA	9
157	ATC	7
157	GCG	3
157	AAC	2
157	ACY	2
158	CTA	17567
158	TTA	1001
158	CTG	106
158	TTG	29
158	CTT	4
158	CTC	2
158	MTA	2
159	ATG	18708
159	AKG	2
160	AGC	17339
160	AGT	1369
160	AGY	2
161	TGT	17135
161	TGC	1566
161	AGT	7
162	CCT	18378
162	CCC	288
162	CCG	24
162	CCA	10
162	TCT	6
162	CTT	2
163	ATT	17180
163	GTG	859
163	ATA	426
163	ATC	117
163	ACT	26
163	ATG	22
163	GTT	19
163	TTG	19
163	ACA	11
163	GTC	11
163	GTA	8
163	CTA	4
163	ACC	4
163	CTT	3
164	GGT	18480
164	GGC	185
164	GGG	40
164	GGA	3
165	GAA	17359
165	GAG	1342
165	GTG	4
165	GTA	2
166	GTT	17151
166	GCT	1111
166	GCC	237
166	GTC	130
166	ATT	59
166	GTA	8
166	RTT	8
166	GTG	3
167	CCC	18391
167	CCT	198
167	CCA	109
167	CCG	8
167	CCY	2
167	CCM	2
168	TCT	17325
168	TCC	1333
168	TCA	43
168	TCG	6
168	ACT	3
169	CCA	18373
169	CCG	279
169	CCT	28
169	CCC	20
169	CTA	8
169	CCR	2
170	TAC	17643
170	TAT	1054
170	YAC	4
170	TCC	3
170	TMC	2
170	TAY	2
171	AAC	18561
171	AAT	148
171	GAT	2
172	TCA	18451
172	TCG	240
172	TCC	15
172	TCT	5
173	AGA	17301
173	AGG	1343
173	AAA	46
173	AAG	9
173	CGA	5
173	ARA	4
173	AGR	2
174	TTT	18568
174	TTC	141
175	GAG	18439
175	GAA	270
175	GAR	2
176	TCA	17087
176	TCT	1359
176	TCG	257
176	TCC	3
176	ACA	3
177	GTC	17135
177	GTT	1321
177	GTG	233
177	GTA	17
177	RTC	2
177	ATC	2
178	GCT	18643
178	GCA	30
178	GCC	28
178	GCG	10
179	TGG	18710
180	TCA	18116
180	TCG	584
180	TCT	8
180	TCR	2
181	GCA	18253
181	GCG	435
181	GCT	19
181	GCC	2
182	AGT	18638
182	AGC	67
182	ACT	2
183	GCT	18522
183	GCA	106
183	GCC	80
183	GCG	2
184	TGT	17169
184	TGC	1539
184	TGY	3
185	CAT	18649
185	CAC	62
186	GAT	18509
186	GAC	202
187	GGC	18534
187	GGG	81
187	GGT	65
187	GGA	30
188	ACC	10271
188	ATC	8200
188	ATG	95
188	ACT	33
188	TTC	25
188	GTC	21
188	ATT	18
188	GCC	11
188	TCC	10
188	ACA	9
188	ATA	7
188	AAC	3
188	GTG	3
188	AYC	2
188	ACY	2
189	AAT	17210
189	AGT	1331
189	GGA	91
189	GGT	24
189	AAC	23
189	AGC	19
189	GGC	8
189	GGG	4
190	TGG	18711
191	CTA	17250
191	TTG	1273
191	TTA	90
191	CTG	88
191	YTA	3
191	CTT	2
191	CTC	2
192	ACA	18372
192	ATA	280
192	ACG	42
192	ACC	7
192	GTA	5
192	ACT	4
193	ATT	18537
193	ATC	166
193	ATA	4
193	GTT	3
194	GGA	18571
194	GGG	125
194	GGT	11
194	GGC	2
195	ATT	18561
195	ATC	123
195	GTT	23
195	ATA	2
196	TCT	18622
196	TCC	73
196	TCA	13
196	TCG	2
197	GGC	17482
197	GGT	850
197	GGA	344
197	GGG	29
197	GGY	6
198	CCA	18490
198	CCG	161
198	CCT	33
198	TCA	15
198	CCC	9
199	GAC	18471
199	GAT	163
199	AAC	64
199	RAC	4
199	GGC	4
199	TAC	3
200	AGT	14658
200	AAT	4008
200	GAT	10
200	AAC	7
200	GGT	6
200	CAT	5
200	AGC	3
200	CGT	3
200	ATT	2
200	ART	2
200	AGY	2
200	AGA	2
201	GGG	18417
201	GGA	193
201	GAG	85
201	AGG	10
201	GGT	2
201	GGR	2
201	GRG	2
202	GCA	17339
202	GCT	1308
202	GCG	54
202	GCC	8
203	GTG	18507
203	GTA	172
203	ATG	19
203	GTT	11
203	TTG	2
204	GCT	18092
204	GCG	478
204	GCC	127
204	GCA	13
205	GTG	17021
205	GTA	1581
205	GTT	103
205	ATA	5
206	TTA	17271
206	TTG	1367
206	CTG	33
206	CTA	28
206	GTG	7
206	TTT	2
207	AAA	10494
207	AAG	8208
207	AAR	6
207	AGG	2
208	TAC	18618
208	TAT	90
208	TAY	3
209	AAT	16247
209	AAC	2458
209	AAY	4
210	GGC	18505
210	GGT	154
210	GGA	20
210	GAC	15
210	AGC	7
210	GGG	3
210	GGY	2
210	AAT	2
211	ATA	18656
211	GTA	30
211	ATG	14
211	ATT	4
211	TTA	4
212	ATA	18696
212	ATC	9
212	ATR	3
213	ACA	18603
213	ACG	78
213	ACT	24
213	AYA	2
214	GAC	18447
214	GAT	247
214	GAA	6
214	GGC	3
214	GAY	2
214	AAC	2
214	GGA	2
215	ACT	17886
215	ACC	683
215	ACA	104
215	ATT	28
215	ACW	2
215	ACG	2
216	ATC	18222
216	ATT	288
216	ATA	115
216	GTC	83
217	AAG	18364
217	AAA	289
217	AGG	47
217	AAR	6
217	RAG	2
218	AGT	18520
218	AGC	187
219	TGG	18711
220	AGG	15217
220	AGA	3144
220	GGG	223
220	AAA	79
220	AAG	26
220	GGA	11
220	AGR	4
220	AGT	3
220	CGG	2
221	AAC	17710
221	AAT	865
221	AGC	94
221	AAG	12
221	GAC	5
221	GAT	4
221	RAC	4
221	AGT	3
221	TAC	3
221	AAA	3
221	CAC	3
221	ARC	2
221	AAY	2
222	AAT	15936
222	AAC	1645
222	GAT	861
222	AAA	107
222	AAG	99
222	AGT	21
222	TAT	14
222	AGC	10
222	GAC	5
222	AGA	4
222	RAC	3
222	CAA	2
222	CAT	2
223	ATA	18590
223	ATT	31
223	ATC	31
223	ACA	20
223	GTA	16
223	AAA	7
223	ATR	6
223	AGA	3
223	AYA	3
223	TTA	2
223	ATG	2
224	TTG	17130
224	CTG	1264
224	TTA	170
224	ATG	113
224	CTA	24
224	CTT	3
224	YTG	3
224	TTR	2
225	AGA	18216
225	AGG	492
225	AGR	2
226	ACA	17338
226	ACT	874
226	ACC	475
226	ACG	15
226	GCA	7
227	CAA	18661
227	CAG	47
227	CAR	2
228	GAG	17774
228	GAA	933
228	GAR	2
229	TCT	18184
229	TCC	427
229	TCA	65
229	TCG	34
230	GAA	18650
230	GAG	61
231	TGT	18699
231	TGC	12
232	GCA	18382
232	GTA	151
232	GTT	92
232	ACA	26
232	GCG	22
232	GCT	18
232	GCC	13
232	GTC	5
233	TGT	18549
233	TGC	162
234	GTA	18375
234	GTG	138
234	ATG	80
234	ATA	64
234	GTT	17
234	GCA	9
234	TTG	8
234	TTA	7
234	ATT	5
234	GTC	4
234	ATC	3
235	AAT	18548
235	AAC	145
235	GAT	9
235	RAT	4
235	AGT	2
236	GGT	17686
236	GGC	990
236	GGG	31
236	GRC	2
236	GGA	2
237	TCT	18288
237	TCC	293
237	TAT	80
237	TCA	32
237	TCG	10
237	TTT	4
238	TGC	18504
238	TGT	205
239	TTT	18620
239	TTC	89
239	TTY	2
240	ACC	15544
240	ACT	2891
240	GCT	240
240	ACA	12
240	GTT	10
240	ACY	4
240	AGC	4
240	ATC	2
241	ATA	15775
241	GTA	2153
241	GTG	462
241	GTT	297
241	ATT	4
241	ATG	4
241	ATC	4
241	GTC	3
241	TTA	2
241	CTG	2
241	TTG	2
241	RTA	2
242	ATG	18604
242	TTG	43
242	TTA	38
242	ATA	12
242	CTG	9
242	GTG	2
243	ACC	17416
243	ACT	698
243	ACA	590
243	ACY	3
244	GAT	18358
244	GAC	350
244	GAY	3
245	GGA	18553
245	GGC	91
245	GGG	49
245	GGT	16
246	CCA	18675
246	CCG	21
246	CCC	6
246	TCA	4
246	CCT	3
247	AGT	18506
247	AGC	109
247	AAT	78
247	ATT	4
247	ART	4
247	GGT	3
247	AGA	3
247	AGG	2
248	GAT	16883
248	AAT	1628
248	AGT	93
248	GAC	83
248	RAT	9
248	AAC	5
248	GGT	4
248	CAT	2
249	GGA	17565
249	GGG	865
249	GGT	181
249	GAA	30
249	GGC	27
249	AGA	18
249	GAG	11
249	GRA	5
249	AAG	4
249	AGG	4
250	CAG	18546
250	CAA	153
250	CTG	7
250	GCC	2
251	GCC	16973
251	GCA	1335
251	GCT	387
251	GCG	16
252	TCA	18608
252	TCG	91
252	TCT	9
252	TCR	2
253	TAC	17314
253	TAT	1221
253	CAT	173
253	CAC	2
254	AAA	13367
254	AAG	5308
254	AGA	24
254	AAR	5
254	AGG	5
255	ATC	18076
255	ATT	488
255	ATA	146
256	TTC	18573
256	TTT	124
256	CTC	8
256	YTC	2
256	TTY	2
257	AGA	17104
257	AAA	1490
257	AAG	50
257	CGA	32
257	AGG	22
257	ARA	10
257	AGR	2
258	ATA	17745
258	ATG	857
258	GTG	71
258	ATC	11
258	GTA	8
258	ATT	7
258	TTG	7
258	ACG	2
258	ATR	2
259	GAA	18239
259	AAA	342
259	GAG	72
259	GAC	27
259	AGA	17
259	GAR	3
259	GRA	3
259	AAC	2
259	AGG	2
260	AAG	16904
260	AAA	1642
260	AGG	119
260	GAG	28
260	AGA	5
260	CAA	4
260	AAT	4
260	RAG	2
260	ATG	2
261	GGA	17571
261	GGG	1119
261	GGC	18
261	GGR	2
262	AAG	16813
262	AAA	1845
262	AGG	35
262	AGA	10
262	AAR	6
263	ATA	16848
263	GTA	1515
263	GTG	312
263	ATT	14
263	GTT	8
263	RTA	5
263	ATG	2
263	ATC	2
263	ACA	2
264	ATC	13075
264	GTC	3844
264	GTT	1054
264	ATT	398
264	ACC	284
264	ATA	32
264	ACT	10
264	GTA	8
264	RTC	4
265	AAA	18155
265	AAG	524
265	AGA	19
265	CAG	8
265	AGG	2
265	AAR	2
266	TCA	18667
266	TCG	37
266	GCA	5
267	GTC	17935
267	GTT	599
267	ATT	71
267	ATC	38
267	GCC	25
267	GCT	16
267	GTA	14
267	ATA	7
267	RTC	2
267	GYC	2
268	GAA	18202
268	GAG	507
269	ATG	17158
269	TTG	1372
269	CTG	102
269	ATA	53
269	ATT	10
269	GTG	9
269	ATR	5
269	TTA	2
270	AAA	13382
270	AAT	4725
270	GAT	540
270	GAA	16
270	AGA	14
270	AAG	10
270	AAC	7
270	GAC	5
270	AAW	3
270	RAT	3
271	GCC	17610
271	GCT	1055
271	GCA	41
272	CCT	18440
272	CCC	173
272	CCA	50
272	CTT	17
272	TCT	15
272	CAT	13
273	AAT	18659
273	AAC	31
273	AGT	14
274	TAT	18190
274	TAC	498
274	CAT	10
274	TCT	6
274	TTT	3
274	YAT	2
274	TGT	2
275	CAC	18264
275	TAC	312
275	CAT	99
275	YAC	31
275	CAY	4
276	TAT	18652
276	TAC	56
276	TTT	2
277	GAG	18545
277	GAA	165
278	GAA	18504
278	GAG	206
279	TGC	18619
279	TGT	91
280	TCC	18520
280	TCA	100
280	TCT	90
281	TGT	18695
281	TGC	16
282	TAC	12885
282	TAT	5820
282	TAY	5
283	CCT	18011
283	CCC	665
283	CCA	33
283	CCG	2
284	GAT	18122
284	GAC	511
284	GAG	48
284	AAT	21
284	GAA	4
284	RAT	3
285	TCT	17173
285	GCT	591
285	GCC	390
285	GCG	324
285	TCC	76
285	GCA	48
285	TCA	45
285	ACA	33
285	ACT	8
285	GCY	8
285	ACC	6
285	ACG	3
285	TCY	2
286	AGT	17037
286	GGC	1006
286	GGA	389
286	GGT	187
286	AGC	66
286	AAT	23
286	ART	2
287	GAA	18441
287	AAA	194
287	GAG	61
287	GGA	4
287	AAG	4
287	RAA	2
288	ATC	18298
288	GTC	208
288	GTA	78
288	ATA	61
288	ATT	39
288	GTG	25
289	ACA	17489
289	ATA	515
289	ATG	485
289	ACC	157
289	ACT	26
289	ACG	18
289	GTG	14
289	CTA	2
290	TGT	18695
290	TGC	15
291	GTG	18232
291	GTT	299
291	GTA	171
291	GTC	4
291	ATT	3
291	GTR	2
292	TGC	18662
292	TGT	43
292	TGY	3
292	AGC	2
293	AGG	18359
293	AGA	345
293	CGG	4
294	GAT	18482
294	GAC	224
294	GAY	2
294	GTT	2
295	AAC	17362
295	AAT	1338
295	AGT	8
295	RAT	2
296	TGG	18711
297	CAT	18649
297	CAC	60
298	GGC	17965
298	GGT	517
298	GCC	114
298	GGA	93
298	GCT	17
298	AGC	2
299	TCG	16648
299	TCA	2021
299	TCT	25
299	GCG	12
299	TCR	4
300	AAT	18102
300	AAC	608
301	CGA	17336
301	AGG	708
301	CGG	335
301	AGA	326
301	MGA	2
301	CGR	2
302	CCG	16201
302	CCA	2465
302	CCT	27
302	CCC	12
302	CCR	4
302	CCK	2
303	TGG	18709
304	GTG	17608
304	GTA	906
304	GTC	92
304	ATA	66
304	GTT	30
304	TTA	6
304	GTR	2
305	TCT	18486
305	TCC	177
305	GCT	14
305	TCG	10
305	TCA	8
305	ACT	8
305	TTT	5
305	TYT	2
306	TTC	18584
306	TTT	125
307	AAC	17001
307	AAT	1618
307	GAT	74
307	AAY	8
307	GAC	4
307	AGT	3
308	CAG	18050
308	CAA	602
308	CAT	31
308	CGG	16
308	CTG	4
308	CAR	3
308	CCG	2
309	AAT	18470
309	AAC	174
309	GAT	58
309	CAT	3
309	AGT	2
309	RAT	2
310	CTG	17348
310	TTG	1181
310	CTT	122
310	CTA	41
310	TTA	15
310	CTR	3
311	GAA	17205
311	GAG	1382
311	GAC	73
311	GAT	31
311	AAT	4
311	CAG	4
311	AAC	4
311	AAA	3
311	RAA	2
312	TAT	17957
312	TAC	748
312	TAY	4
313	CAG	17070
313	CAA	1200
313	AAG	147
313	CGG	141
313	CGA	131
313	CAT	12
313	AAA	4
313	CTG	2
313	CAR	2
314	ATG	12719
314	ATA	5911
314	CTG	34
314	ATT	16
314	GTA	10
314	ACA	4
314	TTA	3
314	ATC	3
314	ATR	3
314	GTG	2
315	GGA	18525
315	GGG	167
315	GGT	14
315	GGC	3
316	TAC	17374
316	TAT	1334
316	TAY	3
317	ATA	18212
317	ATT	466
317	ATC	10
317	GTA	9
317	GTT	6
317	ATR	3
317	RTA	2
317	AYA	2
318	TGC	18562
318	TGT	148
319	AGT	18686
319	AGC	25
320	GGG	17083
320	GGA	1616
320	CGA	4
320	GGC	3
320	GGR	3
321	GTT	16048
321	ATT	2617
321	GTC	23
321	RTT	6
321	GTG	6
321	ATC	4
321	GCT	2
322	TTC	18272
322	CTC	328
322	TTT	86
322	CTA	8
322	TTA	8
322	YTC	2
322	CTT	2
322	TTG	2
323	GGA	18241
323	GGT	403
323	GGG	53
323	GGC	11
323	GGR	2
324	GAC	18527
324	GAT	180
324	GAY	2
325	AAT	18471
325	AAC	223
325	AGT	13
325	ACT	3
326	CCA	18538
326	CCG	148
326	CCC	12
326	CCT	7
326	CCR	3
326	CMA	2
327	CGC	18032
327	CGG	362
327	CGT	178
327	CGA	134
327	CGY	2
328	CCT	17208
328	CCC	910
328	CCA	451
328	TCT	62
328	TCC	55
328	CCG	17
328	YCT	2
329	AAT	18550
329	AGT	52
329	AAC	34
329	ACT	32
329	GAT	10
329	ATT	10
329	CAT	7
329	GAA	6
329	AAA	3
329	ACC	2
329	TAT	2
330	GAT	18008
330	GAC	701
331	AAG	16954
331	GGA	881
331	GGT	299
331	GGG	266
331	AAA	208
331	AGG	62
331	AGA	16
331	AAT	10
331	AAR	5
331	GGC	4
331	RAG	2
331	GAA	2
332	ACA	18194
332	AAA	271
332	ACG	87
332	AAG	81
332	GCA	29
332	ATA	19
332	GAA	11
332	TCA	4
332	ACC	3
332	AGA	3
332	ACT	3
332	ACR	2
332	GAG	2
333	GGC	17364
333	GGT	1315
333	GGG	25
333	GGA	7
334	AGT	18306
334	AGC	235
334	AAT	165
334	GAT	2
335	TGT	18304
335	TGC	405
336	GGT	18117
336	GGC	485
336	GAT	50
336	AGT	24
336	GGA	22
336	GRT	5
336	RGT	3
336	AAT	2
337	CCA	18226
337	CCG	452
337	CCT	31
337	CCC	2
338	GTA	17261
338	GTG	1332
338	ATG	72
338	GTT	21
338	GCA	7
338	ATA	6
338	GCG	6
338	RTA	2
338	GYA	2
339	TCG	16936
339	TCC	1223
339	TTG	122
339	CCG	93
339	TTC	91
339	CTT	75
339	TCA	60
339	TCT	33
339	GCG	13
339	CAT	10
339	ACG	10
339	CCC	7
339	CCT	7
339	TAT	6
339	CTC	5
339	TTT	4
339	AAT	3
339	TAC	3
339	TYG	2
339	GTC	2
339	TCK	2
339	ACT	2
339	TCR	2
340	TCT	17839
340	CCT	593
340	CAT	140
340	TCC	58
340	CCC	19
340	CTT	17
340	TTT	12
340	TCG	10
340	GTT	8
340	TCY	5
340	TMT	2
340	CGT	2
341	AAT	17429
341	AAC	1203
341	AGT	44
341	GAT	13
341	CAT	8
341	AGC	6
341	TAT	2
341	RAT	2
341	AAY	2
342	GGA	17248
342	GGG	1386
342	GGT	69
342	GGC	7
343	GCA	18642
343	GCT	23
343	GCG	22
343	GCC	5
343	ACA	4
343	GMA	3
343	TCA	2
343	GAA	2
343	GTA	2
343	GGA	2
343	GAG	2
343	RCA	2
344	AAT	17327
344	TAT	1334
344	AAC	24
344	GAT	8
344	TAC	7
344	GGT	2
344	CAT	2
345	GGA	14781
345	GGG	3924
345	GGT	5
346	GTA	18210
346	ATA	248
346	GTG	233
346	GTT	8
346	RTA	5
346	GTR	3
347	AAA	18123
347	AAG	587
348	GGA	17200
348	GGG	1501
348	GGT	6
348	GGR	3
349	TTT	17934
349	TTC	776
350	TCA	18617
350	TCG	71
350	GCA	11
350	TCT	7
350	TCC	4
351	TTC	16645
351	TTT	1958
351	TAT	88
351	TAC	20
352	AAA	18234
352	AGA	433
352	AAG	25
352	AGG	16
352	ARA	2
353	TAC	18041
353	TAT	662
353	TAY	4
354	GGC	18248
354	GGT	429
354	GGA	14
354	GAC	7
354	AGC	3
354	GAT	3
354	GGY	3
355	AAT	18644
355	GAT	34
355	AGT	18
355	AAG	5
355	AAC	5
355	ACT	2
355	RAT	2
356	GGT	18353
356	GGC	340
356	GGA	10
356	GGG	3
356	GRT	2
357	GTT	18026
357	GTC	639
357	ATT	29
357	GTA	6
357	RTT	5
357	GCT	3
358	TGG	18710
359	ATA	17357
359	ATC	1311
359	ATT	30
359	ATG	9
360	GGG	18325
360	GGA	379
360	GGC	3
360	GGR	2
361	AGA	18227
361	AGG	477
361	CGA	3
361	AGR	2
362	ACT	17232
362	ACC	1347
362	ACA	113
362	ATT	11
362	ACG	4
362	ATC	2
363	AAG	9875
363	AAA	8824
363	AAR	5
363	AWG	2
363	AGA	2
364	AGC	18535
364	AGT	147
364	AAC	19
364	GGC	5
364	AGA	2
365	ATT	16213
365	ACT	2102
365	ATC	180
365	CCT	134
365	ACC	59
365	CAC	6
365	ACA	3
365	GCT	3
365	AYT	2
365	AGT	2
365	AAC	2
366	AGT	17178
366	AAT	847
366	CAT	443
366	AAC	105
366	AGC	58
366	GAT	20
366	ATT	19
366	ACT	8
366	CAC	8
366	AGA	6
366	ATC	4
366	GTT	4
366	CAG	3
366	GGT	2
366	AGG	2
367	TCA	17160
367	TCC	1403
367	TCG	58
367	TTA	38
367	TCT	38
367	CTC	3
367	TTC	2
367	TAC	2
368	AGA	17116
368	AGG	1587
368	CGA	5
368	ARA	2
369	AAA	15736
369	AAC	1441
369	AGC	1228
369	AGT	232
369	AGA	16
369	AAG	16
369	AAT	15
369	CAT	6
369	AAM	5
369	CAA	4
369	ATG	4
369	ACT	3
370	GGT	17479
370	GGC	1084
370	GGG	77
370	GGA	68
371	TTT	18690
371	TTC	17
371	TTY	3
372	GAG	16838
372	GAA	1869
372	GAR	2
373	ATG	18667
373	ATA	33
373	ATC	3
373	ATR	3
373	GTG	2
374	ATT	18473
374	GTT	192
374	ATC	43
374	RTT	2
375	TGG	18708
376	GAT	18491
376	GAC	217
377	CCG	15288
377	CCA	3302
377	CCC	56
377	CCT	55
377	CCR	3
377	TCG	3
378	AAT	16168
378	AAC	2518
378	GAT	17
378	AAY	3
378	RAT	2
379	GGA	17183
379	GGG	1462
379	GGT	59
379	GGR	4
380	TGG	18709
381	ACT	17969
381	ATT	185
381	AAT	174
381	ACC	136
381	AGT	134
381	GCT	44
381	ACA	33
381	ACG	26
381	GGT	4
381	AYT	3
382	GGG	17044
382	GGA	741
382	GAA	441
382	GAT	210
382	GAG	93
382	AGT	60
382	GGT	52
382	AGG	26
382	AAT	24
382	AGA	5
382	GGR	5
382	GRG	4
383	ACT	14263
383	ACA	3225
383	ACG	1186
383	ACC	11
383	ATT	9
383	AAT	3
383	ATA	3
383	ACW	2
383	GCT	2
384	GAC	18550
384	GAT	158
385	AAT	17087
385	AGT	1439
385	AAC	136
385	AGC	21
385	GAT	9
385	ACT	8
385	AAA	4
385	ART	3
385	RAT	2
386	AAA	14224
386	AAC	2886
386	AGC	545
386	GAA	458
386	GAC	380
386	AGT	120
386	AAT	22
386	AAG	21
386	GAT	17
386	TAC	13
386	GAG	10
386	AGA	6
386	AAM	4
386	GGA	2
387	TTC	17458
387	TTT	1246
387	TAC	3
388	TCA	17517
388	TCG	998
388	TCT	148
388	TTG	18
388	TTA	13
388	TCC	7
388	ACG	4
388	ACA	3
389	ATA	15277
389	AAA	1864
389	ATG	892
389	GTG	544
389	GTA	52
389	ACA	43
389	AGA	12
389	ACG	5
389	ATT	5
389	CTA	3
389	GGG	3
389	TCG	2
389	AYA	2
390	AAG	17296
390	AAA	1343
390	AGG	65
390	AGA	2
391	CAA	18587
391	CAG	121
392	GAT	18541
392	GAC	158
392	GAG	4
392	AAT	4
393	ATC	17303
393	ATA	1071
393	ATT	271
393	GTC	41
393	GTT	10
393	ATY	5
393	GTA	3
393	RTC	3
393	ATM	2
394	GTA	18247
394	ATA	329
394	TTA	69
394	GTG	43
394	GTT	9
394	GCA	4
394	RTA	4
394	GTC	3
395	GGA	17195
395	GCA	1419
395	GAA	45
395	GGG	31
395	GRA	5
395	GCG	4
395	TCA	2
395	ACA	2
395	AGA	2
395	GGT	2
396	ATA	18353
396	ATG	104
396	GTA	64
396	TTG	62
396	ACA	57
396	TTA	51
396	CTA	8
396	ATT	4
396	ATC	2
396	AAA	2
397	AAT	16881
397	ACT	1348
397	AAA	372
397	ACC	46
397	AAC	22
397	AGT	14
397	ACA	9
397	AAG	8
397	GAT	4
397	GCT	3
397	AAW	2
398	GAG	16987
398	GAT	1410
398	GAA	233
398	GAC	60
398	GAR	6
398	GGG	5
398	AAG	3
399	TGG	18697
399	TTG	4
399	TAT	2
399	CGG	2
400	TCA	18646
400	ACA	26
400	TCT	22
400	TCG	16
401	GGG	12684
401	GGA	5914
401	GGC	96
401	GGT	10
401	GGR	5
402	TAT	17885
402	TAC	823
402	TAY	2
403	AGC	18375
403	AGT	332
403	AGY	2
404	GGG	18478
404	GGA	209
404	GGT	20
404	GGC	2
405	AGT	18653
405	AGC	35
405	AAT	17
405	TGT	3
406	TTT	18686
406	TTC	23
407	GTT	17132
407	GTC	1551
407	GTA	19
407	GTY	5
407	ATC	3
408	CAG	18569
408	CAA	140
409	CAT	18138
409	CAC	568
409	CAY	2
410	CCA	18333
410	CCC	181
410	CCT	121
410	CCG	72
410	CCR	2
411	GAA	18638
411	GAG	67
411	GAR	3
411	RAA	2
412	CTA	17137
412	CTG	1340
412	TTA	158
412	TTG	42
412	CTT	18
412	CAA	5
412	ATG	3
412	CTR	2
412	YTA	2
413	ACA	18443
413	ACC	237
413	ACG	16
413	ACT	12
414	GGG	17163
414	GGA	1392
414	GGT	146
414	AGG	3
414	RGG	2
414	GGC	2
414	GGR	2
415	CTG	17036
415	TTA	1132
415	CTA	249
415	CTT	120
415	ATG	104
415	TTG	63
416	GAT	13813
416	AAT	4376
416	GAC	381
416	AAG	95
416	AAC	26
416	GGT	14
416	AGT	2
417	TGT	17239
417	TGC	1469
418	ATA	18624
418	ATG	64
418	ATT	11
418	ATC	6
418	RTA	2
419	AGA	18461
419	AGG	201
419	AAA	38
419	AAG	4
419	CGA	3
419	ARA	2
420	CCT	18576
420	CCC	78
420	CCA	46
420	CCG	8
421	TGC	17780
421	TGT	928
422	TTC	18617
422	TTT	88
423	TGG	18707
424	GTT	18559
424	GTG	72
424	ATT	42
424	GTA	28
424	GTC	5
424	RTT	3
425	GAA	17316
425	GAG	1391
425	GAR	2
426	CTA	16993
426	TTA	1192
426	TTG	317
426	CTG	189
426	ATA	9
426	MTA	2
426	CTT	2
426	CTC	2
427	ATA	13221
427	ATC	5221
427	ATT	237
427	GTC	18
427	GTA	5
427	ACA	2
427	ATM	2
428	AGA	18662
428	AGG	42
428	CGA	5
429	GGA	9852
429	GGG	8848
429	GGC	5
429	GGR	3
430	CGA	17110
430	CGG	1083
430	CGT	278
430	CAA	108
430	AGA	34
430	CGC	24
430	CAG	20
430	CTG	19
430	AGG	15
430	CRA	9
430	CTA	5
431	CCC	18320
431	CCT	265
431	CCA	92
431	TCC	13
431	CTC	6
431	CCM	2
431	CAC	2
431	YCC	2
432	GAA	14618
432	AAA	3760
432	AAG	273
432	GAG	27
432	GGA	10
432	GAC	5
432	AGA	4
432	RAA	4
432	GAT	2
433	GAG	17949
433	GAA	745
433	GAT	6
433	GAR	3
434	AAC	17192
434	AGC	1123
434	AGT	132
434	GGC	116
434	AAT	64
434	AAA	50
434	ACC	17
434	GAC	3
434	AAM	2
434	AGA	2
435	ACA	18645
435	ACC	30
435	ACG	21
435	GCA	5
435	ACT	3
436	ATC	16733
436	ATT	1230
436	GTC	576
436	GTT	135
436	ATA	11
436	ACC	9
436	CTC	5
436	RTC	2
437	TGG	18706
438	ACT	18260
438	ACC	289
438	GCT	129
438	RCT	14
438	ACG	5
438	ACA	4
438	AAA	2
439	AGC	16833
439	AGT	1858
439	GGC	12
439	RGC	2
440	GGG	18064
440	GGA	626
440	GCG	6
440	GGT	5
440	GGR	2
441	AGC	18624
441	AGT	81
442	AGC	18622
442	ATC	45
442	AGT	26
442	TGC	4
442	GGC	4
442	RGC	3
443	ATA	18276
443	ATT	199
443	ATC	107
443	CTA	96
443	ATG	11
443	GTA	10
443	ACA	3
443	WTA	2
444	TCC	17673
444	TCT	975
444	TCA	51
444	TCY	4
444	GCC	2
445	TTT	18463
445	TTC	227
445	CTT	9
445	YTT	4
445	TTY	2
446	TGT	18668
446	TGC	38
447	GGT	18561
447	GGC	95
447	GGG	45
447	AGT	3
447	GGA	2
448	GTA	18582
448	GTG	70
448	ATA	27
448	GTC	15
448	GTR	5
448	GTT	4
449	GAC	9534
449	AAC	7649
449	AAT	1291
449	AGT	111
449	AAA	44
449	GAT	36
449	AGC	12
449	GGC	9
449	GAA	9
449	TAC	3
449	ACC	2
449	ACA	2
450	AGT	18317
450	GGT	332
450	AGC	23
450	GAT	12
450	AAT	10
450	ATT	4
450	AGG	2
451	GAC	17475
451	GAT	589
451	GAA	441
451	GGC	130
451	AAC	55
451	GGT	4
451	GTC	3
451	GAG	2
451	GRC	2
451	AAA	2
452	ACT	15805
452	ATT	2685
452	ACC	99
452	GCT	74
452	ACA	16
452	ACG	7
452	AAT	5
452	ATA	3
452	AYT	3
452	TCT	2
452	ACY	2
452	AMT	2
453	GTG	17827
453	GCG	326
453	GGG	162
453	GTT	140
453	GCA	91
453	GTA	67
453	ATG	53
453	GTC	17
453	GCC	7
453	RTG	5
453	ACG	4
453	GTR	3
454	GGT	17320
454	AGT	1138
454	AGC	115
454	GAT	49
454	AAT	18
454	GGG	17
454	GGC	17
454	GCT	15
454	GRT	5
454	GTT	4
454	GGA	3
454	GKT	2
455	TGG	18704
456	TCT	18335
456	TCC	263
456	TCA	97
456	TTT	4
456	TAT	2
456	TCG	2
457	TGG	18705
458	CCA	18666
458	TCA	20
458	CCG	12
458	CCT	3
458	CAA	2
459	GAC	18673
459	GAT	31
460	GGT	18592
460	GGA	92
460	GGC	15
460	GGG	4
461	GCT	18697
461	GCC	4
462	GAG	18569
462	GAT	94
462	GAA	34
462	AAG	6
463	TTG	18587
463	CTG	102
463	GTG	13
463	YTG	2
464	CCA	18689
464	CCG	9
464	CCT	3
464	CCR	2
465	TTT	17253
465	TTC	1449
465	CTT	2
466	ACC	18263
466	ATC	317
466	ACT	69
466	GCC	20
466	AAC	12
466	AGC	9
466	AYC	7
466	GTC	3
467	ATT	18114
467	GTT	568
467	ATC	15
467	ACT	2
467	ATA	2
467	RTT	2
468	GAC	18705
469	AAG	18443
469	AAT	159
469	AAA	92
469	ATG	6
469	AGG	5
470	TAA	17413
470	TAG	1270
470	TGA	3

#HK4801|HA
1	CAA	29396
1	CAG	101
1	AAA	33
1	CAC	3
1	CGA	3
1	MAA	3
2	AAA	28827
2	AAG	334
2	GAA	212
2	AGA	72
2	GAC	39
2	AAC	18
2	AAT	15
2	CAA	9
2	GAT	4
2	AGG	4
2	ARA	2
2	AAR	2
2	RAA	2
3	ATT	22048
3	CTT	6605
3	ATC	557
3	CTC	119
3	TTT	102
3	GTT	31
3	ACT	20
3	TTG	16
3	ATA	12
3	TTC	8
3	AAT	5
3	CCT	4
3	MTT	4
3	YTT	3
3	AGT	2
4	CCT	28510
4	CCC	904
4	CCA	69
4	CTA	11
4	TCT	10
4	CAT	9
4	ACT	8
4	TCA	6
4	CCG	4
4	CTT	3
4	YCT	2
5	GGA	28440
5	GAA	380
5	GGT	277
5	AGA	253
5	GGG	168
5	GTA	5
5	GAG	5
5	TGG	3
5	GGR	2
5	GRA	2
5	ATC	2
6	AAT	28971
6	AGT	384
6	ATT	93
6	AAC	39
6	GAT	28
6	AGC	16
6	AAG	4
6	AAA	2
7	GAC	29444
7	AAC	29
7	GAT	28
7	GAA	19
7	GGC	13
7	TAC	6
7	RAC	2
8	AAT	25572
8	AAC	3819
8	GAC	70
8	AAA	19
8	AAG	18
8	GAT	15
8	AGT	14
8	AGC	6
8	TAT	4
8	AAY	2
9	AGC	29067
9	AAC	387
9	AGT	43
9	GGC	15
9	AAT	9
9	ARC	3
9	ATC	3
9	AGA	3
9	TGC	3
9	AGG	3
9	GGT	2
10	ACG	28322
10	ATG	889
10	ACA	227
10	ACT	44
10	GCG	23
10	AAG	13
10	GCT	8
10	AGG	7
10	AYG	5
11	GCA	29107
11	GCG	406
11	GCT	14
11	ACA	9
11	GCC	3
12	ACG	29157
12	ACA	303
12	ATG	36
12	ACT	24
12	AAG	12
12	AYG	4
12	ACR	4
13	CTG	29298
13	CTA	126
13	TTG	90
13	CTT	17
13	CTR	8
14	TGC	29441
14	TGT	97
14	TGY	3
15	CTT	28934
15	CTG	540
15	CTA	19
15	CTC	16
15	ATT	15
15	TTG	9
15	TTT	2
15	TTA	2
15	MTT	2
16	GGG	28367
16	GGA	1154
16	GGT	12
16	GGC	8
17	CAC	29378
17	CAT	156
17	CMC	2
17	CTC	2
18	CAT	29480
18	CAC	47
18	TAT	10
18	YAT	3
19	GCA	29463
19	TCA	40
19	GCG	29
19	ACA	4
19	GCT	2
20	GTA	27739
20	GTG	1774
20	ATA	10
20	GTR	5
20	GTC	3
20	GTT	3
20	ACA	2
20	GCA	2
21	CCA	28920
21	TCA	347
21	CCG	232
21	CAA	18
21	CAG	5
21	ACA	3
21	CCC	3
21	GCA	2
21	YCA	2
21	SCA	2
21	CMA	2
21	CTA	2
22	AAC	28205
22	AAT	1327
22	ARC	2
22	AAY	2
23	GGA	29371
23	GGG	158
23	GGT	8
23	GGR	3
24	ACG	28484
24	ACA	887
24	ACT	124
24	ACC	24
24	GCG	8
24	ACR	3
24	ATG	3
24	RCG	2
24	AAG	2
25	ATA	28760
25	TTA	372
25	ATG	155
25	CTA	128
25	GTA	93
25	ACA	10
25	RTA	5
25	CTC	2
25	CTG	2
25	AGA	2
25	TTG	2
25	ATW	2
25	GTG	2
25	ATR	2
26	GTG	29462
26	GTA	72
26	GTT	5
27	AAA	29440
27	AAG	68
27	AGA	21
27	GAA	4
27	CAA	2
27	RAA	2
27	AAC	2
28	ACA	29474
28	ACG	30
28	ACC	18
28	ACT	13
28	GCA	4
28	ACW	2
29	ATC	29335
29	ATT	126
29	ATA	56
29	GTC	13
29	CTC	5
29	ATM	5
30	ACA	17805
30	ACG	11605
30	GCA	56
30	ACT	47
30	GCG	7
30	ACR	7
30	ATG	5
30	ACC	5
30	AGT	2
30	ATA	2
31	AAT	28491
31	GAT	515
31	AGT	484
31	AAC	31
31	GAC	9
31	ACT	3
31	RAT	2
31	AAA	2
31	TAT	2
32	GAC	29356
32	GAT	142
32	GGC	16
32	GAA	14
32	AAC	6
32	GAY	3
33	CGA	24968
33	CAA	4352
33	CGG	121
33	CAG	62
33	AGA	19
33	CRA	6
33	AAA	4
33	CGR	3
33	CTA	3
34	ATT	29400
34	GTT	70
34	ATA	34
34	ATC	17
34	CTT	10
34	ACT	9
35	GAA	29390
35	GAG	149
35	GCA	2
36	GTT	28855
36	GTG	547
36	GTC	128
36	GTA	8
36	GTY	3
37	ACT	29203
37	ACC	319
37	ACY	6
37	ACA	5
37	ATT	4
37	ACG	3
38	AAT	29477
38	AAC	54
38	AGT	4
38	ART	2
39	GCT	29408
39	GCC	113
39	GCA	9
39	GCG	7
39	ACT	2
40	ACT	29413
40	ACC	117
40	ACA	9
41	GAG	28914
41	GAA	623
41	GAR	4
42	CTG	14713
42	TTG	14633
42	CTA	139
42	TTA	33
42	CTT	13
42	TTR	4
42	YTG	4
42	ATG	2
43	GTT	29102
43	GTC	391
43	ATT	27
43	GTA	16
43	GTY	2
44	CAG	29107
44	CAA	407
44	CAT	12
44	CAR	7
44	CGG	4
44	CTG	3
45	AAT	21611
45	AAC	4200
45	AGT	3603
45	AGC	61
45	GAT	18
45	AMT	10
45	ATT	8
45	GGT	6
45	ACT	5
45	AAY	4
45	GAC	3
45	CAT	3
45	ART	3
45	AAG	2
46	TCC	28840
46	TTC	288
46	ACC	243
46	TCT	135
46	TCA	17
46	CCC	6
46	TAC	5
46	TCM	2
46	ATT	2
47	TCA	29109
47	TCT	261
47	ACA	103
47	TCG	38
47	CCA	14
47	GCA	9
47	TTA	4
47	TCC	2
48	ATA	25600
48	ACA	3616
48	GCA	159
48	ATC	61
48	ATG	29
48	ACG	16
48	AGA	16
48	AAA	12
48	CTA	12
48	GTA	6
48	ACT	6
48	GCT	2
48	TTA	2
49	GGT	29060
49	GGA	263
49	GGC	69
49	GGG	59
49	AGT	48
49	GAT	30
49	GRT	3
49	GGK	2
49	GGY	2
49	GTT	2
49	RGT	2
50	GAA	28134
50	AAA	601
50	AGA	453
50	GGA	300
50	GAG	20
50	AAG	16
50	GTA	6
50	GGG	2
50	GAC	2
51	ATA	29504
51	ATT	12
51	ATG	9
51	ATC	9
51	GTA	3
51	CTA	2
51	ATR	2
52	TGC	29337
52	TGT	201
52	TGS	2
53	GAC	26612
53	AAC	2704
53	GAA	122
53	GAT	42
53	GGC	31
53	RAC	10
53	AGT	9
53	TAC	4
53	AAT	3
53	AGC	2
54	AGT	29263
54	AGC	132
54	AAT	89
54	AGG	20
54	GGT	18
54	CGT	9
54	AAC	3
54	ATT	3
55	CCT	29166
55	CCC	354
55	CCA	15
55	CCY	2
55	TCA	2
55	TCT	2
56	CAT	28118
56	TAT	828
56	CAC	574
56	YAC	4
56	YAT	4
56	CGT	4
56	CAY	3
56	TAC	2
57	CAG	28611
57	CAA	586
57	CAT	124
57	CGA	71
57	AAG	42
57	CTG	30
57	CGG	25
57	AGG	24
57	CAC	12
57	AGA	7
57	AAA	4
57	TAT	2
58	ATC	28815
58	GTC	522
58	ATT	180
58	ATA	8
58	GTT	8
58	ACC	3
58	ATY	3
59	CTT	29404
59	CTC	83
59	ATT	43
59	CTA	7
59	CTK	2
60	GAT	29509
60	GAC	27
60	GAA	2
61	GGA	29022
61	GGG	511
61	GGT	5
61	GGC	2
62	GAA	19600
62	GGG	4243
62	GAG	4043
62	AAA	1234
62	GGA	324
62	AGG	54
62	ATA	12
62	AGA	7
62	RAA	6
62	AAG	4
62	GRR	3
62	GGR	3
62	GAT	3
62	AAC	2
62	GAC	2
63	AAC	28985
63	AAT	475
63	GAC	54
63	GAT	9
63	AAA	7
63	RAC	3
63	ARC	3
63	AAM	2
64	TGC	29398
64	TGT	140
64	TGY	2
65	ACA	29367
65	ACT	118
65	ACC	29
65	ACG	13
65	AAA	7
65	AMA	2
65	ATA	2
66	CTA	28908
66	CTG	468
66	TTA	83
66	CTC	49
66	TTG	25
66	ATA	8
67	ATA	29091
67	ATT	357
67	ATG	62
67	GTA	22
67	ATC	4
68	GAT	29520
68	GAC	20
69	GCT	28887
69	GCC	618
69	GCA	16
69	TCT	5
69	GCG	4
69	GTT	4
69	GCY	2
69	KCT	2
69	ACT	2
70	CTA	29443
70	TTA	48
70	CTG	36
70	ATA	5
70	CTC	3
70	ATG	2
70	YTA	2
71	TTG	29291
71	CTG	158
71	TTA	66
71	CTA	17
71	YTG	4
71	TTR	2
71	ATG	2
72	GGA	23751
72	GGG	5772
72	GGR	14
72	GGT	2
73	GAC	29058
73	GAT	479
74	CCT	29263
74	CCC	259
74	CCA	19
75	CAG	28652
75	CAT	690
75	CAA	154
75	CAC	18
75	CTG	8
75	CGG	5
75	AAG	4
75	AAT	3
75	CAK	3
75	CAR	2
76	TGT	29457
76	TGC	83
77	GAT	23989
77	GAC	5509
77	GAA	17
77	GAG	12
77	GAY	10
77	AAC	2
78	GGC	27977
78	GAC	671
78	GGA	661
78	AGC	121
78	GTC	44
78	GGT	28
78	GTT	7
78	GGG	6
78	GAT	5
78	GGM	5
78	GGY	4
78	GAA	3
78	AAC	2
78	GCC	2
79	TTT	25000
79	TTC	4412
79	CTT	92
79	CTC	13
79	TTA	6
79	GTT	4
79	TCC	3
79	ATT	2
79	TAT	2
79	ATC	2
80	CAA	29470
80	CAG	35
80	AAA	12
80	AAG	12
80	CGA	9
81	AAT	27722
81	AAC	1730
81	GAT	74
81	GAC	5
81	AAY	4
81	TAT	2
81	AGT	2
82	AAG	28323
82	AGG	731
82	AAT	267
82	AAA	117
82	GAG	53
82	GAA	20
82	GTG	8
82	AAR	7
82	AAK	3
82	RAG	3
82	ACG	3
82	TGG	2
83	AAA	27987
83	GAA	836
83	AAG	411
83	AGA	171
83	ACA	52
83	AAT	45
83	AAC	11
83	ACG	8
83	AAR	5
83	GGA	4
83	GAG	4
83	RAA	4
83	ATG	2
84	TGG	29541
85	GAC	29430
85	GAT	87
85	GGC	7
85	AAC	6
85	GAA	5
85	GRC	3
85	GAY	2
86	CTT	29458
86	CTC	69
86	ATT	7
86	CTG	4
86	CTK	2
87	TTT	25859
87	TTC	3667
87	TAT	11
87	TTY	2
87	CTT	2
88	GTT	29302
88	ATT	122
88	GTC	61
88	GTG	36
88	GTA	14
88	ATA	2
88	RTT	2
89	GAA	29459
89	GAG	80
89	GAR	2
90	CGA	21405
90	AGA	3729
90	CGG	3011
90	CGC	1351
90	AGG	27
90	MGA	13
90	CGT	3
91	AGC	25086
91	AAC	4274
91	AGT	127
91	AAT	11
91	GGC	9
91	AGA	8
91	ATC	7
91	ARC	7
91	CGC	6
91	AGG	2
91	GAC	2
92	AAA	22942
92	AGA	6081
92	ACA	386
92	AAT	46
92	AAG	30
92	ARA	14
92	AGG	11
92	CAA	7
92	AGT	5
92	AAC	4
92	GAA	3
92	AAR	2
92	GGA	2
92	ACG	2
92	ACC	2
93	GCC	29236
93	GCT	214
93	GCA	63
93	ACC	11
93	TCC	6
93	GTC	4
93	GCG	2
94	TAC	27683
94	CAC	1503
94	AAC	233
94	TTC	58
94	AGC	13
94	TGC	12
94	TAT	10
94	TTT	8
94	TCC	7
94	YAC	4
94	TAY	3
94	CGC	3
95	AGC	29509
95	AGT	27
95	AAC	2
95	RGC	2
96	AAC	29270
96	AGC	132
96	AAT	89
96	AAA	29
96	GAC	6
96	MAS	5
96	ARC	4
96	TAC	2
97	TGT	29467
97	TGC	72
97	TGY	2
98	TAC	29497
98	TAT	38
98	TAY	3
98	WAC	2
99	CCT	29300
99	CCC	216
99	CCA	17
99	CCG	5
99	CCY	2
100	TAT	25742
100	TAC	3782
100	TAY	13
100	TTT	3
101	GAT	29071
101	TAT	354
101	GAC	76
101	TAC	17
101	AAT	11
101	GAY	5
101	GAG	3
101	RAT	2
102	GTG	28991
102	GTA	502
102	GTT	30
102	ATG	5
102	RTG	4
102	GTC	3
102	GTK	2
102	ATC	2
103	CCG	28952
103	CCA	521
103	CCT	23
103	TCG	22
103	CAG	12
103	CCR	5
103	CTG	4
104	GAT	29352
104	GAC	93
104	AAT	47
104	GAG	28
104	GGT	10
104	GAY	3
104	GAA	3
104	RAT	3
104	AAC	2
105	TAT	29467
105	TAC	36
105	CAT	30
105	TTT	3
105	TCT	2
106	GCC	25264
106	GCA	3872
106	GCT	168
106	GTC	96
106	ACC	76
106	TCC	33
106	ACA	22
106	GCY	3
106	GGC	2
107	TCC	29091
107	ACC	292
107	TCT	133
107	TCA	13
107	ACT	5
107	CCC	3
107	TCG	2
107	TCM	2
108	CTT	29419
108	CTC	93
108	CTA	19
108	CTG	7
108	ATT	2
109	AGG	25020
109	AGA	4450
109	CGA	48
109	AAG	12
109	CGG	4
109	AGR	4
110	TCA	29448
110	TCC	46
110	TCT	18
110	KCA	12
110	TCG	11
110	TTA	3
110	GCA	2
111	CTA	29317
111	TTA	106
111	CTG	84
111	ATA	28
111	CTR	2
111	ATT	2
112	GTT	29337
112	ATT	163
112	GTA	16
112	GTG	12
112	GTC	6
112	RTT	3
112	GTW	2
112	GCT	2
113	GCC	29417
113	GCA	63
113	GCT	51
113	TCC	6
113	GCM	2
114	TCA	29181
114	ACA	253
114	GCA	47
114	TCG	24
114	TCT	16
114	TCC	11
114	TTA	5
114	TCW	2
115	TCC	28819
115	TCT	554
115	TCA	128
115	TCG	16
115	GCC	14
115	TTC	4
115	TYC	2
116	GGC	28826
116	GGT	604
116	GGA	106
116	GGM	4
117	ACA	28791
117	AAC	259
117	ACG	240
117	ACC	148
117	ACT	61
117	AAT	36
117	ATA	3
117	TCC	2
118	CTG	29332
118	TTG	109
118	CTA	66
118	CTT	20
118	ATG	9
118	TTA	3
119	GAG	28991
119	GAA	526
119	GAT	11
119	GGA	5
119	AAA	4
119	ATA	2
120	TTT	29399
120	TTC	141
121	AAC	19960
121	AAA	8350
121	GAC	616
121	ACC	410
121	ATC	85
121	AAT	26
121	AAG	21
121	GAA	16
121	AGC	15
121	ACT	11
121	AAM	9
121	ATT	5
121	CAA	3
121	ACA	3
121	ATA	2
121	RAA	2
121	TAC	2
122	AAT	27988
122	GAT	928
122	CAA	370
122	ACT	90
122	AGT	47
122	AAA	42
122	AAC	26
122	TAT	17
122	ACA	7
122	AAG	6
122	CAG	4
122	GGT	3
122	ATT	3
122	GAG	2
122	ART	2
122	GCA	2
123	GAA	29485
123	GAG	56
124	AGC	28841
124	AGT	327
124	AAC	130
124	AGA	62
124	GGC	58
124	GAC	46
124	GGT	45
124	CGC	11
124	ATC	7
124	AAT	3
124	ARC	3
124	GAA	2
124	AGY	2
124	GGA	2
125	TTC	29514
125	TTT	22
125	TAC	2
126	AAT	29365
126	ACT	60
126	AAC	53
126	GAT	25
126	AAG	13
126	AGT	12
126	AAA	3
126	ACA	2
126	AAW	2
127	TGG	29539
128	ACT	20671
128	GCT	8475
128	GCC	101
128	AAT	75
128	ACG	50
128	ACC	50
128	ACA	45
128	ATT	24
128	GAT	18
128	GCA	13
128	RCT	8
128	TCT	3
128	AMT	2
128	CCT	2
129	GGA	28721
129	GGG	790
129	GGT	18
129	GAA	8
129	GGC	2
130	GTC	28779
130	GTT	394
130	GTA	329
130	GTG	14
130	ATC	14
130	GTY	4
130	GCC	4
130	RTC	2
131	ACT	22117
131	AAA	6801
131	GCT	451
131	ACC	90
131	AAT	32
131	AMW	12
131	AAG	9
131	GCA	8
131	AGA	6
131	AGT	5
131	ACA	5
131	GCC	2
131	TCT	2
132	CAA	29269
132	CAG	269
133	AAC	28207
133	GAC	599
133	AAT	582
133	GAT	111
133	GGC	18
133	AGT	10
133	AGC	4
133	CAC	2
133	ARC	2
133	AAY	2
133	ACC	2
134	GGA	29329
134	GGG	208
134	SGA	2
134	GGC	2
135	ACA	24588
135	AAA	3769
135	AAT	364
135	TCA	348
135	GCA	306
135	GGA	76
135	GGG	24
135	ACG	17
135	AGA	14
135	AMA	10
135	AAG	7
135	ATA	4
135	GAA	4
135	ACC	3
135	ART	2
136	AGT	25702
136	AGC	3837
137	TCT	28410
137	TTT	538
137	TAT	437
137	TCA	36
137	GGT	34
137	AAT	29
137	GCT	17
137	TCC	10
137	CGT	9
137	GCC	8
137	TCG	4
137	AGT	2
137	GGA	2
138	GCT	22058
138	TCT	6537
138	GCG	484
138	GCC	338
138	KCT	79
138	ACT	14
138	TCC	12
138	TCA	8
138	GCA	6
138	RCT	2
138	GCY	2
139	TGC	24598
139	TGT	4931
139	TGY	12
140	ATA	27709
140	AAA	779
140	ATG	428
140	AGA	414
140	ATT	88
140	ACA	42
140	CTA	26
140	GTA	19
140	AWA	11
140	CAA	9
140	TTA	5
140	ATR	3
140	AGG	3
140	AAG	2
140	GAA	2
141	AGG	29430
141	AGA	87
141	AAG	13
141	AGR	4
141	ARG	2
141	CGG	2
142	GGA	12503
142	AGA	10908
142	AAA	5560
142	GGT	354
142	GGG	67
142	GAA	63
142	AGG	43
142	AGT	14
142	RGA	5
142	AAG	5
142	AAT	5
142	RRA	3
143	TCT	29105
143	TCC	337
143	CCT	52
143	TCA	15
143	CCC	11
143	TTT	9
143	TAT	6
143	ACT	2
143	TCY	2
143	TCW	2
144	AGT	17045
144	AAT	5841
144	AAA	5414
144	GTT	403
144	AGC	265
144	GAT	151
144	CGT	129
144	AGA	108
144	GCT	45
144	AAC	23
144	AGG	19
144	GGT	17
144	GAC	14
144	AAG	14
144	GCC	9
144	GAA	9
144	ATT	8
144	ART	8
144	ACT	3
144	GTC	2
144	AAK	2
144	AAW	2
144	TCT	2
144	ARA	2
145	AGT	25512
145	AAC	1770
145	AAT	1733
145	AGC	250
145	AAA	224
145	AGA	13
145	AAM	11
145	GGT	8
145	ART	5
145	ATC	3
145	ARA	2
145	GAT	2
145	AGK	2
146	AGT	29301
146	AGC	162
146	GGT	70
146	GGC	4
146	AAT	2
146	AGY	2
147	TTC	29267
147	TTT	273
148	TTT	29316
148	TTC	222
148	TTY	3
149	AGT	29498
149	AGC	32
149	AAT	3
149	GGT	3
149	ATT	2
149	AGY	2
150	AGA	29082
150	AAA	230
150	AGG	218
150	CGA	6
150	ARA	3
151	TTA	25564
151	TTG	3817
151	CTA	97
151	CTG	61
152	AAT	29445
152	AAC	96
153	TGG	29541
154	TTG	29333
154	TTA	165
154	CTG	36
154	TTR	3
154	CTA	3
155	ACC	28709
155	ACT	326
155	TAT	323
155	CAC	110
155	CAT	51
155	TAC	11
155	ACA	7
156	CAC	28073
156	CAT	813
156	AAC	267
156	CAA	103
156	AAA	84
156	AAT	71
156	AAG	33
156	CGC	28
156	CAM	20
156	AGT	14
156	GAA	13
156	MAC	5
156	CAY	4
156	CRC	3
156	AAK	3
156	CRM	2
157	TTA	28069
157	TCA	983
157	TTG	433
157	CTA	32
157	TCT	9
157	TTC	5
157	TTR	2
157	YTA	2
157	TTT	2
158	AAC	27206
158	AAA	1033
158	AAT	869
158	AAM	117
158	GGA	67
158	GAA	57
158	GAC	40
158	AGA	40
158	ARC	29
158	MAC	23
158	GAT	16
158	AGC	11
158	RAC	10
158	ARM	3
158	CAC	3
158	AAG	2
158	GGT	2
158	AGG	2
158	RAM	2
158	MAM	2
159	TAC	18744
159	TCC	5475
159	TTC	5186
159	AGC	32
159	TAT	21
159	TYC	21
159	AAC	16
159	TMC	11
159	AGT	11
159	AAT	10
159	CAC	5
159	TTT	4
159	TWC	2
159	GAC	2
160	ACA	17219
160	AAA	11235
160	AAG	377
160	AMA	340
160	AYA	73
160	GCA	71
160	ATA	67
160	RCA	46
160	AWA	24
160	ACG	19
160	RMA	15
160	AHA	13
160	AGA	10
160	ASA	8
160	CAA	7
160	RYA	3
160	TCT	2
160	TCA	2
160	AGG	2
161	TAC	15357
161	TAT	14166
161	TTC	5
161	CAT	5
161	TAY	4
161	CAC	3
162	CCA	29426
162	TCA	51
162	CCC	26
162	CAA	13
162	CCG	12
162	CCT	7
162	YCA	2
162	CTA	2
163	GCA	29035
163	GAA	225
163	GCG	125
163	GAG	69
163	GTG	51
163	GTA	10
163	ACA	9
163	GCT	6
163	TCA	6
163	TTG	2
164	TTG	16938
164	TTA	6527
164	CTG	5697
164	CAG	308
164	CTA	43
164	YTG	13
164	CTT	6
164	TTR	5
164	CTC	2
165	AAC	28656
165	AAT	597
165	GAA	254
165	AAA	20
165	AAM	4
165	RAA	3
165	AAY	2
165	AGC	2
166	GTG	28981
166	GTA	489
166	GTT	33
166	ATG	16
166	GCG	14
166	RTG	3
166	ATA	2
166	GTR	2
167	ACT	29241
167	ACC	257
167	AAT	10
167	ACG	7
167	GCT	6
167	ACA	6
167	AMT	3
167	ACY	3
167	TCT	2
167	ATT	2
167	AGT	2
168	ATG	29388
168	GTG	120
168	ATA	22
168	RTG	3
168	AYG	2
169	CCA	29355
169	CCG	78
169	CTA	31
169	TCA	25
169	CCT	23
169	CCC	20
169	CAA	2
169	ACA	2
169	CMA	2
170	AAC	29523
170	AAT	16
171	AAT	20901
171	AAG	8335
171	AAA	196
171	GAT	51
171	AAC	29
171	AAK	9
171	AGG	9
171	AGT	4
171	ACT	3
172	GAA	28744
172	GAC	476
172	GAG	213
172	GGA	62
172	GGC	24
172	AAC	9
172	AAA	5
172	GAT	4
172	GAM	2
172	GAR	2
173	CAA	28150
173	AAA	924
173	GAA	204
173	AAT	131
173	CAG	54
173	AAG	27
173	CGA	11
173	CTA	10
173	AAC	8
173	CAT	8
173	AGA	3
173	CAC	3
173	GGA	2
173	MAA	2
173	CAR	2
174	TTT	29455
174	TTC	73
174	GTT	6
174	TCT	4
175	GAC	29498
175	GAT	26
175	AAC	7
175	GAA	6
175	GAY	2
176	AAA	29464
176	AAG	63
176	AAR	13
177	TTG	29316
177	TTA	138
177	CTG	43
177	CTA	38
177	ATG	4
178	TAC	29498
178	TAT	41
178	TAY	2
179	ATT	29414
179	ATC	74
179	ATA	25
179	GTT	21
179	ATY	3
179	GTG	2
180	TGG	29541
181	GGG	25179
181	GGT	4065
181	GGA	295
182	GTT	28839
182	GTC	548
182	ATT	125
182	GTA	12
182	GTY	4
182	GCT	4
182	GTG	3
182	RTT	3
183	CAC	28866
183	CAT	524
183	CTC	107
183	CWC	41
183	CAY	2
184	CAC	29102
184	CAT	436
184	AAC	2
185	CCG	29280
185	CCA	234
185	CCT	18
185	CCR	5
185	CCC	3
186	GGT	28388
186	GTT	242
186	GCT	227
186	GGC	184
186	GAT	119
186	AGC	99
186	AGT	97
186	GGA	85
186	GKT	23
186	ACT	12
186	GGG	10
186	GCC	10
186	ACC	9
186	ATT	7
186	RGT	6
186	ATC	4
186	CGT	3
186	GTC	2
186	GRT	2
186	RKT	2
186	AKC	2
186	ART	2
186	TCT	2
187	ACG	28973
187	ACA	478
187	ACT	73
187	ACK	5
187	GCG	5
187	TCA	2
187	ACR	2
187	ATG	2
188	GAC	29122
188	GAT	233
188	AAC	73
188	AAT	26
188	TAC	26
188	GAA	21
188	GGC	12
188	RAC	11
188	GCC	5
188	GAY	3
188	KAC	2
188	AGT	2
188	GRC	2
188	GAM	2
189	AAG	27865
189	AAT	981
189	AAA	402
189	AGT	125
189	AGG	63
189	CAA	54
189	AGA	23
189	ACG	11
189	AAR	5
189	ARG	2
189	CGA	2
189	CGT	2
189	CAG	2
190	GAC	29233
190	AAC	125
190	GAA	95
190	GAT	30
190	GAG	18
190	RAC	9
190	GAM	9
190	GCC	5
190	GRC	4
190	GGC	3
190	GWC	3
190	AGC	2
190	RRC	2
190	GTC	2
191	CAA	29510
191	CAG	28
191	CAR	3
192	ATC	28648
192	ACC	676
192	GTC	112
192	ATT	47
192	AAC	20
192	ATA	13
192	ACT	8
192	ACA	4
192	CTC	4
192	TTC	2
192	ATY	2
192	AYC	2
193	TTC	23183
193	TCC	5600
193	AAC	372
193	AGC	224
193	TTT	46
193	TCT	13
193	TAC	12
193	TWC	10
193	AGT	9
193	AAT	9
193	AAA	9
193	GAC	8
193	TYC	8
193	AAM	7
193	TTY	7
193	CTC	6
193	AGA	4
193	GGA	3
193	YTC	2
193	ACC	2
193	GGC	2
194	CTG	28468
194	CTA	652
194	CCG	210
194	TTG	115
194	ATA	44
194	CYG	29
194	MTA	10
194	CTR	3
194	ATG	3
194	CTT	3
194	GTG	2
195	TAT	29364
195	TAC	123
195	YAT	18
195	TWT	14
195	CAT	12
195	TTT	4
195	WAT	4
195	AAT	2
196	GCT	23471
196	GCA	5504
196	GTC	314
196	GTT	150
196	GCC	49
196	ATT	28
196	ACT	9
196	GCG	6
196	TCT	3
196	ATC	2
197	CAA	27031
197	CGA	1615
197	AAA	598
197	CAT	132
197	CAG	114
197	CAC	34
197	CGG	14
197	AGA	2
198	TCA	24503
198	GCA	3395
198	CCA	1404
198	TCG	135
198	GCC	35
198	TCT	20
198	ACA	12
198	GCT	10
198	TTA	8
198	YCA	5
198	GAA	2
198	GCG	2
198	CAA	2
198	TCC	2
199	TCA	28456
199	GCA	834
199	CCA	133
199	TCG	63
199	ATA	22
199	TCT	11
199	TTA	6
199	ACA	5
199	YCA	3
199	GTA	2
200	GGA	28972
200	GGG	558
200	GGT	3
200	GGC	3
200	GGR	2
200	GTA	2
201	AGA	29426
201	AGG	39
201	AAA	37
201	ATA	17
201	CGA	9
201	GGA	6
201	RGA	3
201	MGA	2
202	ATC	28843
202	GTT	377
202	GTC	191
202	ATA	80
202	ATT	31
202	ACC	9
202	GTA	8
202	AYC	2
203	ACA	28817
203	ATA	604
203	ACG	75
203	AYA	22
203	ACC	9
203	ACT	4
203	GCA	4
203	TCA	3
203	ACM	2
204	GTA	27540
204	GTC	1715
204	GTG	190
204	GTT	72
204	ATA	13
204	ATC	4
204	RTA	3
204	GTY	2
204	GTR	2
205	TCT	29049
205	TCC	457
205	TCA	23
205	TCY	5
205	TCG	3
205	TYT	2
206	ACC	29464
206	ACA	38
206	ACT	35
206	ACM	3
207	AAA	28809
207	AGA	598
207	AAG	58
207	AGG	41
207	CAA	19
207	MAA	5
207	AAC	4
207	GAA	4
207	ARA	2
208	AGA	29192
208	GGA	132
208	AGG	92
208	AAA	62
208	AGT	23
208	ATA	22
208	TGG	9
208	AGR	3
208	AAT	2
208	RGA	2
208	CGA	2
209	AGC	29194
209	AAC	226
209	AGT	101
209	GGC	16
210	CAA	29422
210	CAG	111
210	CAR	3
210	CAM	2
210	CRA	2
211	CAA	29411
211	CAG	125
211	CGA	3
212	GCT	26008
212	ACT	3347
212	TCT	82
212	ACC	53
212	GCC	32
212	GCG	5
212	RCT	5
212	ACA	4
213	GTA	28754
213	GTG	525
213	GCA	157
213	ATA	88
213	GTR	8
213	GTC	5
214	ATC	27828
214	ATT	1271
214	ACC	295
214	GTC	54
214	AGC	40
214	ATA	21
214	GTT	7
214	AAC	7
214	AYC	6
214	TTC	4
214	CTC	3
214	ATY	2
215	CCA	18665
215	CCG	10794
215	CCT	60
215	CCR	9
215	CCC	5
215	TCA	4
215	TCG	3
216	AAT	29254
216	AAC	205
216	AGT	38
216	ACT	12
216	AAK	6
216	GAT	5
216	TAT	4
216	AAY	4
216	ATT	3
216	ART	2
216	RAT	2
217	ATC	29028
217	ATT	363
217	GTC	77
217	ATA	57
217	ACC	6
217	ATY	5
217	GCC	2
218	GGA	28664
218	GGG	801
218	GGT	21
218	RGA	17
218	AGA	14
218	GAA	10
218	GGC	4
218	GGR	3
218	GRA	2
218	TGG	2
219	TCT	22738
219	TCC	5004
219	TTT	1178
219	TAT	423
219	TTC	102
219	TMT	35
219	TCY	13
219	TCA	12
219	TYT	8
219	TWT	8
219	THT	6
219	TAC	4
219	ACC	3
219	TCG	2
219	TYC	2
220	AGA	27642
220	AGG	1870
220	AAA	6
220	AGR	6
220	CGA	5
220	AGM	3
220	ARA	3
220	AGC	2
221	CCC	29179
221	CYC	105
221	CTC	80
221	CCT	41
221	CMC	37
221	CAC	28
221	YCC	14
221	TCC	13
221	MCC	10
221	ACC	9
221	SCC	6
221	CCA	4
221	CCY	4
221	CHC	3
221	YMC	2
222	AGA	28635
222	TGG	540
222	AGG	234
222	CGA	63
222	AAA	40
222	ARA	11
222	TTG	10
222	AGR	2
222	CGG	2
222	AAG	2
223	ATA	25945
223	GTA	3287
223	ATC	228
223	GTG	38
223	RTA	22
223	GTT	6
223	ATM	5
223	GTC	4
223	ATT	3
224	AGG	29411
224	AGA	120
224	CGG	6
224	AGR	3
225	GAT	24168
225	AAT	4498
225	GGT	538
225	RAT	119
225	GGC	73
225	GAC	64
225	AAC	39
225	GRT	27
225	RAC	3
225	GGG	3
225	GAG	2
225	GAY	2
226	ATC	28689
226	GTC	264
226	ATT	211
226	GTA	191
226	ATA	52
226	CAG	33
226	CAA	29
226	CTG	22
226	AGC	20
226	AAC	6
226	ACC	5
226	GTT	5
226	AKC	3
226	ATY	3
226	AWC	2
226	AYC	2
226	RTC	2
227	CCT	28174
227	CCC	752
227	TCC	516
227	TCT	71
227	CCA	12
227	TCA	4
227	CCY	4
227	CAT	3
227	CMT	2
228	AGC	29374
228	AGT	112
228	GGC	50
228	GGA	2
229	AGA	29058
229	ATA	382
229	AGG	78
229	CGA	7
229	GGC	3
229	ARA	2
229	AKA	2
230	ATA	28615
230	GTA	904
230	ATG	10
230	ATM	5
230	ATR	4
230	RTA	3
231	AGC	29502
231	AGT	37
232	ATC	29417
232	ATT	59
232	ATA	42
232	GTA	8
232	GTC	6
232	ATM	5
232	CTC	2
232	TTC	2
233	TAT	29397
233	TAC	116
233	CAT	21
233	TAY	4
233	YAT	3
234	TGG	29540
235	ACA	29217
235	ACG	316
235	ACC	4
236	ATA	29487
236	GTA	37
236	ATT	4
236	ATG	3
236	RTA	3
236	ACA	2
236	CTA	2
237	GTA	29176
237	GTG	294
237	GTC	49
237	GTT	20
238	AAA	29210
238	AGA	270
238	AAG	46
238	AAC	4
238	RAA	3
238	GAA	2
238	AAR	2
238	ARA	2
239	CCG	24779
239	CCA	4665
239	CCT	61
239	TCG	15
239	CCR	4
239	YCG	4
239	CCC	3
239	TCA	2
239	CAG	2
239	GCG	2
240	GGA	29288
240	GGG	137
240	GGT	95
240	AGA	18
240	AGG	2
241	GAC	29482
241	GAT	53
241	GAY	3
241	GAM	2
242	ATA	29313
242	ATG	86
242	GTA	61
242	CTA	18
242	ACA	18
242	GTG	13
242	ATC	8
242	TTA	7
242	GTT	6
242	ATR	4
242	AYA	2
242	AAA	2
243	CTT	29340
243	CTG	63
243	CTC	57
243	ATT	52
243	CTA	10
243	TTG	8
243	TTT	7
243	MTT	2
244	TTG	29320
244	TTA	106
244	GTA	40
244	CTG	38
244	GTG	20
244	ATG	5
244	TCG	3
244	TTR	3
244	TTT	2
244	YTG	2
245	ATT	29337
245	ATC	164
245	GTT	22
245	ATA	14
245	ATY	3
246	AAC	29203
246	AAT	183
246	AGC	59
246	ARC	17
246	CAC	16
246	ACC	13
246	AAA	12
246	MAC	12
246	AAM	11
246	ASC	3
246	AMC	3
246	MRC	3
246	AAY	2
247	AGC	29404
247	AGT	116
247	TGC	8
247	AAC	5
247	AGY	5
247	GGC	2
248	ACA	28930
248	ACG	497
248	AAT	64
248	ACC	13
248	ACT	12
248	AYA	6
248	ATA	5
248	TCA	5
248	AAA	4
248	AMA	3
249	GGG	28693
249	GGA	843
249	GGR	2
249	GGC	2
250	AAT	29342
250	AAC	199
251	CTA	29454
251	TTA	53
251	CTG	20
251	CTC	9
251	ATA	3
252	ATT	29280
252	ATA	174
252	ATC	58
252	GTT	27
252	GTC	2
253	GCT	29061
253	GCC	467
253	GCA	10
253	GCY	3
254	CCT	29451
254	CCA	51
254	CCC	33
254	CCG	5
255	AGG	28753
255	CGG	622
255	AGA	123
255	CGA	22
255	AAG	7
255	CGC	5
255	ARG	4
255	CGT	2
255	AGT	2
256	GGT	29421
256	GGC	80
256	GGG	26
256	GGA	12
257	TAC	29406
257	TAT	128
257	TAY	3
257	YAC	2
257	CAC	2
258	TTC	29481
258	TTT	59
259	AAA	29177
259	AAG	328
259	AGA	33
260	ATA	29360
260	ATG	156
260	TTA	12
260	GTA	9
260	TTG	2
261	CGA	22822
261	CAA	6293
261	CTA	179
261	CGG	105
261	AGA	46
261	CGC	42
261	CRA	24
261	CAC	11
261	AAA	8
261	CGR	3
261	CAG	3
262	AGT	28947
262	AAT	447
262	ACT	58
262	AGC	21
262	ATT	20
262	GGT	19
262	AGG	13
262	ACC	3
262	ART	3
262	RGT	2
262	CGT	2
262	GAT	2
262	ACA	2
263	GGG	29080
263	GGA	405
263	AGG	19
263	GGT	14
263	GGR	9
263	GAG	9
263	RGG	2
264	AAA	29392
264	AGA	80
264	AAG	36
264	GAA	28
265	AGC	29488
265	AGT	26
265	GGC	23
265	RGC	2
266	TCA	29464
266	TCG	67
266	TCT	5
266	TCR	2
267	ATA	29486
267	GTA	36
267	ATG	6
267	ATT	6
267	ACA	3
267	RTA	3
268	ATG	29508
268	ATA	18
268	CTG	5
268	GTG	4
268	MTG	3
268	ATR	2
269	AGA	29161
269	AGG	265
269	AAA	83
269	AAG	9
269	CGA	6
269	ARA	4
269	ATA	3
269	AGR	3
269	AGM	2
269	RGA	2
269	GGA	2
270	TCA	29488
270	TCG	38
270	TCT	9
270	ACA	3
270	TCC	2
271	GAT	29399
271	AAT	105
271	GAC	35
272	GCA	29426
272	GCC	33
272	GCG	32
272	ACA	23
272	GTA	13
272	GCT	6
272	TCA	4
272	GAA	2
273	CCC	29028
273	CAC	311
273	CCT	100
273	CCA	61
273	CTC	22
273	TCC	11
273	ACC	4
273	CGC	2
274	ATT	29365
274	ATC	122
274	ATA	36
274	GTT	11
274	ATG	4
275	GGC	28950
275	GAT	299
275	GAC	112
275	GGA	63
275	GGT	59
275	AGC	42
275	GTC	9
275	RGC	3
275	TAC	2
276	AAA	25167
276	AAG	3758
276	GAA	310
276	AAC	142
276	ACC	75
276	AGA	45
276	AAT	17
276	CAA	7
276	ACT	4
276	ATT	2
276	ACA	2
276	AGG	2
276	ATG	2
276	AAM	2
276	GAG	2
277	TGC	29367
277	TGT	173
278	AAG	25142
278	AAT	3703
278	AAA	451
278	ATT	58
278	AAC	51
278	AGT	35
278	GAG	29
278	TAT	26
278	AGG	25
278	ATG	6
278	ATC	4
278	AGC	2
278	AAR	2
278	GTG	2
279	TCT	29325
279	TAT	72
279	TCA	63
279	TCC	45
279	TTT	30
279	TCG	2
280	GAA	28214
280	GCA	1139
280	GAG	111
280	GGA	28
280	ACA	22
280	AAA	11
280	GAC	6
280	GCT	2
280	GTA	2
280	TCA	2
281	TGC	29461
281	TGT	76
281	TGY	4
282	ATC	26781
282	ATT	2736
282	ATA	13
282	GTC	6
282	ACC	2
282	AYC	2
283	ACT	28528
283	ACC	987
283	ACA	14
283	GCT	5
283	AGT	2
283	TCT	2
283	RCT	2
284	CCA	29451
284	CCG	79
284	CCT	6
284	CCM	2
284	CAA	2
285	AAT	29471
285	AAC	63
285	GAT	3
285	AGT	2
285	ART	2
286	GGA	29389
286	GGG	146
286	GGT	3
286	GGM	2
287	AGC	29452
287	AGT	82
287	AGY	4
287	AAC	2
288	ATT	29399
288	ATC	127
288	ATA	9
288	CTT	3
288	GTT	2
289	CCC	25260
289	CCA	3972
289	TCC	269
289	CCT	17
289	CTC	9
289	CCY	4
289	TCA	3
289	ACC	3
289	CTA	2
290	AAT	29488
290	AAC	38
290	AGT	9
290	GAT	2
290	ACT	2
291	GAC	29225
291	GAT	134
291	GAA	101
291	GGC	37
291	AAC	37
291	TAC	3
291	GAG	2
292	AAA	29301
292	AAG	228
292	AGA	9
292	CAA	2
293	CCA	28503
293	CCG	530
293	CCT	431
293	CCC	74
294	TTC	28608
294	TTT	925
294	TTY	4
294	CTC	4
295	CAA	29506
295	CAG	32
295	CAR	2
296	AAT	29404
296	AAC	130
296	AGT	2
296	AAG	2
296	CAT	2
297	GTA	28760
297	GTG	693
297	GTC	54
297	ATA	20
297	GTT	9
297	RTA	4
298	AAC	29485
298	AAT	53
299	AGG	28887
299	AAG	408
299	AGA	208
299	AAA	18
299	GGG	11
299	CGG	6
299	ATG	2
300	ATC	29310
300	GTC	105
300	ATA	70
300	ATT	34
300	ATM	6
300	RTC	5
300	ACC	3
300	ATY	2
300	AYC	2
300	GTT	2
301	ACA	29471
301	ACG	26
301	ACT	24
301	ACC	7
301	ATA	5
301	TCA	2
301	AYA	2
302	TAC	28677
302	TAT	856
302	TAY	4
302	CAC	2
303	GGG	29131
303	GGA	397
303	GGT	10
304	GCC	25104
304	GCA	4211
304	ACC	115
304	GCT	51
304	GTC	24
304	CCC	11
304	GAC	4
304	GCG	3
304	ACA	3
304	RCA	2
304	GYC	2
304	TCA	2
304	AAA	2
305	TGT	29422
305	TGC	116
306	CCC	29449
306	CCT	62
306	CCA	22
306	TCC	4
307	AGA	29206
307	AGG	227
307	AAA	71
307	AAG	17
307	CGA	9
307	AGR	4
307	ATA	3
308	TAT	29499
308	TAC	28
308	TTT	4
308	TAY	3
308	CAT	2
308	TGT	2
309	GTT	29136
309	GTC	182
309	ATT	158
309	GTG	39
309	GTA	9
309	GTY	6
309	ATC	4
309	RTT	3
310	AAG	29296
310	AAA	215
310	AGG	21
310	AAR	4
311	CAA	15293
311	CAT	12756
311	CAG	1453
311	CAC	18
311	CAW	9
311	CAR	3
311	TAT	2
311	CAY	2
312	AGC	25498
312	AAC	3840
312	AGT	75
312	AGA	32
312	AAA	31
312	GGC	31
312	AAT	8
312	GAC	4
312	ARC	4
312	ACC	4
312	AGY	3
312	RAC	2
312	CAC	2
312	CGC	2
312	RGC	2
313	ACT	28584
313	ACC	935
313	ACA	7
313	TCT	4
313	AAT	2
313	ACY	2
313	AGT	2
314	CTG	29343
314	CTA	122
314	TTG	53
314	CTT	12
314	CTR	3
314	TTA	2
315	AAA	29433
315	AAG	91
315	AGA	9
315	AAR	4
316	TTG	29198
316	CTG	266
316	TTA	72
317	GCA	29443
317	GCT	49
317	GCG	38
317	GCC	6
318	ACA	29471
318	ACT	33
318	ACG	28
318	ATA	2
318	ACC	2
319	GGA	28078
319	GGG	1454
319	GGC	4
320	ATG	29537
321	CGA	27636
321	AGA	1220
321	CGG	672
321	CGT	3
321	AGG	3
321	MGA	2
322	AAT	29444
322	AAC	94
323	GTA	28922
323	ATA	313
323	GTG	266
323	GTT	16
323	GTC	12
323	GCA	3
323	GTR	2
323	TTA	2
324	CCA	29430
324	CCG	57
324	CCT	39
324	CCR	4
324	CAA	3
324	CMA	2
324	CYA	2
325	GAG	29292
325	GAA	224
325	AAG	6
325	GGG	6
325	GAT	4
325	GAR	3
325	GRG	2
326	AAA	24077
326	AGA	5370
326	AAG	65
326	AGG	13
326	ACA	6
326	ARA	4
326	AAR	2
327	CAA	29452
327	CAG	56
327	AAA	16
327	CGA	8
327	CAR	2
328	ACT	28884
328	ACC	598
328	GCT	24
328	AAT	7
328	ACA	7
328	ATT	6
328	ACG	4
328	AMT	2
329	AGA	25147
329	AGG	4357
329	AAA	13
329	AGR	12
329	CGA	6
330	GGC	29468
330	GGT	44
330	GGA	18
330	GGM	2
331	ATA	29454
331	CTA	45
331	CTG	14
331	ATC	12
331	TTA	3
331	GTA	3
331	ATG	2
332	TTT	28953
332	TTC	577
332	TTA	2
333	GGC	28615
333	GGT	845
333	GGA	60
333	AGC	6
333	GGM	4
333	GGY	2
334	GCA	29494
334	GCG	31
334	GCC	5
334	GCT	3
335	ATA	27775
335	ATC	1437
335	ATT	295
335	AWA	11
335	CTA	6
335	GTA	2
335	ATW	2
336	GCG	27453
336	GCA	1062
336	GCT	1012
336	GCR	2
337	GGT	29093
337	GGC	290
337	GGG	132
337	GGA	12
337	GGY	5
338	TTC	29472
338	TTT	58
338	YTC	2
339	ATA	29482
339	ATT	39
339	ATC	9
340	GAA	29508
340	GAG	21
341	AAT	29494
341	AAC	30
342	GGT	29170
342	GGC	301
342	GGA	44
342	GGG	8
343	TGG	29523
344	GAG	29128
344	GAA	383
344	GAR	7
345	GGA	29251
345	GGG	256
345	GGT	8
345	GGC	2
346	ATG	27010
346	TTG	2496
346	CTG	5
346	TTA	4
346	WTG	2
347	GTG	26215
347	ATG	2198
347	AAG	567
347	GTA	430
347	ATA	60
347	GTT	22
347	RTG	13
347	CTG	4
347	AAA	3
347	TTG	2
348	GAT	28927
348	GAC	569
348	AAT	10
348	GAY	4
348	RAT	3
348	AAC	2
349	GGT	28986
349	GGC	505
349	GGA	19
349	GGG	3
349	GGY	3
350	TGG	29515
351	TAC	29251
351	TAT	242
352	GGT	23834
352	GGC	5635
352	GGA	19
352	GGY	3
352	GGG	2
353	TTC	29442
353	TTT	30
353	TAC	15
353	TTY	4
354	AGG	26678
354	AGA	2777
354	CGG	22
354	AAG	5
354	AGR	4
354	CGA	2
355	CAT	29368
355	CAC	110
355	TAT	5
355	CAY	2
355	YAT	2
356	CAA	29057
356	CAG	389
356	CTA	21
356	CAT	7
356	AAA	4
356	CWA	4
356	CGG	2
356	CGA	2
357	AAT	28444
357	AAC	1024
358	TCT	29295
358	TCC	76
358	TCA	43
358	TTT	20
358	TAT	18
358	TCG	7
358	GCT	2
358	TYT	2
358	TCY	2
359	GAG	24647
359	GAA	4800
359	GAR	16
359	GAK	2
360	GGA	28601
360	GGC	514
360	GGG	319
360	GGT	27
361	AGA	27042
361	AGG	1196
361	ATA	577
361	ACA	553
361	ATG	50
361	ACC	13
361	CGA	12
361	AAA	4
361	RGA	2
361	AKA	2
361	GTA	2
362	GGA	28438
362	GGG	1012
362	GGC	4
362	GGR	3
363	CAA	29334
363	CAG	123
364	GCA	29366
364	GCT	43
364	GCG	36
364	GTA	2
364	GCR	2
364	GCC	2
364	TCA	2
365	GCA	29408
365	GCG	27
365	GCT	17
366	GAT	29368
366	GAC	84
367	CTC	24616
367	CTT	4790
367	CTA	24
367	TTC	7
367	TTT	5
367	ATT	2
368	AAA	29331
368	AAG	58
368	AGA	45
368	GAA	3
368	ACA	3
368	RAA	2
369	AGC	29371
369	AGT	70
369	RGC	3
370	ACT	28679
370	ACG	484
370	ACC	261
370	ACA	14
370	ACY	3
371	CAA	29196
371	CAG	241
371	CGA	3
371	CAR	2
372	GCA	29290
372	GCG	64
372	TCA	22
372	ACA	21
372	GCT	19
372	GAA	7
372	RCA	4
372	GMA	3
372	GCC	3
372	GYA	2
372	GTA	2
373	GCA	29206
373	GCG	111
373	GCC	66
373	GCT	40
373	GTA	6
373	KCA	2
373	GYA	2
374	ATC	28022
374	ATT	1285
374	ATA	68
374	GTC	20
374	CTC	19
374	ACC	10
374	ATY	4
374	AYC	3
374	MTC	2
374	RTC	2
375	GAT	28554
375	AAC	434
375	GAC	306
375	AAT	132
375	GAY	3
375	ACC	2
376	CAA	29338
376	CAG	91
376	MAA	2
376	AAA	2
376	CAR	2
377	ATC	29023
377	ATA	210
377	ATT	169
377	GTC	28
377	AYC	3
378	AAT	28730
378	ACC	366
378	AAC	322
378	AGT	6
378	GAT	3
378	AAY	2
378	ACT	2
379	GGG	28929
379	GGA	463
379	GAG	16
379	GGR	10
379	AGG	9
379	GGT	4
379	GRG	3
380	AAG	28780
380	AAA	643
380	AAR	5
380	AGG	4
380	AAT	2
381	CTG	28880
381	CTA	399
381	TTG	123
381	CTT	14
381	ATG	11
381	TTA	6
381	ATA	2
382	AAT	29294
382	AAC	131
382	GAT	7
382	AAY	2
383	CGA	19445
383	CGG	6381
383	AGA	2614
383	AGG	830
383	CGC	108
383	CAA	21
383	AAA	9
383	CAG	9
383	CGR	6
383	CTA	4
383	CRA	3
383	GGG	2
384	TTG	28307
384	TTA	643
384	GTA	402
384	CTG	43
384	GTG	33
384	ATA	3
384	TTR	3
385	ATC	29160
385	ATT	216
385	GTC	27
385	ATA	23
385	ACC	4
385	ATY	4
386	GGG	21072
386	GGA	7778
386	AAG	362
386	GAG	128
386	GAA	50
386	GGR	10
386	AGG	8
386	GGT	7
386	ACG	5
386	RGG	4
386	AAA	4
386	GAT	3
387	AAA	29287
387	AAG	109
387	AGA	37
388	ACC	28817
388	ACG	483
388	ACA	85
388	ACT	45
388	GCC	3
389	AAC	29142
389	AAT	289
389	AAY	2
390	GAG	29163
390	GAA	227
390	GTG	20
390	GAT	7
390	GGG	6
390	AAG	6
390	GAR	4
391	AAA	29324
391	AAG	103
391	AGA	3
391	GAA	2
391	AAR	2
392	TTC	29350
392	TTT	71
392	TAC	11
392	TCC	2
393	CAT	28912
393	CAC	519
394	CAG	28768
394	CAA	661
394	CAR	3
395	ATT	28674
395	ATC	728
395	ATA	26
395	AGT	3
395	RTT	2
396	GAA	29310
396	GAG	123
397	AAA	29176
397	AAG	256
398	GAA	25408
398	GAG	4027
399	TTC	28677
399	TTT	754
399	YTC	2
400	TCA	29284
400	TCT	50
400	TCC	47
400	TCG	28
400	TTA	19
400	ACA	6
401	GAA	29157
401	GAC	199
401	GAG	73
401	GRA	2
402	GTA	26280
402	GTC	3010
402	GTG	63
402	ATA	45
402	GTT	19
402	GCA	7
402	ATC	3
402	RTA	2
402	GTR	2
402	GYA	2
403	GAA	29369
403	GAG	64
404	GGA	18308
404	GGG	11111
404	GGR	5
404	GGC	3
404	GAA	2
404	GGT	2
405	AGA	29131
405	AGG	252
405	CGA	35
405	GGA	5
405	AGR	3
405	ARA	3
405	ATA	3
405	RGA	2
406	ATT	21004
406	GTT	8239
406	ATC	98
406	GTC	43
406	TTT	13
406	ACT	12
406	RTT	8
406	GTA	7
406	CTT	4
406	ATG	3
406	ATA	2
407	CAG	20929
407	CAA	8492
407	CAR	13
408	GAC	29129
408	GAT	245
408	AAC	38
408	RAC	14
408	GGC	4
409	CTT	28608
409	CTA	386
409	CTC	349
409	ATT	73
409	CTG	8
409	CTY	4
409	TTA	3
409	TTT	2
410	GAG	29302
410	GAA	125
410	GAR	4
411	AAA	29313
411	AGA	57
411	AAG	54
411	AAM	4
411	ACA	2
411	AGG	2
412	TAT	28997
412	TAC	435
413	GTT	29239
413	GTC	121
413	ATT	39
413	GTG	17
413	GTA	11
413	RTT	3
413	GCT	3
414	GAG	28881
414	GAA	550
414	GAR	3
415	GAC	29395
415	GAT	37
416	ACT	21886
416	ACA	6710
416	ACC	755
416	ACG	49
416	AAT	7
416	ACW	6
416	TCT	5
416	GCA	4
416	ACY	4
416	ATA	2
417	AAA	29387
417	AAG	42
417	GAA	2
417	AAC	2
418	ATA	29247
418	GTA	69
418	ACA	60
418	ATC	41
418	ATT	4
418	ATG	4
418	GTT	2
418	TTA	2
418	RTA	2
419	GAT	29336
419	GAC	93
419	GRT	2
420	CTC	28807
420	CTT	559
420	CTA	53
420	ATC	13
421	TGG	29434
422	TCA	28807
422	TCT	502
422	TCG	116
422	TCC	4
422	TCW	3
422	ACA	2
423	TAC	28486
423	TAT	945
423	TAY	3
424	AAC	28126
424	AAT	1300
424	AAY	6
425	GCG	28561
425	GCA	565
425	GCT	294
425	GCC	8
425	GCR	3
426	GAG	29329
426	GAA	86
426	GAT	6
426	GAR	5
426	GGG	5
427	CTT	29287
427	CTC	84
427	TTT	26
427	ATT	21
427	CTA	10
427	YTT	3
427	TTG	2
428	CTT	29394
428	CTC	19
428	ATT	8
428	CTA	3
428	CTG	2
428	TTT	2
428	MTT	2
429	GTT	29326
429	GTC	55
429	ATT	25
429	GTA	17
429	GTG	4
429	ACT	2
429	RTT	2
430	GCC	29204
430	GCT	131
430	GCA	50
430	TCC	23
430	ACC	8
430	GTC	6
430	GCY	6
430	GGC	2
431	CTG	29177
431	CTA	114
431	TTG	85
431	ATG	23
431	CTT	18
431	TTA	8
431	YTG	4
431	CTR	3
432	GAG	29220
432	GAA	212
433	AAC	28683
433	AAT	750
434	CAA	29079
434	CAG	353
435	CAT	28200
435	CAC	1209
435	AAC	8
435	CAG	6
435	CAY	3
435	CAA	2
435	CTT	2
435	TAT	2
436	ACA	29402
436	ACG	25
436	ACW	2
437	ATT	29384
437	GTT	23
437	ATC	14
437	CTT	4
437	ATA	4
437	ATG	2
438	GAT	27372
438	GAC	2056
438	GAG	2
439	CTA	28788
439	TTA	412
439	CTG	182
439	TTG	40
439	CTT	4
439	YTA	3
439	ATA	3
440	ACT	28957
440	ACC	314
440	ACG	93
440	ACA	64
440	GCT	3
441	GAC	29016
441	GAT	409
441	GAA	2
441	GAG	2
441	GCC	2
442	TCA	29296
442	TCG	57
442	GCA	57
442	TCC	7
442	TCT	5
442	TTA	3
442	TCR	2
442	WCA	2
442	KCA	2
443	GAA	29081
443	GAG	342
443	RAA	5
443	GRA	2
444	ATG	29429
444	ATA	4
445	AAC	29111
445	AGC	282
445	AAT	21
445	GAC	5
445	ACC	4
445	AAA	3
445	AAY	3
445	CAC	2
446	AAA	29334
446	AAG	78
446	AAC	8
446	AGA	8
446	ARA	3
447	CTG	28727
447	TTG	572
447	CTA	94
447	CTT	20
447	ATG	6
447	YTG	4
447	CTC	3
447	TTA	3
447	TTR	2
448	TTT	29022
448	TTC	408
448	TTY	2
449	GAA	29387
449	GAG	26
449	GGA	6
449	GRA	4
449	GAT	4
449	GAR	3
449	GAW	2
450	AAA	28657
450	AGA	597
450	AAG	145
450	AGG	11
450	ARA	7
450	GAA	4
450	AAR	3
450	CAG	3
450	RAA	2
450	ACA	2
451	ACA	29357
451	ACC	37
451	ACT	23
451	ACG	7
451	ACR	4
451	ATA	3
452	AAG	28471
452	AAA	405
452	AGA	375
452	AGG	169
452	AAR	8
452	GAG	2
452	CAG	2
453	AAG	28813
453	AGG	343
453	AAA	252
453	AGA	13
453	CGC	2
453	ARG	2
454	CAA	29282
454	CAG	140
454	CTA	3
454	AAA	2
454	CAR	2
455	CTG	29241
455	CTA	139
455	TTG	36
455	ATG	6
455	YTG	3
455	CTR	2
455	CTT	2
455	TTA	2
456	AGG	28577
456	AGA	486
456	CGG	353
456	CGA	7
456	ARG	4
456	AGR	3
456	GGG	2
457	GAA	29324
457	GAG	103
457	GAR	4
458	AAT	29328
458	AAC	104
459	GCT	29400
459	GCA	17
459	GCC	8
459	GCG	3
459	GCW	2
460	GAG	29324
460	GAA	104
460	GAR	4
461	GAT	28813
461	GAC	618
462	ATG	29228
462	ACG	111
462	GTG	38
462	ATA	31
462	CTG	11
462	ATR	4
462	RTG	3
462	MTG	2
462	ACA	2
463	GGA	17517
463	GGC	11458
463	GGG	420
463	GGT	21
463	GGM	9
463	RGA	3
463	GGR	2
464	AAT	29396
464	AAC	27
464	AGT	2
464	GGT	2
464	GAT	2
464	AAY	2
465	GGT	28933
465	GGC	478
465	GGA	12
465	GGG	4
465	GGW	2
466	TGT	28927
466	TGC	503
466	TGY	2
467	TTC	29353
467	TTT	67
467	YTC	5
467	TTA	4
467	CTC	2
468	AAA	29021
468	AAG	274
468	ACA	64
468	AGA	59
468	GAA	6
468	CAA	5
469	ATA	29325
469	ATC	90
469	ATT	12
469	ATG	2
470	TAC	29312
470	TAT	114
470	WAC	2
470	TTC	2
470	YAC	2
471	CAC	29236
471	CAT	196
472	AAA	29310
472	AAG	76
472	AGA	23
472	CAA	10
472	GAA	4
472	ARA	3
472	AAR	2
472	AAC	2
472	ACA	2
473	TGT	29339
473	TGC	91
473	TGY	2
474	GAC	29367
474	GAT	34
474	AAC	30
475	AAT	29378
475	AAC	49
476	GCC	28933
476	GCT	196
476	GCA	147
476	ACC	89
476	GTC	39
476	GAC	14
476	TCC	3
476	GTT	2
477	TGC	29201
477	TGT	230
478	ATA	25602
478	ATG	3812
478	ATC	8
478	ATT	4
478	GTA	2
479	GGA	18700
479	GGT	4879
479	GGG	4252
479	GAA	1215
479	GGC	266
479	GAG	61
479	AGT	26
479	GGW	9
479	GAT	7
479	AGC	3
479	GTA	3
479	GGR	2
479	GRA	2
480	TCA	29381
480	TCG	34
480	ACA	6
480	GCA	4
480	TTA	3
480	TCC	3
481	ATA	18456
481	ATC	10895
481	ATT	61
481	ATM	7
481	TTA	5
481	GTA	5
481	GTC	2
482	AGA	26791
482	AGG	2632
482	CGA	4
482	ASA	2
483	AAT	29088
483	AAC	321
483	GAT	10
483	AAY	5
483	AAG	2
483	AGT	2
483	RAT	2
484	GGA	21746
484	GAA	7537
484	GGG	111
484	GAG	17
484	GRA	8
484	GGT	6
484	GGC	5
485	ACT	29343
485	ACC	66
485	ACG	10
485	AMT	4
485	AAT	3
485	ACA	3
486	TAT	29406
486	TAC	23
486	TAY	2
487	GAC	28751
487	AAC	433
487	GAT	215
487	GCC	17
487	AAT	6
487	RAC	3
487	GAG	2
487	GAY	2
488	CAC	28611
488	CAT	819
489	AAT	22979
489	GAT	6232
489	GAC	55
489	TAT	45
489	AAC	31
489	AGT	16
489	TAC	11
489	CAT	11
489	GCT	9
489	AAG	9
489	GGT	8
489	GAG	7
489	RAT	6
489	ACT	5
489	GAA	4
490	GTG	19963
490	GTA	9017
490	ATA	356
490	GTC	36
490	ATG	35
490	GTT	8
490	GTR	8
490	GCA	3
491	TAC	29397
491	TAT	31
491	CAC	2
492	AGG	25185
492	AGA	4137
492	CGG	85
492	CGA	15
492	ARG	4
492	AGR	2
492	RGA	2
493	GAT	28596
493	AAT	295
493	AAC	284
493	GAC	224
493	GGT	7
493	GAA	6
493	GCT	6
493	AGC	5
493	RAT	3
494	GAA	28976
494	GAG	447
494	GTA	3
494	RAA	2
495	GCA	28891
495	GCT	468
495	GCC	38
495	GCG	20
495	TCA	6
495	GCR	3
495	GCW	2
495	ACA	2
496	TTA	28091
496	TTG	1209
496	CTA	72
496	CTG	14
496	GTA	13
496	ATA	12
496	GTG	8
496	KTA	3
496	TTR	3
496	TCA	2
496	YTA	2
497	AAC	29052
497	AAT	331
497	AGC	41
497	ACC	3
498	AAC	28890
498	AAT	485
498	AAA	43
498	AAY	3
498	CAC	2
498	AAG	2
498	ACC	2
499	CGG	28012
499	CGA	1299
499	CGT	58
499	AGG	52
499	CGR	3
500	TTC	28899
500	TTT	526
500	CTC	2
501	CAG	29105
501	CAT	159
501	CAA	118
501	AAG	35
501	CGG	6
501	AAA	2
502	ATC	29133
502	ATT	249
502	ATA	35
502	GTC	11
503	AAG	28014
503	AAA	1339
503	CAA	37
503	AGG	16
503	AAT	12
503	AAR	6
503	ACG	2
504	GGA	27242
504	GGG	998
504	GGC	587
504	GGT	554
504	AGT	24
504	GAA	14
504	GGR	4
504	AGA	2
504	GKT	2
505	GTT	29055
505	ATT	323
505	GTC	32
505	GTG	8
505	RTT	6
505	GTA	5
506	GAG	28874
506	CAG	359
506	GAA	182
506	AAG	4
506	GAT	3
506	GAR	2
506	GTG	2
507	CTG	28670
507	CTA	615
507	CTT	76
507	TTG	59
507	TTA	3
507	CTR	2
507	YTG	2
507	ACG	2
508	AAG	28951
508	AAA	403
508	AGG	53
508	AAR	8
508	AAT	4
508	GAG	4
508	ACG	3
509	TCA	29239
509	TCT	83
509	TCG	63
509	TTA	17
509	GCA	13
509	TCC	5
509	CCA	4
509	TYA	3
510	GGG	27729
510	GGA	1308
510	GAG	305
510	GGC	50
510	GGT	21
510	GGR	5
510	GRG	4
510	TGG	3
510	GAA	2
511	TAC	29388
511	TAT	30
511	CAC	7
511	TGC	2
512	AAA	29358
512	AAG	49
512	AGA	13
512	CAA	7
513	GAT	29238
513	GAC	139
513	AAT	36
513	RAT	7
513	TAT	2
513	AAA	2
514	TGG	29427
515	ATC	28962
515	ATT	362
515	GTC	68
515	ATA	23
515	TTC	11
516	CTA	29304
516	CTG	48
516	TTA	43
516	TTG	14
516	ATA	10
516	CCA	5
516	CAA	3
517	TGG	29427
517	GGG	2
518	ATT	29375
518	ATC	35
518	AGT	11
518	ATA	5
518	GTT	2
519	TCC	29401
519	TCT	16
519	TCA	9
519	TCM	3
520	TTT	29416
520	TTC	6
520	CTT	3
521	GCC	29421
521	ACC	7
522	ATA	28923
522	ATG	363
522	ACA	133
522	AYA	6
522	ATR	3
523	TCA	29421
523	TCG	5
523	TCT	3
524	TGT	28516
524	TGC	897
524	AGT	8
524	TGY	3
524	WGT	2
525	TTT	29335
525	TTC	66
525	CTT	21
525	TCT	4
526	TTG	29300
526	TTA	60
526	CTG	58
526	ATG	6
526	TTT	2
527	CTT	29359
527	CTC	22
527	TTT	18
527	ATT	17
527	CTG	4
527	MTT	3
527	YTT	3
527	GTT	2
528	TGT	29350
528	TGC	64
528	GGT	6
528	AGT	5
529	GTT	27164
529	ATT	2162
529	TTT	39
529	GCT	35
529	GTC	18
529	GTA	4
529	CTT	3
530	GCT	25953
530	GTT	3358
530	GTC	44
530	ACT	27
530	GCC	25
530	GCA	10
530	GYT	5
530	GCG	3
530	GCY	2
531	TTG	24693
531	CTG	4649
531	TTA	34
531	CTT	13
531	TCG	12
531	TTT	9
531	CTC	8
531	CTA	6
531	YTG	2
532	TTG	28749
532	CTG	614
532	GTG	27
532	CTA	16
532	TTA	8
532	CTC	8
532	ATG	2
532	TGG	2
533	GGG	29148
533	GGA	247
533	GGT	23
533	GGC	8
533	GGR	2
534	TTC	29318
534	TTT	90
534	TCC	5
534	TTA	4
534	TTY	4
534	CTC	3
534	GTC	3
535	ATC	28910
535	ATT	458
535	ACC	20
535	ATA	16
535	CTC	8
535	GTC	8
535	TTC	3
535	ATM	2
536	ATG	29388
536	ATA	25
536	ATT	3
536	GTG	3
536	ACG	3
536	TTG	3
536	ATR	2
537	TGG	29425
537	KGG	2
537	GGG	2
538	GCC	29285
538	GCT	61
538	GCA	47
538	ACC	26
538	TCC	4
538	GCY	2
538	GCG	2
539	TGC	29413
539	TGT	12
539	TAC	2
540	CAA	29326
540	CAG	94
540	CTA	5
540	CWA	2
541	AAG	25249
541	AAA	4077
541	AGA	56
541	AGG	16
541	AAT	14
541	AAR	6
541	GAG	5
541	GAA	3
542	GGC	29411
542	GGA	10
542	GGT	4
543	AAC	29398
543	AAT	20
543	AGC	5
543	GAC	3
544	ATT	29294
544	ATC	125
544	ATA	8
545	AGG	15580
545	AGA	13513
545	AAG	284
545	AAA	27
545	AGR	8
545	CGG	4
545	CGA	4
546	TGC	29397
546	TGT	20
546	TGY	6
546	TTC	2
547	AAC	25247
547	AAT	4119
547	AGC	26
547	GAC	19
547	AAY	5
547	ACC	4
548	ATT	28614
548	ATC	793
548	GTT	8
548	RTT	3
548	TTT	2
549	TGC	29395
549	TGT	26
550	ATT	29379
550	ATC	36
550	GTT	4
550	ATY	2

#HK4801|HA-signal
1	ATG	29359
2	AAG	29180
2	AGG	95
2	AAA	64
2	AAT	13
2	GAG	5
3	ACT	28584
3	ACC	595
3	ACA	57
3	ATT	42
3	GCT	39
3	ACG	19
3	ACW	13
3	AAT	4
3	ACY	4
3	TCT	2
4	ATC	28932
4	ATT	171
4	ACC	121
4	GTC	82
4	ATA	25
4	GTT	19
4	TTC	3
4	MTC	2
4	GCC	2
5	ATT	29256
5	ATC	45
5	ATA	37
5	ACT	9
5	GTT	6
5	ATG	3
6	GCT	28587
6	GCC	711
6	GCA	43
6	GCG	9
6	ACT	3
6	GTT	3
6	ATT	2
7	TTG	28763
7	TTT	387
7	TTA	127
7	CTG	42
7	CTT	17
7	ATG	9
7	TTC	5
7	TTR	3
7	YTG	2
8	AGC	29286
8	GGC	21
8	TCC	16
8	TGC	16
8	AAC	14
8	AGT	2
8	ATA	2
9	TAC	24276
9	TGC	4715
9	CAC	308
9	TAT	28
9	AAC	12
9	TGT	10
9	YAC	3
9	TCC	3
9	CTA	2
10	ATT	29155
10	ACT	60
10	ATC	59
10	GTT	55
10	TTT	8
10	AGT	6
10	ATY	3
10	CTT	3
10	ATA	2
10	AYT	2
11	CTA	28953
11	TTA	258
11	TTC	69
11	CTT	38
11	CTG	11
11	ATA	7
11	CAA	6
11	CCA	6
11	ACC	2
11	TCA	2
11	STA	2
11	YTA	2
12	TGT	28933
12	TGC	290
12	TAT	70
12	CGT	22
12	GGT	18
12	AGT	12
12	TAC	3
12	TRT	2
12	TTT	2
12	TCT	2
12	TGG	2
12	CAT	2
13	CTG	28058
13	CTT	495
13	ATG	424
13	CTA	161
13	TTG	79
13	CAG	78
13	CCG	17
13	CTC	16
13	CGG	6
13	CCT	6
13	TCG	3
13	YTG	3
13	ATT	2
13	CWG	2
14	GTT	28561
14	ATT	454
14	GTC	107
14	GCT	93
14	GGT	74
14	GTA	20
14	GCC	16
14	GTG	11
14	ATC	11
14	RTT	4
14	ACT	2
15	TTC	28903
15	TTT	202
15	TCC	150
15	TAC	25
15	CTC	23
15	TCT	19
15	TTA	16
15	ATC	8
15	GTC	5
15	CTT	2
15	TTY	2
15	TWC	2
16	GCT	27794
16	ACT	1311
16	GCC	93
16	TCT	66
16	GGT	34
16	GCA	24
16	GGC	12
16	AGT	9
16	RCT	5
16	ACC	4
16	GCY	2
16	GCG	2

#HK4801|HA1
1	CAA	29637
1	CAG	102
1	AAA	33
1	CTC	25
1	CAC	3
1	CGA	3
1	MAA	3
2	AAA	29078
2	AAG	348
2	GAA	213
2	AGA	80
2	GAC	39
2	AAC	18
2	AAT	15
2	CAA	9
2	GAT	4
2	AGG	4
2	ARA	2
2	AAR	2
2	RAA	2
3	ATT	22048
3	CTT	6877
3	ATC	557
3	CTC	121
3	TTT	102
3	GTT	31
3	ACT	20
3	TTG	16
3	ATA	12
3	TTC	8
3	AAT	5
3	MTT	4
3	CCT	4
3	YTT	3
3	AGT	2
4	CCT	28518
4	CCC	1170
4	CCA	69
4	CTA	11
4	TCT	10
4	CAT	9
4	ACT	8
4	TCA	6
4	CCG	4
4	CTT	3
4	YCT	2
5	GGA	28705
5	GAA	381
5	GGT	278
5	AGA	253
5	GGG	170
5	GAG	5
5	GTA	5
5	TGG	3
5	ATC	2
5	GRA	2
5	GGR	2
6	AAT	29219
6	AGT	400
6	ATT	103
6	AAC	39
6	GAT	28
6	AGC	16
6	AAG	4
6	AAA	2
7	GAC	29717
7	AAC	29
7	GAT	28
7	GAA	19
7	GGC	14
7	TAC	6
7	RAC	2
8	AAT	25573
8	AAC	4092
8	GAC	70
8	AAA	19
8	AAG	18
8	GAT	15
8	AGT	14
8	AGC	6
8	TAT	4
8	AAY	2
9	AGC	29340
9	AAC	387
9	AGT	43
9	GGC	15
9	AAT	9
9	AGA	3
9	ARC	3
9	ATC	3
9	AGG	3
9	TGC	3
9	GGT	2
10	ACG	28573
10	ATG	905
10	ACA	229
10	ACT	46
10	GCG	24
10	AAG	13
10	GCT	8
10	AGG	7
10	AYG	5
10	ACR	2
11	GCA	29379
11	GCG	406
11	GCT	16
11	ACA	9
11	GCC	3
12	ACG	29429
12	ACA	303
12	ATG	36
12	ACT	25
12	AAG	13
12	AYG	4
12	ACR	4
13	CTG	29567
13	CTA	127
13	TTG	92
13	CTT	18
13	CTR	8
14	TGC	29715
14	TGT	97
14	TGY	3
15	CTT	29176
15	CTG	569
15	CTA	19
15	CTC	19
15	ATT	15
15	TTG	9
15	MTT	2
15	TTA	2
15	TTT	2
16	GGG	28627
16	GGA	1168
16	GGT	12
16	GGC	8
17	CAC	29647
17	CAT	161
17	CMC	2
17	CTC	2
18	CAT	29752
18	CAC	49
18	TAT	10
18	YAT	3
19	GCA	29737
19	TCA	40
19	GCG	29
19	ACA	4
19	GCT	2
20	GTA	27984
20	GTG	1799
20	ATA	10
20	GTR	5
20	GTC	3
20	GCA	3
20	GTT	3
20	GCG	2
20	ACA	2
21	CCA	29188
21	TCA	347
21	CCG	232
21	CAA	19
21	CCC	6
21	CAG	5
21	CMA	3
21	ACA	3
21	GCA	2
21	YCA	2
21	SCA	2
21	CTA	2
22	AAC	28477
22	AAT	1329
22	AAY	2
22	ARC	2
23	GGA	29644
23	GGG	159
23	GGT	8
23	GGR	3
24	ACG	28737
24	ACA	908
24	ACT	124
24	ACC	24
24	GCG	8
24	ACR	3
24	ATG	3
24	AAG	2
24	RCG	2
25	ATA	28996
25	TTA	388
25	ATG	156
25	CTA	141
25	GTA	96
25	ACA	10
25	ATC	6
25	RTA	5
25	CTC	2
25	CTG	2
25	ATR	2
25	GTG	2
25	ATW	2
25	TTG	2
25	AGA	2
26	GTG	29735
26	GTA	72
26	GTT	6
27	AAA	29714
27	AAG	68
27	AGA	21
27	GAA	4
27	AAC	2
27	RAA	2
27	CAA	2
28	ACA	29747
28	ACG	30
28	ACC	18
28	ACT	14
28	GCA	4
28	ACW	2
29	ATC	29607
29	ATT	126
29	ATA	58
29	GTC	13
29	ATM	5
29	CTC	5
30	ACA	17831
30	ACG	11853
30	GCA	56
30	ACT	47
30	GCG	7
30	ACR	7
30	ATG	5
30	ACC	5
30	AGT	2
30	ATA	2
31	AAT	28743
31	GAT	531
31	AGT	484
31	AAC	36
31	GAC	9
31	ACT	4
31	AAA	2
31	TAT	2
31	RAT	2
32	GAC	29629
32	GAT	143
32	GGC	16
32	GAA	14
32	AAC	6
32	GAY	3
33	CGA	24969
33	CAA	4624
33	CGG	121
33	CAG	62
33	AGA	19
33	CRA	6
33	AAA	5
33	CGR	3
33	CTA	3
34	ATT	29671
34	GTT	70
34	ATA	34
34	ATC	17
34	CTT	13
34	ACT	9
35	GAA	29664
35	GAG	149
35	GCA	2
36	GTT	29094
36	GTG	576
36	GTC	133
36	GTA	9
36	GTY	3
37	ACT	29476
37	ACC	320
37	ACY	6
37	ACA	5
37	ATT	4
37	ACG	3
38	AAT	29751
38	AAC	54
38	AGT	4
38	ART	2
39	GCT	29682
39	GCC	113
39	GCA	9
39	GCG	7
39	ACT	2
40	ACT	29686
40	ACC	117
40	ACA	10
41	GAG	29178
41	GAA	633
41	GAR	4
42	CTG	14981
42	TTG	14634
42	CTA	143
42	TTA	33
42	CTT	14
42	YTG	4
42	TTR	4
42	ATG	2
43	GTT	29359
43	GTC	407
43	ATT	27
43	GTA	17
43	GTY	2
44	CAG	29373
44	CAA	415
44	CAT	12
44	CAR	7
44	CGG	4
44	CTG	3
45	AAT	21619
45	AAC	4200
45	AGT	3865
45	AGC	61
45	GAT	18
45	AMT	10
45	ATT	10
45	GGT	8
45	ACT	5
45	AAY	4
45	CAT	3
45	GAC	3
45	ART	3
45	AAG	2
46	TCC	29107
46	TTC	289
46	ACC	245
46	TCT	136
46	TCA	20
46	CCC	6
46	TAC	5
46	TCM	2
46	ATT	2
47	TCA	29383
47	TCT	261
47	ACA	103
47	TCG	38
47	CCA	14
47	GCA	9
47	TTA	4
47	TCC	2
48	ATA	25603
48	ACA	3883
48	GCA	161
48	ATC	61
48	ATG	29
48	AGA	16
48	ACG	16
48	AAA	14
48	CTA	12
48	ACT	6
48	GTA	6
48	TTA	2
48	GCT	2
49	GGT	29331
49	GGA	263
49	GGC	70
49	GGG	59
49	AGT	49
49	GAT	30
49	GRT	3
49	GGY	2
49	GTT	2
49	RGT	2
49	GGK	2
50	GAA	28180
50	AAA	603
50	GGA	503
50	AGA	476
50	GAG	20
50	AAG	16
50	GTA	6
50	GAC	2
50	GGG	2
51	ATA	29775
51	ATT	12
51	ATC	11
51	ATG	10
51	GTA	3
51	CTA	2
51	ATR	2
52	TGC	29611
52	TGT	201
52	TGS	2
53	GAC	26863
53	AAC	2723
53	GAA	122
53	GAT	44
53	GGC	31
53	AGT	11
53	RAC	10
53	TAC	4
53	AAT	3
53	AGC	2
54	AGT	29537
54	AGC	132
54	AAT	89
54	AGG	20
54	GGT	18
54	CGT	9
54	AAC	3
54	ATT	3
55	CCT	29436
55	CCC	358
55	CCA	15
55	CCY	2
55	TCT	2
55	TCA	2
56	CAT	28367
56	TAT	828
56	CAC	599
56	YAC	4
56	YAT	4
56	CGT	4
56	CAY	3
56	TAC	2
57	CAG	28858
57	CAA	610
57	CAT	124
57	CGA	71
57	AAG	42
57	CTG	30
57	CGG	25
57	AGG	24
57	CAC	12
57	AAA	7
57	AGA	7
57	TAT	2
58	ATC	29087
58	GTC	523
58	ATT	181
58	GTT	8
58	ATA	8
58	ACC	3
58	ATY	3
59	CTT	29654
59	CTC	106
59	ATT	44
59	CTA	7
59	CTK	2
60	GAT	29782
60	GAC	27
60	AAT	2
60	GAA	2
61	GGA	29281
61	GGG	526
61	GGT	5
61	GGC	2
62	GAA	19855
62	GGG	4243
62	GAG	4043
62	AAA	1253
62	GGA	324
62	AGG	54
62	ATA	12
62	AGA	7
62	RAA	6
62	AAG	4
62	GGR	3
62	GAT	3
62	GRR	3
62	AAC	2
62	GAC	2
63	AAC	29243
63	AAT	491
63	GAC	54
63	GAT	9
63	AAA	7
63	ARC	3
63	RAC	3
63	AAM	2
64	TGC	29670
64	TGT	142
64	TGY	2
65	ACA	29641
65	ACT	118
65	ACC	29
65	ACG	13
65	AAA	7
65	AMA	2
65	ATA	2
66	CTA	29166
66	CTG	484
66	TTA	83
66	CTC	49
66	TTG	25
66	ATA	8
67	ATA	29360
67	ATT	357
67	ATG	63
67	GTA	25
67	ATC	5
68	GAT	29794
68	GAC	20
69	GCT	29159
69	GCC	619
69	GCA	16
69	GTT	5
69	TCT	5
69	GCG	4
69	ACT	2
69	KCT	2
69	GCY	2
70	CTA	29715
70	TTA	49
70	CTG	37
70	ATA	5
70	CTC	3
70	ATG	2
70	YTA	2
71	TTG	29562
71	CTG	161
71	TTA	66
71	CTA	17
71	YTG	4
71	TTR	2
71	ATG	2
72	GGA	24012
72	GGG	5785
72	GGR	14
72	GGT	2
73	GAC	29332
73	GAT	479
74	CCT	29534
74	CCC	262
74	CCA	19
75	CAG	28897
75	CAT	719
75	CAA	154
75	CAC	18
75	CTG	8
75	CGG	5
75	AAG	4
75	AAT	3
75	CAK	3
75	CAR	2
76	TGT	29731
76	TGC	83
77	GAT	24263
77	GAC	5509
77	GAA	17
77	GAG	12
77	GAY	10
77	AAC	2
78	GGC	28227
78	GAC	690
78	GGA	662
78	AGC	123
78	GTC	44
78	GGT	30
78	GTT	7
78	GGG	6
78	GAT	5
78	GGM	5
78	GGY	4
78	GAA	3
78	AAC	2
78	GCC	2
79	TTT	25002
79	TTC	4680
79	CTT	92
79	CTC	14
79	TTA	7
79	GTT	4
79	TTG	3
79	TCC	3
79	ATC	2
79	ATT	2
79	TAT	2
80	CAA	29744
80	CAG	35
80	AAG	12
80	AAA	12
80	CGA	9
81	AAT	27978
81	AAC	1748
81	GAT	74
81	GAC	5
81	AAY	4
81	AGT	2
81	TAT	2
82	AAG	28595
82	AGG	731
82	AAT	267
82	AAA	119
82	GAG	53
82	GAA	20
82	GTG	8
82	AAR	7
82	RAG	3
82	AAK	3
82	ACG	3
82	TGG	2
83	AAA	28236
83	GAA	861
83	AAG	411
83	AGA	171
83	ACA	52
83	AAT	45
83	AAC	11
83	ACG	8
83	AAR	5
83	RAA	4
83	GGA	4
83	GAG	4
83	ATG	2
84	TGG	29815
85	GAC	29704
85	GAT	87
85	GGC	7
85	AAC	6
85	GAA	5
85	GRC	3
85	GAY	2
86	CTT	29732
86	CTC	69
86	ATT	7
86	CTG	4
86	CTK	2
87	TTT	26133
87	TTC	3667
87	TAT	11
87	CTT	2
87	TTY	2
88	GTT	29570
88	ATT	128
88	GTC	61
88	GTG	36
88	GTA	14
88	RTT	2
88	ATA	2
89	GAA	29732
89	GAG	81
89	GAR	2
90	CGA	21422
90	AGA	3729
90	CGG	3011
90	CGC	1608
90	AGG	27
90	MGA	13
90	CGT	3
91	AGC	25359
91	AAC	4274
91	AGT	127
91	AAT	11
91	GGC	10
91	AGA	8
91	ARC	7
91	ATC	7
91	CGC	6
91	AGG	2
91	GAC	2
92	AAA	23195
92	AGA	6083
92	ACA	402
92	AAT	46
92	AAG	32
92	ARA	14
92	AGG	11
92	CAA	7
92	AGT	5
92	AAC	4
92	GAA	4
92	ACG	2
92	ACC	2
92	AAR	2
92	GGA	2
93	GCC	29504
93	GCT	218
93	GCA	65
93	ACC	11
93	TCC	6
93	GTC	4
93	GCG	2
94	TAC	27954
94	CAC	1506
94	AAC	233
94	TTC	58
94	AGC	13
94	TGC	12
94	TAT	10
94	TTT	8
94	TCC	7
94	YAC	4
94	CGC	3
94	TAY	3
95	AGC	29782
95	AGT	28
95	RGC	2
95	AAC	2
96	AAC	29536
96	AGC	133
96	AAT	95
96	AAA	30
96	GAC	6
96	MAS	5
96	ARC	4
96	TAC	2
97	TGT	29737
97	TGC	76
97	TGY	2
98	TAC	29771
98	TAT	38
98	TAY	3
98	WAC	2
99	CCT	29573
99	CCC	217
99	CCA	17
99	CCG	5
99	CCY	2
100	TAT	26014
100	TAC	3784
100	TAY	13
100	TTT	3
101	GAT	29328
101	TAT	370
101	GAC	77
101	TAC	17
101	AAT	11
101	GAY	5
101	GAG	3
101	RAT	2
102	GTG	29264
102	GTA	503
102	GTT	30
102	ATG	5
102	RTG	4
102	GTC	3
102	GTK	2
102	ATC	2
103	CCG	29210
103	CCA	536
103	CCT	23
103	TCG	22
103	CAG	13
103	CCR	5
103	CTG	4
104	GAT	29626
104	GAC	93
104	AAT	47
104	GAG	28
104	GGT	10
104	GAY	3
104	RAT	3
104	GAA	3
104	AAC	2
105	TAT	29741
105	TAC	36
105	CAT	30
105	TTT	3
105	TCT	2
106	GCC	25521
106	GCA	3872
106	GCT	172
106	GTC	109
106	ACC	76
106	TCC	33
106	ACA	22
106	GCY	3
106	GGC	2
107	TCC	29350
107	ACC	305
107	TCT	134
107	TCA	13
107	ACT	5
107	CCC	3
107	TCG	2
107	TCM	2
108	CTT	29687
108	CTC	96
108	CTA	19
108	CTG	9
108	ATT	2
109	AGG	25292
109	AGA	4452
109	CGA	48
109	AAG	12
109	CGG	4
109	AGR	4
110	TCA	29721
110	TCC	46
110	TCT	18
110	TCG	12
110	KCA	12
110	TTA	3
110	GCA	2
111	CTA	29591
111	TTA	106
111	CTG	84
111	ATA	28
111	CTR	2
111	ATT	2
112	GTT	29590
112	ATT	183
112	GTA	17
112	GTG	12
112	GTC	6
112	RTT	3
112	GCT	2
112	GTW	2
113	GCC	29691
113	GCA	63
113	GCT	51
113	TCC	6
113	GCM	2
114	TCA	29454
114	ACA	253
114	GCA	47
114	TCG	24
114	TCT	16
114	TCC	12
114	TTA	5
114	TCW	2
115	TCC	29059
115	TCT	576
115	TCA	139
115	TCG	17
115	GCC	14
115	TTC	4
115	TYC	2
116	GGC	29100
116	GGT	604
116	GGA	106
116	GGM	4
117	ACA	29036
117	AAC	273
117	ACG	250
117	ACC	152
117	ACT	61
117	AAT	36
117	ATA	3
117	TCC	2
118	CTG	29604
118	TTG	109
118	CTA	68
118	CTT	20
118	ATG	9
118	TTA	3
119	GAG	29242
119	GAA	549
119	GAT	11
119	GGA	5
119	AAA	4
119	ATA	2
120	TTT	29672
120	TTC	142
121	AAC	20215
121	AAA	8350
121	GAC	617
121	ACC	426
121	ATC	85
121	AAT	26
121	AAG	21
121	GAA	16
121	AGC	15
121	ACT	13
121	AAM	9
121	ATT	5
121	ACA	3
121	CAA	3
121	TAC	2
121	RAA	2
121	ATA	2
122	AAT	28244
122	GAT	928
122	CAA	386
122	ACT	90
122	AGT	49
122	AAA	42
122	AAC	26
122	TAT	17
122	ACA	7
122	AAG	6
122	CAG	4
122	ATT	3
122	GGT	3
122	ART	2
122	GCA	2
122	GAG	2
123	GAA	29759
123	GAG	56
124	AGC	29113
124	AGT	327
124	AAC	130
124	AGA	64
124	GGC	58
124	GAC	46
124	GGT	45
124	CGC	11
124	ATC	7
124	ARC	3
124	AAT	3
124	GGA	2
124	GAA	2
124	AGY	2
125	TTC	29788
125	TTT	22
125	TAC	2
126	AAT	29630
126	ACT	60
126	AAC	55
126	GAT	31
126	AAG	13
126	AGT	12
126	AAA	3
126	CAT	2
126	AAW	2
126	ACA	2
127	TGG	29813
128	ACT	20926
128	GCT	8486
128	GCC	101
128	AAT	75
128	ACG	57
128	ACC	50
128	ACA	45
128	ATT	24
128	GAT	18
128	GCA	13
128	RCT	8
128	TCT	3
128	CCT	2
128	AMT	2
129	GGA	28992
129	GGG	793
129	GGT	18
129	GAA	8
129	GGC	2
130	GTC	29036
130	GTT	410
130	GTA	329
130	GTG	14
130	ATC	14
130	GCC	4
130	GTY	4
130	RTC	2
131	ACT	22353
131	AAA	6801
131	GCT	478
131	ACC	100
131	AAT	33
131	AMW	12
131	AAG	9
131	GCA	8
131	AGA	6
131	AGT	5
131	ACA	5
131	GCC	2
131	TCT	2
132	CAA	29450
132	CAG	362
133	AAC	28230
133	AAT	817
133	GAC	615
133	GAT	111
133	GGC	18
133	AGT	10
133	AGC	4
133	CAC	2
133	ACC	2
133	AAY	2
133	ARC	2
134	GGA	29602
134	GGG	209
134	SGA	2
134	GGC	2
135	ACA	24846
135	AAA	3769
135	AAT	364
135	TCA	362
135	GCA	308
135	GGA	76
135	GGG	24
135	ACG	17
135	AGA	14
135	AMA	10
135	AAG	7
135	GAA	4
135	ATA	4
135	ACC	3
135	ART	2
136	AGT	25705
136	AGC	4108
137	TCT	28668
137	TTT	538
137	TAT	453
137	TCA	36
137	GGT	34
137	AAT	29
137	GCT	17
137	TCC	10
137	CGT	9
137	GCC	8
137	TCG	4
137	AGT	2
137	GGA	2
138	GCT	22307
138	TCT	6544
138	GCG	484
138	GCC	353
138	KCT	79
138	ACT	15
138	TCC	12
138	TCA	8
138	GCA	8
138	GCY	2
138	RCT	2
139	TGC	24872
139	TGT	4931
139	TGY	12
140	ATA	27719
140	AAA	1023
140	AGA	431
140	ATG	428
140	ATT	88
140	ACA	43
140	CTA	26
140	GTA	19
140	AWA	11
140	CAA	9
140	TTA	5
140	GAA	4
140	AGG	3
140	ATR	3
140	AAG	2
141	AGG	29701
141	AGA	88
141	AAG	14
141	AGR	4
141	CGG	3
141	ARG	2
142	GGA	12537
142	AGA	11142
142	AAA	5563
142	GGT	354
142	GGG	67
142	GAA	65
142	AGG	43
142	AGT	14
142	AAT	5
142	RGA	5
142	AAG	5
142	RRA	3
143	TCT	29378
143	TCC	338
143	CCT	52
143	TCA	15
143	CCC	11
143	TTT	9
143	TAT	6
143	TCW	2
143	TCY	2
143	ACT	2
144	AGT	17045
144	AAT	6076
144	AAA	5415
144	GTT	416
144	AGC	265
144	GAT	172
144	CGT	129
144	AGA	108
144	GCT	45
144	AAC	23
144	AGG	19
144	GGT	17
144	AAG	15
144	GAC	14
144	GAA	11
144	ATT	9
144	GCC	9
144	ART	8
144	ACT	3
144	GTC	2
144	AAK	2
144	AAW	2
144	ARA	2
144	TCT	2
145	AGT	25513
145	AAC	1957
145	AAT	1733
145	AAA	305
145	AGC	252
145	AGA	14
145	AAM	11
145	GGT	8
145	ART	5
145	ATC	3
145	ARA	2
145	GAT	2
145	AGK	2
145	CAA	2
146	AGT	29573
146	AGC	164
146	GGT	70
146	GGC	4
146	AGY	2
146	AAT	2
147	TTC	29541
147	TTT	273
148	TTT	29587
148	TTC	225
148	TTY	3
149	AGT	29772
149	AGC	32
149	GGT	3
149	AAT	3
149	AGY	2
149	ATT	2
150	AGA	29355
150	AAA	231
150	AGG	218
150	CGA	6
150	ARA	3
151	TTA	25565
151	TTG	4081
151	CTA	97
151	CTG	70
152	AAT	29719
152	AAC	96
153	TGG	29815
154	TTG	29603
154	TTA	168
154	CTG	36
154	CTA	3
154	TTR	3
155	ACC	28952
155	TAT	339
155	ACT	328
155	CAC	123
155	CAT	51
155	TAC	11
155	ACA	7
156	CAC	28303
156	CAT	818
156	AAC	280
156	CAA	126
156	AAA	84
156	AAT	72
156	AAG	33
156	CGC	28
156	CAM	20
156	AGT	16
156	GAA	13
156	MAC	5
156	CAY	4
156	CRC	3
156	AAK	3
156	CRM	2
157	TTA	28316
157	TCA	992
157	TTG	449
157	CTA	33
157	TCT	9
157	TTC	5
157	TTR	2
157	CCA	2
157	TTT	2
157	YTA	2
158	AAC	27208
158	AAA	1283
158	AAT	885
158	AAM	118
158	GGA	67
158	GAA	57
158	AGA	45
158	GAC	40
158	ARC	29
158	MAC	23
158	GAT	16
158	AGC	11
158	RAC	10
158	ARM	3
158	CAC	3
158	AAG	2
158	GGT	2
158	AGG	2
158	RAM	2
158	MAM	2
159	TAC	18821
159	TCC	5475
159	TTC	5377
159	AGC	32
159	TAT	22
159	AAC	21
159	TYC	21
159	AGT	11
159	TMC	11
159	AAT	10
159	CAC	5
159	TTT	4
159	TWC	2
159	GAC	2
160	ACA	17219
160	AAA	11491
160	AAG	393
160	AMA	340
160	AYA	73
160	GCA	71
160	ATA	67
160	RCA	46
160	AWA	24
160	ACG	19
160	RMA	15
160	AHA	13
160	AGA	11
160	ASA	8
160	CAA	7
160	RYA	3
160	TCA	2
160	TCT	2
160	AGG	2
161	TAC	15604
161	TAT	14193
161	TTC	5
161	CAT	5
161	TAY	4
161	CAC	3
162	CCA	29700
162	TCA	51
162	CCC	26
162	CAA	13
162	CCG	12
162	CCT	7
162	CTA	2
162	YCA	2
163	GCA	29287
163	GAA	237
163	GCG	132
163	GAG	71
163	GTG	51
163	GTA	10
163	ACA	9
163	TCA	7
163	GCT	6
163	TTG	2
164	TTG	17182
164	TTA	6529
164	CTG	5711
164	CAG	322
164	CTA	43
164	YTG	13
164	CTT	6
164	TTR	5
164	CTC	2
165	AAC	28921
165	AAT	606
165	GAA	254
165	AAA	20
165	AAM	4
165	RAA	3
165	AGC	2
165	AAY	2
166	GTG	29235
166	GTA	507
166	GTT	34
166	ATG	17
166	GCG	14
166	RTG	3
166	ATA	2
166	GTR	2
167	ACT	29510
167	ACC	262
167	AAT	10
167	ACG	7
167	GCT	6
167	ACA	6
167	AMT	3
167	ACY	3
167	TCT	2
167	ATT	2
167	AGT	2
168	ATG	29661
168	GTG	120
168	ATA	23
168	RTG	3
168	AYG	2
169	CCA	29624
169	CCG	79
169	CTA	31
169	TCA	28
169	CCT	23
169	CCC	21
169	CMA	2
169	ACA	2
169	CAA	2
170	AAC	29797
170	AAT	16
171	AAT	21173
171	AAG	8335
171	AAA	196
171	GAT	51
171	AAC	31
171	AAK	9
171	AGG	9
171	AGT	4
171	ACT	3
172	GAA	28999
172	GAC	492
172	GAG	213
172	GGA	62
172	GGC	24
172	AAC	9
172	AAA	8
172	GAT	4
172	GAR	2
172	GAM	2
173	CAA	28152
173	AAA	1161
173	GAA	232
173	AAT	132
173	CAG	54
173	AAG	32
173	CGA	11
173	CTA	10
173	AAC	9
173	CAT	8
173	AGA	3
173	CAC	3
173	GGA	2
173	MAA	2
173	CAR	2
174	TTT	29727
174	TTC	75
174	GTT	6
174	TCT	4
175	GAC	29772
175	GAT	26
175	AAC	7
175	GAA	6
175	GAY	2
176	AAA	29738
176	AAG	63
176	AAR	13
177	TTG	29581
177	TTA	139
177	CTG	51
177	CTA	38
177	ATG	4
178	TAC	29772
178	TAT	41
178	TAY	2
179	ATT	29687
179	ATC	75
179	ATA	25
179	GTT	21
179	ATY	3
179	GTG	2
180	TGG	29815
181	GGG	25452
181	GGT	4065
181	GGA	296
182	GTT	29104
182	GTC	555
182	ATT	125
182	GTA	14
182	GTY	4
182	GCT	4
182	RTT	3
182	GTG	3
183	CAC	29133
183	CAT	525
183	CTC	113
183	CWC	41
183	CAY	2
184	CAC	29376
184	CAT	436
184	AAC	2
185	CCG	29551
185	CCA	237
185	CCT	18
185	CCR	5
185	CCC	3
186	GGT	28648
186	GTT	255
186	GCT	227
186	GGC	184
186	GAT	119
186	AGC	99
186	AGT	97
186	GGA	85
186	GKT	23
186	ACT	12
186	GCC	10
186	GGG	10
186	ACC	9
186	ATT	7
186	RGT	6
186	ATC	4
186	CGT	3
186	AKC	2
186	RKT	2
186	TCT	2
186	ART	2
186	GTC	2
186	GRT	2
187	ACG	29224
187	ACA	501
187	ACT	73
187	GCG	5
187	ACK	5
187	ATG	2
187	ACR	2
187	TCA	2
188	GAC	29392
188	GAT	233
188	AAC	75
188	TAC	28
188	AAT	26
188	GAA	21
188	GGC	12
188	RAC	11
188	GCC	5
188	GAY	3
188	KAC	2
188	AGT	2
188	GRC	2
188	GAM	2
189	AAG	27882
189	AAT	1173
189	AAA	403
189	AGT	186
189	AGG	63
189	CAA	54
189	AGA	23
189	ACG	11
189	AAR	5
189	CAG	2
189	CGT	2
189	CGA	2
189	ARG	2
189	AAC	2
189	AAW	2
190	GAC	29503
190	AAC	127
190	GAA	96
190	GAT	31
190	GAG	18
190	RAC	9
190	GAM	9
190	GCC	5
190	GRC	4
190	GGC	3
190	GWC	3
190	AGC	2
190	RRC	2
190	GTC	2
191	CAA	29784
191	CAG	28
191	CAR	3
192	ATC	28903
192	ACC	692
192	GTC	115
192	ATT	47
192	AAC	20
192	ATA	13
192	ACT	8
192	CTC	4
192	ACA	4
192	ATY	2
192	TTC	2
192	AYC	2
193	TTC	23291
193	TCC	5600
193	AAC	400
193	AGC	356
193	TTT	46
193	TCT	13
193	TAC	12
193	AGT	11
193	TWC	10
193	AAT	9
193	AAA	9
193	TYC	8
193	GAC	8
193	AGA	8
193	AAM	7
193	TTY	7
193	CTC	6
193	GGA	3
193	GGC	2
193	ACC	2
193	YTC	2
194	CTG	28568
194	CTA	817
194	CCG	215
194	TTG	115
194	ATA	44
194	CYG	32
194	MTA	10
194	CTT	3
194	ATG	3
194	CTR	3
194	GTG	2
195	TAT	29630
195	TAC	123
195	YAT	20
195	CAT	17
195	TWT	14
195	TTT	5
195	WAT	4
195	AAT	2
196	GCT	23717
196	GCA	5504
196	GTC	328
196	GTT	150
196	GCC	56
196	ATT	30
196	ACT	13
196	GCG	6
196	TCT	3
196	ATC	2
197	CAA	27303
197	CGA	1615
197	AAA	598
197	CAT	132
197	CAG	114
197	CAC	36
197	CGG	14
197	AGA	2
198	TCA	24504
198	GCA	3653
198	CCA	1404
198	TCG	135
198	GCC	35
198	GCT	24
198	TCT	20
198	ACA	13
198	TTA	8
198	YCA	5
198	GAA	2
198	TCC	2
198	CAA	2
198	GCG	2
199	TCA	28717
199	GCA	834
199	CCA	146
199	TCG	63
199	ATA	22
199	TCT	11
199	TTA	6
199	ACA	5
199	YCA	3
199	GTA	2
200	GGA	29216
200	GGG	588
200	GGC	3
200	GGT	3
200	GTA	2
200	GGR	2
201	AGA	29691
201	AGG	47
201	AAA	38
201	ATA	17
201	CGA	9
201	GGA	6
201	RGA	3
201	MGA	2
202	ATC	29088
202	GTT	393
202	GTC	202
202	ATA	82
202	ATT	31
202	ACC	9
202	GTA	8
202	AYC	2
203	ACA	29076
203	ATA	618
203	ACG	75
203	AYA	22
203	ACC	9
203	GCA	5
203	ACT	4
203	TCA	3
203	ACM	2
204	GTA	27541
204	GTC	1977
204	GTG	190
204	GTT	83
204	ATA	13
204	ATC	4
204	RTA	3
204	GTY	2
204	GTR	2
205	TCT	29319
205	TCC	459
205	TCA	23
205	TCY	5
205	TCG	3
205	TYT	2
205	TTT	2
206	ACC	29737
206	ACA	39
206	ACT	35
206	ACM	3
207	AAA	29082
207	AGA	598
207	AAG	59
207	AGG	41
207	CAA	19
207	MAA	5
207	GAA	4
207	AAC	4
207	ARA	2
208	AGA	29461
208	GGA	132
208	AGG	94
208	AAA	63
208	AGT	23
208	ATA	22
208	TGG	11
208	AGR	3
208	CGA	2
208	RGA	2
208	AAT	2
209	AGC	29453
209	AAC	226
209	AGT	116
209	GGC	16
210	CAA	29695
210	CAG	112
210	CAR	3
210	CAM	2
210	CRA	2
211	CAA	29684
211	CAG	126
211	CGA	3
212	GCT	26009
212	ACT	3619
212	TCT	82
212	ACC	54
212	GCC	32
212	GCG	5
212	RCT	5
212	ACA	4
213	GTA	29024
213	GTG	528
213	GCA	157
213	ATA	88
213	GTR	8
213	GTC	5
213	GTT	2
214	ATC	28096
214	ATT	1275
214	ACC	296
214	GTC	54
214	AGC	41
214	ATA	21
214	GTT	7
214	AAC	7
214	AYC	6
214	TTC	4
214	CTC	3
214	ATY	2
215	CCA	18665
215	CCG	11067
215	CCT	60
215	CCR	9
215	CCC	5
215	TCG	4
215	TCA	4
216	AAT	29519
216	AAC	207
216	AGT	44
216	ACT	12
216	AAK	6
216	GAT	5
216	TAT	4
216	AAY	4
216	ATT	3
216	ART	2
216	RAT	2
217	ATC	29298
217	ATT	366
217	GTC	78
217	ATA	57
217	ACC	6
217	ATY	5
217	GCC	2
218	GGA	28921
218	GGG	817
218	GGT	21
218	RGA	17
218	AGA	15
218	GAA	10
218	GGC	4
218	GGR	3
218	TGG	2
218	GRA	2
219	TCT	23011
219	TCC	5004
219	TTT	1178
219	TAT	424
219	TTC	102
219	TMT	35
219	TCY	13
219	TCA	12
219	TWT	8
219	TYT	8
219	THT	6
219	TAC	4
219	ACC	3
219	TYC	2
219	TCG	2
220	AGA	27914
220	AGG	1871
220	AGR	6
220	AAA	6
220	CGA	5
220	ARA	3
220	AGM	3
220	GGA	2
220	AGC	2
221	CCC	29439
221	CYC	106
221	CTC	81
221	CCT	50
221	CMC	38
221	CAC	28
221	YCC	14
221	TCC	13
221	MCC	10
221	ACC	9
221	SCC	6
221	CCA	5
221	CCY	4
221	CHC	3
221	YMC	2
222	AGA	28743
222	TGG	562
222	AGG	367
222	CGA	71
222	AAA	40
222	ARA	11
222	TTG	10
222	CGG	5
222	AGR	2
222	AAG	2
223	ATA	25958
223	GTA	3544
223	ATC	228
223	GTG	39
223	RTA	22
223	GTT	6
223	ATM	5
223	GTC	4
223	ATT	3
223	GGA	2
224	AGG	29683
224	AGA	122
224	CGG	6
224	AGR	3
225	GAT	24314
225	AAT	4597
225	GGT	560
225	RAT	121
225	GGC	73
225	GAC	66
225	AAC	42
225	GRT	27
225	RAC	3
225	GGG	3
225	GAG	2
225	GAY	2
226	ATC	28878
226	GTC	332
226	ATT	214
226	GTA	203
226	ATA	52
226	CAG	33
226	CAA	29
226	CTG	22
226	AGC	20
226	AAC	6
226	GTT	5
226	ACC	5
226	RTC	3
226	ATY	3
226	AKC	3
226	AYC	2
226	AWC	2
227	CCT	28176
227	CCC	933
227	TCC	606
227	TCT	72
227	CCA	12
227	CCY	4
227	TCA	4
227	CAT	3
227	CMT	2
228	AGC	29647
228	AGT	113
228	GGC	50
228	GGA	2
229	AGA	29306
229	ATA	399
229	AGG	78
229	CGA	15
229	AKA	3
229	GGC	3
229	ARA	2
230	ATA	28889
230	GTA	904
230	ATG	10
230	ATM	5
230	ATR	4
230	RTA	3
231	AGC	29776
231	AGT	37
232	ATC	29687
232	ATT	60
232	ATA	45
232	GTA	8
232	GTC	6
232	ATM	5
232	CTC	2
232	TTC	2
233	TAT	29668
233	TAC	118
233	CAT	22
233	TAY	4
233	YAT	3
234	TGG	29814
235	ACA	29477
235	ACG	330
235	ACC	4
236	ATA	29761
236	GTA	37
236	ATT	4
236	RTA	3
236	ATG	3
236	CTA	2
236	ACA	2
237	GTA	29446
237	GTG	294
237	GTC	53
237	GTT	20
238	AAA	29483
238	AGA	271
238	AAG	46
238	AAC	4
238	RAA	3
238	ARA	2
238	GAA	2
238	AAR	2
239	CCG	25043
239	CCA	4670
239	CCT	65
239	TCG	16
239	YCG	4
239	CCR	4
239	CCC	3
239	GCG	2
239	CAG	2
239	TCA	2
240	GGA	29558
240	GGG	140
240	GGT	96
240	AGA	18
240	AGG	2
241	GAC	29756
241	GAT	53
241	GAY	3
241	GAM	2
242	ATA	29581
242	ATG	88
242	GTA	61
242	CTA	20
242	ACA	19
242	GTG	13
242	ATC	8
242	TTA	7
242	GTT	6
242	ATR	4
242	AYA	2
242	AAA	2
242	ATT	2
243	CTT	29614
243	CTG	63
243	CTC	57
243	ATT	52
243	CTA	10
243	TTG	8
243	TTT	7
243	MTT	2
244	TTG	29594
244	TTA	106
244	GTA	40
244	CTG	38
244	GTG	20
244	ATG	5
244	TCG	3
244	TTR	3
244	YTG	2
244	TTT	2
245	ATT	29610
245	ATC	164
245	GTT	23
245	ATA	14
245	ATY	3
246	AAC	29476
246	AAT	183
246	AGC	60
246	ARC	17
246	CAC	16
246	ACC	13
246	MAC	12
246	AAA	12
246	AAM	11
246	MRC	3
246	AMC	3
246	ASC	3
246	AAY	2
247	AGC	29676
247	AGT	117
247	TGC	9
247	AGY	5
247	AAC	5
247	GGC	2
248	ACA	29197
248	ACG	497
248	AAT	64
248	ACC	13
248	ACT	12
248	ATA	12
248	AYA	6
248	TCA	5
248	AAA	4
248	AMA	3
249	GGG	28964
249	GGA	846
249	GGR	2
249	GGC	2
250	AAT	29614
250	AAC	201
251	CTA	29727
251	TTA	54
251	CTG	20
251	CTC	9
251	ATA	3
252	ATT	29554
252	ATA	174
252	ATC	58
252	GTT	27
252	GTC	2
253	GCT	29317
253	GCC	484
253	GCA	10
253	GCY	3
254	CCT	29724
254	CCA	51
254	CCC	34
254	CCG	5
255	AGG	28854
255	CGG	787
255	AGA	129
255	CGA	23
255	AAG	8
255	CGC	5
255	ARG	4
255	AGT	2
255	CGT	2
256	GGT	29694
256	GGC	81
256	GGG	26
256	GGA	12
257	TAC	29680
257	TAT	128
257	TAY	3
257	CAC	2
257	YAC	2
258	TTC	29753
258	TTT	61
259	AAA	29451
259	AAG	328
259	AGA	33
260	ATA	29632
260	ATG	156
260	TTA	14
260	GTA	9
260	TTG	2
261	CGA	23076
261	CAA	6311
261	CTA	179
261	CGG	105
261	AGA	48
261	CGC	42
261	CRA	24
261	CAC	11
261	AAA	8
261	CGR	3
261	CAG	3
262	AGT	29220
262	AAT	447
262	ACT	58
262	AGC	21
262	ATT	20
262	GGT	20
262	AGG	13
262	ART	3
262	ACC	3
262	ACA	2
262	GAT	2
262	RGT	2
262	CGT	2
263	GGG	29354
263	GGA	405
263	AGG	19
263	GGT	14
263	GGR	9
263	GAG	9
263	RGG	2
264	AAA	29663
264	AGA	83
264	AAG	36
264	GAA	28
265	AGC	29761
265	AGT	27
265	GGC	23
265	RGC	2
266	TCA	29730
266	TCG	75
266	TCT	5
266	TCR	2
267	ATA	29755
267	GTA	41
267	ATG	6
267	ATT	6
267	RTA	3
267	ACA	3
268	ATG	29782
268	ATA	18
268	CTG	5
268	GTG	4
268	MTG	3
268	ATR	2
269	AGA	29421
269	AGG	277
269	AAA	85
269	AAG	9
269	CGA	6
269	ARA	4
269	ATA	3
269	AGR	3
269	AGM	2
269	RGA	2
269	GGA	2
270	TCA	29759
270	TCG	41
270	TCT	9
270	ACA	3
270	TCC	2
271	GAT	29673
271	AAT	105
271	GAC	35
272	GCA	29699
272	GCC	34
272	GCG	32
272	ACA	23
272	GTA	13
272	GCT	6
272	TCA	4
272	GAA	2
273	CCC	29285
273	CAC	327
273	CCT	100
273	CCA	62
273	CTC	22
273	TCC	11
273	ACC	4
273	CGC	2
274	ATT	29636
274	ATC	124
274	ATA	36
274	GTT	11
274	ATG	4
275	GGC	29202
275	GAT	313
275	GAC	114
275	GGA	63
275	GGT	61
275	AGC	44
275	GTC	11
275	RGC	3
275	TAC	2
276	AAA	25424
276	AAG	3759
276	GAA	324
276	AAC	144
276	ACC	75
276	AGA	45
276	AAT	17
276	CAA	7
276	ACT	4
276	AAM	2
276	ATG	2
276	GAG	2
276	ACA	2
276	ATT	2
276	AGG	2
277	TGC	29635
277	TGT	179
278	AAG	25143
278	AAT	3967
278	AAA	456
278	ATT	58
278	AAC	53
278	AGT	35
278	GAG	29
278	TAT	26
278	AGG	25
278	ATG	6
278	ATC	4
278	AGC	2
278	GTG	2
278	CAT	2
278	AAR	2
279	TCT	29598
279	TAT	72
279	TCA	63
279	TCC	46
279	TTT	30
279	TCG	2
280	GAA	28487
280	GCA	1139
280	GAG	112
280	GGA	28
280	ACA	22
280	AAA	11
280	GAC	6
280	GCT	2
280	GTA	2
280	TCA	2
281	TGC	29735
281	TGT	76
281	TGY	4
282	ATC	27039
282	ATT	2752
282	ATA	13
282	GTC	6
282	ACC	2
282	AYC	2
283	ACT	28797
283	ACC	992
283	ACA	14
283	GCT	5
283	RCT	2
283	TCT	2
283	AGT	2
284	CCA	29725
284	CCG	79
284	CCT	6
284	CAA	2
284	CCM	2
285	AAT	29745
285	AAC	63
285	GAT	3
285	AGT	2
285	ART	2
286	GGA	29659
286	GGG	147
286	GGT	6
286	GGM	2
287	AGC	29723
287	AGT	84
287	AGY	4
287	AAC	3
288	ATT	29673
288	ATC	127
288	ATA	9
288	CTT	3
288	GTT	2
289	CCC	25518
289	CCA	3972
289	TCC	281
289	CCT	21
289	CTC	9
289	CCY	4
289	ACC	3
289	TCA	3
289	CTA	2
290	AAT	29758
290	AAC	42
290	AGT	9
290	GAT	2
290	ACT	2
291	GAC	29498
291	GAT	135
291	GAA	101
291	GGC	37
291	AAC	37
291	TAC	3
291	GAG	2
292	AAA	29575
292	AAG	228
292	AGA	9
292	CAA	2
293	CCA	28761
293	CCG	530
293	CCT	447
293	CCC	74
294	TTC	28623
294	TTT	1184
294	TTY	4
294	CTC	4
295	CAA	29780
295	CAG	32
295	CAR	2
296	AAT	29677
296	AAC	131
296	CAT	2
296	AAG	2
296	AGT	2
297	GTA	29033
297	GTG	694
297	GTC	54
297	ATA	20
297	GTT	9
297	RTA	4
298	AAC	29759
298	AAT	53
299	AGG	29124
299	AAG	423
299	AGA	230
299	AAA	18
299	GGG	11
299	CGG	6
299	ATG	2
300	ATC	29577
300	GTC	106
300	ATA	75
300	ATT	35
300	ATM	6
300	RTC	5
300	ACC	3
300	AYC	2
300	GTT	2
300	ATY	2
301	ACA	29745
301	ACG	26
301	ACT	24
301	ACC	7
301	ATA	5
301	TCA	2
301	AYA	2
302	TAC	28712
302	TAT	1094
302	TAY	5
302	CAC	2
303	GGG	29390
303	GGA	412
303	GGT	10
304	GCC	25370
304	GCA	4212
304	ACC	117
304	GCT	51
304	GTC	24
304	CCC	16
304	GAC	4
304	ACA	3
304	GCG	3
304	TCA	2
304	AAA	2
304	GYC	2
304	RCA	2
305	TGT	29695
305	TGC	117
306	CCC	29722
306	CCT	63
306	CCA	22
306	TCC	4
307	AGA	29477
307	AGG	230
307	AAA	71
307	AAG	17
307	CGA	9
307	AGR	4
307	ATA	3
308	TAT	29771
308	TAC	30
308	TTT	4
308	TAY	3
308	TGT	2
308	CAT	2
309	GTT	29408
309	GTC	183
309	ATT	159
309	GTG	39
309	GTA	9
309	GTY	6
309	ATC	4
309	RTT	3
310	AAG	29567
310	AAA	217
310	AGG	22
310	AAR	4
311	CAA	15561
311	CAT	12756
311	CAG	1459
311	CAC	18
311	CAW	9
311	CAR	3
311	TAT	2
311	CAY	2
312	AGC	25499
312	AAC	4109
312	AGT	75
312	AAA	35
312	AGA	32
312	GGC	31
312	AAT	8
312	ARC	4
312	ACC	4
312	GAC	4
312	AGY	3
312	CGC	2
312	RGC	2
312	RAC	2
312	CAC	2
313	ACT	28828
313	ACC	965
313	ACA	7
313	TCT	4
313	ACY	2
313	AAT	2
313	AGT	2
314	CTG	29615
314	CTA	124
314	TTG	53
314	CTT	12
314	CTR	3
314	TTA	2
315	AAA	29707
315	AAG	91
315	AGA	9
315	AAR	4
316	TTG	29469
316	CTG	266
316	TTA	75
317	GCA	29715
317	GCT	49
317	GCG	39
317	GCC	6
318	ACA	29744
318	ACT	33
318	ACG	29
318	ATA	2
318	ACC	2
319	GGA	28098
319	GGG	1708
319	GGC	4
320	ATG	29811
321	CGA	27862
321	AGA	1239
321	CGG	700
321	CGT	4
321	AGG	3
321	MGA	2
322	AAT	29706
322	AAC	106
323	GTA	29182
323	ATA	315
323	GTG	278
323	GTT	16
323	GTC	12
323	GCA	3
323	TTA	2
323	GTR	2

#HK4801|M1
1	ATG	48904
1	AWG	2
2	AGC	27332
2	AGT	21570
2	AGY	3
3	CTT	48864
3	CTC	21
3	CTA	13
3	CCT	6
4	CTA	43998
4	CTT	4672
4	CTG	197
4	TTA	15
4	CTW	9
4	CTR	5
4	CTC	5
4	YTA	2
5	ACC	48483
5	ACT	362
5	ACA	49
5	ACY	6
5	ACR	2
6	GAG	48896
6	GAA	9
7	GTC	48765
7	GTT	109
7	GTA	27
7	ATC	4
8	GAA	48899
8	GAG	4
9	ACG	48899
9	GCG	3
10	TAT	27477
10	TAC	21420
10	TAY	9
11	GTT	48845
11	GTC	36
11	GTA	23
12	CTC	31139
12	CTT	17747
12	CTA	17
12	CTY	2
13	TCT	48860
13	TCC	24
13	TCA	17
13	TCY	3
13	TCG	2
14	ATC	48722
14	ATT	91
14	GTC	70
14	ATA	14
14	ATY	3
14	RTC	3
14	ACC	3
15	GTT	26799
15	ATC	19533
15	ATA	964
15	ATT	853
15	GTC	717
15	RTT	9
15	ACC	7
15	GTG	7
15	GTA	7
15	CTT	4
15	GTY	3
16	CCA	29426
16	CCG	19023
16	CCT	400
16	CCC	39
16	TCA	8
16	CCR	6
17	TCA	48759
17	TCG	98
17	TCC	28
17	TCT	13
17	TCR	3
17	TCM	3
18	GGC	48898
18	AGC	7
19	CCC	48880
19	TCC	21
19	SCC	4
20	CTC	48896
20	CTT	9
21	AAA	48891
21	AAG	12
21	AAT	2
22	GCC	48900
22	GCA	2
23	GAG	48674
23	GAA	204
23	SAG	13
23	GAT	10
23	GAR	2
24	ATC	47978
24	ATA	561
24	ATT	360
24	ATY	4
24	GTC	2
25	GCG	33885
25	GCA	14968
25	GCT	31
25	GCC	11
25	GCR	8
25	GCK	2
26	CAG	48798
26	CAA	55
26	CRG	39
26	CAT	4
26	CAR	3
26	CGG	3
26	CTG	3
27	AGA	47406
27	AAA	1389
27	AAG	72
27	AGG	35
28	CTT	30959
28	CTG	17515
28	CTA	209
28	CTC	160
28	TTG	49
28	ATG	4
28	YTG	3
28	MTT	2
29	GAA	46458
29	GAG	2444
29	GAR	2
30	GAT	30974
30	AGT	17580
30	GAC	167
30	AAT	87
30	GGT	61
30	AGC	17
30	RAT	6
30	AAC	4
30	ART	3
30	RGT	2
30	AGY	2
31	GTC	45155
31	GTA	1849
31	GTT	1473
31	GTG	407
31	ATC	5
31	ATT	3
31	RTC	3
31	GTY	3
31	GCC	3
31	ATA	2
32	TTT	48790
32	TTC	102
32	TCT	12
32	TTY	2
33	GCT	27650
33	GCA	21039
33	GCG	138
33	TCA	22
33	GCC	14
33	GTA	11
33	ACA	10
33	GTT	10
33	GYT	4
33	KCA	3
33	TCT	2
34	GGG	29436
34	GGA	19455
34	GGR	13
35	AAA	27350
35	AAG	21538
35	AGG	13
35	AAR	5
36	AAC	47388
36	AAT	1455
36	AGC	51
36	AAY	6
36	MAC	2
36	ARC	2
36	AAA	2
37	ACA	44827
37	ACC	2394
37	GCA	1064
37	ACT	294
37	GCT	221
37	GCC	66
37	ACG	25
37	ATA	7
37	GTA	3
37	GCG	3
38	GAT	48554
38	GAC	347
38	GAY	4
39	CTT	46749
39	CTC	2102
39	CTA	44
39	CTY	8
40	GAG	48790
40	GAA	102
40	GAT	8
40	GAR	2
40	GRG	2
41	GCT	48394
41	GCC	223
41	GCA	145
41	GTT	106
41	GCG	22
41	GYT	11
42	CTC	48408
42	CTT	424
42	CTA	47
42	ATC	21
42	CTM	3
42	CTY	2
43	ATG	48873
43	ATA	16
43	ACG	10
43	RTG	3
43	ATR	3
44	GAA	46215
44	GAG	2686
44	GAR	5
45	TGG	48906
46	CTA	46156
46	TTA	2128
46	ATA	366
46	CTG	229
46	CTT	13
46	YTA	5
46	TTG	2
46	CTC	2
46	GTA	2
46	ACA	2
47	AAG	48888
47	AAA	14
47	RAG	4
48	ACA	48900
48	ACG	5
49	AGA	48864
49	AGG	33
49	CGA	7
49	AGR	2
50	CCA	48873
50	CCG	22
50	CCT	6
50	CCW	3
51	ATT	26833
51	ATC	22037
51	ATA	33
51	CTC	2
52	CTG	30837
52	TTG	18056
52	CTA	5
52	TTA	3
52	YTG	2
52	CTT	2
53	TCA	48889
53	TCG	15
54	CCT	48362
54	TCT	339
54	CCC	195
54	CCA	4
54	CCG	2
55	CTG	28854
55	TTG	19691
55	CTA	268
55	TTA	83
55	YTG	4
55	TTR	2
56	ACT	48626
56	ACC	246
56	ACA	14
56	ATT	9
56	AYT	3
56	ACY	2
56	AAT	2
57	AAG	47300
57	AAA	1595
57	AAR	7
57	AGG	4
58	GGG	31214
58	GGA	17682
58	GGR	6
58	GGT	4
59	ATT	47321
59	ATC	795
59	GTG	330
59	ATA	277
59	ATG	176
59	GTT	4
60	TTA	44861
60	TTG	3771
60	CTA	232
60	CTG	37
60	YTA	2
61	GGG	27703
61	GGA	21025
61	GGT	164
61	GGR	12
61	GGC	2
62	TTT	48791
62	TTC	82
62	TGT	16
62	CTT	8
62	TTA	4
62	TTY	2
62	YTT	2
63	GTT	24644
63	GTG	22713
63	GTA	1503
63	GTC	30
63	ATT	5
63	GTR	4
63	TTG	2
64	TTC	48639
64	TTT	251
64	TAC	13
64	TWC	2
65	ACG	48838
65	ACA	67
66	CTC	48905
67	ACC	48725
67	ACT	164
67	ACA	9
67	ACG	8
68	GTG	48905
69	CCC	47416
69	CCA	1467
69	CCT	16
69	MCC	2
70	AGT	48878
70	AGC	16
70	AAT	9
71	GAG	48349
71	GAA	556
72	CGA	48418
72	CGG	476
72	CGT	5
72	CAA	4
72	CGR	2
73	GGA	48886
73	GGG	12
73	AGA	4
73	RGA	2
74	CTG	48830
74	CCG	36
74	CTA	31
74	CTT	7
74	TTG	2
75	CAG	48768
75	CAA	135
75	CAR	2
76	CGT	48885
76	CGC	17
76	SGT	2
77	AGA	48736
77	AGG	162
77	AAA	4
77	ACA	2
78	CGC	46688
78	CGT	1373
78	CGG	433
78	CGA	405
78	CSC	2
78	CGY	2
79	TTT	48824
79	TTC	74
79	TAT	6
79	TTY	2
80	GTC	33222
80	ATC	15402
80	GTT	248
80	ATA	14
80	ATT	7
80	RTC	6
80	GTA	6
81	CAA	47254
81	CAG	1650
81	CAR	2
82	AAT	47939
82	AAC	911
82	AGT	38
82	ACC	4
82	ART	4
82	AAA	3
82	ATT	2
82	AGC	2
83	GCC	48551
83	GCT	195
83	GCA	128
83	TCC	23
83	KCC	5
83	GCY	3
84	CTC	27075
84	CTA	20152
84	CTT	1113
84	CTG	509
84	TTA	47
84	YTA	4
84	CTR	3
84	CTY	2
85	AAT	48666
85	AAC	218
85	AGT	14
85	RAT	2
85	AAY	2
85	ART	2
86	GGG	34053
86	GGA	14831
86	GGT	14
86	GGR	5
86	GGC	2
87	AAT	48686
87	AAC	217
87	AAY	2
88	GGA	29583
88	GGG	19067
88	GGT	241
88	GGR	9
88	GGC	3
89	GAC	45704
89	GAT	3196
89	GAM	3
89	GAY	3
90	CCA	31279
90	CCG	17519
90	CCC	71
90	CCT	32
90	CCR	4
91	AAT	29133
91	AAC	19752
91	AAY	11
91	AGC	4
91	ACT	2
92	AAC	45686
92	AAT	3213
92	AAY	7
93	ATG	48890
93	ATA	13
94	GAC	29633
94	GAT	19231
94	GGC	19
94	AAT	9
94	GRC	5
94	GAY	2
94	RAC	2
94	GGT	2
94	RAT	2
95	AAA	27350
95	AGA	19043
95	AGG	1482
95	AAG	1023
95	ARA	3
95	AGR	2
96	GCA	48516
96	GCG	363
96	GCT	23
96	GCC	2
97	GTT	46578
97	GTC	1964
97	GTA	312
97	GTG	28
97	ATT	11
97	GTY	5
97	ATC	4
97	RTT	4
98	AAA	47092
98	AAG	1788
98	AGA	24
99	CTG	27612
99	CTA	19488
99	CTT	733
99	TTA	700
99	TTG	268
99	ATA	86
99	CTC	11
99	CTR	2
99	YTA	2
99	YTG	2
100	TAT	29229
100	TAC	19670
100	TAY	7
101	AGG	24606
101	AAG	19698
101	AGA	3056
101	CGA	859
101	AAA	626
101	CGG	31
101	AGR	28
102	AAA	30792
102	AAG	18108
102	AAR	5
103	CTT	28336
103	CTC	17470
103	CTG	2453
103	CTA	420
103	TTG	200
103	TTA	18
103	ATC	3
103	YTG	2
104	AAG	29022
104	AAA	19879
104	AAR	4
105	AGG	28247
105	AGA	20607
105	CGA	33
105	CGG	9
105	AGR	6
105	GGG	3
106	GAG	28335
106	GAA	20568
107	ATA	47482
107	ATG	1082
107	ATT	314
107	ATC	23
107	GTA	4
108	ACG	41631
108	ACA	7109
108	ACT	114
108	ACR	44
108	AYG	5
109	TTC	48194
109	TTT	703
109	TTY	4
109	CTC	2
110	CAT	32182
110	CAC	16692
110	TAC	8
110	TAT	7
110	YAC	5
110	AAT	4
110	YAT	3
110	CAY	2
111	GGG	46901
111	GGA	1991
111	AGG	4
111	GGT	3
111	GGR	3
111	GAG	3
112	GCC	45764
112	GCT	1846
112	GCA	1274
112	TCC	9
112	GCY	7
112	GCG	2
113	AAA	29873
113	AAG	18997
113	AGA	22
113	AAR	8
113	AGG	5
114	GAA	29908
114	GAG	18990
114	GAR	5
114	GAK	2
115	ATA	27779
115	GTG	17773
115	GTT	1578
115	GTC	1326
115	GTA	313
115	ATC	88
115	ATT	12
115	GTW	11
115	ATG	11
115	GTK	4
115	ATR	3
116	GCT	26729
116	TCA	17942
116	GCA	3905
116	GCG	239
116	GCC	51
116	TCG	21
116	TCC	10
116	TCT	6
117	CTC	29883
117	CTA	17746
117	CTT	1107
117	TTA	101
117	CTG	30
117	ATA	14
117	CTY	10
117	ATC	9
117	CTM	2
117	YTA	2
118	AGT	30143
118	AGC	18746
118	AAT	7
118	GGC	4
118	AGY	3
119	TAT	45863
119	TAC	3037
119	TAY	4
120	TCT	28002
120	TCA	20713
120	TCG	57
120	TCC	55
120	ACA	52
120	GCT	12
120	CCA	7
120	TCR	2
120	TCY	2
121	GCT	28009
121	ACT	18993
121	ACC	1732
121	ACA	102
121	GCC	41
121	GCA	12
121	ACY	5
121	ACG	5
121	ACM	2
121	CCC	2
122	GGT	48834
122	GGC	38
122	GGG	15
122	GGA	15
122	GGY	3
123	GCA	47515
123	GCG	1256
123	GCC	92
123	GCT	25
123	TCA	12
123	GCR	2
124	CTT	48547
124	CTC	345
124	CTG	9
124	CTA	5
125	GCC	39779
125	GCA	9041
125	GCT	63
125	ACC	9
125	GCM	7
125	TCC	3
125	RCC	2
126	AGT	47909
126	AGC	965
126	TGT	12
126	GGT	11
126	AAT	3
126	RGT	2
126	ATT	2
127	TGC	47271
127	TGT	1622
127	TGY	11
127	GGC	2
128	ATG	48898
128	CTG	4
128	ATA	2
128	ATR	2
129	GGC	44843
129	GGT	3156
129	GGA	885
129	GGG	13
129	GGY	7
130	CTC	48636
130	CTA	98
130	CTG	79
130	CTT	67
130	YTC	14
130	ATC	6
130	TTC	2
130	CTY	2
131	ATA	48844
131	ATC	26
131	GTA	17
131	ATT	15
132	TAC	48556
132	TAT	344
132	TAY	6
133	AAT	26853
133	AAC	21972
133	AGC	66
133	AAY	5
133	AGT	5
133	ART	2
133	GAT	2
134	AGG	39171
134	AGA	9332
134	CGG	332
134	AGR	28
134	AAG	28
134	CGA	11
134	ARG	2
135	ATG	48898
135	GTG	4
135	ATR	2
136	GGG	28226
136	GGA	20547
136	GGC	114
136	GGT	14
136	GGR	5
137	GCT	27811
137	ACA	19243
137	ACG	1203
137	ACT	491
137	GCA	117
137	GCG	16
137	GCC	9
137	RCT	3
137	GCW	3
137	ACC	3
137	GCK	2
138	GTA	27732
138	GTG	20940
138	GTC	184
138	GTT	20
138	ATA	12
138	GTR	5
138	GCA	3
138	RTA	3
138	ATG	2
138	GYA	2
139	ACC	46837
139	ACT	1538
139	AAC	331
139	GCC	90
139	ACA	83
139	RCC	6
139	AAT	5
139	ATC	4
139	ACG	4
139	ACM	3
139	AGC	2
139	GCT	2
140	ACT	27084
140	ACA	18984
140	ACC	1097
140	ACG	946
140	GCA	766
140	RCT	16
140	GCT	2
140	ACK	2
140	TCA	2
140	ACY	2
140	AGT	2
141	GAA	48259
141	GAG	641
141	GAR	6
142	GTG	28800
142	GCT	17647
142	TCA	861
142	GGG	745
142	GTA	664
142	GCA	78
142	GTT	69
142	GGA	14
142	GCC	11
142	TCT	5
142	GGT	4
142	GCG	3
143	GCA	27859
143	GCT	20363
143	GCC	379
143	GCG	263
143	GTC	19
143	TCT	10
143	GCY	7
143	ACT	2
143	GCD	2
144	TTT	38316
144	TTC	9418
144	CTT	1089
144	TTG	29
144	TTA	25
144	CTA	13
144	TTY	6
144	CTC	6
144	CTW	2
144	YTT	2
145	GGC	30053
145	GGT	17942
145	GGA	796
145	GGG	112
145	GGY	2
146	CTG	27247
146	CTA	20415
146	CTT	916
146	TTA	190
146	TTG	126
146	ATA	3
146	CTC	3
146	MTA	3
146	CTR	2
147	GTG	32189
147	GTT	12686
147	GTA	3094
147	ATA	865
147	ATG	38
147	GTC	17
147	CTG	4
147	GTK	4
147	TTG	4
147	GTR	2
148	TGT	48320
148	TGC	584
149	GCA	28063
149	GCC	20692
149	GCT	125
149	GCG	20
149	GCM	2
149	TCC	2
150	ACA	26826
150	ACT	20117
150	ACC	1699
150	ACG	200
150	ATT	39
150	AYT	12
150	ACM	4
150	ATA	3
150	ATC	3
151	TGT	48794
151	TGC	105
151	AGT	4
151	TGY	3
152	GAG	29617
152	GAA	19278
152	GAR	9
153	CAG	48194
153	CAA	699
153	CTG	9
153	CGG	2
154	ATT	48823
154	ATC	76
154	ATA	3
155	GCT	46514
155	GCA	1449
155	GCC	836
155	GCG	78
155	GYT	25
155	GTT	2
155	GCY	2
156	GAT	44859
156	GAC	4036
156	GAY	7
156	GAA	2
156	GAG	2
157	TCC	27710
157	TCA	19572
157	GCA	711
157	TCT	513
157	GCT	322
157	GCC	54
157	TCG	22
157	GCG	2
158	CAG	47875
158	CAA	1005
158	CAT	12
158	CAK	8
158	CAR	4
159	CAC	27326
159	CAT	21575
159	CAY	5
160	AGG	26910
160	CGG	20374
160	AAG	862
160	CGT	349
160	CGA	304
160	AGA	73
160	CGC	19
160	MGG	3
160	AAA	3
160	ARG	2
160	CGR	2
161	TCT	47583
161	TCC	1271
161	TCA	25
161	TCG	6
161	ACT	4
161	TCY	4
161	WCT	4
161	GCC	3
161	GCT	2
161	TYT	2
162	CAT	27428
162	CAC	21446
162	CAY	9
162	CAA	9
162	TAC	6
162	TAT	2
162	YAT	2
162	AAT	2
163	AGG	29133
163	AGA	19538
163	CGA	226
163	AGR	5
163	CGG	2
164	CAG	30093
164	CAA	18798
164	CAT	6
164	CAR	6
164	CWG	2
165	ATG	48819
165	ATA	50
165	ATR	10
165	ATK	8
165	GTG	8
165	ATT	8
165	CTG	2
166	GTG	27378
166	GCT	17512
166	GCA	2021
166	GTA	1162
166	GCG	541
166	GCC	154
166	GTT	107
166	ACT	9
166	ATG	7
166	GGG	2
166	ATA	2
166	GTC	2
166	GTR	2
167	GCA	26893
167	ACT	18048
167	ACA	1619
167	ACC	1527
167	GCT	700
167	GCG	33
167	GCC	22
167	GTA	17
167	ATT	8
167	GYA	8
167	ATA	7
167	AAT	6
167	TCA	4
167	AGT	4
167	ACG	3
167	AYT	2
167	RCA	2
168	ACA	28221
168	ACC	18078
168	ATC	1390
168	ACT	1143
168	AGT	27
168	ACG	16
168	GCT	8
168	ATA	6
168	AGC	4
168	ATT	3
168	ACY	2
169	ACC	38877
169	ACA	9646
169	ACT	348
169	AYT	8
169	ACM	7
169	AMC	4
169	ATC	4
169	GCC	3
169	AGC	2
170	AAT	45593
170	AAC	3302
170	AAY	11
171	CCA	48409
171	CCG	339
171	CCC	139
171	CCT	16
171	CCR	2
172	CTA	25638
172	TTA	23040
172	CTG	115
172	TTG	80
172	YTA	15
172	CTC	8
172	ATA	5
172	CTR	3
172	TTR	2
173	ATA	27838
173	ATC	20201
173	ATT	860
173	ATW	2
173	ATY	2
174	AAA	26513
174	AGG	20445
174	AGA	1877
174	AAG	44
174	ARA	21
174	AGR	5
175	CAT	48606
175	CAC	296
175	CAY	2
176	GAG	30729
176	GAA	18175
176	GAR	2
177	AAC	47971
177	AAT	929
177	AAY	6
178	AGA	48643
178	AGG	251
178	CGA	6
178	AGR	5
179	ATG	48905
180	GTT	27562
180	GTG	19910
180	GTA	979
180	GTC	449
180	GTR	3
180	GTY	2
181	TTG	26900
181	CTG	20578
181	CTA	947
181	ATA	165
181	TTA	149
181	CTT	113
181	ATG	39
181	YTG	5
181	TTR	5
181	CTR	2
182	GCC	30094
182	GCT	18049
182	GCA	736
182	ACC	11
182	GCG	4
182	RCC	4
182	ACT	2
183	AGC	48381
183	AGT	523
184	ACT	48257
184	ACC	330
184	ACA	283
184	ATT	17
184	ACY	7
184	ACG	5
184	AYT	3
184	AAT	2
184	AMT	2
185	ACA	30142
185	ACG	18406
185	ACT	339
185	ACR	7
185	ACW	7
185	ACC	3
186	GCT	31069
186	GCA	17718
186	GCC	105
186	GCG	7
186	GCY	5
187	AAG	48072
187	AAA	765
187	AGG	57
187	ARG	6
187	AAR	4
188	GCT	48158
188	GCC	638
188	GCA	85
188	GCG	13
188	GCY	4
188	ACT	3
188	GTT	2
189	ATG	48895
189	ATA	9
190	GAG	30712
190	GAA	18191
191	CAA	28312
191	CAG	20546
191	CAT	38
191	CAR	5
191	AAT	4
192	ATG	33564
192	GTG	15260
192	GTA	34
192	ATA	27
192	GTT	12
192	RTG	8
193	GCT	46813
193	GCG	1367
193	GCC	374
193	GCA	341
193	GYT	8
193	GCY	2
194	GGA	47833
194	GGG	1028
194	GGT	21
194	GGR	8
194	GAA	5
194	GGC	5
194	GTA	3
195	TCA	30189
195	TCG	18591
195	TCT	102
195	TCR	5
195	ACA	4
195	GCG	3
195	TTG	2
195	TCM	2
196	AGT	47292
196	AGC	1580
196	AAT	26
196	AGY	2
196	GGT	2
197	GAG	28286
197	GAA	20603
197	GAT	8
197	GGG	4
197	GAR	3
198	CAG	46633
198	CAA	2249
198	CAT	7
198	CAR	6
198	AAG	3
198	CGG	3
198	MAG	2
199	GCA	48851
199	GCG	29
199	GCT	12
199	GCC	6
199	GCW	2
199	GTA	2
200	GCG	36080
200	GCA	11577
200	GCT	1173
200	GTG	18
200	GCR	16
200	TCA	13
200	GCC	6
200	GYG	4
200	ACG	3
200	GCK	3
200	ACA	3
200	GMG	2
200	GTA	2
201	GAG	46000
201	GAA	2885
201	GAT	10
201	GAR	5
202	GCC	47656
202	GCA	727
202	GCT	495
202	GCY	11
202	GCG	9
202	GCM	4
202	SCC	2
203	ATG	48842
203	ATA	42
203	ATT	12
203	GTG	5
203	ATR	2
203	ATK	2
204	GAG	46365
204	GAA	2508
204	GAR	11
204	GAT	9
204	AAG	7
204	GCG	3
204	RAG	2
205	ATT	22781
205	GTT	19775
205	ATA	4555
205	GTC	1354
205	ATC	393
205	GTA	36
205	RTT	9
206	GCT	46740
206	GCA	1087
206	GCC	1055
206	GCG	21
207	AGT	29078
207	AAT	19229
207	AGC	480
207	AAC	74
207	ACT	20
207	ART	7
207	GGT	6
207	GAT	3
207	AGY	3
207	AGG	2
208	CAG	35380
208	AAG	12684
208	AAA	648
208	CAA	168
208	CGG	10
208	MAG	5
208	AGG	4
208	CRG	2
208	CAT	2
209	GCC	27945
209	ACT	17730
209	GCT	3113
209	GCA	83
209	ACC	12
209	GCM	12
209	ACA	6
209	GCG	3
210	AGG	47510
210	AGA	1374
210	AAG	14
210	ATG	3
210	AGR	3
211	CAG	46774
211	CAA	2042
211	CAT	16
211	CGG	15
211	AAA	14
211	CGA	11
211	AAG	9
211	CAR	7
211	GAG	6
211	CTG	4
211	SAG	3
211	AGA	2
212	ATG	48903
213	GTG	31038
213	GTA	17726
213	GTT	87
213	ATA	39
213	GTR	10
213	RTA	2
213	GTK	2
214	CAG	30972
214	CAT	17693
214	CAA	200
214	CAC	28
214	AAT	6
214	TAT	3
215	GCA	47748
215	GCT	760
215	GCG	367
215	GCC	16
215	ACA	5
215	GTA	5
215	RCA	2
216	ATG	48904
216	ATR	2
217	AGA	47043
217	AGG	1856
217	AGR	4
217	CGA	3
218	GCC	27582
218	ACT	17233
218	ACA	2915
218	ACC	894
218	GCT	86
218	GCA	81
218	ACG	56
218	GTT	19
218	TCC	16
218	RCC	6
218	GTC	5
218	ACY	4
218	KCC	2
218	GCM	2
219	ATT	48004
219	GTT	486
219	GTC	301
219	ATC	68
219	RTC	17
219	GTY	11
219	GTA	10
219	ATA	6
219	ATY	2
220	GGG	45442
220	GGA	3396
220	GGT	57
220	GGR	8
221	ACT	48410
221	ACC	421
221	ACA	62
221	ACG	9
221	ACY	2
222	CAT	47522
222	CAC	1334
222	CGT	14
222	AAT	13
222	CRT	8
222	CAG	6
222	AAC	2
222	CAA	2
222	CAY	2
223	CCT	48676
223	CCC	185
223	CCA	23
223	CCG	14
223	MCT	3
223	CCY	3
223	ACT	2
224	AGT	28218
224	AGC	18428
224	AAC	1838
224	AAT	397
224	GGT	9
224	RGT	7
224	AGY	6
224	ART	2
225	TCC	46215
225	TCT	2583
225	ACC	80
225	TCA	20
225	TCY	6
226	AGT	43469
226	AGC	5428
226	AGY	8
227	ACT	28471
227	GCT	18756
227	ACA	629
227	GCA	439
227	GCC	428
227	ACC	100
227	ACG	29
227	GCG	21
227	AAT	13
227	TCT	4
227	AAC	4
227	AMT	3
227	RCT	3
227	AGT	2
228	GGT	48787
228	GGC	62
228	SGT	36
228	GGG	14
228	GGA	6
229	CTA	30945
229	CTG	17561
229	TTA	236
229	TTG	144
229	CTT	7
229	CTR	3
229	YTA	3
229	YTG	3
229	CTC	2
230	AGA	43262
230	AAA	4999
230	AAG	512
230	AGG	126
230	ARA	4
231	GAT	47633
231	AAT	966
231	GAC	291
231	GAA	8
231	AGT	3
231	GAK	2
231	GAG	2
232	GAT	29800
232	GAC	17623
232	AAT	1456
232	AAC	13
232	RAT	7
232	GAY	2
232	AAY	2
233	CTT	47650
233	CTC	1248
233	CTY	4
233	CTA	2
234	CTT	47762
234	ATT	1089
234	CTC	49
234	MTT	3
235	GAA	48545
235	GAT	233
235	GCA	72
235	GAC	28
235	AAA	13
235	GTA	4
235	RAA	4
235	GGA	3
236	AAT	48829
236	AAC	43
236	AAA	21
236	CAT	8
236	AAY	2
236	ACT	2
237	TTG	46781
237	TTA	2079
237	CTG	31
237	TTR	10
237	CTA	4
238	CAG	48906
239	ACC	26843
239	GCC	19829
239	GCA	1413
239	GCT	730
239	GTC	22
239	AAC	13
239	ATC	12
239	GCM	11
239	AGC	9
239	GCG	5
239	ACT	5
239	ACA	4
239	GCY	3
239	RCC	2
240	TAT	28275
240	TAC	20622
240	TAY	4
240	TTC	3
240	TTT	2
241	CAG	48172
241	CAA	724
241	CAR	9
242	AAA	30711
242	AAG	17417
242	AAC	765
242	AAM	2
242	ACG	2
242	AAR	2
242	AGA	2
243	CGA	45869
243	CGG	2687
243	AGA	323
243	AGG	15
243	CGR	4
243	CGT	3
243	CAA	3
244	ATG	48896
244	CTG	5
244	TTG	3
245	GGG	27098
245	GGA	21454
245	GGT	341
245	GGR	11
245	GGC	2
246	GTG	48504
246	TTG	331
246	GTA	43
246	ATG	8
246	GTT	7
246	CTG	4
246	GTR	4
246	RTG	2
247	CAG	46909
247	CAA	1995
247	CAR	2
248	ATG	47993
248	CTG	768
248	ATA	65
248	ATR	55
248	GTG	12
248	ATT	4
248	TTG	4
248	ATK	2
249	CAA	28252
249	CAG	20613
249	CAT	22
249	CGG	11
249	CAR	4
249	CGA	2
250	CGA	33310
250	CGG	14847
250	CGT	698
250	AGA	31
250	CGR	11
250	AGG	3
250	CGC	2
250	CGW	2
251	TTC	48631
251	TTT	274
252	AAG	44855
252	AAA	4029
252	AGG	16
252	AAR	4
253	TGA	48826
253	TAA	76
253	TRA	2

#HK4801|M2
1	ATG	48860
1	AWG	2
2	AGC	27329
2	AGT	21529
2	AGY	3
3	CTT	48820
3	CTC	21
3	CTA	13
3	CCT	6
4	CTA	43955
4	CTT	4671
4	CTG	197
4	TTA	15
4	CTW	9
4	CTR	5
4	CTC	5
4	YTA	2
5	ACC	48440
5	ACT	362
5	ACA	48
5	ACY	6
5	ACR	2
6	GAG	48852
6	GAA	9
7	GTC	48721
7	GTT	109
7	GTA	27
7	ATC	4
8	GAA	48855
8	GAG	4
9	ACA	26886
9	ACG	21966
9	GCG	3
9	ACR	3
10	CCT	46632
10	CAT	1417
10	CTT	735
10	TCT	34
10	ACT	13
10	CMT	11
10	GCT	9
10	CGT	5
10	CYT	4
11	ATC	28269
11	ACC	20584
11	AYC	4
11	TCC	3
11	TTC	2
12	AGA	48129
12	AAA	722
12	ARA	9
13	AAC	30381
13	AGC	17369
13	ACC	762
13	AAA	290
13	AGA	45
13	AMC	2
13	ACA	2
13	CGC	2
13	GAC	2
13	ARC	2
14	GAA	46147
14	GGA	2696
14	GAC	5
14	GRA	4
14	GTA	3
14	GAT	3
14	AAA	3
15	TGG	48860
16	GGG	27095
16	GAG	21386
16	GTT	312
16	GTG	24
16	GAT	16
16	GRG	11
16	GAA	8
16	GTC	4
16	GCT	2
16	GAR	2
17	TGC	48806
17	TAC	43
17	TTC	7
17	TRC	4
18	AGA	46842
18	AAA	1231
18	AAC	753
18	AGC	17
18	AGG	12
18	AAT	2
18	AGT	2
18	ARA	2
19	TGC	48735
19	TAC	65
19	TRC	56
19	TTC	4
19	TKC	2
20	AAC	28222
20	AGC	20565
20	ATC	22
20	AAA	21
20	AGA	13
20	GGC	11
20	ARC	4
20	GAC	2
21	GAT	33297
21	GGT	14850
21	GTT	698
21	GRT	11
21	GCT	2
21	GWT	2
22	TCA	48587
22	TTA	274
23	AGT	44812
23	AAT	4029
23	GGT	15
23	ART	4
24	GAT	26307
24	GAC	22341
24	GAG	111
24	AAC	56
24	GAA	24
24	AAT	19
25	CCG	24978
25	CCT	21785
25	CTG	1539
25	CCA	293
25	CCC	131
25	TCT	38
25	CAG	24
25	ACT	16
25	CTT	11
25	CYG	9
25	GCC	8
25	ACG	7
25	TCG	5
25	CAT	3
25	CCR	3
25	CTR	2
25	GTT	2
26	CTT	29198
26	CTC	19245
26	CTA	151
26	ATT	151
26	TTT	34
26	ATC	30
26	GTC	29
26	TTC	19
26	YTC	2
27	GTT	25964
27	GTC	17562
27	ATT	4428
27	GCC	571
27	GCT	187
27	ACT	54
27	ATC	21
27	GYT	15
27	GTA	14
27	TTC	10
27	GGT	9
27	RTT	5
27	GTG	4
27	TTT	3
27	GCA	3
27	GTY	3
27	GGC	2
27	RTC	2
27	ATA	2
28	GTT	29659
28	ATT	18099
28	ACT	398
28	TTT	310
28	GAT	124
28	GCT	75
28	GTC	45
28	TTC	40
28	GTA	39
28	ATC	31
28	RTT	8
28	GCC	6
28	CTT	6
28	TTY	4
28	GTG	4
28	ACC	4
28	AAT	3
28	TTG	2
29	GCC	29241
29	GCA	18890
29	GCT	584
29	ACC	67
29	GTC	39
29	GCG	17
29	ACA	7
29	GTA	6
29	GCY	5
29	RCA	3
30	GCG	26868
30	GCA	21210
30	GCT	753
30	GTG	7
30	GCC	6
30	ACA	5
30	TCA	4
30	GCR	3
30	ACG	3
31	AAT	30025
31	AAC	15942
31	AGT	2683
31	AGC	194
31	AAY	8
31	GAT	4
31	RAC	2
31	RGT	2
31	GAC	2
32	ATC	46718
32	ATA	869
32	ATT	775
32	GTC	472
32	ACC	10
32	GTT	10
32	RTC	3
33	ATT	48576
33	ATC	183
33	GTT	79
33	ATA	9
33	CTT	4
33	ACT	3
33	RTT	3
34	GGG	48112
34	GGA	737
34	GGT	9
34	GGR	3
35	ATC	46255
35	ATA	1420
35	ATT	1164
35	GTC	9
35	ATM	5
35	ATY	2
35	GTT	2
36	TTG	47932
36	GTG	863
36	CTG	61
36	YTG	6
37	CAC	48860
38	TTG	30678
38	CTG	18165
38	TTA	7
38	CTA	6
38	YTG	2
39	ATA	48674
39	ACA	62
39	ATG	55
39	GTA	41
39	ATT	17
39	AYA	6
39	ATC	5
40	TTG	48556
40	TTA	228
40	CTG	69
40	TTT	3
40	ATG	2
40	GTG	2
41	TGG	48859
41	WGG	2
42	ATT	48654
42	ATC	143
42	ATG	20
42	ACT	18
42	GTT	6
42	ATA	6
42	AGT	4
42	CTT	3
42	AYT	3
42	RTT	2
43	CTT	30119
43	ACT	15698
43	ACC	1695
43	ATT	914
43	GCT	184
43	TCT	104
43	TTT	85
43	CTC	26
43	ACA	6
43	RCT	6
43	GTT	5
43	ACY	3
43	CTA	3
43	GCC	2
43	YTT	2
43	MTT	2
43	AYC	2
43	CTY	2
44	GAT	48820
44	GAC	13
44	AAT	10
44	GTT	8
44	TAT	6
44	RAT	2
44	KAT	2
45	CGT	46591
45	CGC	2009
45	CGG	197
45	CAT	35
45	CTT	11
45	CGY	10
45	CGA	4
45	CRT	3
45	TGT	2
46	CTT	48764
46	CTC	76
46	TTT	16
46	ATT	3
46	YTT	2
47	TTT	45679
47	TTC	3092
47	CTT	44
47	CTC	24
47	ATT	6
47	TTG	5
47	TCT	4
47	WTT	2
47	TTK	2
47	YTT	2
48	TTC	47476
48	TCC	1310
48	TTT	28
48	CTC	26
48	TTA	5
48	TCT	4
48	YTC	4
48	TAC	4
48	GTC	2
49	AAA	48833
49	AAG	11
49	GAA	8
49	CAA	4
49	AGA	3
49	RAA	2
50	TGC	42297
50	TGT	5389
50	AGC	860
50	TAC	207
50	TTC	82
50	TGY	13
50	TAT	10
51	GTC	25899
51	ATT	21397
51	ATC	713
51	GTT	555
51	CTT	167
51	GCC	68
51	GTA	19
51	ATA	14
51	AAT	6
51	TTC	5
51	RTC	4
51	ATG	3
51	RTT	3
51	TTT	2
51	AGT	2
52	TAT	43848
52	TGT	4306
52	TAC	500
52	CAT	175
52	TCT	9
52	TAY	8
52	TRT	6
52	CAC	4
52	TGC	3
52	AAT	2
53	CGA	26461
53	CGT	21856
53	CGG	339
53	CGC	105
53	CAA	71
53	AGA	16
53	CRA	4
53	CGR	3
54	CTC	26284
54	CGC	20663
54	ATC	876
54	GTC	248
54	TTC	226
54	CGT	220
54	CAC	130
54	CTA	97
54	CTT	54
54	CGA	21
54	TGC	17
54	AGC	6
54	CTY	4
54	CCC	2
54	ATT	2
54	GTT	2
54	MTC	2
55	TTC	26454
55	TTT	19926
55	CTT	1819
55	CTC	622
55	ATT	9
55	ATC	7
55	GTC	6
55	YTT	5
55	TAC	2
55	GTT	2
55	TGC	2
55	TTA	2
56	AAA	48664
56	AGA	97
56	AAG	50
56	ATA	18
56	GAA	17
56	ACA	4
56	AAC	4
56	TAC	2
56	CAA	2
57	CAC	27379
57	TAC	21091
57	CAA	196
57	CAT	125
57	AAC	48
57	CAY	5
57	TAT	5
57	CGA	4
57	CGC	2
57	CAM	2
58	GGC	26776
58	GGT	21696
58	GGG	117
58	GAT	93
58	GGA	91
58	AGC	47
58	GTT	15
58	GAC	5
58	TGC	4
58	GGM	3
58	GGY	3
58	GTC	3
58	KGC	2
58	RGC	2
58	GAG	2
58	AGT	2
59	CTT	26469
59	TTG	20132
59	CTG	958
59	TTA	878
59	TTT	253
59	CTC	66
59	CTA	58
59	ATT	17
59	YTT	11
59	ATG	8
59	YTG	4
59	CCT	2
59	MTT	2
60	AAA	48330
60	AAG	297
60	CAA	150
60	AGA	39
60	GAA	18
60	AAC	12
60	AAT	10
61	AGA	47383
61	AGG	920
61	GGA	457
61	AAA	39
61	GGG	21
61	AGR	12
61	ATA	7
61	CGA	7
61	RGA	7
61	AGC	6
61	AGT	3
62	GGC	26792
62	GGG	21808
62	GGT	150
62	GGA	84
62	AGC	9
62	GRC	3
62	RGC	3
62	GGS	3
62	RGG	2
62	GGY	2
62	AGG	2
63	CCT	48780
63	CCC	32
63	CTT	18
63	CAT	14
63	TCT	6
63	ACT	4
63	CCG	4
63	CYT	2
64	TCT	48569
64	GCT	141
64	CCT	56
64	TCC	46
64	TCA	17
64	TTT	11
64	TCY	6
64	GTT	4
64	TAT	3
64	GCC	2
64	TYT	2
65	ACG	48542
65	ACA	226
65	ATG	46
65	AYG	22
65	AAG	6
65	ACR	6
65	GCG	4
65	ACT	4
65	ACK	3
65	TCG	2
66	GAA	48186
66	GGA	321
66	GCA	160
66	GAG	126
66	GAR	19
66	AAA	16
66	GRA	15
66	GAT	10
66	ACA	3
66	RAA	2
67	GGA	47424
67	GGG	1013
67	GGT	399
67	GGR	15
67	GGC	9
68	GTA	28506
68	GTG	19257
68	ATG	758
68	ATA	289
68	TTG	13
68	TTA	9
68	GTR	9
68	CTA	7
68	GTT	4
68	GCA	3
68	GYA	3
68	RTA	2
69	CCT	46949
69	CCA	951
69	CCG	886
69	CCC	68
69	CCY	3
69	CCR	2
69	CMT	2
70	GAG	47765
70	GAT	700
70	GAA	202
70	AAG	165
70	RAG	9
70	GAK	7
70	GGG	5
70	GTG	3
70	GAR	3
71	TCT	30901
71	TCC	17912
71	TCA	23
71	TTC	16
71	TCY	3
71	CCT	2
71	TYC	2
71	TCG	2
72	ATG	48840
72	TTG	14
72	CTG	2
72	MTG	2
72	WTG	2
73	AGG	48858
73	AGA	2
74	GAA	48797
74	GAG	63
75	GAA	46710
75	GAG	2140
75	GAR	4
75	GGA	3
76	TAT	43136
76	TAC	5716
76	TAY	6
76	TTT	4
77	CGA	27979
77	CAA	17656
77	CGG	3108
77	CAG	72
77	CTA	15
77	AAA	7
77	CGT	5
77	AGA	4
77	CGR	3
77	MAA	3
77	CRG	3
77	CRA	2
77	CTG	2
78	AAG	26949
78	CAG	20936
78	GAG	862
78	AAA	22
78	RAG	20
78	CAT	20
78	CAA	17
78	GTG	10
78	AGG	8
78	ACG	4
78	CGG	3
78	MAG	2
78	ATG	2
79	GAA	33643
79	GAG	15037
79	AAA	173
79	GAC	3
79	GAR	3
80	CAG	48524
80	CAA	260
80	CAT	37
80	CGG	31
80	CAR	3
80	AAG	3
80	MAG	3
81	CAG	48610
81	CAT	209
81	CAA	19
81	CGG	12
81	CAR	4
81	CAC	2
81	CAK	2
82	AAT	29127
82	AGT	19379
82	ATT	228
82	GAT	79
82	GGT	17
82	AAC	12
82	AGC	9
82	ART	7
82	RAT	2
83	GCT	48649
83	GCC	122
83	TCT	44
83	GCG	13
83	ACT	8
83	GTT	7
83	GYT	7
83	GCA	5
83	GAT	3
83	GTA	2
84	GTG	47703
84	GTA	1101
84	ATG	17
84	GGG	14
84	GTT	9
84	GCG	7
84	GTR	7
84	GAG	2
85	GAT	48747
85	GGT	47
85	AAT	39
85	GAC	23
85	AGT	2
85	GAG	2
86	GCT	27855
86	GTT	20966
86	TCT	21
86	GTC	7
86	ACT	4
86	GCC	3
86	TTT	2
86	CTT	2
87	GAC	48859
87	GAT	3
88	GAC	26810
88	GAT	21724
88	AAT	72
88	GGT	49
88	AAC	48
88	GCT	42
88	GAG	27
88	GAA	25
88	GGC	21
88	GCC	9
88	GAY	7
88	RAT	5
88	RAC	5
88	CAT	4
88	GRT	4
88	GAM	3
88	GRC	2
88	TAT	2
88	GTT	2
89	AGT	26839
89	GGT	21120
89	GAT	762
89	AAT	90
89	AGG	9
89	TGT	6
89	GGC	6
89	GRT	5
89	RGT	5
89	ART	4
89	GGA	3
89	GTT	3
89	AGC	3
89	CAT	2
90	CAT	48491
90	AAT	185
90	CAC	102
90	CAG	36
90	CGT	27
90	TAT	10
90	CAA	5
90	CTT	2
91	TTT	48851
91	TTC	7
91	TCT	2
92	GTC	48819
92	GCC	34
92	GYC	5
93	AGC	27878
93	AAC	20981
93	AGT	3
94	ATA	48816
94	ATG	25
94	ATR	6
94	ACG	5
94	GTA	2
94	ACA	2
94	AGA	2
95	GAG	36217
95	GAA	12332
95	GTG	185
95	AAG	51
95	GGG	19
95	GAR	11
95	GAT	9
95	GGA	8
95	AAA	7
95	GCG	6
95	TAG	5
95	RAG	4
95	GRG	2
95	TAA	2
96	TTG	28223
96	CTA	18296
96	CTG	2258
96	TTA	38
96	TTT	8
96	CCA	7
96	ATG	6
96	CTT	6
96	TGG	3
96	ATA	2
97	GAG	47295
97	GAA	785
97	AAG	725
97	GGG	21
97	TAG	13
97	GAR	4
97	GTG	3
97	GGA	2
97	CAG	2
98	TAA	48833
98	TAG	4

#HK4801|NA
1	ATG	29052
2	AAT	28884
2	AAC	165
3	CCA	29039
3	CCG	5
3	CTA	2
3	CCT	2
3	CCC	2
4	AAT	28665
4	AAC	380
4	ACT	4
4	AGT	2
5	CAA	28345
5	CAG	653
5	AAA	34
5	CGA	16
5	CAC	2
6	AAG	28973
6	AAA	61
6	AGG	11
6	AAR	3
6	CAG	2
7	ATA	29038
7	ACA	8
7	TTA	2
7	ATT	2
8	ATA	28721
8	ACA	144
8	ATG	138
8	GTA	28
8	ATT	7
8	GTG	6
8	ACG	3
8	AYA	2
8	CTA	2
9	ACG	26829
9	ACA	1266
9	GCA	822
9	ACT	82
9	GCG	19
9	TCG	16
9	ACR	5
9	ATG	4
9	GCC	3
9	GCT	2
10	ATT	28552
10	CTT	338
10	ATG	70
10	ACT	34
10	ATC	29
10	ATA	12
10	GTT	6
10	ATK	5
10	ATY	3
11	GGC	28508
11	GGT	482
11	GGA	41
11	GGG	8
11	GGY	3
11	AGC	3
11	RGC	2
11	TGC	2
12	TCT	28295
12	TCC	383
12	GCC	177
12	CTC	130
12	GTC	21
12	TTT	14
12	TMT	10
12	TCA	5
12	ACT	4
12	CTT	3
12	ACC	2
12	TCY	2
12	KCC	2
12	GTA	2
13	GTT	27855
13	GTC	681
13	GCT	330
13	ATT	127
13	GTG	23
13	GCC	11
13	GGT	4
13	ATC	4
13	RTT	3
13	GTY	2
13	GTM	2
13	GCG	2
13	GTA	2
13	ACT	2
14	TCT	28894
14	TCC	139
14	TCA	9
14	TGT	2
14	GCT	2
14	TCG	2
15	CTC	27889
15	CTA	946
15	CTT	146
15	CTG	49
15	ATC	8
15	ATA	6
15	TTA	3
15	CTM	2
16	ACC	23155
16	ACA	4334
16	ACT	785
16	ATC	725
16	ATT	22
16	ACG	10
16	ACM	9
16	TCC	3
16	AAT	2
16	ATA	2
16	ACY	2
17	ATT	28043
17	ATC	840
17	CTT	112
17	GTT	21
17	TTT	14
17	ACT	9
17	ATY	6
17	ACC	4
17	AYT	2
18	TCC	27191
18	GCC	747
18	GCG	687
18	GCA	307
18	TCT	52
18	TCA	35
18	GCT	20
18	TCG	6
18	ACC	3
18	GCK	2
19	ACA	28172
19	ATA	705
19	GCA	127
19	ACT	18
19	GTA	12
19	ACG	7
19	ACC	4
19	AYA	2
19	ATG	2
20	ATA	28144
20	GTA	536
20	ATG	272
20	ACA	41
20	GTG	27
20	ATC	14
20	CTA	5
20	RTA	4
20	GCA	3
20	ACG	3
21	TGC	28290
21	TGT	751
21	TRC	4
21	GGC	3
21	AGC	2
22	TTC	27265
22	TTT	902
22	CTC	387
22	CTA	285
22	CTG	157
22	TTA	36
22	CTT	7
22	TTG	7
22	TTY	2
23	TTC	27066
23	CTC	1060
23	CTT	768
23	TTT	58
23	TTA	51
23	TCC	23
23	CTA	8
23	ATC	7
23	YTC	3
23	TYC	2
23	ATT	2
24	ATG	28599
24	ATC	290
24	ATA	57
24	ATT	42
24	ACG	15
24	ATR	13
24	GTG	11
24	TTG	8
24	TTA	6
24	CTG	4
24	ATY	2
25	CAA	28091
25	CAG	957
25	GAA	2
26	ATT	27591
26	GTT	960
26	ACT	270
26	ACC	83
26	ATC	79
26	ATA	46
26	RTT	9
26	GCT	4
26	AYT	4
27	GCC	28846
27	GCT	148
27	ACC	25
27	GCA	20
27	TCC	6
27	GTC	5
28	ATC	27418
28	ATT	1327
28	ATA	187
28	GTC	53
28	ACC	33
28	CTC	18
28	ATY	5
28	ATM	3
28	ATG	3
29	CTG	17251
29	TTG	10429
29	TTA	1077
29	CTA	260
29	YTG	8
29	TTT	8
29	CTT	6
29	CTC	6
29	TTR	3
29	CTR	3
30	ATA	26825
30	GTA	761
30	GCA	471
30	GTG	358
30	GTT	312
30	ACA	200
30	ATG	30
30	GCG	17
30	TTA	14
30	CTA	13
30	ATT	12
30	AYA	9
30	GCT	5
30	GCC	5
30	GYT	4
30	TTT	3
30	ATR	2
30	GCR	2
30	RTA	2
31	ACT	27766
31	ACG	697
31	ACA	239
31	ACC	212
31	ATG	50
31	ATT	46
31	AAT	14
31	GCT	12
31	GCG	3
31	ACY	3
31	AYT	2
31	AGT	2
32	ACT	28461
32	ACC	450
32	AAT	106
32	ACA	20
32	ATT	4
32	GCT	4
32	ACY	3
33	GTA	27725
33	ATG	815
33	ATA	314
33	GTG	152
33	GTC	13
33	GTT	10
33	GCA	10
33	RTA	3
33	GYA	3
33	KTA	2
34	ACA	28961
34	ACG	66
34	GCA	13
34	ACT	8
34	ACC	3
35	TTG	27369
35	CTG	747
35	CTA	535
35	TTA	366
35	ATA	17
35	ATG	5
35	CCA	3
35	ATC	3
35	ACA	2
36	CAT	28750
36	CAC	273
36	TAT	7
36	YAT	6
36	TAC	6
36	CAG	3
36	CAW	2
36	CAA	2
37	TTC	28922
37	TTT	73
37	CTC	40
37	TCC	11
37	YTC	2
38	AAG	28237
38	ACG	246
38	CAG	143
38	AAT	104
38	AAA	96
38	AGG	82
38	GGG	64
38	ACA	52
38	ATG	8
38	GCG	7
38	ACT	4
38	AMG	2
39	CAA	27946
39	CAG	712
39	CAT	323
39	AAT	20
39	CGA	16
39	AAA	12
39	CAC	6
39	TAT	6
39	CTT	3
40	TAT	27260
40	CAT	572
40	AAT	452
40	AGT	211
40	TGT	184
40	GAT	160
40	AAA	57
40	GCT	39
40	GGT	26
40	TAC	25
40	GAC	24
40	CAC	12
40	AAC	9
40	AAG	6
40	ACG	3
40	AGA	3
40	AGC	2
40	YAT	2
40	TTT	2
40	TAY	2
41	GAA	28041
41	GAC	235
41	GGA	212
41	GAT	187
41	AAT	186
41	GAG	90
41	AAA	76
41	AAC	18
41	RAA	4
42	TTC	27153
42	TGC	1158
42	TAC	440
42	TGT	79
42	TTT	48
42	TCC	33
42	CAC	28
42	TAT	27
42	TTA	26
42	AGC	23
42	CTC	16
42	GTC	5
42	ATC	3
42	CGC	3
42	YGC	3
42	CCC	2
43	AAC	27140
43	GAC	410
43	ACC	379
43	ACT	259
43	AAT	256
43	AGC	255
43	AGT	130
43	CAT	93
43	TAC	54
43	AAA	43
43	CAC	18
43	ATC	6
43	ACA	5
43	ARC	2
44	TCC	26740
44	CCC	1036
44	AAC	759
44	ATC	104
44	TAT	93
44	AAT	73
44	TTC	70
44	TCT	68
44	ATT	38
44	TAC	24
44	YCC	10
44	ATA	8
44	TCA	8
44	ACC	6
44	GAC	4
44	GCC	2
44	AKC	2
45	CCC	27294
45	TCC	1098
45	CCT	234
45	CCA	197
45	CTC	116
45	TCA	54
45	CAC	13
45	ACC	11
45	TCT	9
45	TTC	8
45	CCY	4
45	YCC	4
45	CTT	3
45	TAC	2
45	CYC	2
46	CCA	27006
46	CCG	589
46	TCG	392
46	GCA	360
46	TCT	307
46	TCA	232
46	TCC	52
46	ACG	43
46	GCG	30
46	CAA	9
46	ACA	7
46	TTG	6
46	CTG	4
46	AAT	4
46	YCA	3
46	CTA	3
47	AAC	18579
47	AAT	9924
47	ACA	190
47	GAC	143
47	AAA	49
47	ACT	45
47	ATA	38
47	AGC	31
47	AGA	13
47	AAY	11
47	AGT	8
47	ACC	8
47	RAT	4
47	GTA	4
47	AAG	2
48	AAC	28211
48	AAT	794
48	AGT	24
48	AGC	7
48	AAY	7
48	AAA	6
48	GAT	2
49	CAA	28289
49	AAA	302
49	CAG	240
49	CAT	180
49	CGA	11
49	AAG	10
49	GCA	8
49	CAC	6
49	GAA	3
50	GTG	27280
50	GTA	999
50	GCA	489
50	GAA	66
50	ATG	59
50	ACA	45
50	GCG	36
50	TCA	29
50	GGA	14
50	GTT	10
50	TTG	8
50	GGG	5
50	GYG	4
50	GTR	3
50	GAG	2
51	ATG	27152
51	GTG	1439
51	ATA	294
51	GTA	56
51	ATT	26
51	ACG	18
51	TTG	16
51	GGG	11
51	RTG	9
51	AYG	9
51	GCA	4
51	ACA	3
51	GCG	3
51	ATR	2
51	AAG	2
51	GTR	2
52	CTG	27144
52	CCA	896
52	CTA	396
52	TTT	244
52	CTT	139
52	CCG	63
52	TCA	28
52	CAA	28
52	TTG	26
52	CAG	26
52	GTA	17
52	TTA	11
52	ATG	10
52	CCC	6
52	CTR	5
52	CYG	3
52	STG	2
52	ACA	2
52	MTG	2
53	TGT	28969
53	TGC	53
53	TAT	15
53	CAT	4
53	TRT	3
53	YGT	2
53	AGT	2
53	TGK	2
54	GAA	28553
54	GGA	298
54	GAG	105
54	AAA	28
54	GGG	22
54	AGA	17
54	CAA	9
54	GGC	6
54	GAC	5
54	GCA	3
54	RAA	2
55	CCA	28163
55	TCA	429
55	CCG	412
55	TCT	17
55	ACA	17
55	CAA	4
55	CCR	4
55	CCT	3
56	ACA	25615
56	ACT	2320
56	ATC	768
56	ACC	180
56	ATA	48
56	ACG	40
56	AAA	28
56	GTC	14
56	ATT	9
56	GCT	6
56	GCA	6
56	AAT	2
56	ACM	2
57	ATA	28679
57	ACA	192
57	GTA	69
57	ATG	61
57	GTG	14
57	CTA	8
57	AYA	7
57	ATT	3
57	AAA	2
57	AGA	2
57	ATC	2
58	ATA	28809
58	ATT	87
58	GTA	76
58	GTG	14
58	ACA	14
58	ATG	13
58	CTA	12
58	TTA	5
58	ATC	3
58	AYA	3
58	ATR	3
59	GAA	28140
59	GAG	874
59	AAA	13
59	GGA	8
59	GAC	2
59	GTA	2
59	GRA	2
60	AGA	27654
60	AGG	1134
60	AAA	156
60	AAG	80
60	AGR	9
60	CGA	4
60	ARA	2
61	AAC	28874
61	AAT	156
61	AAA	5
61	AGC	3
62	ATA	27883
62	AAA	386
62	ACA	277
62	GTG	162
62	GTA	64
62	ATG	32
62	ACT	21
62	ATT	17
62	ATC	13
62	AGA	13
62	AAG	9
62	AYA	4
63	ACA	28190
63	ACG	440
63	ACT	207
63	ACC	44
64	GAG	28298
64	AAG	207
64	GAA	133
64	GAT	124
64	AGG	93
64	GGG	9
64	GGT	9
64	GAR	4
64	AAA	2
64	RAG	2
65	ATA	28183
65	ATT	561
65	ACA	175
65	GTA	60
65	ATG	37
65	AYA	8
65	TTA	5
65	ATC	4
65	ATR	3
65	RTA	3
66	GTG	28874
66	GTA	89
66	TTG	24
66	ATG	18
66	GTT	16
66	ATA	4
66	GTR	4
66	RTG	3
67	TAT	27121
67	TAC	1041
67	CAC	606
67	CAT	227
67	TTT	11
67	YAT	11
67	CAA	7
67	CGC	3
68	TTG	22669
68	CTG	4751
68	TTA	1270
68	CTA	285
68	TTT	13
68	TCG	13
68	CYG	10
68	CTT	6
68	CCG	5
68	ATA	4
68	TTR	2
68	YTG	2
69	ACC	27881
69	AAT	950
69	ACT	68
69	ATC	40
69	AAC	34
69	ACA	28
69	GCC	19
69	GAC	3
69	CCC	2
69	AYC	2
70	AAC	27793
70	AAT	416
70	AGC	398
70	GGT	269
70	AGT	87
70	GGC	39
70	GAC	14
70	GGG	6
70	AAA	4
70	GGK	3
71	ACC	27568
71	ACT	1184
71	ATC	124
71	ACA	104
71	AYC	21
71	ATT	11
71	AAC	8
71	ATA	3
71	ACY	3
71	GCT	2
71	AAT	2
72	ACC	28131
72	ACT	438
72	ATC	391
72	ACA	34
72	ATT	25
72	GTC	6
72	ATA	4
72	ACY	3
72	RCC	2
72	AYC	2
73	ATA	28233
73	GTA	384
73	TTA	325
73	ACA	30
73	TTG	18
73	ATC	17
73	AYA	13
73	CTA	8
73	ATT	7
73	ATG	5
74	GAG	28626
74	GAA	342
74	GTG	55
74	AAG	14
74	ATG	2
75	AAG	24355
75	AGG	4265
75	AAA	277
75	AGA	115
75	CGG	8
75	RAG	5
75	AAR	5
75	AAK	3
75	ATG	3
75	ARG	3
75	AGR	2
76	GAA	28566
76	GAG	474
76	AAA	3
76	RAA	2
76	GTG	2
77	ATA	27351
77	ATT	549
77	ACA	335
77	AGT	288
77	ATG	133
77	AAA	115
77	GTA	93
77	GTT	47
77	CTT	40
77	AAT	32
77	AGC	11
77	ATC	10
77	GTC	9
77	CTA	8
77	CCT	7
77	AYA	4
77	ACT	4
77	RTA	3
77	AGA	3
77	ATR	2
78	TGC	28065
78	TGT	966
78	CGT	7
78	TRC	3
78	AGC	2
78	TAC	2
78	TSC	2
79	CCC	27247
79	CCT	1520
79	TCC	178
79	CTC	27
79	CCA	24
79	TCT	20
79	TCG	9
79	CAC	9
79	CAT	3
79	CTT	3
79	CCG	3
79	TTC	2
79	ACC	2
79	CYC	2
80	AAA	28636
80	AGG	149
80	AAG	110
80	GAA	45
80	AGA	44
80	ACA	28
80	AAC	17
80	CAA	10
80	GTA	6
80	GAG	3
81	CCA	25633
81	CTA	2367
81	GCA	283
81	GTA	223
81	TCA	165
81	ATA	115
81	TTA	82
81	GAA	32
81	CCG	30
81	ACA	29
81	GTG	16
81	TTG	15
81	GGA	10
81	CAA	10
81	CTG	7
81	GCG	6
81	CCT	6
81	GAG	6
81	ATG	5
81	CCC	3
81	GCT	3
82	GCA	28461
82	ACA	309
82	GTA	88
82	GCG	54
82	CCA	28
82	GTG	24
82	GCT	22
82	TCA	12
82	GCC	10
82	RTA	9
82	AAA	7
82	CTA	6
82	GAA	5
82	ATA	5
82	ACG	3
82	RCA	3
82	GCW	2
83	GAA	28439
83	GGA	225
83	GAG	151
83	AAA	109
83	GAC	70
83	GGG	38
83	AGA	7
83	GCA	6
83	RAA	2
83	GAT	2
84	TAC	28762
84	TAT	243
84	TTC	43
84	CAC	3
85	AGA	27856
85	AGG	703
85	AAG	406
85	AAA	78
85	CGA	5
85	CGG	2
86	AAT	28426
86	GAT	247
86	AGT	131
86	AAC	107
86	AGC	45
86	AAG	37
86	GTT	16
86	AAA	9
86	GAG	9
86	ATT	5
86	ACT	4
86	AAY	4
86	GGT	3
86	ART	2
86	CAT	2
87	TGG	29052
88	TCA	28740
88	TCG	194
88	TTG	66
88	TCT	20
88	TTA	16
88	TCC	6
88	ACA	5
88	GCA	3
89	AAA	26274
89	AAG	2769
89	AAR	4
89	AGA	3
89	ARA	2
90	CCG	27538
90	CCT	781
90	CCA	660
90	CCC	27
90	ACG	20
90	CCR	7
90	CAG	6
90	TCA	5
90	CTG	3
90	CYG	2
91	CAA	28558
91	CAG	491
91	CGA	2
92	TGT	28974
92	TGC	75
92	TGY	3
93	GGC	22967
93	GAC	3873
93	CAA	737
93	AAC	588
93	AGC	272
93	CAG	162
93	AAA	124
93	AGA	95
93	CTA	57
93	AAT	45
93	CCA	39
93	GGT	34
93	GAA	18
93	GGA	6
93	CGA	6
93	GTC	6
93	AGG	4
93	CAC	3
93	TCA	3
93	RGC	3
93	GAT	2
93	AAG	2
94	ATT	28489
94	ATC	345
94	ATA	209
94	GTT	8
95	ACA	28879
95	GCA	51
95	ACG	43
95	ACT	19
95	ACC	18
95	AAG	14
95	AAA	14
95	RCA	4
95	AMA	3
95	ATA	3
96	GGA	27660
96	GGG	1266
96	GGT	94
96	GGC	24
96	GGR	5
96	GGW	3
97	TTT	28497
97	TTC	554
98	GCA	28029
98	GCC	562
98	GCT	402
98	GTA	27
98	GCG	14
98	GTT	10
98	GCM	2
98	GCR	2
98	GTC	2
99	CCT	28620
99	CCC	378
99	CCA	33
99	CCG	9
99	GCT	6
99	TCT	4
99	CAT	2
100	TTC	25272
100	TTT	3761
100	CTC	8
100	TTY	4
100	TAC	3
100	TTA	3
101	TCT	27365
101	TCC	1410
101	TCA	264
101	TCG	6
101	TCY	3
101	GCC	3
102	AAG	28686
102	AAA	321
102	AGG	38
102	AAR	4
102	ARG	2
103	GAC	28903
103	GAT	147
103	GAY	2
104	AAT	28367
104	AAC	682
104	AAY	3
105	TCG	27103
105	TCA	1772
105	TCT	168
105	TTG	2
105	WCG	2
105	TCR	2
106	ATT	28612
106	ATC	366
106	GTT	59
106	ATA	10
106	ATY	2
107	AGG	27791
107	CGG	736
107	AGA	468
107	CGA	53
108	CTT	28483
108	CTC	475
108	CTA	72
108	ATT	15
108	CTG	4
108	CTY	3
109	TCC	27586
109	TCT	1376
109	TCA	66
109	GCC	20
109	TCG	2
110	GCT	28112
110	GCA	705
110	GCC	144
110	TCT	37
110	GTT	13
110	GCG	10
110	ACT	10
110	GAT	10
110	KCT	5
110	GCW	2
111	GGT	28822
111	GGC	100
111	AGT	96
111	GGA	21
111	RGT	5
111	GCT	4
111	GGG	2
112	GGG	28782
112	GGA	123
112	GGC	118
112	GGT	20
112	GGR	3
113	GAC	28237
113	GAT	714
113	AAC	55
113	GGC	24
113	RAC	8
113	GAG	3
113	GCC	3
113	GAY	3
113	GAA	2
114	ATC	27828
114	ATT	1116
114	ATA	95
114	GTC	8
114	CTC	2
115	TGG	29051
116	GTG	28257
116	GTA	684
116	GTT	49
116	ATA	27
116	RTG	14
116	ATG	6
116	ATT	5
116	GTR	4
117	ACA	28859
117	ACG	181
117	ACT	6
117	GCA	2
117	ACR	2
118	AGA	28855
118	AGG	191
118	CGA	5
119	GAA	28831
119	GAG	200
119	GTA	17
119	GRA	2
120	CCT	28744
120	CCC	284
120	CCA	9
120	CCG	8
120	TCT	3
120	YCT	2
121	TAT	28874
121	TAC	176
121	TAY	2
122	GTG	28432
122	GTA	427
122	GTC	157
122	GTT	32
122	GTR	4
123	TCA	28585
123	TCG	400
123	TCT	60
123	GCA	4
123	TCC	2
124	TGC	25420
124	TGT	3631
125	GAT	27395
125	GAC	714
125	GGT	332
125	AGT	328
125	AGC	234
125	GGC	35
125	AAT	3
125	AGY	3
125	AAC	2
125	GAY	2
126	CCT	23530
126	CTT	4142
126	CCC	538
126	CTC	324
126	CAA	159
126	CTA	129
126	CCA	53
126	TCT	51
126	ACC	46
126	CTG	23
126	CAC	14
126	ACT	11
126	ATC	8
126	TTA	7
126	CAT	7
126	TCC	3
126	TTC	2
126	AAC	2
127	GAC	27602
127	AAC	298
127	AAT	241
127	GAT	226
127	GGC	216
127	GGT	168
127	AGT	161
127	AGC	39
127	TAC	33
127	GAA	30
127	GTC	18
127	GGA	8
127	GAG	5
127	GRC	2
127	AAA	2
128	AAG	27792
128	AAA	1113
128	AGG	128
128	AGA	8
128	AAR	6
128	ARG	2
128	AAT	2
129	TGT	27856
129	TGC	1190
129	TGY	6
130	TAT	28732
130	TAC	303
130	TTT	12
130	TAY	4
131	CAA	28616
131	CAG	433
131	CAR	2
132	TTT	28982
132	TTC	70
133	GCC	26117
133	GCA	1558
133	GCT	1339
133	GCG	34
133	GCY	2
134	CTT	28746
134	CTC	239
134	CTA	46
134	CTG	16
134	CTK	2
135	GGA	27209
135	GGG	1631
135	GGC	156
135	GGT	48
135	GGR	5
135	AGC	2
136	CAG	28353
136	CAA	658
136	CAT	24
136	MAG	7
136	CAR	4
136	AAG	3
136	CAC	2
137	GGA	28598
137	GGG	404
137	GGT	38
137	GGC	8
137	GGR	3
138	ACA	28036
138	ACC	779
138	ACT	207
138	ACG	22
138	GCA	6
139	ACA	28076
139	ACC	502
139	ACT	343
139	ACG	130
140	CTA	22768
140	ATA	5038
140	CTG	447
140	TTA	419
140	TTG	360
140	ATG	4
140	CTT	3
140	ACA	2
140	GTA	2
140	YTG	2
141	AAC	28036
141	GAC	724
141	AAA	158
141	GAA	41
141	AGC	29
141	AAT	25
141	GAT	13
141	GGC	8
141	CAC	5
141	AAY	4
141	RAC	3
141	ARC	2
142	AAC	27646
142	AAT	1384
142	AAY	13
142	AGC	4
142	ARC	2
143	GTG	26340
143	ATG	606
143	GGG	517
143	GTA	284
143	AGA	282
143	AGG	240
143	AGT	192
143	AAA	187
143	GGA	161
143	AAG	140
143	GAG	24
143	GTT	18
143	ATA	8
143	AGC	7
143	GCG	7
143	GGC	7
143	GGT	6
143	GAA	5
143	TTG	5
143	RTG	5
143	GTR	4
143	CAG	3
144	CAT	28222
144	CAC	827
144	MAT	2
145	TCA	29018
145	TCG	18
145	TCT	9
145	TCC	6
146	AAT	28722
146	AAC	319
146	GAT	6
146	AAY	3
147	AAC	26879
147	GAC	1061
147	GGC	888
147	AAT	102
147	GGA	74
147	GGT	26
147	AGC	12
147	RAC	2
147	RGC	2
148	ACA	27744
148	ACT	697
148	AYA	217
148	ACG	139
148	ATA	105
148	AMA	63
148	AAA	37
148	ACC	16
148	MCA	9
148	AHA	4
148	CCA	4
148	ACR	3
148	AWA	2
148	RCA	2
148	ASA	2
149	GTA	23092
149	GCA	4594
149	ACA	596
149	ATA	263
149	TCA	182
149	GTG	173
149	TTT	93
149	GTC	11
149	TTA	10
149	ACC	10
149	ACT	7
149	GAA	3
149	GTT	3
149	GGA	3
149	GCG	3
149	ATC	2
149	RTA	2
149	GYA	2
150	CGT	26718
150	CAT	2160
150	CTT	48
150	CAC	37
150	CGA	26
150	CGC	18
150	AGT	18
150	TAT	8
150	TGT	7
150	CRT	5
150	YGT	3
151	GAT	26739
151	RAT	1364
151	GRT	628
151	RRT	132
151	GAC	54
151	AAT	35
151	GWT	32
151	GAA	12
151	GAG	11
151	GGT	10
151	GMT	6
151	GDT	5
151	GAK	5
151	GTT	3
151	GCT	3
151	RWT	2
151	GRC	2
151	RAK	2
151	GAW	2
152	AGG	26897
152	AGA	2144
152	AGR	7
153	ACC	27999
153	ACT	481
153	AGT	330
153	ATC	105
153	ATT	50
153	TCC	30
153	ACA	17
153	GCC	9
153	AAT	9
153	AGC	6
153	AAC	5
153	GTC	4
153	ACY	4
153	AMC	3
154	CCT	28588
154	CCC	368
154	CCA	57
154	TCT	31
154	CCY	5
154	YCT	2
155	TAT	23393
155	CAT	4278
155	TAC	929
155	TTT	288
155	CAC	160
155	TAY	2
156	CGG	27188
156	CGA	948
156	AGA	465
156	AGG	442
156	CGR	4
156	MGG	2
156	AGR	2
157	ACT	25631
157	ACC	3015
157	ACA	398
157	ACY	5
158	CTA	27234
158	CTT	769
158	TTA	685
158	CTC	233
158	CTG	111
158	TTG	16
158	CTR	3
159	TTG	27400
159	TTA	1561
159	CTG	59
159	CTA	24
159	TTR	5
159	YTG	2
160	ATG	29051
161	AAT	24832
161	AGT	4094
161	AAC	108
161	AGC	9
161	ART	5
161	GGT	2
162	GAG	24511
162	GAA	4529
162	GAR	9
162	GAT	3
163	TTG	26163
163	TTA	2782
163	CTA	61
163	CTG	36
163	TTR	7
164	GGT	29041
164	GGC	7
164	GGA	2
165	GTT	28044
165	GTC	864
165	ATT	117
165	GTG	9
165	GTY	8
165	ATC	5
165	GTA	2
166	CCT	26901
166	CCA	1851
166	CCC	225
166	CCG	70
166	TCA	2
167	TTC	23158
167	TTT	5884
167	TTY	6
167	TWT	2
168	CAT	28950
168	CAC	90
168	AAT	3
168	TAT	3
168	YAT	2
168	CAY	2
169	CTG	27033
169	TTG	1407
169	TTA	531
169	CTA	44
169	ATG	17
169	CTT	15
169	CTR	2
170	GGG	27241
170	GGA	1454
170	ATG	204
170	GCG	127
170	GCA	9
170	GGT	5
170	GRG	4
170	AGG	3
170	GAG	2
171	ACC	28902
171	ACT	94
171	ACA	24
171	TCC	20
171	AGC	4
171	GCC	3
171	ATC	3
171	ACY	2
172	AAG	27279
172	AAA	1191
172	AGG	569
172	AGA	9
172	ARA	2
172	AAR	2
173	CAA	28682
173	CAG	370
174	GTG	28739
174	GTA	186
174	GTT	71
174	GTC	47
174	GTR	7
175	TGC	28903
175	TGT	149
176	ATA	23717
176	ATG	5201
176	GTA	85
176	ATC	25
176	ATR	13
176	ATT	6
176	CTA	2
177	GCA	28910
177	GCG	109
177	GCT	21
177	GCC	10
178	TGG	29052
179	TCC	28658
179	TCT	214
179	TCA	177
180	AGC	28417
180	AGT	631
180	AGY	4
181	TCA	28836
181	TCC	134
181	TCG	72
181	ACA	7
181	TCR	2
182	AGT	28005
182	AGC	1047
183	TGT	28242
183	TGC	808
183	TGY	2
184	CAC	28045
184	CAT	824
184	TAT	159
184	TAC	18
184	YAC	3
184	CAY	3
185	GAT	28980
185	GAC	72
186	GGA	27852
186	GGG	827
186	GGT	353
186	GGR	16
186	GGC	4
187	AAA	28518
187	AGG	209
187	AGA	156
187	AAG	147
187	CGG	17
187	AAR	3
187	ARA	2
188	GCA	28925
188	TCA	45
188	GAA	33
188	GCT	24
188	GCG	15
188	GCC	5
188	KCA	3
188	ACA	2
189	TGG	29052
190	CTG	27886
190	TTA	510
190	CTA	344
190	TTG	166
190	CTT	138
190	YTG	4
190	CTR	2
191	CAT	28845
191	CAC	205
192	GTT	28855
192	ATT	111
192	GTC	57
192	GTA	10
192	GTG	9
192	RTT	9
193	TGT	28866
193	TGC	185
194	ATA	27326
194	GTA	559
194	GTT	544
194	GTC	478
194	ATT	99
194	ATC	36
194	GTG	7
194	RTA	3
195	ACG	24206
195	ACT	4527
195	ACA	244
195	ACC	51
195	ACK	14
195	GCG	4
196	GGG	28241
196	GGA	805
196	GGT	4
197	GAT	28492
197	AAT	224
197	CAT	217
197	GAC	90
197	GAA	12
197	TAT	5
197	RAT	3
197	GAY	2
197	GAG	2
198	GAT	28741
198	GAC	295
198	AAT	8
198	GGT	3
198	GRT	2
199	AAA	27807
199	AGA	451
199	AAG	330
199	GAA	251
199	AAC	75
199	AAT	55
199	AGG	41
199	GGA	22
199	ACA	11
199	GAG	2
199	ACT	2
200	AAT	29044
200	AAC	7
201	GCA	28373
201	GCT	443
201	GCG	209
201	GCC	25
202	ACT	28852
202	ACA	127
202	ACC	66
202	ACG	7
203	GCT	28455
203	GCC	488
203	GCA	90
203	GCG	14
203	GCY	5
204	AGC	24658
204	AGT	4383
204	AGY	6
205	TTC	27451
205	ATC	773
205	ATT	331
205	TTA	167
205	GTT	126
205	TTT	118
205	CTC	49
205	GTC	20
205	ATA	15
206	ATT	28460
206	ATC	446
206	ATA	134
206	GTT	11
207	TAC	28134
207	TAT	916
207	TAY	2
208	AAT	27928
208	GAT	714
208	GGT	210
208	GAC	127
208	GGC	34
208	AAC	28
208	AGC	8
209	GGG	28013
209	GGA	644
209	GGT	196
209	GGC	179
209	GAG	12
209	GGR	6
209	GRG	2
210	AGG	27534
210	ATG	611
210	AAG	290
210	AGA	219
210	CTT	133
210	ATA	118
210	CTG	63
210	GTG	46
210	ATC	12
210	CGG	6
210	GTA	4
210	ATT	3
210	AAA	3
210	AGR	3
210	TTG	2
211	CTT	28562
211	CTA	376
211	CTC	92
211	CTG	15
211	TTT	3
211	MTT	2
212	GTA	27831
212	GTT	435
212	ACT	310
212	GCT	172
212	GTG	133
212	ATA	46
212	GTC	41
212	GCA	35
212	ACC	27
212	TCT	5
212	ATT	4
212	GCC	4
212	RTA	4
212	GYA	3
213	GAT	28148
213	GAC	897
213	GAY	4
214	AGT	28774
214	AGC	271
214	ACT	3
214	AGY	2
215	GTT	26591
215	ATT	2349
215	ATC	63
215	GTC	31
215	RTT	7
215	GTA	3
215	CTT	3
215	ATA	2
216	GTT	27120
216	GGT	1624
216	GTC	85
216	GGA	72
216	GCT	48
216	GGC	46
216	GTG	27
216	ATT	11
216	GGG	9
216	RTT	2
216	AGT	2
217	TCA	28516
217	TCG	516
217	TCT	16
217	TCC	2
218	TGG	29052
219	TCC	28153
219	TCT	846
219	TCA	42
219	GCT	2
219	TCM	2
219	TAC	2
219	TCY	2
219	ACC	2
220	AAA	24372
220	AAC	4220
220	CAA	179
220	AAT	178
220	AAG	58
220	AGA	18
220	AAM	9
220	CGA	6
220	AAY	3
220	GAA	3
220	AAR	2
220	CAG	2
221	GAT	22504
221	GAA	3291
221	GAC	1398
221	AAT	941
221	AAC	668
221	AAA	215
221	GAG	12
221	GGT	7
221	GAY	4
221	RAT	3
221	TAT	2
222	ATT	24665
222	ATC	3631
222	ATA	654
222	GTT	55
222	GTC	33
222	ACT	7
222	ATY	4
223	CTC	27788
223	CTA	1214
223	CTT	44
223	CTM	2
223	MTC	2
224	AGG	27269
224	AGA	1756
224	CGA	20
224	AGR	3
224	CGG	3
225	ACC	27828
225	ACT	1103
225	ACA	103
225	ACG	8
225	ACY	8
226	CAG	28710
226	CAA	324
226	CAT	15
227	GAG	27981
227	GAA	1068
227	GAR	2
228	TCA	28195
228	TCG	810
228	TCT	26
228	TCC	20
229	GAA	28903
229	GAG	145
230	TGC	28409
230	TGT	641
231	GTT	28318
231	GTC	620
231	ATT	95
231	GTG	6
231	RTT	5
231	GTA	3
231	GCT	2
231	GTY	2
232	TGT	25836
232	TGC	3208
232	TGY	7
233	ATC	28449
233	ATT	561
233	ATA	21
233	GTC	15
233	ATY	4
234	AAT	28705
234	GAT	244
234	AAC	58
234	AGT	39
234	AAA	2
235	GGA	28281
235	GGG	740
235	AGA	13
235	GGT	6
235	AGG	4
235	GGC	3
235	GGR	2
236	ACT	28510
236	ACC	452
236	ATT	45
236	ATC	20
236	TCT	9
236	AYT	4
236	ACA	4
236	ACG	4
236	ACY	2
237	TGT	28824
237	TGC	227
238	ACA	28228
238	GCA	371
238	GCG	196
238	ACG	87
238	ACC	44
238	ACT	40
238	GCT	26
238	TCG	20
238	CCG	11
238	ATA	9
238	CCA	9
238	RCA	2
238	AYA	2
239	GTA	28633
239	GTG	387
239	ATA	18
239	GTT	5
239	TTA	3
239	GTC	3
239	GYA	2
240	GTA	28544
240	GTC	369
240	GTG	85
240	ATA	38
240	GTT	11
240	RTA	2
241	ATG	29000
241	ATA	25
241	CTG	11
241	GTG	7
241	ATR	3
242	ACT	28494
242	ACA	201
242	ACC	195
242	ACG	158
242	ACY	2
243	GAT	28816
243	GAC	232
243	GAY	3
244	GGA	26547
244	GGG	2492
244	GGT	3
244	GGK	2
244	GGR	2
245	AAT	19823
245	AGT	8404
245	AGC	671
245	AAC	104
245	TCC	22
245	ART	8
245	CGT	5
245	GAT	5
245	AAG	2
245	AGA	2
246	GCT	27550
246	GCA	704
246	GCC	522
246	GCG	256
246	ACT	5
246	GTT	4
246	GCW	2
247	ACA	19666
247	TCA	8663
247	TCC	377
247	TCT	238
247	TCG	41
247	ACG	35
247	WCA	7
247	ACT	4
247	ACC	3
247	GCA	3
247	AAA	2
248	GGA	28254
248	GGG	476
248	GGC	264
248	GAA	31
248	GGT	12
248	GGR	8
248	GRA	4
248	AGC	2
249	AAA	26370
249	AAG	1531
249	GAA	316
249	AGA	286
249	ATG	241
249	AGG	194
249	GTG	57
249	ACG	20
249	ATA	8
249	GTT	7
249	RAA	4
249	CAA	4
249	AAR	2
249	AAC	2
249	ATT	2
249	ACA	2
249	ARA	2
250	GCT	28790
250	GCC	229
250	GCA	18
250	ACT	6
250	GCG	3
250	GTT	2
251	GAT	26394
251	GAC	2306
251	GTT	303
251	AAT	18
251	GAA	17
251	GAG	6
251	GTC	2
251	GAY	2
251	RAT	2
252	ACT	28387
252	ACC	468
252	ACG	150
252	ACA	26
252	GCT	5
252	ATT	4
252	RCT	2
252	AGT	2
252	WCT	2
252	ACY	2
253	AAA	27877
253	AGA	1013
253	AAG	110
253	AGG	48
253	AAR	2
254	ATA	28832
254	GTA	208
254	RTA	4
254	GTG	3
254	ATC	2
254	ATT	2
255	CTA	22980
255	TTA	5671
255	ATA	185
255	CTG	128
255	CTT	42
255	TTG	33
255	CTC	7
255	TTR	2
256	TTC	28543
256	TTT	506
256	TTY	2
257	ATT	28663
257	ATA	174
257	GTT	123
257	ATC	77
257	GTC	9
257	ATY	2
258	GAG	27563
258	AGA	767
258	GAA	330
258	AAA	194
258	AAG	140
258	AGG	28
258	GTG	16
258	RAG	7
259	GAG	28463
259	GAA	580
259	GAC	5
259	GGG	2
260	GGG	28661
260	GGA	365
260	GGT	21
260	GGR	3
261	AAA	28495
261	AAG	445
261	AGA	92
261	GAA	10
261	AAR	3
261	GAG	3
262	ATC	27487
262	ATT	1012
262	ATA	449
262	GTC	72
262	GTT	26
262	RTC	2
263	GTT	26894
263	ATT	912
263	GTC	586
263	GTA	435
263	ATA	146
263	ATC	43
263	ATG	12
263	GTG	6
263	RTT	5
263	GTY	3
263	ACA	3
263	GAA	2
264	CAT	28254
264	CAC	547
264	AAT	185
264	CGC	20
264	CGT	16
264	TAT	13
264	AGT	3
264	CAA	3
264	ACT	3
264	MAT	2
264	AAC	2
265	ACT	26935
265	ATT	1882
265	ATC	97
265	ACC	63
265	GTT	21
265	GTC	13
265	ACG	11
265	ATA	11
265	GCT	9
265	AAT	3
265	RCT	2
265	AYT	2
266	AGC	28637
266	AGT	320
266	AGA	67
266	AGG	9
266	GGC	4
266	AGY	4
266	GGT	4
266	ARC	2
267	AAA	21658
267	ACA	5473
267	CCA	811
267	ACG	591
267	CCT	343
267	AAG	30
267	ACT	26
267	AGA	24
267	CAA	19
267	AAC	19
267	CCG	17
267	GAA	10
267	AAT	6
267	ATA	6
267	AMA	6
267	ACC	4
267	CTA	2
268	TTG	28444
268	CTG	378
268	TTA	151
268	CTA	73
268	TTR	2
269	TCA	28542
269	TCC	241
269	ATA	93
269	TTA	63
269	TCT	57
269	TCG	21
269	GCA	12
269	ACA	9
269	GTA	4
269	TYA	3
270	GGA	28518
270	GGG	518
270	GGR	5
270	GRA	3
270	GAA	3
270	RGA	3
271	AGT	28902
271	AGC	72
271	AAT	31
271	GGT	22
271	CGT	9
271	AGA	5
271	ART	3
271	MGT	2
271	ACT	2
271	RGT	2
272	GCT	28260
272	GCC	416
272	GCG	356
272	GCA	7
272	ACT	3
272	GAT	2
272	GCR	2
272	GCY	2
273	CAG	28533
273	CAA	260
273	CGG	221
273	AAG	21
273	CGA	6
273	CTG	5
273	CAT	2
274	CAT	28104
274	CAC	944
274	AAT	2
275	GTC	27279
275	GTG	822
275	GTT	568
275	GTA	197
275	ATA	157
275	ATC	20
275	GTY	2
275	RTC	2
276	GAA	24600
276	GAG	4448
276	GAR	3
277	GAG	27731
277	GAA	1315
277	GAR	3
277	GAW	2
278	TGC	28611
278	TGT	439
279	TCT	22004
279	TCC	6996
279	TCA	31
279	TCY	13
279	TCG	6
280	TGC	27263
280	TGT	1786
280	TGY	2
281	TAT	28150
281	TAC	900
282	CCT	28515
282	CCC	531
282	CCA	3
283	CGA	27868
283	CGG	718
283	AGA	211
283	CAA	168
283	CGC	52
283	CGT	17
283	CGR	4
283	CAG	3
283	AGC	3
283	CRA	3
284	TAT	24632
284	TAC	4269
284	TTT	100
284	CAT	38
284	CAC	6
284	AAT	2
285	CCT	27983
285	CCA	817
285	TCT	168
285	CCC	39
285	TCA	11
285	CTT	10
285	CCG	8
285	YCT	7
285	CMT	2
285	CCY	2
286	GGT	27954
286	GAA	826
286	GAT	74
286	GAC	66
286	AAT	42
286	AGT	22
286	GGC	18
286	AAC	15
286	GGA	12
286	GRT	8
286	GAG	5
286	GAR	3
286	GGG	3
287	GTC	27904
287	GTT	1000
287	ATT	76
287	GTA	51
287	ATC	14
287	GTG	2
288	AGA	28542
288	AGG	490
288	ATA	8
288	AGR	4
288	AAG	3
288	AAA	3
289	TGT	28580
289	TGC	468
289	TGY	3
290	GTC	27123
290	GTT	914
290	GTA	806
290	ATC	195
290	GTY	6
290	GYC	3
290	GCC	2
291	TGC	28598
291	TGT	452
292	AGA	28913
292	AGG	83
292	CGA	42
292	ARA	6
292	AGR	3
292	AAA	2
292	CGG	2
293	GAC	28999
293	GAT	50
294	AAC	27991
294	AAT	1058
295	TGG	29049
296	AAA	27025
296	AAG	1555
296	AGG	351
296	AGA	102
296	ATG	8
296	CGG	3
296	AAT	2
296	AAR	2
296	CAG	2
297	GGA	20349
297	GGC	8364
297	GGT	196
297	GGG	128
297	GGM	7
297	GGR	4
298	TCC	28503
298	TCT	459
298	TCA	84
298	TCG	3
299	AAC	17536
299	AAT	11501
299	AAY	14
300	CGG	24342
300	AGG	3869
300	AGA	723
300	CGA	100
300	CGT	9
300	CGC	3
300	CGR	3
300	MGG	2
301	CCC	28270
301	CCT	646
301	CCA	123
301	CCG	10
302	ATC	22251
302	ATT	4395
302	ATA	1399
302	GTT	516
302	GTG	211
302	GTA	118
302	GTC	109
302	ATY	13
302	ACC	9
302	ATG	7
302	ACT	7
302	RTC	4
302	GCT	3
302	ATM	2
302	ACA	2
302	AYC	2
302	CTC	2
303	GTA	23312
303	ATA	4515
303	CTA	432
303	GTT	415
303	TTA	285
303	CTG	51
303	GTG	26
303	RTA	12
303	GTR	2
304	GAT	28107
304	TAC	482
304	TAT	198
304	CAT	97
304	GAC	89
304	AAC	28
304	AAT	22
304	CAC	19
304	TCC	4
304	TTT	3
305	ATA	29012
305	ATT	22
305	ATC	9
305	RTA	4
305	GTA	4
306	AAC	26884
306	AAT	2112
306	GAC	27
306	GAT	13
306	AAY	4
306	AGT	2
306	ARC	2
306	RAC	2
306	CAC	2
307	ATA	26459
307	GTA	1153
307	ATG	1138
307	GTG	180
307	CTA	80
307	ACA	11
307	ATT	9
307	ATC	8
307	GCG	4
307	ATR	2
307	TTG	2
307	GTT	2
308	AAG	27829
308	GCA	600
308	ACA	183
308	GCT	148
308	AAA	133
308	AGG	47
308	GAA	37
308	GTA	22
308	GAG	15
308	AAT	14
308	GCG	6
308	GTT	4
308	AAR	2
308	CAG	2
308	MAG	2
308	RTA	2
309	GAT	28420
309	GAC	295
309	AAT	202
309	AAC	108
309	RAT	7
309	GGT	7
309	GAG	6
309	GAA	3
309	GAY	3
310	CAT	26930
310	TAT	1910
310	CAC	104
310	TAC	50
310	CGT	40
310	TTT	12
310	YAT	2
311	AGC	28386
311	AGT	399
311	AAT	198
311	AAC	25
311	GGC	15
311	ACT	10
311	ARC	4
311	AGA	4
311	CGC	3
311	GGT	2
312	ATT	28390
312	GTT	283
312	ACT	227
312	ATA	85
312	ATC	60
312	AYT	3
313	GTT	26452
313	GAT	778
313	GTC	761
313	GCT	401
313	GGT	368
313	GAG	94
313	GAA	64
313	ATT	45
313	GAC	41
313	AAT	9
313	GAY	8
313	TTT	7
313	GCC	4
313	GTA	4
313	GTG	3
313	CGT	3
313	TTC	3
313	GTY	2
314	TCC	28546
314	TCT	477
314	TCA	16
314	TCY	5
314	TCM	3
314	CCC	3
315	AGT	25769
315	AGG	1976
315	GGT	499
315	AAT	281
315	CGT	192
315	AGA	141
315	GGC	95
315	GGA	38
315	AGC	30
315	AAC	7
315	GAT	6
315	GGG	6
315	AAG	3
315	AAA	3
315	RGT	2
316	TAT	28983
316	TAC	67
317	GTG	28171
317	GTA	584
317	ATA	184
317	TTG	39
317	GTT	33
317	ATG	24
317	GTC	8
317	RTG	2
317	GTR	2
318	TGT	26929
318	TGC	2121
319	TCA	28111
319	TCT	507
319	TCG	430
319	TCR	3
320	GGA	28031
320	GGG	1004
320	GGT	4
320	GAA	3
320	GGR	2
320	GGC	2
321	CTT	28956
321	CTC	61
321	ATT	26
321	CTA	2
321	YTT	2
321	TTT	2
322	GTT	29006
322	GTC	21
322	GTG	10
322	GTA	4
322	ATT	2
322	CTT	2
322	RTT	2
322	TTG	2
323	GGA	27972
323	GGC	523
323	GGT	381
323	GGG	170
323	GGM	3
323	GGR	2
324	GAC	28987
324	GAT	64
325	ACA	28773
325	ACG	213
325	ACC	41
325	ACT	19
325	ACM	2
325	AYA	2
326	CCC	27966
326	CCA	993
326	CCT	88
326	CCY	2
327	AGA	28768
327	AGG	254
327	CGA	26
327	AGR	3
328	AAA	27984
328	AAT	707
328	AAC	150
328	AGT	121
328	GAT	28
328	AAG	18
328	AGA	17
328	AGC	6
328	GAA	5
328	AAR	3
328	CAA	3
328	GAC	3
329	AAC	13548
329	AGC	9758
329	ACC	4280
329	GAC	750
329	GAT	348
329	AAT	96
329	AAA	68
329	AGT	63
329	CCC	24
329	GGC	21
329	AGA	19
329	ACT	14
329	ARC	11
329	ATC	9
329	GAA	7
329	ACA	5
329	AMC	5
329	GAG	5
329	GAY	4
329	CAC	2
329	GCC	2
329	GGT	2
329	ACG	2
329	TCC	2
330	GAC	28369
330	GAT	677
330	GAY	3
330	AAC	2
331	AGC	27207
331	AGA	1056
331	GTA	199
331	ACT	125
331	AGT	107
331	AAA	95
331	GGC	88
331	ATC	68
331	AAC	43
331	CGC	23
331	GCT	7
331	AGM	7
331	GGT	4
331	AGG	3
331	ATA	3
331	GGG	3
331	AGY	2
331	GCA	2
331	ACC	2
331	GTC	2
331	RGC	2
332	TCC	27840
332	TCT	542
332	TTC	463
332	GTC	104
332	TCA	59
332	TTT	11
332	CTC	10
332	TAC	7
332	ACC	4
332	GCC	4
332	TCG	3
333	AGC	28582
333	AGT	454
333	GGC	14
334	AGT	23676
334	AGC	4788
334	CGT	289
334	AAT	193
334	AAC	65
334	ATT	12
334	AGA	10
334	AGY	5
334	AGG	4
334	ACT	3
334	CAT	2
334	GGT	2
335	AGC	26718
335	AGT	1680
335	GGC	637
335	GGT	7
335	ARC	4
335	AGY	2
335	GGA	2
336	CAT	27492
336	AAT	802
336	AAC	556
336	TAT	125
336	CAC	47
336	CGT	12
336	CAA	5
336	GAC	3
336	AGT	3
336	TCT	2
337	TGT	23334
337	TGC	5716
338	TTG	26043
338	TCG	786
338	CTA	519
338	AAG	367
338	AGA	340
338	TTT	316
338	AGG	267
338	CTG	239
338	TTA	55
338	CGG	26
338	ATA	24
338	AAA	20
338	TAT	19
338	TCA	8
338	TGG	6
338	TYG	5
338	GTG	4
338	TTR	2
338	AAT	2
339	AAT	14835
339	GAT	11526
339	AAC	2230
339	GAC	374
339	GGT	29
339	TAT	16
339	RAT	10
339	AAG	10
339	AAA	6
339	GAG	5
339	AGT	5
339	ACT	2
340	CCT	28833
340	CCC	166
340	CCA	37
340	CYT	5
340	CCG	4
340	CCY	3
340	TCT	2
341	AAC	28155
341	AAT	890
341	AAY	6
342	AAT	28450
342	AAC	392
342	AAA	110
342	GAT	71
342	GAA	9
342	TAT	5
342	AAY	4
342	AGT	3
342	ART	2
342	AAG	2
343	GAA	27428
343	GAG	1619
343	GAR	2
343	RAA	2
344	GAA	21257
344	AAA	6705
344	AGA	926
344	AGG	79
344	GAG	33
344	AAG	22
344	CGA	5
344	ATA	4
344	RAA	3
344	ACA	2
344	GTA	2
344	GAT	2
344	GAR	2
344	AGT	2
345	GGT	27775
345	GGG	806
345	GGA	430
345	GGC	37
345	GGY	2
346	GGT	25931
346	GTT	859
346	GAT	814
346	GCT	326
346	GGC	303
346	AGT	240
346	GCC	164
346	AAC	122
346	GAG	93
346	AAT	76
346	GGA	61
346	GCA	12
346	ACT	9
346	GGG	9
346	AGC	8
346	GRT	7
346	RGT	4
346	ACC	3
346	ATT	2
346	GAC	2
347	CAT	27941
347	CCA	892
347	CAC	55
347	CCC	48
347	TCA	40
347	CGT	17
347	CAA	16
347	AAT	15
347	CCG	7
347	CAY	4
347	CAG	3
347	CCT	3
347	CRT	3
347	CCY	2
347	CAK	2
348	GGA	27812
348	GGG	1202
348	GGT	33
348	GGC	2
349	GTG	28378
349	GTA	562
349	GTT	100
349	GTR	5
349	RTG	2
350	AAA	28981
350	AAG	64
350	AAR	6
351	GGC	27826
351	GGG	870
351	GGT	219
351	GGA	132
351	GGR	2
352	TGG	29051
353	GCC	28498
353	GCG	268
353	GCA	200
353	GCT	78
353	GCM	3
354	TTT	28965
354	TTC	83
354	YTT	2
355	GAT	28008
355	GAC	1038
355	GAA	2
356	GAT	25757
356	GAA	2317
356	AGT	391
356	AAT	364
356	GAC	123
356	TAT	54
356	GCT	25
356	GAG	7
356	AAC	5
356	TGT	3
356	TAC	3
357	GGA	28526
357	GGG	444
357	GAA	52
357	GGT	8
357	AGA	7
357	GAT	6
357	GGR	4
357	GRA	2
358	AAT	28246
358	GAT	494
358	AAA	98
358	AGT	73
358	ACT	70
358	AAC	37
358	GAC	17
358	AAG	6
358	RAT	3
358	CAT	2
358	AWT	2
359	GAC	27895
359	GAT	1137
359	AAC	11
359	GAY	3
359	RAC	2
360	GTG	27217
360	GTT	639
360	GTA	636
360	ATT	213
360	TTG	175
360	ATC	133
360	ATG	9
360	GCG	8
360	GTC	7
360	ATA	5
360	CTG	3
360	GTR	2
360	RTG	2
361	TGG	29050
362	ATG	29032
362	GTG	5
362	RTG	4
362	ATA	3
362	CTG	2
362	ATR	2
363	GGG	21295
363	GGA	7699
363	GGT	35
363	GGC	14
363	GGR	7
364	AGA	28655
364	AGG	214
364	CGG	152
364	CGA	26
364	AGR	2
365	ACA	26149
365	ACG	2636
365	ACT	256
365	ACC	6
365	ACR	2
366	ATC	28568
366	ATT	376
366	ATA	92
366	GTC	5
366	ACC	3
366	ATM	2
366	RTC	2
367	AAC	26150
367	AGC	1768
367	AAA	458
367	GAA	355
367	AAT	201
367	AGT	72
367	AAG	18
367	GAC	8
367	GGA	6
367	AAY	4
367	CAC	3
367	GGC	3
367	AGA	2
368	GAG	27719
368	AAG	764
368	GAA	185
368	AAA	161
368	AAT	146
368	GAT	16
368	AGG	15
368	RAG	10
368	AGT	7
368	CAT	6
368	GTG	5
368	AGA	4
368	GGG	2
368	GAK	2
368	ACA	2
368	GAR	2
368	GRG	2
369	ACG	26055
369	AAG	1571
369	GAT	527
369	GAC	335
369	ACA	237
369	GGT	144
369	AAA	95
369	GAG	39
369	ACT	20
369	GCG	6
369	AAT	5
369	ACR	4
369	AGA	2
369	AAR	2
369	AMG	2
369	AGG	2
370	TCA	27699
370	TCG	767
370	TTA	486
370	TCT	47
370	TTG	15
370	TTT	13
370	TTC	6
370	ACG	5
370	ACA	5
370	TCC	2
370	GCA	2
371	CGC	27845
371	CGT	938
371	CGA	205
371	CGG	33
371	AGA	23
371	CGY	4
372	TTA	27282
372	TCA	1056
372	GCA	275
372	TTG	134
372	TTT	99
372	TCG	60
372	CTA	54
372	ACA	27
372	GCG	14
372	TTR	11
372	GAA	8
372	GAC	8
372	YTA	7
372	TCT	4
372	GTA	3
372	TCC	3
372	TTC	2
373	GGG	26790
373	GGT	1301
373	GGA	484
373	GGC	469
373	GGR	5
374	TAT	28959
374	TAC	81
374	TTT	7
375	GAA	28411
375	GAG	635
375	GAR	4
376	ACC	27851
376	ACT	1125
376	ACA	63
376	ATC	5
376	ACG	5
377	TTC	28534
377	TTT	493
377	CTC	15
377	YTC	3
377	TTA	2
377	TTM	2
378	AAA	27826
378	AGG	867
378	AAG	216
378	AGA	132
378	CGG	3
378	ATG	3
378	ARA	2
379	GTC	27916
379	GTT	1100
379	GTA	28
379	RTC	2
380	GTT	21084
380	ATT	7231
380	GTC	310
380	ATC	305
380	ATA	68
380	TTT	10
380	GTG	10
380	ACC	9
380	RTT	7
380	CTT	6
380	ACT	5
380	GTA	3
381	GAA	27475
381	GGT	371
381	GAT	371
381	AAA	338
381	AAT	165
381	GGA	104
381	AAC	66
381	GGC	61
381	GAG	47
381	GAC	16
381	GGG	14
381	GGK	5
381	GAR	4
381	CAA	3
381	AGT	2
381	GCA	2
381	AAG	2
382	GGC	27594
382	GGT	1041
382	GGA	401
382	GGG	12
383	TGG	29041
383	TTG	7
384	TCC	27737
384	ACC	472
384	AAC	344
384	TCT	188
384	ACA	70
384	TCA	66
384	TTC	50
384	GCT	35
384	ACT	34
384	TAC	14
384	GCC	10
384	ATC	8
384	GTC	5
384	TYC	4
384	AGC	4
384	AAT	2
384	ATA	2
384	TCG	2
385	AAC	26615
385	AAT	648
385	AAA	541
385	ACT	237
385	ATT	185
385	GAA	176
385	ATG	150
385	GTG	146
385	ACA	102
385	TTG	90
385	ACG	44
385	GCA	21
385	ATA	17
385	GCG	16
385	AGC	15
385	CAA	9
385	AAY	5
385	CTG	5
385	GAC	4
385	GTT	4
385	CTA	3
385	AGA	2
385	ACC	2
385	GAT	2
385	GTA	2
386	CCT	17492
386	TCT	7701
386	CCC	2540
386	GCT	1042
386	CAT	122
386	CCA	43
386	GCC	38
386	TCC	19
386	CCG	16
386	YCT	7
386	ACC	7
386	CCY	6
386	TCG	4
386	YCY	3
386	TTT	2
386	TYT	2
387	AAG	26927
387	AAT	1108
387	AAC	900
387	AAA	83
387	AGG	11
387	GAG	9
387	AAR	5
387	ACG	2
387	AAY	2
388	TCC	28811
388	TCA	194
388	TCT	34
388	GCC	3
388	TCM	2
388	CCC	2
389	AAA	28154
389	AAG	892
390	TTG	26708
390	TCA	694
390	CTG	632
390	TTA	602
390	ACA	154
390	TCG	142
390	TCT	56
390	ATG	27
390	TTT	13
390	GTG	5
390	ACG	4
390	ATA	3
390	CTA	3
390	TCC	3
390	TGG	2
391	CAG	28925
391	CAA	101
391	AAG	8
391	CGG	7
391	CCG	3
391	CAT	3
391	CTG	2
392	ATA	26083
392	ACA	2193
392	ATG	334
392	TCA	172
392	GTA	78
392	ATC	54
392	ACC	46
392	GTC	39
392	GTG	10
392	GCA	9
392	ACT	7
392	ACG	6
392	AAA	4
392	AYA	4
392	ATM	3
392	AWA	2
392	ATR	2
393	AAT	28658
393	AGT	224
393	AAC	138
393	CAT	7
393	GAT	7
393	AAY	4
393	AGC	3
393	AAG	2
393	ART	2
393	AGY	2
394	AGG	28381
394	AGA	605
394	AAG	54
394	CGG	3
394	GGG	2
394	ARG	2
395	CAA	28466
395	CAG	578
395	CAR	6
396	GTC	28354
396	GTT	480
396	ATC	97
396	GCC	51
396	GTA	48
396	ATT	11
396	GTM	4
396	RTC	3
397	ATA	28915
397	TTA	92
397	ATG	19
397	GTA	11
397	ATT	6
397	ATR	3
397	ATC	2
398	GTT	28828
398	ATT	138
398	GTC	42
398	GTG	23
398	GTA	11
398	RTT	5
399	GAC	27475
399	GAA	556
399	GAT	360
399	GGC	257
399	GGT	232
399	AAC	147
399	GGA	5
399	GAG	3
399	GCC	2
399	GAY	2
399	GRT	2
399	RAC	2
399	AAA	2
400	AGA	27332
400	AGT	743
400	AAA	485
400	AAT	163
400	AGG	138
400	AGC	69
400	GGT	47
400	GGA	18
400	AAC	12
400	AGR	12
400	AGW	9
400	ATA	6
400	CGT	5
400	ATC	4
400	ARA	3
400	GGG	3
401	GGT	27804
401	GAT	491
401	GAC	276
401	AGT	225
401	AAT	113
401	GGG	38
401	GGC	37
401	AAC	23
401	GAA	9
401	AAG	6
401	GRT	6
401	GCT	4
401	AGC	4
401	GGY	3
401	AAA	3
401	AGA	2
401	GTT	2
401	RGT	2
402	GAT	25482
402	AAT	2379
402	AAC	882
402	GAC	215
402	GGC	32
402	CAC	23
402	AAA	22
402	GAA	4
402	GGT	4
402	AGC	3
402	RAT	2
403	AGG	27972
403	TGG	365
403	AGA	282
403	TCG	151
403	CCG	132
403	TCA	49
403	ATG	40
403	CGG	28
403	AAG	13
403	CCA	7
403	GGG	4
403	TTG	2
404	TCC	27855
404	TCT	1133
404	TCA	43
404	TCG	10
404	ACC	6
404	TCY	2
405	GGT	28186
405	GGG	588
405	GGC	258
405	GGA	16
405	GGY	2
406	TAT	28924
406	TAC	123
406	TAY	2
407	TCT	28752
407	TCC	248
407	TCA	31
407	TCG	14
407	TCW	3
408	GGT	28276
408	GGC	749
408	GGA	8
408	GGY	7
408	GRT	5
408	GGG	4
409	ATT	28436
409	ATA	321
409	ATC	233
409	GTT	41
409	ATG	10
409	RTT	3
409	CTT	2
409	GTA	2
409	ATY	2
410	TTC	28915
410	TTT	134
411	TCT	28092
411	TCC	944
411	TCA	5
411	TCM	3
411	ACC	2
412	GTT	28737
412	ATT	243
412	GTC	44
412	GTA	9
412	GCT	7
412	GTG	4
412	RTT	2
412	TTT	2
413	GAA	28873
413	GAG	157
413	GAC	13
413	GAT	5
414	GGC	28059
414	GGT	437
414	AGC	342
414	GGA	60
414	AGT	40
414	AAC	38
414	GAC	35
414	GGG	12
414	CAC	5
414	GRC	4
414	CAT	4
414	GGY	3
414	AGA	2
414	RGC	2
414	GGM	2
414	GAT	2
415	AAA	28550
415	AAG	434
415	AGA	34
415	AAT	16
415	GAA	8
415	ARA	3
416	AGC	27769
416	AAC	546
416	ACC	289
416	AAT	133
416	GAA	62
416	GGC	53
416	AAA	53
416	AGT	49
416	ACA	35
416	ATA	11
416	TCC	11
416	ACT	10
416	ATC	5
416	AGG	3
416	AAG	3
416	ATG	3
416	AGA	3
416	ACY	2
416	GAC	2
416	ARC	2
417	TGC	28658
417	TGT	392
418	ATC	28091
418	ATA	854
418	ATT	71
418	ACC	11
418	GTT	6
418	GTC	5
418	AYC	4
418	ATY	4
418	ATM	2
419	AAT	27899
419	AAC	1146
419	AAY	4
420	CGG	27457
420	AGG	1345
420	CGA	136
420	AGA	99
420	CGT	5
420	CGR	2
420	CAG	2
420	MGG	2
421	TGC	27777
421	TGT	1271
421	TGY	2
422	TTT	28965
422	TTC	83
423	TAT	28985
423	TAC	62
423	TTT	2
424	GTG	28187
424	GTA	836
424	GTT	12
424	GTR	10
424	TTG	4
425	GAG	28808
425	GAA	240
425	GAR	2
426	TTG	28072
426	CTG	339
426	TTA	319
426	CTA	311
426	YTG	7
427	ATT	26057
427	ATA	2824
427	ATC	157
427	GTT	6
427	RTT	2
427	ACA	2
428	AGG	27822
428	AGA	1206
428	CGA	15
428	CGG	6
429	GGA	28204
429	GGG	843
429	GGT	3
430	AGA	27692
430	AGG	998
430	CGA	280
430	AGT	24
430	AAA	21
430	MGA	6
430	GGG	6
430	AGC	6
430	ATA	5
430	AAG	4
430	ARA	3
430	GGA	2
431	AAA	27960
431	CCA	886
431	CCG	74
431	AAG	44
431	GAA	19
431	CCT	17
431	AGA	14
431	CCC	14
431	AAC	4
431	CAA	4
431	AAR	4
431	RAA	3
431	AAT	2
432	GAG	27677
432	CAG	809
432	AAG	352
432	GAA	68
432	CAA	64
432	GAT	23
432	AAA	18
432	CGG	17
432	GAR	6
432	RAG	4
432	CTG	3
432	GGG	3
432	GCG	2
432	SAG	2
433	GAA	27939
433	GAG	1069
433	RAA	29
433	AAA	9
433	GAR	3
434	ACT	27772
434	ACC	601
434	AAT	177
434	CCT	169
434	CCC	156
434	GCT	108
434	ATT	27
434	ACA	16
434	AGT	7
434	GCC	5
434	ACG	4
434	AMT	4
434	AYT	3
435	GAA	27259
435	AGA	937
435	AAA	572
435	GCA	94
435	AGG	76
435	GAC	38
435	GGA	32
435	GAG	20
435	GAT	9
435	GRA	3
435	CGA	3
435	RAA	2
435	GAR	2
436	GTC	27591
436	GTG	688
436	GTA	410
436	GTT	340
436	GCC	7
436	ATC	4
436	GTM	3
436	GTY	2
436	GTR	2
436	GTK	2
437	TTG	27157
437	TGG	1609
437	TTA	211
437	CTG	50
437	TCG	5
437	ATG	4
437	TTT	4
437	GGG	3
437	CCG	3
438	TGG	29049
439	ACC	28364
439	ACT	573
439	ACA	104
439	TCC	2
440	TCA	28965
440	TCG	72
440	TCT	6
440	TCC	3
440	TCM	2
441	AAC	28103
441	AAT	922
441	AGC	14
441	AGT	9
442	AGT	28451
442	AGC	597
443	ATT	28251
443	ATC	684
443	GTT	98
443	CTT	9
443	ATA	7
444	GTT	28019
444	ATT	907
444	GTC	88
444	GCT	14
444	GTA	8
444	RTT	6
444	GTG	3
444	ATC	3
444	GTK	2
445	GTG	27997
445	GTA	957
445	GCG	43
445	GTT	34
445	ATG	4
445	GTR	4
445	GCA	4
445	GYG	3
445	RTG	2
446	TTT	28560
446	TTC	472
446	CTT	8
446	CTC	3
446	YTT	2
446	TTA	2
447	TGT	29021
447	TGC	26
447	TGK	2
448	GGC	27826
448	GGA	560
448	GGG	454
448	GGT	198
448	AGC	6
448	GGY	3
449	ACC	26984
449	ACT	1984
449	ACA	62
449	ACG	12
449	ACY	5
449	ACM	2
450	TCA	28655
450	TCG	171
450	TCT	147
450	ACA	51
450	CCA	15
450	TCC	2
450	WCA	2
451	GGT	28931
451	GGC	82
451	GGG	29
451	AGT	5
451	GGA	2
452	ACA	27778
452	ACT	468
452	ACG	419
452	ACC	379
453	TAT	29018
453	TAC	29
454	GGA	28989
454	GGG	42
454	GGC	7
454	GGT	3
455	ACA	28919
455	TCA	97
455	GCA	20
455	ACG	5
456	GGC	29042
457	TCA	28998
457	TCG	20
457	CCA	8
457	ACA	6
457	TTA	4
457	TCT	2
457	YCA	2
458	TGG	29039
459	CCT	29039
459	CCC	2
460	GAT	29037
460	GAC	4
461	GGG	27987
461	GGA	797
461	GGT	255
461	GGR	2
462	GCG	28243
462	GCA	645
462	GCT	134
462	ACG	9
462	GCR	4
462	GCC	3
462	RCG	2
463	GAC	26674
463	AAT	850
463	GAT	775
463	AAC	715
463	GAA	17
463	GAY	3
463	RAC	2
463	GAG	2
463	GGC	2
464	CTC	26153
464	ATC	2788
464	CTT	33
464	ATA	20
464	ATT	17
464	GTC	10
464	TTC	8
464	YTC	3
464	CTA	2
465	AAT	28348
465	AGT	300
465	AAC	285
465	ACT	24
465	GAT	23
465	GAC	19
465	AAA	16
465	ATT	3
465	AAG	3
465	RAT	2
466	CTC	27593
466	TTC	1271
466	CTA	64
466	CTT	37
466	TTT	20
466	CAC	17
466	ATC	8
466	CTY	4
466	CCC	2
467	ATG	28954
467	GTG	23
467	AAG	20
467	ATA	8
467	ACG	7
467	TTG	2
468	CAT	17382
468	CCT	10173
468	CTT	1117
468	TCT	179
468	CCA	70
468	TAT	21
468	CGT	16
468	CAC	9
468	CCG	8
468	ATT	7
468	CMT	4
468	CCC	3
468	AAT	3
468	CYT	2
469	ATA	27981
469	ACA	528
469	GTA	423
469	ATG	50
469	TTA	7
469	ATN	2
469	ATT	2
469	GCA	2
469	NNN	2
470	TAA	28798
470	TGA	182
470	TAG	11
470	TRA	3

#HK4801|NEP
1	ATG	42607
2	GAT	26763
2	GAA	12806
2	GAC	2840
2	GAG	137
2	AAT	25
2	RAT	13
2	RAA	10
2	GAY	5
2	GAR	2
3	TCC	41455
3	TCT	751
3	TCA	113
3	CCC	109
3	CCA	86
3	TTC	47
3	CCT	20
3	TCY	10
3	TCM	5
3	TYC	4
3	TAC	3
3	YCC	2
4	AAC	41401
4	AAT	1137
4	CAC	35
4	AAA	16
4	AAM	7
4	AGC	4
4	ACC	2
4	ATC	2
5	ACT	27961
5	ACC	14492
5	ACG	82
5	ACA	69
6	GTG	27492
6	ATG	14709
6	ATA	120
6	GTA	110
6	ACG	78
6	GTT	56
6	ATT	17
6	TTG	8
6	GCG	5
6	GAG	2
6	RTG	2
6	CTG	2
7	TCA	42343
7	ACC	85
7	TTA	68
7	TCG	33
7	TCT	30
7	ACA	29
7	TYA	6
7	TCC	5
7	GCA	4
7	TTG	2
7	CCA	2
8	AGT	24462
8	AGC	18044
8	TCG	82
8	AGY	4
8	TCA	3
8	GGT	3
8	ACC	3
8	ART	2
9	TTC	24526
9	TTT	18076
9	TTY	2
10	CAG	42600
10	AAG	5
11	GAC	42555
11	GGC	19
11	GAT	10
11	RAC	9
11	GAA	4
11	GRC	3
11	AAC	3
11	GCC	2
12	ATA	42424
12	ATT	83
12	ACA	83
12	GTT	4
12	ATR	3
12	CTA	3
12	ATG	3
12	ATC	2
13	CTA	25042
13	CTT	14387
13	CTG	2721
13	CTC	406
13	ATA	13
13	ATT	9
13	ATG	8
13	CTR	5
13	CAA	3
13	TTG	3
13	MTA	3
13	CTY	2
13	MTT	2
14	TTG	23801
14	ATG	16507
14	ACA	712
14	GTG	655
14	GCG	312
14	ACG	228
14	GGG	134
14	CTG	113
14	CAG	87
14	ATA	21
14	TTA	10
14	AAG	8
14	TCG	5
14	GAG	4
14	ATR	4
15	AGG	42559
15	AGA	46
16	ATG	42591
16	ATA	6
16	ATT	4
16	ATR	4
17	TCA	42590
17	TTA	6
17	TCC	5
17	TYA	3
18	AAA	42501
18	AGA	56
18	AAG	43
18	AAM	2
19	ATG	42506
19	TTG	56
19	ATA	11
19	CTG	9
19	WTG	6
19	RTG	4
19	ATT	4
19	ATR	4
19	GTG	3
20	CAA	27312
20	CAG	15121
20	CGA	126
20	CGG	16
20	CAR	14
20	CAT	9
20	CAC	6
20	CRA	2
21	TTG	42599
21	TTR	3
21	TTA	2
21	CTG	2
22	GGG	40164
22	GCG	1022
22	AGA	491
22	GAG	240
22	GGA	231
22	AGG	197
22	GAA	89
22	GCA	79
22	GTG	22
22	AAA	20
22	GRG	13
22	RGG	11
22	ATG	9
22	GGR	8
22	ACG	4
22	GGT	3
22	GMG	2
23	TCC	42467
23	TTC	60
23	TAC	27
23	CCC	25
23	TYC	12
23	TCA	8
23	TCM	4
23	TCT	2
24	TCA	42435
24	TCG	159
24	TTA	8
24	TYA	2
25	TCG	42513
25	TCR	26
25	TTG	25
25	TCA	21
25	CCG	13
25	TYG	7
26	GAG	42152
26	GGG	327
26	GTG	96
26	AAG	13
26	GRG	8
26	GMG	4
26	GCG	3
26	RAG	3
27	GAC	40417
27	GAT	895
27	GGC	859
27	GCC	402
27	GGT	12
27	GAA	7
27	GRC	6
27	AAC	3
27	GAY	2
28	TTG	42591
28	TTA	10
28	TGG	2
29	AAT	28503
29	AGT	14088
29	CAT	3
29	ATT	2
29	AGG	2
29	AAG	2
30	GGA	42600
30	GTA	5
31	ATG	42533
31	ATA	56
31	ATR	9
31	GTG	5
31	ATT	3
32	ATA	27015
32	GTA	15571
32	ACA	8
32	RTA	8
32	AYA	2
33	ACA	42478
33	ACT	91
33	AYA	17
33	ACG	12
33	ATA	5
34	CAG	27285
34	CGG	15024
34	CAA	191
34	CGA	52
34	AAG	18
34	CAR	6
34	CRG	6
34	YAG	5
34	CGR	4
34	AGG	3
34	CTG	3
34	TAG	2
34	CWG	2
34	YGG	2
35	TTC	42386
35	TTA	213
35	CTC	3
36	GAG	41233
36	GGG	644
36	AAG	414
36	GGA	200
36	GAA	62
36	AGA	14
36	RAG	14
36	GRG	6
36	GAR	4
36	AGG	4
36	AAA	3
36	GTG	2
37	TCT	41600
37	GCT	755
37	TCA	139
37	CGT	84
37	TAT	10
37	TCC	3
37	CAT	3
37	TYT	3
37	TCW	2
37	TTT	2
38	CTA	23811
38	CTG	18792
39	AAA	41914
39	AGA	427
39	AAG	255
39	AAC	2
39	TAT	2
39	ARA	2
40	ATC	24494
40	ATA	14897
40	CTC	1876
40	CTA	756
40	TTA	325
40	GTC	95
40	TTG	50
40	CTT	47
40	ATT	25
40	CTG	17
40	TTC	9
40	GTA	2
40	ATG	2
40	GTG	2
41	TAC	42602
41	TRC	2
42	AGA	42563
42	AAA	26
42	AGG	5
42	ATA	4
42	ARA	3
43	GAT	42584
43	AAT	8
43	RAT	4
43	GAG	3
43	GGT	2
44	TCG	42291
44	TCA	152
44	TTG	105
44	ACG	33
44	TYG	6
44	TCR	6
44	TCT	6
44	ATG	5
45	CTT	42596
45	YTT	2
45	TTT	2
46	GGA	42187
46	GGG	397
46	GRA	8
46	GGR	4
46	RGA	3
46	KGA	2
46	GGT	2
47	GAA	42354
47	GAG	155
47	AAA	67
47	GGA	12
47	GRA	4
47	RAA	3
47	GAR	3
47	GAC	3
47	GAT	2
48	GCA	26280
48	GCT	14227
48	ACC	764
48	ACT	613
48	ACA	285
48	GCG	213
48	TCC	92
48	GAA	31
48	TCA	23
48	GAT	15
48	GCC	15
48	GTA	14
48	TCT	11
48	RCT	4
48	AGC	3
48	GCW	2
48	KCA	2
48	RCA	2
49	GTA	23419
49	GTG	16258
49	GTC	1885
49	GCG	686
49	TTG	99
49	TTA	74
49	ATG	52
49	ACC	39
49	ATA	25
49	GCA	18
49	GTR	11
49	CTA	10
49	GTT	8
49	RTA	6
49	TTC	4
49	ACT	4
49	GYA	2
49	ACA	2
50	ATG	42589
50	ATA	12
51	AGA	39071
51	AGG	3527
51	AGR	4
52	ATG	41402
52	GTG	824
52	ATA	143
52	ACG	84
52	TTG	74
52	CTG	37
52	GTA	10
52	ATT	9
52	ATR	6
52	RTG	5
52	AGG	3
52	AAG	2
52	GCG	2
53	GGG	24209
53	GGA	18168
53	AGA	216
53	GGC	4
53	AGG	3
53	GGT	2
53	RGA	2
54	GAC	41872
54	GAT	512
54	GAA	161
54	AAC	46
54	RAC	4
54	GAY	3
54	GAM	2
55	CTC	25812
55	CTT	15493
55	TTC	1134
55	CTA	66
55	TTT	46
55	ATC	36
55	YTC	5
55	ATT	3
55	CTY	2
55	TTA	2
55	GTT	2
56	CAC	42213
56	CAT	310
56	TAC	70
56	CAY	6
56	CAA	2
57	TTA	23102
57	TAC	15486
57	TCC	2310
57	TCT	679
57	CTA	536
57	TCA	215
57	TTG	122
57	TAT	75
57	TTT	18
57	CAC	14
57	ACT	11
57	YTA	6
57	YAC	5
57	TAY	5
57	TTC	5
57	TGC	3
57	TTR	2
57	ATA	2
57	TCM	2
57	TYA	2
58	CTC	41792
58	CTA	499
58	CTT	242
58	TTC	44
58	CTY	20
58	YTC	4
59	CAA	26747
59	CAG	15768
59	CAC	73
59	CTA	8
59	CAR	2
59	CGT	2
60	AAC	23904
60	AGC	15889
60	ATC	1124
60	AGT	746
60	AAT	320
60	GAC	224
60	ACC	162
60	AGA	41
60	CTC	39
60	CAC	38
60	CAT	38
60	ACT	18
60	CGT	18
60	AAA	10
60	AMC	6
60	ARC	5
60	GGC	5
60	ATT	5
60	AKC	2
60	GAT	2
60	TGC	2
60	GCT	2
61	AGA	42024
61	AGG	529
61	CGA	45
61	ARA	3
62	AAC	26444
62	AAT	16078
62	ACC	75
62	AAY	5
63	GGG	24741
63	GAG	12892
63	GAA	2469
63	GGA	2313
63	GCT	83
63	GGT	42
63	AGG	22
63	RGG	8
63	GCC	5
63	GTG	4
63	TGG	4
63	GRG	4
63	GAR	3
63	AAA	2
63	GRK	2
63	KGG	2
63	GGR	2
64	AAA	26326
64	AAG	15428
64	AAC	512
64	ACA	87
64	GAG	79
64	AGA	56
64	AGG	35
64	AAT	28
64	GAA	18
64	ARA	12
64	ACG	10
64	AAR	6
64	CAT	3
64	ARG	2
65	TGG	42599
65	GGG	2
66	CGA	26348
66	CGG	13355
66	AGA	1439
66	CGT	1402
66	AGG	42
66	CGC	8
66	CGR	6
66	MGG	2
67	GAA	39584
67	GAG	2478
67	AAA	398
67	GGA	66
67	GAC	51
67	GCA	5
67	AAG	4
67	GRA	3
67	GAT	3
67	GGC	3
67	GTG	3
67	GAR	3
67	RAA	2
68	CAG	24383
68	CAA	18104
68	GAG	85
68	CAT	7
68	AAA	5
68	GAA	3
68	CAR	3
68	CTG	3
68	CGG	3
68	CAC	2
68	CGA	2
69	CTA	23720
69	TTG	17260
69	TTA	1306
69	CTG	287
69	CTC	17
69	TTR	6
69	GTG	2
69	ATG	2
70	GGT	23980
70	GGA	15421
70	AGT	1855
70	AGC	984
70	GGG	171
70	GGC	153
70	TGT	20
70	RGT	6
70	GGY	5
70	GTA	2
70	GAA	2
71	CAG	42106
71	CAA	449
71	CGG	17
71	CTG	9
71	CAT	8
71	CAR	6
71	AAG	5
71	CWG	2
72	AAG	26617
72	AAA	15799
72	AGG	122
72	AGA	58
72	AAR	4
73	TTT	41842
73	TTC	760
74	GAA	26600
74	GAG	15969
74	GTG	14
74	GGG	9
74	GAC	5
74	GAT	4
75	GAG	23980
75	GAA	18615
75	GAR	3
75	AAA	2
76	ATA	42332
76	ATC	92
76	CTA	75
76	GTA	66
76	ATG	21
76	ACA	6
76	RTA	3
76	ATT	3
76	GTG	2
76	TTA	2
77	AGA	27028
77	AGG	15482
77	AAA	62
77	AAG	22
77	AGR	6
77	AGT	2
78	TGG	42604
79	CTA	23678
79	TTA	15374
79	CTG	2366
79	TTG	979
79	CTC	166
79	ATG	14
79	CTT	10
79	YTA	7
79	CTR	2
79	TCA	2
79	TTR	2
80	ATT	42444
80	ATC	117
80	ACT	12
80	ATA	11
80	GTT	8
80	ATY	4
80	GTC	4
80	RTT	3
81	GAA	42186
81	GGA	225
81	GAG	89
81	GCA	49
81	GCT	31
81	GCC	8
81	GAC	5
81	GRA	3
81	GGT	3
81	RAA	2
82	GAG	21779
82	GAA	20790
82	GAT	10
82	GGA	9
82	GAR	7
82	GAC	3
82	AAA	2
82	GRG	2
83	GTG	24974
83	ATA	13546
83	GTA	2386
83	ATG	1561
83	TGC	69
83	TGT	19
83	ACA	18
83	GTT	8
83	TTA	5
83	GTR	5
83	RTG	3
83	GTK	3
83	CTG	2
84	AGA	24136
84	CGA	12636
84	CGG	5675
84	AGG	144
84	CGR	5
84	AGR	4
85	CAC	39432
85	CAT	2885
85	CAA	98
85	AAC	77
85	CTT	32
85	AAT	24
85	TAC	20
85	TAT	18
85	AGC	6
85	CAG	3
86	AGA	40891
86	AGG	1344
86	AAA	229
86	ATA	88
86	AAG	30
86	CGA	11
86	AGR	4
86	GTA	2
86	CGG	2
87	TTG	20992
87	TTA	20946
87	CTG	439
87	CTA	213
87	TTR	3
87	YTG	3
87	GTA	3
87	ATA	3
88	AGA	23792
88	AAA	16802
88	AAG	1869
88	AGG	39
88	ACA	38
88	ACT	34
88	ACC	15
88	ATA	5
88	AAR	2
88	ARA	2
89	ACA	23864
89	GCG	13739
89	ATT	2710
89	ACG	860
89	GCA	690
89	GTG	185
89	ATC	73
89	GTT	73
89	GTA	72
89	AAG	67
89	ATA	60
89	GAG	50
89	GTC	36
89	GCT	20
89	ACT	20
89	AYT	18
89	AAA	17
89	ATG	14
89	GCR	5
89	TCG	5
89	AGT	4
89	AGA	3
89	GYG	3
89	GAA	3
89	CTT	2
89	AAT	2
89	TTA	2
89	AGG	2
90	ACT	24049
90	ACA	18107
90	ACG	378
90	ACC	62
90	GCA	3
90	ACW	2
90	GCT	2
91	GAA	25225
91	GAG	17368
91	GGA	4
91	GAR	3
92	AAT	40048
92	AAC	2386
92	AGT	139
92	AGC	15
92	ACT	5
92	ACC	4
92	AAY	2
92	ART	2
92	GAT	2
93	AGC	26003
93	AGT	16597
93	AGY	2
94	TTT	25198
94	TTC	17400
94	TAC	4
95	GAA	41456
95	GAG	1138
95	RAA	3
96	CAA	40966
96	CAG	1628
96	CAR	4
96	CAT	3
96	CTA	2
97	ATA	42506
97	ATT	89
97	ATC	3
97	ATR	2
98	ACA	39760
98	ACG	1829
98	ACT	876
98	ACC	135
98	ACR	3
99	TTC	24092
99	TTT	18502
99	CTT	3
99	TAT	2
99	TTM	2
100	ATG	42342
100	ATA	132
100	TTG	82
100	ATT	39
100	TTA	6
101	CAA	42521
101	CAG	79
101	CAR	3
102	GCA	23933
102	GCC	18195
102	GCT	446
102	GCG	19
102	TCC	2
102	ACA	2
102	TCA	2
103	TTA	42251
103	TTG	289
103	CTA	54
103	TTR	5
103	CTC	2
104	CAA	42201
104	CAG	306
104	CAT	86
104	CAR	3
104	AAA	2
104	CAC	2
104	CTA	2
105	CTA	40219
105	CTG	2044
105	TTA	218
105	CTC	88
105	ATA	9
105	TTG	6
105	MTA	5
105	CTR	5
105	GTA	3
105	CTT	2
105	CTW	2
105	YTA	2
106	CTG	40536
106	TTG	1702
106	CTA	240
106	TTA	98
106	CTT	17
106	ATG	4
106	MTG	2
106	YTG	2
106	CTR	2
107	TTT	23873
107	CTT	18713
107	CTC	9
107	TTC	5
108	GAA	42312
108	GAG	273
108	GGA	6
108	GTA	4
108	GAR	4
108	GRA	2
109	GTG	26331
109	GTA	16145
109	GTT	85
109	GTC	34
109	GTR	3
110	GAA	25853
110	GAG	16739
110	GAR	4
110	AAA	2
110	RAG	2
111	CAG	23086
111	CAA	19414
111	AGT	88
111	CAR	3
111	CGG	2
111	AAG	2
111	AAA	2
111	CGA	2
112	GAG	42333
112	GAA	269
113	ATA	42436
113	ATG	74
113	ATT	38
113	RTA	23
113	GTA	14
113	CTA	5
113	ATR	4
113	AYA	3
113	AAA	2
114	AGA	41788
114	AGG	792
114	CGA	12
114	AGR	4
114	GTT	2
115	ACT	26412
115	GCT	14720
115	GCC	953
115	ACC	373
115	ACA	53
115	ACG	50
115	GCG	10
115	GTT	6
115	TCT	5
115	ACY	4
115	RCC	2
115	TCC	2
115	CTT	2
115	RCT	2
115	GCA	2
116	TTC	42329
116	TTT	251
116	TTG	8
116	TTA	5
116	TYC	3
116	TTY	2
116	ATC	2
117	TCA	23740
117	TCG	18747
117	TCT	109
117	TCR	3
117	TCW	2
118	TTT	42571
118	TTC	19
118	TTY	7
118	CTT	3
118	TTA	2
119	CAG	42566
119	CAA	29
119	CTG	2
120	CTT	42165
120	CTC	333
120	TTT	94
120	YTT	4
120	CTY	2
121	ATT	42579
121	ATC	19
122	TAA	42222
122	TGA	252
122	TAG	118
122	TRA	4
122	TAR	2

#HK4801|NP
1	ATG	42749
2	GCG	41966
2	GCA	737
2	GCT	20
2	GTG	20
2	GCR	3
2	GYG	2
3	TCC	24005
3	TCT	18571
3	TCG	105
3	ACT	17
3	TCA	17
3	TTT	7
3	TTC	7
3	CCT	5
3	TAT	3
3	TYC	3
3	TCY	3
3	YCC	2
4	CAA	42650
4	CAT	44
4	CAG	38
4	CAC	7
4	AAA	3
4	MAA	3
5	GGC	42687
5	GGT	52
5	GGA	4
5	AGC	3
6	ACC	42748
7	AAA	42733
7	AAG	16
8	CGG	23673
8	CGA	19057
8	AGA	12
8	AGG	2
8	CGT	2
8	MGA	2
9	TCT	25949
9	TCA	15317
9	TCC	1201
9	TCG	275
9	ACA	2
9	WCA	2
10	TAT	42551
10	TAC	152
10	CAT	41
10	TAY	3
11	GAA	42538
11	GAG	207
11	GAR	2
12	CAG	26614
12	CAA	16128
12	CAR	3
12	MAA	2
13	ATG	42746
13	ATR	2
14	GAA	26500
14	GAG	15893
14	GAT	349
14	GAR	6
15	ACT	42586
15	ACC	75
15	ACA	64
15	ACG	9
15	ATT	5
15	AYT	5
15	ATC	2
15	ACY	2
16	GAT	24167
16	GGT	18411
16	AGT	118
16	GGA	13
16	GRT	11
16	GAC	10
16	GGC	6
16	GGG	6
16	AAT	3
17	GGA	26694
17	GGG	15991
17	GGT	54
17	GGR	6
17	GGC	2
18	GAT	23974
18	GAG	16600
18	GAA	2102
18	GAC	59
18	GAR	6
18	GAY	3
18	GGT	2
19	CGC	42698
19	CGT	39
19	CAC	5
19	AGC	3
19	CGA	2
20	CAG	42453
20	CAA	286
20	CMG	4
20	CCG	3
21	AAT	27111
21	GAT	15494
21	GAC	90
21	AAC	33
21	AGT	15
21	GAY	2
21	ACT	2
22	GCA	24125
22	ACC	13359
22	GCC	3056
22	GCT	2026
22	ACT	126
22	ACA	26
22	GCG	12
22	ATC	6
22	RCC	3
22	GTC	2
23	ACT	26862
23	ACA	15499
23	ACC	210
23	ACG	134
23	AAT	25
23	TCT	6
23	ACY	4
23	TCA	3
23	ACW	2
24	GAG	26233
24	GAA	16507
24	GAR	4
24	GAT	3
25	ATT	24290
25	ATC	18389
25	ATA	63
25	ATY	2
25	GTT	2
26	AGG	25723
26	AGA	17002
26	AAA	9
26	AGR	4
26	AAG	3
26	CGG	3
26	ARG	2
26	MGG	2
27	GCA	42312
27	GCC	243
27	GCT	99
27	GCG	71
27	ACA	7
27	GTA	5
27	TCA	4
27	GCW	3
27	RCA	2
28	TCC	24081
28	TCT	18178
28	TCG	272
28	TCA	211
28	TCY	5
29	GTC	27137
29	GTT	15527
29	GTA	66
29	GTY	10
29	ATC	5
30	GGG	23755
30	GGA	18974
30	GGT	14
30	GGR	3
31	AAG	23927
31	AGA	17939
31	AGG	653
31	AAA	204
31	AAR	10
31	CGA	9
31	AGR	3
31	GGA	2
32	ATG	42748
33	ATT	39342
33	GTT	2627
33	ATC	394
33	GTC	321
33	GTG	22
33	ATA	18
33	GTA	16
33	ACC	4
33	RTT	2
34	GAT	24313
34	GGT	16051
34	AGT	1315
34	AGC	583
34	GCT	198
34	GGC	122
34	GAC	50
34	GRT	28
34	AAT	26
34	GGG	17
34	RGT	13
34	GAA	10
34	GGA	7
34	RAT	5
34	GTT	3
34	GGY	2
35	GGA	40495
35	GGC	2042
35	GGG	161
35	GGT	44
35	GGR	3
35	AGC	2
36	ATT	27060
36	ATC	15634
36	ATA	43
36	ATY	2
36	RTT	2
36	GTT	2
36	ATW	2
37	GGG	41667
37	GGA	1025
37	GGC	32
37	GGT	18
37	GGR	4
38	AGA	38660
38	AGG	3023
38	AAA	566
38	CGA	283
38	CGG	200
38	AAG	6
38	ARA	4
38	AGR	3
38	MGA	2
39	TTC	41274
39	TTT	1469
39	TAC	3
40	TAC	42525
40	TAT	215
40	TAY	3
40	TTC	3
40	CAC	2
41	ATC	39680
41	ATA	2784
41	GTA	147
41	ATT	72
41	GTG	33
41	GTC	16
41	ACC	7
41	ATY	4
41	AYC	2
42	CAA	39887
42	CAG	2858
42	CAR	2
43	ATG	42738
43	ATT	7
44	TGC	41958
44	TGT	787
44	TGY	2
45	ACT	40069
45	ACA	2060
45	ACC	576
45	ACG	40
45	ACY	2
46	GAA	42299
46	GAG	443
46	GAR	4
46	RAA	2
47	CTT	24123
47	CTA	9906
47	CTC	8359
47	TTA	321
47	ATC	11
47	CTM	7
47	CTG	5
47	ATA	5
47	CTY	5
47	ATT	3
48	AAA	42161
48	AAG	378
48	CAA	190
48	ARA	10
48	AGA	3
48	AAR	2
48	CAG	2
48	MAA	2
49	CTC	42362
49	CTT	315
49	CTA	57
49	TTC	7
49	CTY	3
49	ATC	2
50	AGT	41605
50	AGC	1023
50	AAT	87
50	ART	9
50	AAC	8
50	GGT	4
50	AGY	3
50	GGC	3
51	GAT	38882
51	GAC	3848
51	GAY	10
51	GAG	3
51	AAT	2
52	CAT	24310
52	TAT	17295
52	AAT	644
52	CAA	302
52	AAC	110
52	TAC	54
52	CAC	15
52	CAY	2
52	CTT	2
52	CAG	2
52	CRT	2
53	GAA	26859
53	GAT	14731
53	GAG	1125
53	GAC	12
53	GAK	7
53	GAY	4
53	GAR	3
53	RAA	2
53	GGT	2
53	GRT	2
54	GGA	37824
54	GGG	4894
54	GGR	14
54	AGA	13
54	GGC	3
55	CGG	23566
55	CGA	15413
55	AGG	2193
55	AGA	1289
55	CGT	205
55	CTA	66
55	CGR	5
55	CGC	4
55	MGA	3
56	TTG	23787
56	CTA	15665
56	CTG	2666
56	TTA	514
56	CTT	104
56	CTC	2
56	GTA	2
56	TTR	2
56	ATG	2
57	ATC	41806
57	ATT	896
57	ATA	26
57	GTC	9
57	ATY	4
57	CTC	3
57	GTT	2
58	CAG	21959
58	CAA	20775
58	CAR	14
59	AAC	29853
59	AAT	12892
59	AAY	3
60	AGC	41516
60	AGT	1230
60	AGY	2
61	TTG	23888
61	ATA	18240
61	ATG	254
61	TTA	232
61	ATC	44
61	CTG	40
61	ATT	38
61	GTA	5
61	TTR	5
62	ACA	42562
62	ACG	119
62	ACT	43
62	ACC	18
62	GCA	2
63	ATA	42673
63	GTA	27
63	ATG	22
63	ATC	17
63	ATT	4
63	CTA	2
64	GAG	42543
64	GAA	201
64	GAR	4
65	AAA	23976
65	AGG	14296
65	AGA	4443
65	AAG	25
65	AGR	5
65	AAR	2
66	ATG	42743
66	ATA	4
67	GTA	25921
67	GTG	15709
67	GTT	981
67	GTC	84
67	GCA	13
67	CTT	9
67	GCG	5
67	ATT	5
67	RTA	3
67	GTR	3
67	ATA	3
67	GCT	3
67	TTG	2
67	GTK	2
67	CTG	2
68	CTC	26769
68	CTT	15931
68	CTA	31
68	CTG	10
68	CTY	5
69	TCT	42385
69	TCA	259
69	TCC	79
69	TCG	22
69	TCW	2
70	GCT	38980
70	GCA	2865
70	TCT	699
70	GCC	165
70	GCG	23
70	GCK	4
70	ACT	4
70	RCT	3
70	TCA	2
71	TTT	42227
71	TTC	512
71	TAT	3
71	TWT	2
71	TYT	2
72	GAT	42401
72	GAC	344
72	GAY	2
73	GAA	26845
73	GAG	15875
73	GTA	15
73	GAT	4
73	GAR	2
73	GCA	2
74	AGA	41381
74	AGG	1255
74	CGA	106
74	AGR	3
74	ARA	2
75	AGG	26340
75	AGA	16325
75	CGG	75
75	CGA	6
75	AGR	2
76	AAT	39229
76	AAC	3510
76	AAY	5
76	AGT	2
76	ACT	2
77	AAA	39737
77	AGG	1226
77	AGA	1183
77	AAG	592
77	AAC	5
78	TAC	42112
78	TAT	610
78	CAC	14
78	YAC	5
78	TTC	3
78	TAY	3
79	CTG	25631
79	CTA	16749
79	TTG	223
79	TTA	81
79	CTT	53
79	CTR	5
79	YTA	3
79	YTG	2
80	GAA	42259
80	GAG	461
80	GAR	22
80	AAA	2
81	GAA	25811
81	GAG	16843
81	GAC	70
81	AAA	5
81	GGA	5
81	GAT	4
81	GAR	4
81	GRA	2
82	CAC	25763
82	CAT	16945
82	CAY	25
82	AAC	14
83	CCC	29541
83	CCA	12621
83	CCT	312
83	CCG	269
83	CCM	5
84	AGC	23358
84	AGT	19103
84	AAT	204
84	ACT	61
84	AAC	11
84	ART	4
84	AGY	3
84	GGC	2
85	GCG	25432
85	GCT	16012
85	GCA	900
85	CCA	168
85	ACT	84
85	ACG	39
85	GCC	36
85	GGG	20
85	TCT	12
85	GTG	9
85	TCG	9
85	RCG	6
85	GTA	5
85	GTT	4
85	ACA	3
85	GCR	2
85	RCT	2
85	TCA	2
86	GGG	41665
86	GGA	1075
86	GGR	3
86	GGT	3
87	AAA	25280
87	AAG	17458
87	AAR	9
88	GAT	23988
88	GAC	18744
88	GAY	9
88	AAC	3
88	AAT	2
89	CCC	24054
89	CCT	16606
89	CCG	1699
89	CCA	373
89	CCY	6
89	CMC	5
89	CCK	2
90	AAG	42586
90	AAA	99
90	AGG	53
90	ARG	3
90	AAT	3
90	ATG	2
90	GAG	2
91	AAA	42120
91	AAG	618
91	ARA	6
91	AAR	2
91	AGA	2
92	ACT	27282
92	ACA	15010
92	ACC	402
92	ACG	53
93	GGG	24097
93	GGA	18598
93	GGT	34
93	GGR	17
94	GGG	24100
94	GGA	15647
94	GGT	2608
94	GGC	382
94	GGR	8
94	GGS	2
95	CCC	36937
95	CCA	5448
95	CCT	283
95	CCG	62
95	TCC	9
95	YCC	4
95	CCY	2
96	ATA	25804
96	ATC	14472
96	ATT	2362
96	TTA	49
96	GTA	20
96	GTC	14
96	CTA	11
96	ATM	4
96	ATG	4
96	MTA	2
97	TAC	25569
97	TAT	17179
98	AGG	23527
98	AGA	15928
98	CGA	2053
98	CGG	1043
98	AAG	135
98	AAA	29
98	ARG	11
98	MGA	7
98	CGC	6
98	AGR	5
98	CAA	2
99	AGA	40639
99	AGG	1942
99	CGA	134
99	AAG	13
99	AAA	10
99	AGR	8
100	GTC	22702
100	ATA	14672
100	AGA	2493
100	GTA	1086
100	ATC	710
100	AGG	479
100	GTT	459
100	ATG	42
100	ATT	29
100	GCC	23
100	RTC	13
100	CGA	11
100	ACA	8
100	AGR	4
100	RTA	3
100	TTA	2
100	KTC	2
100	GTY	2
101	GAT	25337
101	GAC	16961
101	GAA	197
101	AAC	104
101	GAG	37
101	RAT	33
101	AAT	17
101	GGC	16
101	GGT	14
101	RAC	14
101	GRC	9
101	GRT	3
101	GAY	2
101	GMC	2
102	GGG	24273
102	GGA	18298
102	GGT	69
102	RGA	41
102	AGA	32
102	GGC	15
102	RGG	14
102	GGR	4
102	AGG	2
103	AAA	40814
103	AAG	1762
103	AGA	161
103	AAR	6
103	ARA	5
104	TGG	42748
105	ATG	26694
105	ACG	10804
105	ACA	2680
105	GTG	1979
105	ATT	243
105	ATA	119
105	GTA	102
105	GTT	65
105	ACT	17
105	GCG	13
105	AYG	6
105	CTG	5
105	ATR	4
105	GCA	3
105	RTG	3
105	AGG	2
105	ATC	2
105	AAG	2
106	AGG	24152
106	AGA	18549
106	CGG	33
106	AGR	10
106	CGA	4
107	GAA	39445
107	GAG	3300
107	RAA	2
108	CTC	39585
108	CTG	2023
108	TTG	495
108	CTA	484
108	CTT	135
108	CTY	7
108	ATC	6
108	CCA	4
108	TTA	4
109	GTC	24001
109	ATC	15707
109	ATT	2447
109	GTT	339
109	ACC	210
109	GCC	16
109	AYC	6
109	ACT	5
109	RTC	3
109	ATA	2
109	AKT	2
109	GTA	2
110	CTT	39826
110	CTG	2353
110	TTG	279
110	CTA	171
110	CTC	114
110	CTY	2
111	TAT	41526
111	TAC	1192
111	TTC	17
111	CAT	7
111	TGT	3
111	TRC	2
112	GAC	42326
112	GAT	396
112	AAC	8
112	GAA	7
112	GAM	3
112	RAC	3
112	GAY	2
112	GAG	2
113	AAA	42416
113	AAG	330
113	AAR	2
114	GAA	40854
114	GAG	1843
114	GAT	41
114	GRA	5
114	GAR	4
115	GAA	40195
115	GAG	2547
115	GAT	3
115	GAR	3
116	ATA	40084
116	ATC	2614
116	ATT	26
116	GTA	6
116	ATG	5
116	CTA	4
116	ATR	2
116	ATM	2
116	MTA	2
117	AGG	41669
117	AGA	865
117	CGG	155
117	AAG	43
117	AGR	6
117	ARG	5
117	AAA	2
118	CGA	23688
118	AGA	17052
118	AGG	1807
118	CGG	183
118	MGA	7
118	CAA	3
118	AGR	3
118	CGR	3
119	ATC	24624
119	GTT	15385
119	ATT	2547
119	GTC	94
119	ATA	48
119	GTG	12
119	RTT	9
119	GTA	9
119	ACC	7
119	ACT	4
119	ATM	3
119	CTC	2
120	TGG	42748
121	CGC	40628
121	CGT	1864
121	CGA	207
121	AGA	20
121	CGG	11
121	CGY	6
121	CAC	6
121	CGW	2
121	CAT	2
122	CAA	42537
122	CAG	191
122	CAR	10
122	CGA	7
123	GCC	23984
123	GCA	16311
123	GCG	1981
123	GCT	464
123	TCC	4
124	AAC	42054
124	AAT	689
124	AAY	5
125	AAT	42431
125	AAC	280
125	GAT	15
125	AGT	11
125	GGC	4
125	ART	2
125	AAY	2
125	RAT	2
126	GGT	24817
126	GGC	14726
126	GGA	3080
126	GGG	118
126	AGT	4
127	GAG	24839
127	GAA	17663
127	GAT	125
127	GAC	95
127	GAR	9
127	AAG	5
127	GGA	4
127	GGG	3
127	GTG	2
127	GAK	2
128	GAT	39983
128	GAC	2630
128	GAA	71
128	GAG	27
128	AAT	13
128	RAT	6
128	GGT	5
128	TAT	5
128	GAY	4
129	GCT	23806
129	GCA	18399
129	GCG	205
129	TCA	152
129	GCC	141
129	ACA	19
129	TCT	14
129	GTA	3
129	GCR	2
129	RCA	2
129	GCY	2
130	ACA	39523
130	ACT	2861
130	ACG	178
130	ACC	152
130	GCA	15
130	AAA	4
130	AMA	4
130	ATG	3
130	ATA	2
130	RMA	2
130	ACR	2
131	TCT	23891
131	GCA	14962
131	GCT	3771
131	TCC	40
131	GCC	29
131	GCG	16
131	TCA	16
131	CCT	5
131	TAT	5
131	CCA	2
131	YCT	2
131	GTT	2
131	ACT	2
132	GGT	40374
132	GGC	2336
132	GGG	19
132	GGA	16
132	GGY	2
133	CTA	23943
133	CTT	17282
133	CTC	1124
133	CTG	232
133	TTA	119
133	TTG	40
133	ATT	3
133	ATA	2
134	ACT	36012
134	ACC	6649
134	GCT	46
134	ACA	16
134	ACY	11
134	ACG	7
134	ATT	3
135	CAC	26169
135	CAT	16568
135	CAY	11
136	ATA	24067
136	ATC	15332
136	CTG	1882
136	ATT	469
136	ATG	365
136	TTG	291
136	CTT	177
136	CTA	105
136	TTA	46
136	CTC	6
136	GTC	3
136	ATR	2
137	ATG	42747
138	ATT	39413
138	ATA	2265
138	ATC	1063
138	ATY	2
139	TGG	42748
140	CAT	42190
140	CAC	532
140	CAA	22
140	CAY	2
141	TCC	42583
141	TCT	127
141	TCA	33
141	TCY	4
142	AAT	35977
142	AAC	6759
142	AAY	12
143	TTG	24105
143	CTG	16832
143	CTA	1637
143	TTA	133
143	CTT	20
143	GTA	13
143	TTR	3
143	CTC	2
144	AAT	42675
144	AAC	70
144	AAY	2
145	GAT	42542
145	GAC	204
146	GCA	23649
146	GCC	18068
146	GCG	544
146	GCT	212
146	ACA	158
146	ACC	80
146	TCC	12
146	TCA	7
146	GTA	4
146	GCM	3
146	RCC	3
146	GCW	2
146	GTC	2
146	GCY	2
147	ACA	41127
147	ACG	698
147	ACC	637
147	ACT	278
147	ACM	2
147	ATA	2
147	AYA	2
148	TAC	26243
148	TAT	16498
148	TAY	5
149	CAG	42406
149	CAA	334
149	CAR	8
150	AGG	37868
150	AGA	4770
150	CGG	87
150	CGA	11
150	AGR	10
151	ACA	41019
151	ACG	1393
151	ACC	307
151	ACT	27
151	ACR	2
152	AGA	42414
152	AGG	326
152	CGA	5
152	AGR	2
153	GCT	26639
153	GCA	14261
153	GCG	1240
153	GCC	597
153	GCR	4
153	GCY	4
153	GCK	2
154	CTT	40054
154	CTC	2612
154	CTA	55
154	TTA	10
154	ATT	7
154	CTG	5
154	CTY	4
155	GTT	39866
155	GTG	2468
155	GTA	287
155	GTC	123
156	CGC	16352
156	CGG	15035
156	CGA	9073
156	CGT	2022
156	AGG	237
156	CGR	12
156	AGA	12
156	CGY	3
157	ACT	40132
157	ACC	2524
157	ACA	41
157	ACG	17
157	GCT	16
157	AGT	8
157	ACY	7
157	ACW	2
158	GGA	41462
158	GGG	1189
158	GGT	84
158	GGC	11
159	ATG	42732
159	CTG	8
159	TTG	5
159	MTG	2
160	GAT	40644
160	GAC	2098
160	GAY	6
161	CCC	42300
161	CCA	297
161	CCT	147
161	CCY	3
162	AGA	40547
162	AGG	1961
162	CGG	221
162	CGA	16
162	AGR	3
163	ATG	42746
164	TGC	42171
164	TGT	569
164	TGY	7
165	TCT	42316
165	TCC	408
165	AGT	12
165	TCA	7
165	TCY	5
166	CTG	26685
166	CTA	15767
166	TTG	153
166	TTA	56
166	CTT	55
166	CTC	19
166	CTR	5
166	ATG	4
166	YTG	2
167	ATG	42744
167	ATA	2
168	CAG	24295
168	CAA	18447
168	CAR	4
169	GGC	23683
169	GGT	15748
169	GGA	2837
169	GGG	478
170	TCG	23953
170	TCA	18699
170	TCT	70
170	TCC	19
170	TCR	6
171	ACT	26839
171	ACA	15583
171	ACC	298
171	ACG	22
171	ACY	6
172	CTC	26770
172	CTT	15636
172	CTA	325
172	TTA	5
172	CTY	4
172	ATT	2
172	YTA	2
173	CCT	21541
173	CCC	16360
173	CCG	2725
173	CCA	2104
173	CCY	8
173	CCW	4
173	TCT	2
174	AGA	31033
174	AGG	11651
174	CGG	45
174	AGR	11
174	ATA	5
175	AGG	39578
175	AGA	3021
175	CGA	88
175	AAG	42
175	CGG	8
175	AGR	6
175	ARG	3
176	TCT	18672
176	TCC	18590
176	TCA	5358
176	TCG	43
176	GCC	39
176	GCT	26
176	TCM	12
176	TCY	5
177	GGA	21836
177	GGT	15025
177	GGG	5877
177	GGC	10
178	GCT	26921
178	GCC	15554
178	GCA	216
178	ACA	26
178	GCG	21
178	GCY	3
178	TCC	2
179	GCA	40192
179	GCT	1675
179	GCC	844
179	GCG	34
179	GCR	2
180	GGT	41453
180	GGC	761
180	GGA	509
180	GGG	23
181	GCT	39497
181	GCA	2747
181	GCG	284
181	GCC	183
181	TCT	18
181	KCT	6
181	TCA	5
181	ACT	3
181	GCY	2
182	GCA	41173
182	GCG	1535
182	GCT	22
182	TCA	6
182	GCR	5
182	GCC	5
183	GTC	24057
183	GTA	14600
183	GTG	3604
183	ATA	377
183	GTT	74
183	ATC	17
183	RTA	7
183	GTR	5
183	GCA	4
184	AAA	40034
184	AAG	2709
184	AAR	3
185	GGA	41111
185	GGG	1613
185	GGT	14
185	GGC	5
185	GGR	3
186	ATC	23686
186	GTT	15725
186	GTA	1161
186	ATA	1024
186	GTC	730
186	ATT	234
186	GTG	173
186	RTT	5
186	ATM	4
186	ATY	3
187	GGA	38274
187	GGG	4229
187	GGT	152
187	GGC	81
187	GGR	12
188	ACA	41467
188	ACT	634
188	ACG	628
188	ACC	14
188	ACR	2
189	ATG	27101
189	ATA	15576
189	GTA	42
189	CTA	15
189	TTA	4
189	ACA	2
189	MTG	2
189	RTA	2
189	GTG	2
190	GTG	26470
190	GCT	13905
190	GCA	1259
190	GTA	657
190	ACA	147
190	ACT	110
190	GTT	74
190	GCC	50
190	GCG	47
190	ATA	6
190	RCT	5
190	TCA	4
190	GCW	4
190	GTR	4
190	TCT	2
191	ATG	42702
191	TTG	38
191	ATA	4
191	TTA	2
192	GAA	26541
192	GAG	16203
192	GAR	4
193	CTG	23087
193	TTA	14960
193	CTT	2487
193	CTA	1532
193	TTG	646
193	YTG	10
193	ATA	7
193	MTA	3
193	CTC	3
193	CTR	3
193	TTR	2
193	MTT	2
193	GTG	2
194	ATC	39792
194	ATT	2745
194	GTC	87
194	GTT	66
194	ATA	50
194	ATY	4
194	ACC	2
195	AGA	39577
195	CGG	1925
195	CGA	967
195	AGG	262
195	CGC	10
195	AAG	5
196	ATG	42744
196	ATT	2
197	ATC	16319
197	GTC	13908
197	ATA	12171
197	ATT	247
197	GTA	70
197	ATM	8
197	RTC	7
197	GTT	6
197	ATG	4
197	ACC	3
197	RTA	2
198	AAA	40800
198	AAG	1942
198	AGA	4
199	CGG	24055
199	CGT	15630
199	CGA	2934
199	AGA	62
199	CGC	47
199	AGG	17
200	GGG	27147
200	GGA	15250
200	GGT	316
200	GGC	28
200	GGR	5
200	GGK	2
201	ATC	40993
201	ATT	1313
201	GTC	259
201	ATA	149
201	GTT	13
201	RTC	6
201	ATM	3
201	ACC	3
201	GTA	3
201	RTT	2
202	AAC	25829
202	AAT	16907
202	AGT	10
202	AAY	2
203	GAT	24736
203	GAC	18004
203	GAY	5
204	CGA	39117
204	CGG	2714
204	AGA	536
204	CGT	250
204	AGG	119
204	CGR	6
204	CGC	3
204	MGA	2
205	AAT	40656
205	AAC	2082
205	AAY	7
205	AGT	2
206	TTT	24055
206	TTC	18688
206	TTY	5
207	TGG	42748
208	AGA	26247
208	AGG	16490
208	AGR	5
208	AAA	3
209	GGT	40151
209	GGC	2497
209	GGA	92
209	GGG	4
209	GGY	4
210	GAG	24164
210	GAA	18248
210	GAT	302
210	GAC	26
210	GAR	6
210	GAK	2
211	AAT	42458
211	AAC	213
211	AGT	56
211	ART	9
211	AGC	4
211	AAY	3
211	GAT	2
212	GGG	23892
212	GGA	18770
212	GGC	57
212	GGT	24
212	GGS	2
212	GGR	2
213	CGG	25030
213	CGA	14612
213	AGA	2615
213	AGG	474
213	CGT	6
213	MGG	3
213	CGR	3
213	CGC	2
214	AAA	24469
214	AGG	15333
214	AGA	2852
214	AAG	74
214	CGG	8
214	AGR	4
214	ARA	3
214	CGC	2
215	ACA	42538
215	ACT	90
215	ACC	81
215	ACG	30
215	GCA	6
216	AGA	39140
216	AGG	3563
216	AAA	32
216	AGR	8
216	CGA	3
216	AAG	2
217	AGT	23154
217	GTT	14966
217	ATT	3571
217	AGC	473
217	GGT	332
217	ATC	103
217	AAT	53
217	GTA	28
217	GCT	22
217	ACT	20
217	GYT	8
217	ART	6
217	RTT	6
217	GTC	2
217	CTT	2
218	GCT	39168
218	GCA	3489
218	GCG	47
218	GCC	37
218	GCY	6
219	TAT	41917
219	TAC	788
219	TTT	31
219	TAY	11
220	GAG	27369
220	GAA	15358
220	GAT	12
220	GAC	5
220	GAR	3
221	AGA	41632
221	AGG	1084
221	CGA	25
221	AGR	5
222	ATG	42693
222	ATT	31
222	ATA	8
222	GTG	7
222	CTG	3
222	ATR	3
222	ACG	2
223	TGC	42539
223	TGT	203
223	TGY	4
224	AAC	27049
224	AAT	15686
224	AAY	9
225	ATT	24492
225	ATC	18217
225	ATA	22
225	ATY	8
225	GTT	4
225	ACC	2
226	CTT	24247
226	CTC	18449
226	CTA	23
226	CTG	19
226	ATC	2
226	ATT	2
226	CTM	2
226	CTY	2
226	TTG	2
227	AAA	42367
227	AAG	377
227	AAR	4
228	GGA	37907
228	GGG	4799
228	GGT	27
228	GGR	12
229	AAA	41349
229	AAG	1397
229	AAR	2
230	TTT	39948
230	TTC	2776
230	CTC	10
230	CTT	9
230	TTY	5
231	CAA	42073
231	CAG	671
231	CAR	3
232	ACA	42579
232	ACT	124
232	ACG	29
232	ACC	7
232	ATA	3
232	GCA	2
232	RCA	2
232	ACW	2
233	GCT	39854
233	GCA	2748
233	GCC	98
233	GCG	31
233	ACT	10
233	GCY	2
233	GCW	2
234	GCA	27310
234	GCC	15275
234	GCT	106
234	GCG	39
234	TCA	5
234	GCM	4
234	GTC	2
234	TCC	2
234	GCY	2
235	CAA	27354
235	CAG	15389
235	CAR	4
236	AGA	26758
236	AGG	15611
236	CGA	189
236	AAA	166
236	MGA	9
236	AAG	9
236	CGG	3
236	ARA	2
237	GCA	42556
237	GCG	144
237	GCT	34
237	ACA	5
237	GCC	3
237	TCA	2
237	GCR	2
238	ATG	42718
238	AYG	7
238	ATA	7
238	ACG	6
238	TTG	6
238	ATR	3
239	GTG	24097
239	ATG	18476
239	GTT	94
239	GTA	62
239	RTG	5
239	GCG	5
239	ATT	3
240	GAT	41817
240	GAC	927
240	GAY	2
241	CAA	42093
241	CAG	651
241	CAR	2
242	GTT	23415
242	GTA	14175
242	GTG	5108
242	ATT	20
242	GTC	12
242	GCA	6
242	ATA	3
242	GTR	2
242	GTW	2
243	AGA	39770
243	CGA	2597
243	AGG	190
243	CGG	87
243	CGT	85
243	AAA	6
243	ARA	4
243	CGC	3
243	AGR	3
244	GAA	40679
244	GAG	2068
245	AGT	39202
245	AGC	3536
245	AGY	4
245	GGC	3
246	CGG	24123
246	CGA	15410
246	AGA	2625
246	AGG	290
246	CGT	267
246	CGC	25
246	MGG	3
246	CGR	2
247	AAC	38605
247	AAT	2988
247	AGC	1032
247	AGT	90
247	ACC	23
247	AAY	5
247	ACT	2
248	CCA	39690
248	CCT	2957
248	CCC	71
248	CCG	25
249	GGA	40010
249	GGG	2666
249	GGC	48
249	GGT	12
249	GGR	11
250	AAC	37709
250	AAT	5028
250	AAY	8
251	GCT	42015
251	GCA	629
251	GCC	50
251	GCG	30
251	GTT	20
251	GYT	2
252	GAG	39659
252	GAA	3085
252	GTA	2
253	ATC	24066
253	ATT	17812
253	ATA	748
253	TTC	82
253	GTT	16
253	ACC	6
253	ACT	6
253	GTC	5
253	AYT	3
254	GAA	42617
254	GAG	129
255	GAT	27634
255	GAC	15112
255	GAY	2
256	CTC	41423
256	CTT	1091
256	CTA	188
256	ATC	39
256	CTY	2
256	CTG	2
257	ATA	23963
257	ATT	17351
257	ATC	1203
257	ACT	116
257	CTC	36
257	ATG	30
257	CTT	23
257	ACC	11
257	ACA	6
257	ATY	2
257	CTA	2
258	TTT	26853
258	TTC	15894
259	TTA	23874
259	CTG	18010
259	CTA	475
259	TTG	216
259	CTT	106
259	TCG	17
259	ATG	16
259	CTC	13
259	ATA	9
259	CTR	3
259	YTG	3
259	YTA	2
259	TTR	2
260	GCA	42500
260	ACA	174
260	GCG	48
260	GCT	13
260	GTA	3
260	TCA	3
260	RCA	2
261	AGA	23994
261	CGG	17333
261	AGG	778
261	CGA	413
261	CGT	184
261	CGC	39
261	CGR	5
262	TCT	27037
262	TCA	15635
262	TCC	42
262	TCG	30
262	TCW	2
263	GCA	42215
263	GCG	337
263	GCT	128
263	GCC	59
263	TCA	4
263	GCR	3
263	ACA	2
264	CTG	23335
264	CTC	17548
264	CTT	1162
264	TTG	555
264	CTA	97
264	TTA	44
264	CTR	2
265	ATA	24185
265	ATT	15608
265	ATC	2926
265	GTT	11
265	GTA	9
265	GTC	6
265	ATY	2
266	TTG	21059
266	CTG	20669
266	CTA	802
266	TTA	167
266	CTT	38
266	ATG	4
266	TTR	4
266	CTR	2
266	YTG	2
267	AGA	39787
267	AGG	2948
267	AGR	10
268	GGA	41687
268	GGG	1029
268	GGT	25
268	GGC	4
268	GGR	3
269	TCA	42158
269	TCC	316
269	TCT	163
269	TCG	108
270	GTT	39436
270	GTG	2808
270	GTA	332
270	ATT	69
270	ATG	48
270	GTC	29
270	ATA	6
270	GCT	6
270	CTT	4
270	RTG	2
270	TTA	2
270	RTT	2
271	GCT	24572
271	GCA	15545
271	GCC	2610
271	GCG	9
271	GGC	4
271	TCC	4
271	GCY	2
272	CAC	24539
272	CAT	18205
272	CAY	4
273	AAA	39106
273	AAG	3640
273	AAR	2
274	TCT	24879
274	TCC	17073
274	TCA	781
274	TCG	15
275	TGC	41447
275	TGT	1299
276	CTA	23643
276	CTG	15693
276	TTG	2562
276	TTA	525
276	CTT	295
276	CTC	14
276	TTT	4
276	YTG	4
276	CTR	3
276	YTA	2
277	CCT	38368
277	CCA	4209
277	CCC	133
277	CCG	21
277	CCW	12
277	CCY	2
277	CCK	2
278	GCC	24174
278	GCT	18460
278	GCA	98
278	GCG	7
278	GCY	2
278	GTC	2
278	RCT	2
279	TGT	42636
279	TGC	109
279	WGT	2
280	GCA	21926
280	GTG	18304
280	GCG	1907
280	GTA	539
280	GTT	38
280	GTC	7
280	GCR	7
280	GCC	4
280	ACA	4
280	GCT	3
280	ATG	2
280	RCA	2
280	RTG	2
281	TAT	40041
281	TAC	2706
282	GGA	26772
282	GGG	15959
282	GGT	7
282	GGR	5
282	GGC	5
283	CCT	24094
283	CTT	18384
283	CTC	157
283	CCA	43
283	CCC	20
283	MTT	14
283	CCG	11
283	CTA	8
283	ATT	8
284	GCA	40902
284	GCT	1081
284	GCC	421
284	GCG	321
284	ATC	8
284	RCA	4
284	GTA	3
284	GYA	2
284	GCM	2
284	ATT	2
285	GTA	38569
285	GTG	3551
285	GTT	296
285	ATA	294
285	GTC	23
285	RTA	5
285	GTR	3
285	GCA	2
286	TCC	23950
286	GCA	15616
286	GCC	2617
286	GCT	469
286	TCT	63
286	GCG	14
286	GTC	7
286	TCA	6
286	GCR	3
287	AGT	41993
287	AGC	488
287	AAT	227
287	GGT	25
287	ART	6
287	ATT	3
287	AGY	2
287	AKT	2
288	GGT	21957
288	GGC	14122
288	GGG	3782
288	GGA	2878
288	GGK	7
289	TAC	24211
289	CAT	15568
289	TAT	2941
289	CAC	21
289	YAT	3
289	TAY	3
290	GAC	40866
290	GAT	1770
290	AAC	31
290	RAC	25
290	GAM	23
290	GAA	19
290	GGC	9
291	TTT	40041
291	TTC	2700
291	TTY	7
292	GAA	39983
292	GAG	2745
292	GAR	12
292	GGA	6
293	AAA	23903
293	AGG	15242
293	AGA	3396
293	AAG	190
293	AGR	8
293	ARA	5
293	CGA	2
294	GAG	24166
294	GAA	18572
294	GAR	5
294	GAC	3
295	GGA	26081
295	GGG	16575
295	GGT	58
295	GGC	24
295	GGR	9
296	TAT	24320
296	TAC	18422
296	TAY	5
297	TCC	24756
297	TCA	15597
297	TCT	2376
297	TCG	15
298	TTG	24220
298	CTG	17583
298	CTA	742
298	TTA	153
298	CTT	23
298	CTC	20
298	YTG	3
298	ATG	2
299	GTG	23782
299	GTC	15890
299	GTT	2604
299	GTA	453
299	GTR	14
299	GTK	2
299	GTY	2
300	GGA	26819
300	GGG	15909
300	GGT	10
300	GGR	7
301	ATA	42313
301	ATT	255
301	GTA	87
301	ATC	67
301	ATG	11
301	GTT	5
301	TTA	3
301	CTA	3
301	RTA	2
302	GAC	40017
302	GAT	2721
302	GAY	5
303	CCT	26912
303	CCA	15506
303	CCC	237
303	CCG	81
303	CCY	3
303	TCT	3
303	TCA	3
304	TTC	41707
304	TTT	1039
304	TTY	2
305	AAA	39547
305	CGT	2664
305	CGC	246
305	AGA	110
305	AAG	93
305	CGA	75
305	ARA	8
305	AAR	2
306	CTA	23192
306	TTA	15586
306	CTG	3509
306	TTG	220
306	CTT	204
306	TCA	12
306	MTG	7
306	ATG	7
306	CTC	5
306	CTY	2
306	ATA	2
307	CTT	23385
307	CTC	19312
307	CTA	21
307	MTC	14
307	CTG	4
307	ATC	3
307	CTY	3
307	STC	2
307	MTT	2
308	CAA	42229
308	CAG	512
308	CAR	7
309	AAT	23609
309	AAC	19089
309	ACC	40
309	AGT	5
309	ART	2
310	AGC	27635
310	AGT	15101
310	AGY	6
310	AAC	3
310	ACC	2
311	CAA	39803
311	CAG	2933
311	CAC	7
311	CAR	2
311	CAT	2
312	ATA	23938
312	GTG	15282
312	GTC	2618
312	GTA	623
312	GTT	264
312	ATG	9
312	GTY	6
312	ATC	3
312	GTR	2
313	TAC	24152
313	GTC	14309
313	TTC	1854
313	TTT	1746
313	ATC	622
313	TAT	14
313	GTT	13
313	ACC	10
313	GTA	8
313	CAC	4
313	CTC	3
313	RTC	3
313	GTY	2
314	AGC	39223
314	AGT	3456
314	TGC	58
314	AGY	4
314	TGT	3
314	WGC	3
315	TTA	23802
315	CTG	14413
315	CTC	2508
315	CTT	1192
315	CTA	626
315	TTG	189
315	YTC	8
315	CTR	7
315	CTY	2
316	ATC	24429
316	ATG	14958
316	ATT	2458
316	ATA	647
316	GTG	202
316	GTC	19
316	GTA	15
316	RTG	5
316	ATR	3
316	TTG	3
316	ATY	3
316	GTT	3
316	ACC	2
317	AGA	41737
317	AGG	1001
317	CGA	5
317	CGG	3
317	AGR	2
318	CCT	23014
318	CCA	18545
318	CCC	972
318	CCG	143
318	TCA	19
318	CAT	17
318	TCT	14
318	ACA	10
318	CCY	3
318	CAA	3
318	ACT	2
318	GCT	2
319	AAT	40698
319	AAC	2012
319	AGT	18
319	AAA	7
319	AAY	7
320	GAG	26168
320	GAA	16574
320	GRG	2
321	AAT	39320
321	AAC	3398
321	AGC	15
321	AAY	8
321	CAT	4
321	AGT	3
322	CCA	42363
322	CCT	201
322	CCG	114
322	CCC	64
322	MCA	2
322	CCR	2
323	GCA	26701
323	GCT	15518
323	GCG	373
323	GCC	47
323	TCA	36
323	ACA	13
323	GTC	10
323	ACT	8
323	GTT	8
323	TCT	7
323	GTA	7
323	GCR	7
323	RCT	3
323	RCA	2
323	KCA	2
324	CAC	40536
324	CAT	2212
325	AAG	41997
325	AAA	746
325	AAR	5
326	AGT	42010
326	AGC	729
326	AGY	8
327	CAG	24285
327	CAA	18457
327	CAR	5
328	CTG	19699
328	TTG	15758
328	CTA	4984
328	TTA	2281
328	CTR	8
328	ATG	7
328	YTG	4
328	TTR	3
328	CTC	2
329	GTG	21941
329	GTA	20630
329	ATA	98
329	GTT	54
329	GTR	16
329	GTC	5
329	RTA	3
330	TGG	42748
331	ATG	42695
331	TTG	18
331	ATA	17
331	ATT	6
331	ATR	3
331	GTG	3
331	RTG	2
331	CTG	2
331	ATC	2
332	GCA	42474
332	GCT	210
332	GCG	48
332	GCC	13
332	GCR	2
333	TGC	42260
333	TGT	484
333	TGY	4
334	CAT	25277
334	CAC	17398
334	AAT	68
334	CAY	3
335	TCT	42648
335	TCA	46
335	TCC	31
335	TCG	13
335	GCT	7
336	GCT	39229
336	GCA	3389
336	GCC	107
336	GCG	17
336	RCA	2
337	GCA	42226
337	GCG	445
337	GCT	63
337	GCC	6
337	ACA	3
337	TCA	2
338	TTT	42496
338	TTC	250
338	TTY	2
339	GAA	39627
339	GAG	3114
339	GAR	5
339	RAA	2
340	GAT	39403
340	GAC	3338
340	GAY	5
341	TTA	38862
341	CTT	1421
341	CTG	1004
341	CTA	773
341	CTC	501
341	TTG	178
341	CTY	3
341	YTA	2
342	AGA	41822
342	AGG	851
342	AAA	36
342	CGA	28
342	AGR	6
342	ARA	3
343	TTG	23921
343	GTA	15899
343	GTC	2424
343	GTG	277
343	GTT	68
343	TTA	56
343	CTG	43
343	ATA	28
343	ATC	16
343	RTA	3
343	YTG	3
343	TTR	3
343	RTC	2
343	GTR	2
343	GTY	2
344	TTA	23982
344	TCA	18582
344	TTG	135
344	TCG	20
344	CTA	14
344	TTR	4
344	TCR	3
344	ACA	3
344	TYA	2
345	AGC	24429
345	AGT	18302
345	AAC	7
345	AGY	3
345	GGC	2
345	GGT	2
346	TTC	42440
346	TTT	292
346	TAC	8
346	YTC	3
346	CTC	2
347	ATC	26544
347	ATA	15677
347	ATT	500
347	GTC	13
347	GTA	5
347	ATY	3
347	CTC	2
348	AGA	42110
348	AGG	535
348	AAA	93
348	CGA	10
349	GGG	26338
349	GGA	16387
349	GGT	13
349	GGR	8
350	ACA	25581
350	AAG	15531
350	GCA	995
350	ACG	339
350	ACC	145
350	ACT	45
350	AAA	44
350	TCA	20
350	ATA	18
350	AGG	7
350	AAR	6
350	ATG	4
350	RCA	4
350	ACR	2
350	AYA	2
350	AMA	2
351	AAA	39559
351	AGA	2712
351	AAG	327
351	AGG	139
351	CGA	4
351	AAR	3
351	AGR	2
351	ARA	2
352	GTA	24476
352	GTG	17334
352	ATG	729
352	GTT	113
352	ATA	58
352	GTC	13
352	GTR	7
352	TTG	5
352	TTA	4
352	ATT	3
352	GCA	2
353	TCT	23339
353	ATC	14345
353	GTC	2391
353	ATT	1015
353	TCA	531
353	CTT	479
353	GTT	239
353	CTC	112
353	GTA	92
353	TCC	67
353	TAT	58
353	ACT	21
353	TTA	19
353	ATA	10
353	TTT	6
353	GCT	4
353	RTC	4
353	GCC	4
353	ATY	3
353	TCG	2
353	GYC	2
353	TYT	2
354	CCT	23725
354	CCA	18485
354	CCG	271
354	CCC	262
354	ACA	2
355	CGG	23793
355	AGA	18463
355	CGA	272
355	AGG	213
355	CGR	2
355	CGT	2
355	AGR	2
356	GGG	24799
356	GGA	17930
356	GGR	8
356	GGT	6
356	GGC	3
357	AAA	24054
357	AAG	15605
357	CAG	1756
357	CAA	1218
357	AGG	66
357	AGA	40
357	CAR	5
357	ARG	3
358	CTG	23901
358	CTT	15785
358	CTA	2446
358	CTC	315
358	TTA	168
358	TTG	117
358	YTG	5
358	ATG	4
358	CTR	3
358	ATT	2
359	TCA	21694
359	TCC	18488
359	TCG	2322
359	TCT	72
359	GCC	57
359	TTG	45
359	TTC	28
359	TTA	23
359	TAC	5
359	GCA	4
359	TCR	3
359	TYA	2
360	ACT	25348
360	ACA	15330
360	ACC	1798
360	ACG	265
360	ACY	3
360	TCT	2
361	AGA	42649
361	AGG	84
361	CGA	14
362	GGA	26111
362	GGG	16564
362	GGT	59
362	GGC	8
362	RGA	3
362	GGR	2
363	GTA	22709
363	GTT	16852
363	GTC	1603
363	ATA	1415
363	ATT	69
363	ATC	53
363	GTG	31
363	GTY	6
363	GTW	2
363	GTR	2
363	RTT	2
364	CAA	27043
364	CAG	15701
364	CAR	2
365	ATT	42036
365	ATC	528
365	ATA	153
365	GTT	15
365	GTC	6
365	ATW	3
365	CTT	3
366	GCT	42385
366	GCC	208
366	GCA	110
366	GCG	40
366	GCY	2
367	TCA	42568
367	TCC	86
367	TCG	68
367	TCT	21
367	GCA	3
368	AAT	41792
368	AAC	892
368	AGT	42
368	ACT	10
368	AAY	5
368	ATT	3
369	GAG	42001
369	GAA	742
369	GAR	3
370	AAC	26670
370	AAT	16046
370	AGT	10
370	AGC	9
370	ACT	3
370	ART	3
370	AAA	2
371	ATG	26435
371	GTG	15683
371	GTA	265
371	ACG	137
371	ATA	120
371	GTT	56
371	ATT	30
371	ACA	8
371	ATC	4
371	TTG	2
371	ATR	2
372	GAT	23999
372	GAA	17787
372	GAC	602
372	GAG	341
372	GAY	8
372	GGT	3
372	GGA	3
373	AAT	23866
373	ACC	14651
373	GCA	1524
373	ACA	1441
373	GCC	595
373	AAC	175
373	ATC	139
373	ACT	114
373	GTA	82
373	GCT	66
373	GTG	14
373	ACG	14
373	GCG	11
373	TCA	9
373	CCC	8
373	RCA	5
373	ATT	5
373	AAA	4
373	TCG	3
373	ATA	3
373	AGC	3
373	TCT	3
373	AGT	2
373	AYC	2
373	ATG	2
374	ATG	42587
374	ATA	81
374	ATT	53
374	GTG	9
374	ATR	7
374	TTG	4
374	CTG	3
375	GGA	23785
375	GAC	17607
375	GAT	762
375	GGG	224
375	GAA	205
375	GGC	36
375	GTA	27
375	AAC	26
375	GRC	25
375	RAC	20
375	GTG	14
375	GAG	4
375	GGR	2
375	GMC	2
375	AAT	2
376	TCC	18397
376	TCA	17394
376	TCG	6837
376	TCT	101
376	TCR	9
376	TTC	2
376	TCM	2
376	ACC	2
376	GCC	2
377	AGC	24712
377	AAT	15710
377	AAC	1803
377	AGT	483
377	ATT	10
377	TGC	9
377	AGK	5
377	GGC	4
377	AAY	3
377	AGY	2
377	ART	2
377	AGA	2
378	ACT	26610
378	ACC	15806
378	ACA	322
378	ACG	5
378	ACY	3
379	CTT	26205
379	CTG	14938
379	CTC	898
379	TTA	540
379	CTA	118
379	TTG	39
379	MTG	2
380	GAA	41819
380	GAG	925
380	GAR	2
381	CTG	27262
381	CTA	15039
381	TTG	262
381	TTA	109
381	CTT	63
381	TTR	3
381	YTG	2
381	ATG	2
381	YTA	2
382	AGA	41946
382	AGG	789
382	AGR	6
382	CGA	4
382	CGG	2
383	AGC	40425
383	AGT	2320
384	GGG	18432
384	AGA	17758
384	GGA	5424
384	AGG	941
384	RGG	91
384	AAA	30
384	CGG	20
384	CGA	16
384	GGT	13
384	RGA	9
384	AGR	4
384	AGC	2
384	GCG	2
385	TAC	39853
385	TAT	2876
385	CAC	11
385	TAY	3
385	YAC	2
386	TGG	42747
387	GCC	39678
387	GCT	2792
387	GCA	223
387	GCG	50
387	GCY	2
388	ATA	42682
388	ATC	53
388	ATT	7
388	GTA	3
389	AGG	23295
389	AGA	19412
389	CGA	19
389	AGR	11
389	AAA	8
390	ACC	42375
390	ACT	277
390	ACA	86
390	ACG	5
390	ACY	2
391	AGG	39918
391	AGA	2775
391	AAG	16
391	AAA	14
391	CGG	13
391	AGR	6
391	ARA	3
392	AGT	40759
392	AGC	1987
393	GGA	41423
393	GGG	1263
393	GGT	45
393	GGC	8
393	GGR	7
394	GGA	41625
394	GGG	1103
394	GGT	12
394	GGR	4
395	AAC	27308
395	AAT	15388
395	AGC	23
395	ACC	16
395	AGT	8
395	CAT	2
396	ACT	24338
396	ACC	18224
396	ACA	113
396	GCC	36
396	ACG	14
396	AAC	10
396	GCT	4
396	TCC	2
396	AAT	2
397	AAT	39810
397	AAC	2855
397	AGC	33
397	AGT	31
397	ACT	5
397	AAY	5
397	ATT	4
398	CAA	41166
398	CAG	1475
398	CAC	80
398	AAA	7
398	CTA	4
398	CGA	4
398	CRA	3
398	CAT	3
398	CAR	3
399	CAG	41455
399	CAA	1248
399	CAT	30
399	CAR	11
399	ATG	3
400	AGG	25916
400	AAG	14738
400	AGA	1442
400	AAA	644
400	ARG	4
400	AGR	2
401	GCC	23985
401	GCA	18317
401	GCT	399
401	GCG	16
401	ACA	10
401	ACT	4
401	GCM	3
401	GCY	3
401	GCW	2
401	GTC	2
401	ACC	2
401	GTA	2
402	TCC	36076
402	TCT	6534
402	TCA	121
402	GCC	5
402	ACC	4
402	TCM	2
402	WCC	2
403	GCA	41671
403	GCG	793
403	GCC	178
403	GCT	64
403	ACA	24
403	TCA	11
403	GGA	2
404	GGC	39568
404	GGA	1883
404	GGG	1087
404	GGT	195
404	GGY	6
404	AGC	5
405	CAA	26100
405	CAG	16645
405	CAR	3
406	ACC	23936
406	ATC	18132
406	ATT	326
406	GTC	226
406	ATA	105
406	ACT	16
406	ACY	2
406	RCC	2
406	ACA	2
407	AGT	40674
407	AGC	2073
408	GTG	39369
408	GTT	1953
408	GTA	996
408	ATT	282
408	ATA	86
408	ACA	38
408	GTC	10
408	GTR	4
408	ATC	4
408	ATG	3
408	RTG	2
409	CAA	26220
409	CAG	16520
409	CAR	4
409	CAT	4
410	CCT	40079
410	CCC	2245
410	CCA	414
410	CCG	6
410	CCY	3
411	ACA	23372
411	ACG	16358
411	ACT	2762
411	ACC	213
411	ACR	18
411	GCA	16
411	AGT	3
411	RCA	2
411	GCG	2
412	TTT	24254
412	TTC	18493
413	TCT	24048
413	TCA	16631
413	TCG	1942
413	TCC	120
413	TCR	3
413	TCY	2
414	GTA	26457
414	GTG	16238
414	GTT	23
414	GTC	16
414	ATA	4
414	RTA	3
414	GTR	3
414	CTG	2
415	CAA	24945
415	CAG	17800
415	CAR	3
416	AGA	26857
416	CGA	14674
416	CGG	904
416	AGG	311
416	CGR	2
417	AAT	21208
417	AAC	21179
417	AGC	168
417	AGT	151
417	ACC	14
417	RAT	9
417	ACT	5
417	GAT	4
417	AAY	4
417	RAC	2
417	AAM	2
418	CTC	38155
418	CTT	2615
418	ATC	1885
418	CTA	74
418	ATT	11
418	CTY	4
419	CCA	24405
419	CCT	15970
419	CCC	2320
419	CCG	45
419	CCY	3
419	CCW	2
419	CCR	2
420	TTT	39496
420	TTC	3244
420	TTY	5
420	TGT	2
421	GAA	41676
421	GAC	648
421	GAG	300
421	GAT	122
422	AAG	23947
422	AGA	17970
422	CGA	500
422	AGG	182
422	AAA	146
422	CGG	2
423	TCA	23961
423	GCA	16112
423	GCG	2114
423	GCT	254
423	ACA	140
423	ACG	51
423	TCG	48
423	CCA	29
423	TCT	15
423	GTG	9
423	CCG	5
423	GCC	3
423	TTA	2
424	ACC	41538
424	ACT	1095
424	ACA	66
424	ATC	35
424	ACY	7
424	AYC	3
425	ATC	24118
425	GTT	12400
425	ATT	6077
425	GTC	75
425	ATA	49
425	GTG	20
425	GTA	4
425	ATY	3
426	ATG	42262
426	TTG	288
426	TTA	170
426	CTG	18
426	ATA	8
426	MTG	2
427	GCA	41587
427	GCG	796
427	GCT	336
427	GCC	23
427	GTA	2
428	GCA	41365
428	GCT	798
428	GCG	514
428	GCC	41
428	ACA	24
428	TCA	2
429	TTC	40391
429	TTT	2353
430	ACT	24247
430	AGC	14900
430	ACA	1874
430	AGT	657
430	AAA	394
430	GCA	285
430	ACC	99
430	GCT	94
430	ACG	70
430	AAT	32
430	AAG	29
430	AAC	18
430	TCT	15
430	ATT	11
430	TCC	6
430	GGC	4
430	ACY	2
430	ATA	2
430	ARC	2
431	GGA	26492
431	GGG	16110
431	GGT	125
431	GGR	9
431	GAG	2
431	GGW	2
432	AAT	26740
432	AAC	15894
432	ACC	46
432	AGT	39
432	AAY	6
432	ACT	6
432	AGC	5
432	CAT	4
432	AAA	4
432	TAC	2
433	ACG	22553
433	AAT	15425
433	ACT	2160
433	ACA	1765
433	ACC	267
433	GCT	132
433	AAC	129
433	AGT	127
433	GAT	88
433	ATG	25
433	GCA	19
433	GCG	13
433	GAA	13
433	ACR	9
433	GCC	9
433	ATT	7
433	GAC	2
433	AAY	2
433	AYG	2
434	GAG	25219
434	GAA	17524
434	GAR	3
434	GAC	2
435	GGA	39064
435	GGC	1912
435	GGT	1056
435	GGG	707
435	GGR	6
435	GRA	2
436	AGA	26901
436	CGG	15373
436	AGG	297
436	CGA	166
436	CGT	3
436	AGR	3
436	CGC	2
436	MGG	2
437	ACT	24055
437	ACA	16645
437	ACG	1905
437	ACC	118
437	TCA	6
437	TCT	5
437	AAT	5
437	ATA	4
437	AMT	2
438	TCA	24267
438	TCC	16089
438	TCT	2360
438	TCG	19
438	TCY	5
438	TCW	3
438	TCM	2
438	KCC	2
439	GAC	41936
439	GAT	809
439	GAY	2
440	ATG	42748
441	AGG	26025
441	CGA	15455
441	AGA	1228
441	CGG	32
441	AGR	4
441	MGA	3
442	GCA	24038
442	ACA	15889
442	ACT	2488
442	ACC	253
442	ACG	25
442	GCT	23
442	GCG	22
442	ATT	2
442	GCC	2
443	GAA	42333
443	GAG	412
443	GAR	3
444	ATC	26788
444	GTT	14273
444	ATT	1329
444	ATA	298
444	GTC	48
444	RTT	7
444	GTG	2
444	ATY	2
445	ATA	42671
445	GTA	38
445	ATC	28
445	ATT	7
445	ACA	2
446	AGG	25381
446	AGA	17153
446	AAA	104
446	AAG	91
446	CGA	5
446	ATA	2
446	CGG	2
446	AGT	2
446	ATG	2
447	ATG	42725
447	ATA	13
447	ACG	3
447	GTG	2
448	ATG	42746
449	GAA	42403
449	GAG	341
449	GAR	4
450	GGT	22398
450	AGT	19074
450	AGC	613
450	AAT	543
450	GAT	65
450	GTT	10
450	GGG	9
450	ART	7
450	ATT	6
450	GGA	5
450	RGT	4
450	GGC	4
450	AAC	2
450	AGA	2
451	GCA	39791
451	GCC	2817
451	GCT	46
451	GCG	40
451	ACA	20
451	GTC	12
451	TCA	8
451	ACC	4
451	GCR	4
451	GTA	3
451	RCA	2
452	AAA	25142
452	AAG	15353
452	AGA	2203
452	AGG	25
452	ACA	7
452	AAR	6
452	ARA	4
452	AAC	2
452	ATA	2
453	CCA	42391
453	CCT	182
453	CCG	102
453	TCA	37
453	CAA	12
453	CCC	8
453	ACA	6
453	CTA	4
453	YCA	2
454	GAA	28542
454	GAG	14175
454	GAC	14
454	GAT	6
454	GAR	5
454	GGG	2
454	GGA	2
455	GAA	24068
455	GAT	18403
455	GAC	235
455	GAG	31
455	AAT	4
455	GAY	2
455	RAT	2
456	GTG	24844
456	TTG	15521
456	GTT	1899
456	GTC	252
456	ATG	92
456	CTG	70
456	GTA	24
456	TTA	12
456	RTG	11
456	ATT	8
456	GTK	7
456	GTY	2
456	GCG	2
457	TCA	25575
457	TCC	15941
457	TCT	1142
457	TCG	89
458	TTC	42395
458	TTT	351
458	TTY	2
459	CGG	23252
459	CAG	18184
459	CAA	533
459	AGA	420
459	CGA	173
459	AGG	105
459	CGT	65
459	CGR	6
459	CAR	5
459	AAG	2
459	CAT	2
460	GGG	42209
460	GGA	520
460	AGG	7
460	GGR	6
460	GGT	5
461	AGG	23712
461	CGG	18701
461	AAG	157
461	AGA	113
461	CGA	55
461	ARG	8
462	GGA	42669
462	GGG	58
462	GGT	13
462	GGC	4
462	GGR	4
463	GTT	23963
463	GTC	18696
463	GTA	39
463	GCC	30
463	GTG	9
463	GTY	5
463	GYC	2
464	TTC	42689
464	TTT	56
464	TTY	3
465	GAG	42747
466	CTC	42288
466	CTT	284
466	CTA	97
466	TTC	63
466	ATC	7
466	CTY	2
466	MTC	2
466	YTC	2
467	TCA	24357
467	TCG	18292
467	TCT	71
467	TTG	14
467	TCR	3
467	ACG	3
467	TTA	3
467	GCG	2
468	GAC	42628
468	GAT	116
468	GAY	3
469	GAG	23972
469	GAA	18761
469	GGG	2
469	RAG	2
469	AAG	2
470	AAG	42637
470	AGG	60
470	AAA	50
471	GCA	42689
471	GCG	53
471	GCC	3
471	GCR	2
472	ACG	25322
472	GCG	17406
472	RCG	7
472	ACA	3
472	ACT	3
472	GCA	2
472	AYG	2
472	TCG	2
473	AAC	41965
473	AGC	694
473	ACC	48
473	GAC	26
473	CAC	5
473	AAG	4
473	AAT	2
474	CCG	42698
474	CCA	38
474	CCT	7
474	TCG	4
475	ATC	42717
475	GTC	20
475	ATT	5
475	ACC	2
475	ATA	2
476	GTG	42708
476	GTT	23
476	GTA	13
476	TTG	2
477	CCC	24088
477	CCT	18660
478	TCT	24460
478	TCC	17938
478	TCG	325
478	TCA	12
478	CCT	4
478	TTC	4
478	TCY	2
478	TCM	2
479	TTT	42675
479	TTC	53
479	TAT	7
479	TTA	4
479	TTG	4
480	GAT	23821
480	GAC	18814
480	GAA	52
480	AAT	20
480	RAT	12
480	GAG	10
480	RAC	7
480	AAC	6
480	GAW	2
481	ATG	42575
481	ATA	87
481	GTG	57
481	ACG	12
481	TTG	9
481	ATT	4
482	AGT	40723
482	AAT	1768
482	AGC	217
482	AAC	11
482	ATT	8
482	ART	7
482	GGT	5
482	AGY	3
482	TGT	2
482	ACT	2
483	AAC	22126
483	AAT	20515
483	AAA	78
483	AAY	11
483	GAT	6
483	AGT	3
483	GAC	3
483	TAC	2
484	GAA	42432
484	GAG	306
484	GAR	5
484	GTA	3
485	GGA	27182
485	GGG	15527
485	GGT	19
485	RGG	5
485	AGA	4
485	GTA	3
485	GGR	2
485	GGC	2
485	GAA	2
486	TCT	42548
486	TCC	178
486	TAT	10
486	TCY	5
486	TCG	5
487	TAT	42725
487	TAC	19
488	TTC	42730
488	TTT	15
489	TTC	42141
489	TTT	601
489	TTY	3
490	GGA	42740
490	GGG	5
491	GAC	42609
491	GAT	136
492	AAT	42606
492	AGT	63
492	AAC	61
492	ACT	13
493	GCA	42652
493	GCG	45
493	GCT	36
493	GCC	5
493	GCR	3
494	GAA	23741
494	GAG	18645
494	GAT	295
494	GAC	52
494	GAR	6
494	AAT	2
495	GAG	41846
495	GAA	869
495	GAT	27
495	GAR	2
496	TAC	24409
496	TAT	18287
496	TTT	33
496	TAY	5
496	TTC	3
496	YAC	2
497	GAC	42603
497	GAT	60
497	GAA	47
497	AAC	10
497	GAG	7
497	TAC	5
497	GGC	5
497	GAY	2
498	AAT	41024
498	AGT	1502
498	AAC	206
498	ART	4
498	ATT	3
499	TAA	26316
499	TGA	16366
499	TAG	50
499	TAR	8

#HK4801|NS1
1	ATG	42621
2	GAT	26769
2	GAA	12806
2	GAC	2848
2	GAG	137
2	AAT	25
2	RAT	13
2	RAA	10
2	GAY	5
2	GAR	2
3	TCC	41467
3	TCT	751
3	TCA	113
3	CCC	109
3	CCA	87
3	TTC	47
3	CCT	20
3	TCY	10
3	TCM	5
3	TYC	5
3	TAC	3
3	YCC	2
4	AAC	41413
4	AAT	1139
4	CAC	35
4	AAA	16
4	AAM	7
4	AGC	4
4	ACC	2
4	ATC	2
5	ACT	27976
5	ACC	14492
5	ACG	81
5	ACA	69
6	GTG	27504
6	ATG	14710
6	ATA	119
6	GTA	112
6	ACG	78
6	GTT	56
6	ATT	17
6	TTG	8
6	GCG	5
6	GAG	2
6	CTG	2
6	RTG	2
7	TCA	42357
7	ACC	84
7	TTA	68
7	TCG	33
7	TCT	31
7	ACA	29
7	TYA	6
7	TCC	5
7	GCA	4
7	CCA	2
7	TTG	2
8	AGT	24463
8	AGC	18058
8	TCG	81
8	AGY	4
8	TCA	3
8	ACC	3
8	GGT	3
8	ART	2
9	TTC	24527
9	TTT	18089
9	TTY	2
10	CAG	42613
10	AAG	5
11	GTA	42618
12	GAT	24865
12	GAC	17744
12	GAA	5
12	GAY	3
12	GAG	2
13	TGC	26874
13	TGT	15740
13	TGY	3
13	CTT	2
14	TTT	40107
14	TTC	2414
14	TAT	83
14	TTY	7
14	YTT	4
14	TCT	2
14	TAC	2
14	GTT	2
15	CTT	42395
15	CTC	96
15	CTA	83
15	ATT	38
15	TTT	4
15	CTG	3
16	TGG	42615
16	TGT	2
16	TTG	2
17	CAT	40168
17	CAC	2396
17	TAT	25
17	CAY	14
17	CAA	6
17	TAC	5
17	AAT	3
18	ATC	24906
18	ATT	14328
18	GTC	3200
18	ATA	104
18	GTT	69
18	GTA	3
18	CTC	3
18	ATY	2
18	RTT	2
19	CGG	23701
19	CGC	18673
19	CGA	77
19	AGA	74
19	AGG	60
19	CGT	15
19	CGR	11
19	CAG	5
19	YGC	3
20	AAA	27541
20	AAG	14997
20	AGA	63
20	AGG	15
20	AAR	3
21	CAA	22784
21	CGA	17403
21	CAG	1165
21	CGG	995
21	AGA	164
21	CTG	45
21	CTA	40
21	AAA	7
21	CGT	5
21	AGG	3
21	CGR	2
21	CAT	2
21	CRA	2
21	MGA	2
22	GTT	23491
22	TTT	18468
22	ATT	244
22	GCT	101
22	CTC	83
22	GTA	81
22	GTC	48
22	TTC	36
22	CTT	30
22	RTT	7
22	GCC	7
22	GCA	5
22	TCT	5
22	YTT	3
22	GTG	2
22	GTK	2
23	GTA	21889
23	GCA	18633
23	GTG	1881
23	AGC	54
23	ATA	53
23	ACA	30
23	AGT	29
23	GTC	10
23	TCA	6
23	RTA	6
23	GCG	6
23	GTR	5
23	GCT	4
23	GYA	4
23	GWA	3
23	GTT	3
23	ATG	2
24	GAC	42077
24	GAT	256
24	AAC	84
24	GGC	84
24	ATG	83
24	TAC	18
24	GAA	9
24	GAY	4
24	RAC	3
25	CAA	26824
25	AAT	15563
25	AGA	83
25	AAA	69
25	CAG	30
25	AGT	19
25	CGA	8
25	TGG	8
25	AAC	4
25	CAT	3
25	GAT	3
25	TGT	2
25	TAT	2
26	AAA	23010
26	GGA	15545
26	GAA	3230
26	AAC	488
26	GAG	143
26	GAC	87
26	GGC	37
26	GAT	34
26	GGG	16
26	AAG	13
26	AGA	10
26	CAC	2
26	CAA	2
26	AAM	2
27	CTG	23941
27	TTG	15084
27	CTA	2667
27	ATG	662
27	TTA	216
27	CTT	14
27	TCG	6
27	YTG	6
27	GTG	5
27	TTT	4
27	AAG	3
27	CAG	3
27	CTR	3
28	AGT	23703
28	GGT	18474
28	GGC	109
28	GGA	96
28	TGT	85
28	AAT	68
28	AGC	67
28	GGG	9
28	ATT	6
28	AGY	2
29	GAT	42485
29	GAC	135
30	GCC	39962
30	ACC	2413
30	GCT	179
30	GTC	19
30	TCC	14
30	GCA	12
30	GAC	5
30	RCC	4
30	GCY	3
30	ACT	2
30	CCC	2
30	GGC	2
31	CCA	42215
31	CCC	178
31	CCT	123
31	CCG	101
31	CCM	3
32	TTC	41606
32	TTT	1010
32	CTC	5
33	CTC	21965
33	CTT	19725
33	CTA	796
33	GAT	82
33	CTG	12
33	ATT	12
33	CTY	6
33	CGT	5
33	ATC	5
33	TTT	3
33	TTC	3
33	CYC	2
33	GAC	2
34	GAT	39210
34	GAC	3408
35	CGG	41947
35	AGG	536
35	CGA	69
35	AGA	57
35	CGT	10
35	CGR	2
36	CTT	26430
36	CTA	14228
36	CTC	1742
36	GTT	136
36	TTA	21
36	ATT	20
36	CTG	18
36	ATA	6
36	TTT	4
36	CTY	3
36	ATC	3
36	CTR	2
36	YTT	2
36	YTA	2
36	TTG	2
37	CGC	42346
37	CGT	132
37	CGA	46
37	AGA	45
37	CAC	12
37	TGC	11
37	AGG	9
37	MGC	8
37	AGC	6
37	CGY	2
38	CGA	41189
38	AGA	974
38	CGG	329
38	CGT	64
38	AGG	45
38	MGA	16
38	CGR	2
39	GAT	42054
39	GAC	540
39	GAA	11
39	GAY	6
39	AAT	5
39	RAT	2
39	GAG	2
40	CAG	26808
40	CAA	15777
40	CAT	13
40	CAR	12
40	CGG	6
40	AAG	4
41	AGG	22535
41	AAG	19582
41	AAA	390
41	AGA	89
41	ARG	13
41	GGG	4
41	AGR	2
41	AAR	2
41	RGG	2
42	TCC	41852
42	TCT	449
42	TCA	174
42	GCA	84
42	TCG	50
42	GCC	9
42	TCY	2
43	CTA	26651
43	TTA	15154
43	CTG	749
43	TTG	36
43	ATA	23
43	YTA	4
44	AGG	23790
44	AAA	15447
44	AGA	2925
44	AAG	245
44	ATA	165
44	CGG	21
44	CGA	6
44	AGR	4
44	AAT	4
44	ATG	3
44	GGG	2
45	GGA	41525
45	GGG	1035
45	AGA	31
45	GAA	11
45	RGA	6
45	GGR	5
45	GRA	4
45	GGT	3
46	AGA	42105
46	AGG	501
46	AAA	6
46	CGA	5
46	AGR	2
47	GGC	41105
47	AGC	1015
47	GGA	403
47	AGT	44
47	GGT	35
47	TGC	9
47	RGC	4
48	AAT	22682
48	AAC	17552
48	AGC	2143
48	ACC	63
48	AGT	59
48	AAA	53
48	GAT	24
48	ATC	19
48	AAY	9
48	ATT	5
48	GAC	3
48	ARC	3
48	CAC	2
48	TAT	2
49	ACT	26909
49	ACC	15425
49	ACA	195
49	GCT	63
49	AAT	9
49	GCC	6
49	ATC	3
49	ACY	3
49	AAC	3
49	ACG	2
50	CTC	23882
50	CTT	18571
50	ATT	133
50	CTA	22
50	ATC	7
50	MTT	2
50	TTC	2
51	GGT	26978
51	GGC	14989
51	AGC	277
51	AAC	167
51	GGA	77
51	AGT	68
51	TGT	21
51	GGG	14
51	GAT	9
51	RGT	6
51	GGY	6
51	GRT	3
51	KGT	2
51	TGC	2
52	CTA	22755
52	CTC	15541
52	CTG	3284
52	TTA	719
52	CTT	163
52	ATA	82
52	TTG	33
52	YTG	15
52	ATC	9
52	TTC	5
52	CGC	5
52	YTA	2
52	CTY	2
53	GAC	41148
53	GAT	1239
53	AAC	132
53	GAA	48
53	GGC	33
53	AAT	6
53	KAC	4
53	RAC	4
53	GAY	2
54	ATC	42020
54	ATT	218
54	GTC	208
54	ATA	62
54	CTG	56
54	CTA	27
54	ACC	13
54	TTC	5
54	AAC	5
54	ATY	2
54	GTT	2
55	AAA	37922
55	GAA	2962
55	AGA	825
55	GAG	549
55	GGT	127
55	GGC	86
55	AAG	45
55	CGT	33
55	AAC	19
55	CGA	16
55	GGA	10
55	GTT	5
55	GGG	4
55	GTA	3
55	AAT	2
55	CAA	2
55	ACA	2
55	RAA	2
56	ACA	17801
56	TCA	12278
56	GCA	11341
56	ACT	632
56	ACC	245
56	GCT	103
56	GTG	84
56	ACG	33
56	AAA	25
56	TCG	21
56	CCA	19
56	GCG	9
56	KCA	6
56	ATA	6
56	CCT	5
56	TTA	4
56	GTA	3
56	GCC	2
57	GCC	39915
57	GCT	2128
57	GCA	545
57	TCC	18
57	GCM	5
57	TCT	4
58	ACC	24020
58	ACT	18067
58	ACG	313
58	ACA	201
58	ACY	6
58	ATT	5
58	MCC	2
58	ACM	2
59	CAT	23801
59	CTT	15539
59	CGT	2514
59	CGC	332
59	TGT	151
59	ATG	80
59	TAT	43
59	TTT	33
59	TGC	32
59	CGA	17
59	AGT	15
59	ATT	13
59	CAC	13
59	CGG	13
59	CTC	6
59	AAT	5
59	ATA	3
59	CRT	2
59	CCT	2
60	GTT	34896
60	GCT	4656
60	GCG	1554
60	GAA	793
60	GCA	341
60	GTG	94
60	GAG	93
60	ATT	64
60	TTT	25
60	GTC	20
60	GCR	14
60	TCG	11
60	RTT	5
60	GGG	5
60	ACG	5
60	GAC	5
60	GTA	4
60	GCC	4
60	ATA	4
60	GYT	4
60	ACA	3
60	GAT	3
60	GTY	3
60	TCT	2
60	ATG	2
60	TTG	2
60	KCT	2
60	CTT	2
61	GGA	26314
61	GGG	16255
61	GGC	43
61	GGT	6
61	GGR	3
62	AAG	25855
62	AAA	16356
62	AGG	245
62	AGA	138
62	GAA	13
62	CGA	7
62	CAG	2
63	CAA	39430
63	CAG	2219
63	CAT	753
63	AAG	89
63	CTA	64
63	CAC	24
63	AAA	12
63	AAT	8
63	CGA	8
63	CAR	6
63	MAA	2
63	CRA	2
63	TAT	2
64	ATT	23115
64	ATC	16581
64	ATA	2834
64	ACT	28
64	GTC	15
64	ATY	13
64	GTT	10
64	ACC	7
64	ATG	5
64	AGT	3
64	CTC	2
64	GTA	2
64	TTA	2
64	AAT	2
65	GTA	19852
65	GTG	18470
65	ATA	3943
65	GTT	280
65	ATG	50
65	ATT	10
65	TTA	3
65	RTA	2
65	GCG	2
65	TTG	2
65	RTG	2
66	GAA	38671
66	GAG	3872
66	AAA	21
66	GGA	18
66	GGG	16
66	AAG	11
66	GAR	5
66	GRA	3
67	AAG	23649
67	TGG	15532
67	CGG	2143
67	CGA	433
67	CAG	251
67	AAA	217
67	AGG	215
67	GAC	69
67	CGT	31
67	GAG	15
67	CAT	13
67	AAT	12
67	GGG	11
67	AAC	8
67	TTG	3
67	TKG	2
67	WGG	2
67	GAA	2
67	AAR	2
67	CAA	2
67	ARG	2
68	ATT	41863
68	ATC	700
68	GTT	30
68	ACT	6
68	ATY	6
68	ATA	5
68	AAT	3
68	RTT	2
68	AYT	2
68	ATG	2
69	CTG	25248
69	TTG	15726
69	TTA	602
69	CTT	533
69	CTA	446
69	CTC	20
69	ATA	8
69	ATG	7
69	TTT	7
69	GTG	5
69	CTR	5
69	CAG	5
69	TCG	4
69	YTG	3
70	AAA	38945
70	GAG	1755
70	GAT	613
70	GAA	401
70	AAG	345
70	AGA	307
70	AAT	125
70	GTG	67
70	ACA	15
70	GCG	14
70	GGG	7
70	AAC	5
70	GAC	4
70	ACT	4
70	RAA	3
70	ARA	3
70	AAR	2
70	GGT	2
70	GGA	2
71	GAG	16387
71	GAA	13420
71	GGA	12351
71	AAA	179
71	GGG	94
71	AGT	78
71	AAG	50
71	AGA	20
71	GAT	12
71	GGC	9
71	GAR	6
71	GGT	4
71	RAG	3
71	RGA	3
71	AAT	2
72	GAA	40917
72	GAG	1416
72	GGG	148
72	GGA	76
72	AAA	31
72	GAC	8
72	GAR	6
72	GRA	6
72	GCA	5
72	GAM	3
72	RAA	3
73	TCT	25034
73	TCC	15819
73	TCA	847
73	CCT	678
73	TTT	48
73	ACG	39
73	ACA	33
73	CCC	28
73	TCG	15
73	TAT	14
73	ACT	13
73	TAC	12
73	TTC	9
73	CCG	7
73	CCA	6
73	TYC	4
73	ACC	4
73	TTA	3
73	YCT	3
74	GAT	26314
74	AGC	15386
74	GAC	513
74	AAT	163
74	AGT	131
74	AAC	40
74	ATC	18
74	TAT	10
74	KAT	9
74	GGC	6
74	GGT	5
74	TGC	5
74	ARC	3
74	AGA	3
74	GAY	3
74	RAT	3
74	GAA	3
74	AGY	2
75	GAG	39281
75	GAA	2740
75	GAT	350
75	AAG	184
75	GGG	39
75	GAR	7
75	RRA	5
75	GTG	3
75	AAA	3
75	GCG	2
75	AAT	2
76	GCA	26128
76	ACA	16267
76	AAT	51
76	TCA	34
76	AAC	28
76	AAA	22
76	GAA	21
76	ACG	20
76	GCG	11
76	ATA	10
76	GTA	5
76	ACC	4
76	ACT	4
76	AAG	4
76	GCR	3
76	RCA	2
76	GYA	2
77	CTT	40458
77	TTT	1042
77	CTA	607
77	CTC	363
77	TTC	62
77	ATT	37
77	CCT	16
77	CTY	6
77	TTG	5
77	CCC	3
77	TTA	3
77	YTT	3
77	CGT	2
77	MTT	2
77	CTW	2
77	CYT	2
77	GTT	2
77	TYT	2
78	AAA	26972
78	AGA	14603
78	AAG	981
78	AGG	29
78	GAA	9
78	GGA	5
78	ATA	4
78	AAR	3
78	ARA	2
78	AKA	2
78	AGT	2
78	AAC	2
78	AMA	2
79	ATG	42236
79	ATA	93
79	GTG	86
79	ATT	51
79	ACG	45
79	TTG	33
79	AAG	20
79	CTG	18
79	ACT	3
79	AYG	2
79	GTA	2
79	TTA	2
79	GCG	2
79	ATR	2
79	CTA	2
80	ACC	24680
80	ACA	12165
80	GCA	2720
80	ACT	1157
80	AGT	342
80	GCT	128
80	AAT	94
80	GCC	57
80	AAC	38
80	TCC	11
80	ACG	8
80	AGC	8
80	ATC	7
80	TCA	6
80	CCG	4
80	ACY	3
80	ATT	2
80	AYC	2
80	ACM	2
81	ATG	23933
81	ATT	17057
81	ACT	181
81	GTT	135
81	ATA	70
81	ATC	14
81	AAT	12
81	CTT	10
81	AYT	4
81	CTG	4
81	RTT	3
81	TTG	2
81	ATR	2
81	GTG	2
81	ACG	2
81	ATK	2
82	GTC	23656
82	GCA	15391
82	GCT	1804
82	GCC	452
82	GCG	54
82	GTT	27
82	ACT	22
82	GTA	9
82	ATC	5
82	GAT	5
82	TCT	3
82	GCY	2
82	GTY	2
83	TCA	24965
83	TCT	16149
83	TCC	291
83	TCG	15
83	TTA	6
83	TCR	2
83	CCA	2
84	ACA	23826
84	GTA	15774
84	GTG	1413
84	GCA	146
84	ATA	110
84	AGC	52
84	AGT	50
84	GCG	21
84	GTT	16
84	ACG	10
84	ATG	9
84	GTC	5
84	AAT	4
84	RTA	3
84	AAG	3
84	GGT	3
84	TTA	3
84	STA	2
85	CCT	39280
85	CCG	1667
85	CCA	1134
85	CCC	282
85	CTG	88
85	CTT	75
85	TCG	34
85	TCT	13
85	TCA	12
85	YCA	8
85	YCT	5
85	CYT	4
85	CAT	3
85	CCY	3
85	CAA	2
85	MCT	2
86	GCT	25664
86	ACT	15738
86	ACG	581
86	ACC	317
86	GTT	91
86	GCG	88
86	TCT	40
86	GCA	18
86	TCC	18
86	GCC	17
86	ACA	10
86	ATT	7
86	GYT	5
86	GAT	4
86	AGT	4
86	AYT	3
86	AAT	2
86	KCT	2
86	GMT	2
86	RCT	2
87	TCG	38767
87	TCA	2190
87	CCA	1026
87	TTG	237
87	CCG	206
87	CCT	90
87	TCT	65
87	TTA	10
87	CCC	9
87	TCR	5
87	YCG	3
87	ACG	2
87	ACA	2
87	MCA	2
88	CGA	23296
88	CGT	14347
88	CGC	4028
88	CAA	354
88	AGA	235
88	CGG	222
88	CAT	40
88	CAC	29
88	TGC	19
88	TGT	12
88	CAG	9
88	CGY	6
88	CTT	4
88	AGT	4
88	CGR	4
88	CRA	3
88	MGA	2
88	CRT	2
89	TAC	41699
89	TAT	914
89	TGC	3
89	TAY	3
90	ATA	24059
90	ATT	14106
90	CTA	3117
90	CTT	533
90	CTG	323
90	ATC	223
90	TTA	81
90	CAA	56
90	ATG	33
90	TTG	32
90	GTA	24
90	CTC	7
90	YTA	6
90	CTR	3
90	ATR	3
90	GTC	2
90	ATY	2
90	GTT	2
90	AYT	2
91	ACT	26308
91	TCT	14725
91	GCT	886
91	AGT	320
91	ACC	150
91	ACA	86
91	ATT	52
91	TCA	43
91	CCT	10
91	TCC	9
91	RCT	6
91	AAT	6
91	AGC	5
91	TTT	4
91	AYT	3
91	ACY	2
91	TAT	2
92	GAC	41701
92	GAA	530
92	GAT	371
92	GGC	13
92	GAY	3
92	GAG	2
93	ATG	42574
93	ATA	30
93	ATR	11
93	CTG	3
94	ACT	26863
94	ACC	15595
94	AGC	79
94	ACA	31
94	TCT	13
94	GCC	13
94	AGT	9
94	AAT	6
94	GCT	4
94	AYC	2
94	ACY	2
95	ATT	23821
95	CTC	16577
95	CTT	1827
95	ATA	85
95	ATC	80
95	GTT	75
95	CCC	60
95	CTA	39
95	ACT	21
95	TTC	6
95	AGT	5
95	CTM	3
95	MTT	3
95	CYC	3
95	AYT	2
95	ATG	2
95	CTY	2
95	CGT	2
96	GAG	39534
96	GAA	3035
96	GAT	26
96	GGG	9
96	AAG	6
96	GAC	3
96	GAR	3
96	RAG	2
97	GAA	41416
97	GAG	1132
97	AAA	43
97	GAC	13
97	GGA	6
97	GAT	5
97	GAR	4
98	TTG	19610
98	ATG	18660
98	CTG	4140
98	ATA	121
98	TTA	53
98	CTT	14
98	GTG	7
98	ATR	4
98	CTA	3
98	TTR	3
98	AYG	2
99	TCA	41045
99	ACA	926
99	TCG	533
99	AGC	71
99	AGT	13
99	TCC	13
99	TCT	7
99	GCA	5
99	WCA	3
99	TTG	3
100	AGA	24865
100	CGA	15551
100	AGG	1926
100	AAG	207
100	CGG	28
100	AAA	27
100	ARA	5
100	CRA	4
100	AGR	3
100	CAA	2
101	AAC	23699
101	GAC	17735
101	GAT	867
101	GAA	169
101	AAT	41
101	GAG	33
101	AGC	32
101	GGC	15
101	AAA	11
101	ACC	5
101	GRC	3
101	GAY	2
101	RAC	2
101	CAC	2
102	TGG	42586
102	TGT	13
102	TTG	9
102	TKG	4
102	CGG	3
102	AGG	2
103	TTC	41264
103	TTA	795
103	TTT	142
103	TCC	99
103	GTC	87
103	TAC	85
103	CTC	64
103	TTG	55
103	ATC	6
103	YTC	4
103	TTM	4
103	TYC	4
103	TTY	3
103	TAT	3
103	GTA	2
104	ATG	42573
104	ATA	22
104	AGG	6
104	GTG	5
104	TTG	4
104	ACG	4
104	ATT	3
105	CTA	23580
105	CTT	14263
105	CTC	4297
105	CTG	425
105	ATC	18
105	TTA	14
105	ATA	9
105	ATT	4
105	CYA	3
105	CTR	2
105	MTT	2
106	ATG	41523
106	ATA	448
106	ATT	404
106	GTG	193
106	ATC	21
106	ACG	18
106	AAG	4
106	ACA	2
106	WTG	2
107	CCC	26536
107	CCT	15694
107	CCA	382
107	CCG	2
107	GCC	2
107	CCY	2
108	AAG	24865
108	AGG	15567
108	AAA	1264
108	ACG	799
108	AAT	41
108	AGA	33
108	ATG	21
108	CAG	6
108	GGG	5
108	AGT	4
108	GAG	4
108	AAR	3
108	ARG	2
108	ATA	2
108	RAG	2
109	CAG	25070
109	CAA	17514
109	AAG	6
109	CAR	6
109	CAT	5
109	AAA	5
109	CTG	4
109	CGG	3
109	CRA	2
109	CAK	2
109	CGA	2
110	AAA	26834
110	AAG	15661
110	CAG	75
110	AGA	11
110	GAA	9
110	AGG	9
110	AAT	7
110	AAC	5
110	AAR	4
110	MAG	2
110	ACG	2
111	GTG	26251
111	ATA	14848
111	ATG	1150
111	ACA	174
111	GTA	145
111	GTT	16
111	ATT	9
111	GCG	7
111	GTR	4
111	CTG	3
111	TTG	2
111	KTG	2
111	AYA	2
111	GYG	2
112	GAA	23753
112	ATA	15587
112	GCA	946
112	ACA	745
112	GTG	467
112	GCT	347
112	ATG	287
112	GCG	206
112	GTA	112
112	GAG	80
112	ACT	26
112	TCA	11
112	ACC	9
112	GTT	8
112	GWA	5
112	RTA	4
112	GGA	4
112	AYA	3
112	TTA	3
112	ATC	2
112	AAC	2
112	ATT	2
112	AAA	2
112	ACG	2
113	GGA	23016
113	GGC	16474
113	GGT	2252
113	GGG	867
113	GGR	3
113	AGC	3
113	AGA	2
114	CCT	39360
114	TCC	2797
114	CCC	229
114	TCT	99
114	GGT	50
114	GGC	28
114	ACT	14
114	TCA	7
114	CAT	6
114	AGC	5
114	CTT	5
114	CCA	3
114	ACA	3
114	CCY	3
114	YCC	2
114	TTC	2
114	AGT	2
114	CCW	2
115	CTT	41789
115	CTA	337
115	CTG	282
115	CTC	134
115	TTA	31
115	TTT	24
115	ATT	13
115	CTY	4
115	YTT	2
115	YTG	2
116	TGC	40672
116	TGT	1803
116	ATG	52
116	ATA	31
116	TGG	20
116	TAC	11
116	AGC	8
116	TTC	8
116	CGC	7
116	TAT	2
116	GTA	2
117	ATC	25891
117	GTG	15271
117	ATT	967
117	GTT	254
117	GTA	121
117	GTC	73
117	ATG	19
117	TTG	7
117	ATA	4
117	ACC	3
117	GTR	3
117	RTG	2
117	AYC	2
117	GTK	2
118	AGA	25218
118	CGA	15454
118	AAA	1634
118	AGG	168
118	CGG	81
118	CAA	51
118	AAG	3
118	CTA	3
118	AGR	2
118	ATA	2
119	ATG	27354
119	TTG	14741
119	ATA	395
119	CTG	45
119	TTA	26
119	GTG	23
119	ATT	8
119	GTA	6
119	ACA	4
119	ATR	4
119	ACG	4
119	TYG	2
119	TTK	2
119	TTR	2
119	YTG	2
120	GAC	42308
120	GAT	302
120	GAY	5
120	GAA	3
121	CAG	41387
121	CAA	1224
121	CAR	3
121	CAT	3
121	CGG	2
121	CAK	2
122	GCA	26861
122	GCG	15525
122	GCC	115
122	ACG	35
122	GCT	27
122	ACA	19
122	GCR	11
122	TCG	9
122	GTG	6
122	TCA	4
122	RCG	4
122	GYG	2
123	ATC	24985
123	GTC	14310
123	ATA	2613
123	ATG	201
123	GTT	184
123	ATT	148
123	GTA	102
123	ACC	27
123	ACA	18
123	GCC	11
123	GCA	8
123	GTY	5
123	RTA	4
123	GTM	2
124	ATG	40879
124	GTG	745
124	ATT	586
124	CTG	169
124	ACG	119
124	ATA	75
124	TTG	11
124	ACA	10
124	GTA	8
124	GTT	4
124	RTG	4
124	ATR	3
124	TTT	3
124	ATK	2
125	GAG	23653
125	GAT	15000
125	GAA	2613
125	GAC	1003
125	GGA	133
125	GGT	101
125	GGG	28
125	AAT	26
125	AAG	18
125	GGC	13
125	AAC	9
125	AGT	7
125	RAG	7
125	GAY	3
125	GCG	2
126	AAA	26952
126	AAG	15630
126	AGA	17
126	AGG	7
126	AAR	6
126	ARA	3
126	GAA	3
127	AAC	35464
127	AAA	3845
127	ACC	1660
127	AGC	1029
127	GAC	217
127	AAT	84
127	AGA	74
127	ACT	55
127	GTC	52
127	GCC	48
127	ATC	41
127	AGG	13
127	ATA	11
127	AMC	6
127	ARC	5
127	GAT	3
127	GAA	3
127	CAA	2
127	AAM	2
127	RAC	2
127	CCC	2
128	ATC	27046
128	ATA	14857
128	ATT	326
128	GTC	276
128	GTA	105
128	CTA	3
128	ATG	2
129	ATG	23736
129	GTA	14595
129	ATA	3060
129	ACA	962
129	GCA	98
129	GTG	55
129	ACG	41
129	ATC	32
129	CTA	13
129	TTA	9
129	ATT	6
129	ACT	3
129	CTG	3
129	ATR	3
129	GAA	2
130	TTA	18874
130	CTG	16179
130	TTG	7238
130	CTA	211
130	CTC	49
130	CTT	42
130	TTR	13
130	ATG	6
130	TTT	3
130	YTG	3
130	GTG	2
131	AAA	27979
131	GAA	13902
131	AGA	546
131	AAG	174
131	GAG	15
131	RAA	4
132	GCG	24625
132	GCA	17900
132	GCT	84
132	GCR	3
132	GCC	2
132	RCG	2
132	TCA	2
132	TCG	2
133	AAT	25404
133	AAC	17207
133	AAY	8
134	TTC	42547
134	TTT	65
134	CTC	5
134	TTA	2
135	AAT	23756
135	AGT	18689
135	AGC	72
135	TCT	51
135	TCA	28
135	TCG	7
135	AAC	4
135	ART	3
135	GGT	3
135	TGT	2
136	GTG	27195
136	GTA	15189
136	GTC	59
136	GTT	55
136	ATA	41
136	GCG	30
136	GTR	17
136	ATG	15
136	ATC	7
136	TTG	7
136	GCA	5
137	ATT	25336
137	ATC	16677
137	GTT	260
137	ACT	107
137	CTA	81
137	ATG	57
137	ATA	25
137	ACC	24
137	CTT	10
137	GTC	10
137	AAT	9
137	CTC	5
137	TTT	4
137	AYT	4
137	TTG	4
137	ATY	2
138	TTT	26975
138	TTC	15320
138	CTT	158
138	TAT	92
138	TGT	36
138	TCT	30
138	TTY	6
138	TKT	2
139	GGC	23372
139	AAC	15851
139	GAC	1958
139	AAT	870
139	GAT	366
139	AGC	66
139	GGT	66
139	GGA	29
139	GRC	9
139	GAG	7
139	GAA	6
139	RGC	3
139	TGC	3
139	CAC	3
139	AAY	2
139	ARC	2
139	AGT	2
140	CGA	39966
140	CGG	2388
140	CAA	175
140	AGA	30
140	CAG	24
140	AGG	15
140	CGC	6
140	CGR	5
140	CGT	5
140	CRA	2
140	MGA	2
141	CTA	24071
141	TTA	16253
141	CTG	1357
141	TTG	598
141	CTT	297
141	ATG	14
141	ATA	13
141	GTA	5
141	TTK	2
141	CTC	2
141	CTR	2
141	ATT	2
142	GAG	40209
142	GAA	2056
142	GAC	262
142	GAT	69
142	GCG	7
142	GAR	7
142	AAG	6
142	AAC	2
143	ACC	39989
143	ACT	1109
143	GCC	659
143	ACA	624
143	AAC	127
143	GCT	41
143	AAT	34
143	ACG	13
143	TCC	13
143	ACY	5
143	ATC	4
144	ATA	23798
144	TTG	15487
144	CTA	2399
144	CTG	490
144	TTA	421
144	ATG	9
144	GTA	5
144	CTT	4
144	ATT	3
144	TTR	2
145	GTA	24016
145	ATA	18249
145	GTG	114
145	GTC	85
145	ACA	61
145	ATC	47
145	ATG	15
145	RTA	9
145	GCA	7
145	GTT	6
145	ATR	4
145	KTA	2
145	ATT	2
146	TTA	18655
146	CTA	17725
146	TTG	4418
146	TCA	964
146	CTG	759
146	TCT	37
146	YTA	16
146	CTT	15
146	TTR	10
146	ATA	8
146	CTC	5
146	TCG	4
147	CTA	39323
147	CTT	1920
147	CTC	716
147	CTG	510
147	TTA	117
147	ATA	20
147	TTG	5
147	MTA	2
147	CTW	2
147	YTA	2
148	AGG	39514
148	AGA	3090
148	AAG	5
148	CGG	5
148	AGR	4
148	ARG	2
149	GCT	42488
149	GCC	65
149	GCA	51
149	GCG	11
149	GCY	2
150	TTC	41798
150	TTT	810
150	CTC	4
150	TCC	4
150	GTC	2
151	ACC	23607
151	ACT	15991
151	ACA	2340
151	ACG	640
151	TCC	13
151	AAT	12
151	ACY	6
151	GCC	2
151	ACR	2
151	TCA	2
151	ATT	2
152	GAA	26602
152	GAG	15311
152	GAT	586
152	GAC	39
152	AAG	29
152	AAA	22
152	GGA	7
152	AAC	4
152	GGG	4
152	GAR	3
152	RAG	3
152	GTA	3
152	GTG	2
152	GAK	2
153	GAG	39492
153	GAA	2876
153	GAT	104
153	GGG	56
153	GGA	29
153	AAG	22
153	ACG	12
153	GAR	7
153	GAC	6
153	RAG	4
153	GCG	3
153	AAA	3
153	CAG	3
153	AAT	2
154	GGA	41834
154	GGG	477
154	AGA	178
154	GGC	57
154	GGT	44
154	GAA	23
154	RGA	3
154	GRA	2
154	GGR	2
155	GCA	39349
155	ACA	2706
155	TCA	326
155	GTA	66
155	GCT	59
155	GCC	53
155	GCG	27
155	GAA	17
155	ATA	6
155	GYA	3
155	GMA	3
155	GGA	2
156	ATT	24317
156	ATA	15074
156	ATC	2789
156	GTA	345
156	GTT	72
156	GTC	8
156	ATY	6
156	ACA	3
157	GTT	39324
157	GTG	2531
157	GTA	414
157	GTC	254
157	ATT	78
157	GCT	10
157	GYT	3
157	GTY	2
157	RTT	2
158	GGC	24708
158	GGA	17674
158	GGT	98
158	GCT	87
158	GGG	41
158	GCA	4
158	GGY	4
158	GGM	3
158	GGR	2
159	GAA	42371
159	GAG	244
159	GAR	5
160	ATC	26505
160	ATT	15911
160	ATA	127
160	GTC	47
160	ATM	23
160	ATY	6
160	GTT	2
161	TCA	42512
161	TCT	80
161	TTA	15
161	ACA	5
161	TGT	4
161	TCC	2
161	TAT	2
162	CCA	41998
162	CCG	439
162	CCC	95
162	CAA	42
162	CCT	28
162	TCA	12
162	CTA	4
162	YCA	2
163	TTG	24328
163	TTA	18030
163	ATT	87
163	CTA	52
163	CTG	49
163	ATA	44
163	TCA	11
163	TTR	7
163	TTT	5
163	TYA	3
164	CCT	42239
164	CCC	278
164	TCT	46
164	CAT	33
164	CTT	5
164	YCT	5
164	CYT	4
164	ACT	4
164	CCY	3
164	CCG	2
165	TCT	42353
165	TCC	170
165	TAT	74
165	TTT	14
165	ACT	3
165	TYT	3
165	TCY	2
166	TTT	23963
166	CTT	18540
166	ATG	87
166	TTC	11
166	ATT	6
166	CTC	5
166	TTY	5
166	TYT	2
167	CCA	42588
167	TCA	18
167	CTA	7
167	YCA	3
167	ACA	2
168	GGA	42585
168	GGG	19
168	GRA	9
168	GGR	3
168	GAA	3
168	GGC	2
169	CAT	42519
169	CAC	83
169	TAT	10
169	AGT	4
169	CCT	3
170	ACT	42484
170	TCT	87
170	AAT	29
170	AMT	5
170	ATT	4
170	ACA	3
170	GCT	3
170	RCT	3
170	CAT	2
171	ATT	23760
171	TAT	14366
171	GAT	1034
171	AAT	739
171	GAC	699
171	GGT	613
171	CAT	398
171	GGC	231
171	AAC	229
171	AGG	114
171	GCT	83
171	AGC	82
171	ACA	76
171	GTT	38
171	ACT	30
171	AGT	30
171	GGG	20
171	TAC	13
171	TGT	13
171	GCA	11
171	GAA	9
171	CTT	9
171	ATC	5
171	TTT	4
171	AGA	3
171	YAT	2
171	RAT	2
172	GAG	41871
172	AAG	744
172	RAG	5
173	GAT	42574
173	AAT	47
174	GTC	42595
174	ATC	6
174	GTT	6
174	TTC	4
174	RTC	4
174	GTY	3
175	AAA	42559
175	AAG	56
175	CAA	5
176	AAT	42493
176	ATT	57
176	GAT	43
176	ACT	9
176	AWT	6
176	AGT	3
176	ART	3
176	MAT	2
177	GCA	42456
177	GCG	142
177	ACA	11
177	TCA	4
177	RCA	4
177	GCR	2
178	ATT	27445
178	GTT	15145
178	RTT	14
178	TTT	9
178	CTT	6
179	GGG	40412
179	GGC	1103
179	GAG	688
179	GGA	331
179	GGT	22
179	GAA	20
179	GGR	13
179	GRG	11
179	GAT	9
179	GAC	4
179	RGG	3
179	GGM	2
180	GTC	41595
180	ATC	891
180	GTT	60
180	GTA	26
180	ACC	18
180	GTY	12
180	RTC	8
180	GCC	6
180	TTC	2
181	CTC	42597
181	CTT	8
181	ATC	8
181	MTC	4
181	CTY	2
181	TTC	2
182	ATC	42414
182	GTC	159
182	ATT	25
182	ACC	13
182	ATY	7
183	GGA	42130
183	GGG	327
183	GGT	96
183	RGA	26
183	AGA	11
183	AAA	10
183	GGR	8
183	GGM	4
183	GGC	3
183	GAA	3
183	GRA	3
184	GGA	41335
184	GGG	872
184	GGC	402
184	GGR	6
184	GAA	3
185	CTT	41701
185	TTT	907
185	ATT	7
185	YTT	2
185	CTG	2
186	GAA	28511
186	GAG	14091
186	AAA	9
186	GCA	3
186	GAT	2
187	TGG	42609
187	TGT	5
187	GGG	4
187	YGG	2
188	AAT	42615
188	AGT	5
189	GAT	26963
189	GGT	15570
189	AAT	51
189	GRT	8
189	GAC	8
189	RAT	6
189	AGT	5
189	RGT	3
189	GAY	2
189	TGT	2
190	AAC	42597
190	AAY	17
190	AAT	5
191	ACA	27388
191	ACG	15086
191	TCA	88
191	AAA	19
191	GCA	11
191	ACR	6
191	AYA	5
191	ACT	3
191	TCG	3
191	AAG	3
191	ATA	2
191	AYG	2
191	ACW	2
192	GTT	42364
192	ATT	240
192	RTT	11
192	ACT	3
193	CGA	41297
193	CGG	647
193	CAA	418
193	AGG	200
193	CAG	18
193	AGA	16
193	CRA	14
193	CGR	6
193	CGT	2
194	GTC	41477
194	GGC	754
194	ATC	275
194	GCG	84
194	GTA	10
194	RTC	4
194	AGC	3
194	ACA	3
194	GTY	3
194	TTC	3
194	GTT	2
195	TCT	42475
195	ACT	141
195	CCT	3
195	WCT	2
196	AAA	23796
196	GAA	18392
196	GAG	411
196	AAG	16
196	GTA	2
197	AAT	39425
197	ACT	2639
197	ATT	193
197	GTT	191
197	AGT	99
197	GCT	63
197	TAT	2
197	CAT	2
198	CTA	26487
198	ATA	15986
198	TTA	72
198	GTA	71
198	MTA	2
199	CAG	42586
199	CAA	26
199	CAT	4
199	CAR	3
200	AGA	42598
200	AAA	8
200	GGA	5
200	ARA	4
200	AGG	2
201	TTC	42469
201	TTT	105
201	TAC	33
201	TTY	6
201	TAT	5
201	GTC	3
202	GCT	42451
202	ACT	152
202	TCT	6
202	RCT	6
202	GTT	2
202	GYT	2
203	TGG	42604
203	TGR	8
203	TRG	3
203	TGT	2
203	TKG	2
204	AGA	42130
204	GGA	397
204	AAA	67
204	AGG	12
204	AGR	4
204	RGA	4
204	ARA	3
204	TGA	2
205	AGC	40656
205	AAC	1652
205	GGC	80
205	ATC	71
205	GTC	55
205	AGA	46
205	GAC	19
205	AGT	15
205	ARC	7
205	AAG	3
205	RGC	3
205	CGC	3
205	AKC	2
205	AAA	2
205	TGC	2
206	AGT	25720
206	TGT	14838
206	CGT	875
206	AGC	654
206	ATT	162
206	GGT	161
206	AAT	46
206	GGC	45
206	AAC	45
206	TAT	26
206	ACT	10
206	TTT	7
206	GTT	7
206	CAT	5
206	ART	5
206	TGC	3
206	WGT	2
206	AGY	2
207	AAT	23568
207	GAT	17097
207	CAT	1928
207	TAT	12
207	RAT	12
208	GAG	42604
208	AAG	12
209	AAT	38850
209	GAT	2720
209	GGT	726
209	AGT	110
209	GTT	68
209	AAC	65
209	ACT	36
209	GAC	19
209	ATT	6
209	ART	5
209	RAT	3
209	AAG	3
209	GGC	2
209	AAA	2
210	GGG	42228
210	GAG	220
210	AGG	153
210	TGG	9
210	RGG	6
210	GRG	2
211	GGA	24175
211	AGA	18385
211	GAA	34
211	AAA	12
211	GRA	4
211	CGA	4
211	TGA	2
212	CCT	40730
212	CTT	1161
212	TCT	486
212	ACT	161
212	CAT	38
212	TTT	25
212	CYT	6
212	YCT	3
212	MCT	2
212	CGT	2
213	CCA	26929
213	TCA	15547
213	ACA	66
213	CTA	63
213	TTA	5
213	ATA	2
213	YCA	2
214	CTT	23210
214	CTA	15376
214	CTC	3128
214	CCT	536
214	TTA	192
214	TTC	80
214	TTT	39
214	CCA	14
214	CAC	12
214	CYT	6
214	CYA	5
214	YTA	5
214	CTG	3
214	CTY	2
214	CAT	2
215	ACT	23853
215	CCT	17800
215	TCT	781
215	GCT	122
215	CTT	35
215	ATT	10
215	YCT	5
215	MCT	3
215	AYT	2
215	RCT	2
215	CYT	2
216	CCA	41841
216	ACA	500
216	TCA	244
216	YCA	20
216	CCT	8
216	CCG	2
217	AAA	23702
217	GAG	15135
217	AAG	1542
217	AAT	971
217	GAA	533
217	AGA	226
217	AAC	172
217	GAT	89
217	ACA	76
217	CAT	74
217	ACT	39
217	ACG	18
217	GAC	8
217	AAM	6
217	GGG	5
217	AAR	3
217	GAR	3
217	TAG	3
217	GAK	3
217	GTG	2
217	AGC	2
218	CAG	41407
218	TAG	1104
218	AAG	51
218	TCG	43
218	CAR	3
218	CCG	2
218	CAT	2
219	AAA	41285
219	GAA	148
219	AAC	74
220	CGG	25247
220	TGA	15213
220	TGG	749
220	CGA	155
220	CGC	88
220	CAG	24
220	CRG	8
220	CGR	5
220	YGG	4
220	CGT	4
220	CTG	4
220	CKG	2
221	GAA	23886
221	AAA	2197
221	TAC	83
221	TAA	45
221	GAG	45
221	AGA	11
221	GGA	7
221	GAR	6
221	CAC	5
221	ACA	3
221	RAA	3
221	KAA	2
221	AAG	2
222	ATG	25200
222	CTG	510
222	GTG	507
222	TTG	30
223	GCG	25553
223	GAG	696
224	AGA	24187
224	TGA	1401
224	GGA	587
224	AAA	39
224	AGG	14
224	CGA	8
224	AGC	5
224	RGA	4
224	AGT	3
225	ACA	24164
225	GCA	574
225	AGA	49
225	CGA	38
225	CCA	9
225	ACG	3
225	ACT	3
225	RCA	2
225	AAA	2
225	TCA	2
226	GCT	22046
226	ATT	2462
226	GTT	206
226	ACT	125
226	TCT	6
227	AGG	22136
227	GAG	1684
227	GGG	665
227	AAG	332
227	GTG	20
227	ARG	5
227	RGG	2
227	RAG	2
228	TCA	24034
228	ACA	401
228	CCA	392
228	YCA	6
228	TCG	6
228	GCA	4
229	GAA	24467
229	AAA	252
229	GAG	123
229	RAA	3
230	GTT	24175
230	ATT	668
230	RTT	4
231	TGA	24766
231	CGA	79
231	TGG	2
232	AGA	76
232	GGA	5
233	ACT	43
233	AAT	23
233	GAT	15
234	AAG	81
235	ATG	74
235	GTG	7
236	GCT	70
236	GTT	11
237	AAT	45
237	GAT	36
238	TGA	81

#HK4801|PA
1	ATG	41645
2	GAA	41244
2	GAG	389
2	AAA	5
2	GAR	3
2	RAA	3
3	GAT	23911
3	GAC	17389
3	AAC	284
3	AAT	15
3	RAT	14
3	GGC	11
3	GAA	10
3	GAY	3
3	RAC	3
3	GGT	2
4	TTT	41425
4	TTC	200
4	CTT	7
4	TTY	3
4	TWT	2
4	YTT	2
4	TTA	2
4	TTG	2
5	GTG	41312
5	GTT	194
5	GTA	117
5	GTR	7
5	ATG	5
5	RTG	4
5	TTG	2
6	CGA	41278
6	CGG	228
6	AGA	115
6	CGT	8
6	CGR	5
6	CGC	5
7	CAA	40992
7	CAG	642
7	CAR	2
7	AAA	2
7	CGA	2
8	TGC	41002
8	AGC	505
8	TGT	87
8	TAC	24
8	AAC	18
8	TRC	4
8	TCC	3
9	TTC	41551
9	TTT	90
10	AAT	21344
10	AAC	20297
10	AGT	3
11	CCG	23363
11	CCA	18169
11	CCT	99
11	CCR	4
11	CCK	4
11	YCA	3
11	CCC	2
12	ATG	41609
12	ATA	25
12	ATR	5
12	AYG	2
12	ATT	2
13	ATT	24638
13	ATC	16138
13	GTC	767
13	GTT	45
13	ATA	32
13	ACT	12
13	ATY	7
13	ACC	2
14	GTC	41370
14	GTT	209
14	ATC	37
14	GTA	17
14	GTY	4
14	RTC	4
14	GCC	3
15	GAA	23396
15	GAG	18235
15	GAT	8
15	GAC	2
16	CTT	41613
16	CTC	18
16	CTA	9
16	ATT	3
16	CTW	2
17	GCA	23667
17	GCG	17934
17	GCT	25
17	GCC	13
17	GCR	3
18	GAA	41388
18	GAG	220
18	GRA	21
18	AAA	8
18	GGA	5
18	RAA	2
19	AAA	23835
19	AAG	17773
19	AGG	20
19	AGA	9
19	AAR	5
19	ARG	2
20	GCA	40422
20	ACA	1151
20	GCG	31
20	RCA	16
20	TCA	10
20	GCT	4
20	GTA	3
20	ACG	2
20	GYA	2
21	ATG	41626
21	ATR	10
21	WTG	3
21	RTG	2
21	ATA	2
22	AAA	40605
22	AAG	999
22	AGA	22
22	AAR	11
22	AGG	6
22	ARA	2
23	GAG	23654
23	GAA	17965
23	GAR	14
23	GGA	11
24	TAT	41369
24	TAC	216
24	CAT	25
24	TTT	20
24	TGT	6
24	YAT	6
25	GGG	40574
25	GGA	1051
25	GGR	10
25	GGT	4
25	GRG	3
25	GAG	2
26	GAG	23788
26	GAA	17838
26	GAR	6
26	GGG	3
26	GAT	2
26	GGA	2
26	RAG	2
26	GAK	2
27	GAT	31132
27	GAC	9489
27	AGT	599
27	AAT	240
27	AGC	61
27	AAC	47
27	GAA	30
27	TAT	15
27	GAY	7
27	RAT	7
27	RAC	6
27	TAC	3
27	ACT	3
28	CTG	23502
28	CCC	12849
28	CCG	3808
28	CCA	885
28	TCG	484
28	CCT	26
28	TCA	19
28	CTA	16
28	CYG	12
28	TTG	11
28	CTT	11
28	TCC	7
28	CAG	6
28	TCT	4
28	CAC	2
29	AAA	41526
29	AAG	102
29	AGA	13
29	ARA	2
30	ATT	26477
30	ATC	15047
30	GTC	45
30	ACC	36
30	ATA	23
30	GTT	4
30	AAT	3
30	AAC	3
30	MTT	2
31	GAA	41251
31	GAG	379
31	RAA	6
31	AAA	4
31	GCA	2
31	GAR	2
32	ACC	20214
32	ACT	18410
32	ACA	1490
32	ACG	1480
32	ATT	28
32	ATG	9
32	ACY	3
32	TCT	2
32	AAT	2
32	AAC	2
33	AAC	27784
33	AAT	13855
33	AAY	3
33	AAK	2
34	AAA	26970
34	AAG	14651
34	AGA	17
34	AGG	3
34	AAR	3
35	TTT	39514
35	TTC	2098
35	CTC	11
35	TTA	8
35	CTT	8
35	YTT	3
36	GCA	24101
36	GCT	15716
36	GCC	1694
36	GCG	123
36	ACC	2
36	GCY	2
36	ACT	2
37	GCA	40770
37	TCA	697
37	GCG	136
37	GCC	22
37	GCT	9
37	ACA	3
37	RCA	3
37	TCG	3
38	ATA	28762
38	ATT	12740
38	ATC	49
38	GTA	16
38	GTT	8
38	ATG	7
38	AYT	7
38	ACA	6
38	RTA	6
38	ATR	5
38	AYR	4
38	AYA	4
38	CTT	4
38	MYT	3
38	RTT	3
38	AKT	3
38	MTT	3
38	WTT	3
38	ACT	2
38	AWA	2
38	ABT	2
38	RYR	2
38	CTA	2
39	TGC	41506
39	TGT	134
39	TGY	2
40	ACT	23340
40	ACA	17424
40	ACG	485
40	ACC	383
40	ATA	5
40	AYA	2
40	ATT	2
41	CAC	24327
41	CAT	17306
41	CAY	6
41	CAA	4
42	TTG	39419
42	TTA	1787
42	CTA	276
42	CTG	128
42	ATG	18
42	TYA	5
42	TTR	4
42	YTG	3
42	TTT	2
43	GAG	24223
43	GAA	17419
43	GAR	2
44	GTG	23223
44	GTT	14512
44	GTC	3054
44	GTA	627
44	ATC	165
44	ATT	44
44	GCC	5
44	GCG	3
44	GCT	2
44	ATA	2
44	ACA	2
44	GTR	2
45	TGT	39407
45	TGC	2227
45	TGY	8
45	TRT	3
46	TTC	41597
46	TTT	40
46	TYC	3
46	TTA	2
46	CTC	2
47	ATG	41641
48	TAT	40390
48	TAC	1241
48	TTT	8
48	TAY	2
49	TCA	24306
49	TCG	16566
49	TCT	750
49	TGG	6
49	TCC	4
49	TTG	3
49	TCR	3
50	GAT	40435
50	GAC	1202
50	GAY	6
51	TTC	40739
51	TTT	897
51	CTC	5
51	TTA	2
52	CAT	38414
52	CAC	3221
52	CAY	4
52	AAC	2
52	CAK	2
53	TTC	39637
53	TTT	2003
53	TTY	3
54	ATC	25684
54	ATT	15189
54	ATA	724
54	GTT	16
54	ATG	10
54	ATY	7
54	CTT	6
54	GTC	5
54	ATM	2
55	AAT	23580
55	GAT	15254
55	GAC	2636
55	AAC	156
55	GAY	9
55	AGT	4
55	RAT	2
55	GGT	2
56	GAA	40254
56	GAG	1370
56	GGA	5
56	GAC	4
56	GAR	4
56	GCA	4
57	CAA	23447
57	CGG	14588
57	CGA	2119
57	CAG	795
57	AGG	329
57	AGA	264
57	CTG	33
57	CGT	22
57	TGG	13
57	AAA	13
57	CAR	4
57	MGG	2
57	CGR	2
57	MAA	2
58	GGC	25658
58	GGT	15351
58	GGA	348
58	AGT	232
58	GGM	18
58	AGC	13
58	GGG	8
58	RGC	4
58	GGY	3
58	GRT	3
58	AAT	2
58	TGC	2
58	GGS	2
59	GAA	40414
59	GAG	1075
59	GAT	39
59	GGA	36
59	GGG	28
59	AAA	23
59	GAC	11
59	GTA	6
59	GAW	2
59	GMA	2
59	GRA	2
60	TCA	41411
60	TCG	159
60	CCA	55
60	TCT	10
60	ACA	4
60	GCA	2
60	YCA	2
61	ATA	39971
61	ATC	557
61	ACT	502
61	ACC	146
61	GTA	143
61	ATG	100
61	ACA	96
61	ATT	50
61	AAA	32
61	GTG	17
61	CTA	12
61	AAG	4
61	TTA	4
61	AYA	3
61	RTA	2
61	GCA	2
62	GTA	21235
62	ATT	17579
62	GTG	1890
62	ATA	664
62	ATC	183
62	GTT	56
62	GTR	8
62	ACT	8
62	ATG	4
62	TTA	4
62	RTT	3
62	TTG	2
62	RTA	2
62	GTC	2
62	RTG	2
63	GTA	38380
63	GTG	1566
63	ATA	819
63	GCA	724
63	TTA	101
63	GTT	14
63	GTR	10
63	RTA	5
63	CTA	4
63	GGA	3
63	ATG	2
63	GCC	2
63	ACA	2
63	GAA	2
63	GWA	2
64	GAA	40978
64	GAG	636
64	GAT	11
64	GRA	6
64	GAR	6
64	GGA	3
64	GAC	3
65	CTT	23518
65	TCT	17273
65	TCC	332
65	ACT	204
65	TCG	169
65	CCT	50
65	TCA	31
65	TTT	20
65	CTC	14
65	ATT	8
65	TAT	7
65	GCG	6
65	CAT	4
66	GAC	22614
66	GGT	15661
66	GGC	1871
66	GAT	997
66	GGA	321
66	AGT	70
66	GGG	39
66	AGC	22
66	GAG	22
66	GGR	7
66	GAY	5
66	GRT	4
66	RGT	2
66	GAA	2
66	AAT	2
67	GAT	26629
67	GAC	14987
67	AAT	25
67	GAY	2
68	CCA	38508
68	CCG	2919
68	CCT	84
68	CTG	49
68	CCC	27
68	TCA	18
68	TCG	18
68	TCT	8
68	CCR	6
68	CAG	2
68	CCW	2
68	CTA	2
69	AAT	41313
69	AAC	329
70	GCA	40611
70	GCG	595
70	GCT	248
70	GTA	89
70	GTG	49
70	ACA	20
70	GCC	14
70	GYA	4
70	GYG	3
70	TCA	3
70	GAA	2
71	CTG	24155
71	CTA	14027
71	TTA	1938
71	TTG	1355
71	CTT	128
71	CTC	23
71	YTG	4
71	ATA	3
71	CTR	3
71	ATG	2
72	TTA	22786
72	TTG	17715
72	CTG	1033
72	CTA	84
72	TTR	11
72	ATG	8
72	CTR	3
73	AAG	34720
73	AAA	6904
73	AAR	11
73	AGA	4
73	AGG	4
74	CAC	41011
74	CAT	626
74	CAM	3
74	YAC	2
75	AGA	23673
75	CGA	17728
75	CGG	178
75	AGG	51
75	CGT	5
75	MGA	3
75	CGR	2
75	CGC	2
76	TTT	41089
76	TTC	556
77	GAA	25501
77	GAG	16139
77	GAR	3
77	GAC	2
78	ATA	41526
78	GTA	71
78	ATT	22
78	CTA	13
78	ATC	4
78	TTA	2
78	ACA	2
78	ATR	2
79	ATC	23885
79	ATT	17551
79	ATA	193
79	ATY	5
79	GTT	4
79	GTC	3
79	ATM	2
80	GAG	22916
80	GAA	18718
80	GAR	5
80	RAG	3
80	GRA	2
81	GGG	25420
81	GGA	16154
81	GGT	66
81	GRG	2
82	AGA	40892
82	AGG	699
82	CGA	47
82	AGR	2
82	ATA	2
83	GAC	41156
83	GAT	481
83	GGC	4
83	GAY	2
84	AGA	18450
84	CGA	17126
84	AGG	5658
84	CGG	200
84	CGC	125
84	CGT	43
84	AAA	16
84	AGR	15
84	ACA	2
84	ARA	2
84	CAA	2
84	CGR	2
85	ACA	26073
85	ATC	14375
85	ACT	557
85	ACG	275
85	ACC	179
85	GCA	43
85	GTC	31
85	ATT	30
85	ATA	22
85	CCA	19
85	AAT	14
85	TCA	6
85	GCG	5
85	GCC	5
85	AAC	4
85	AGC	2
86	ATG	41136
86	TTG	270
86	GTG	123
86	ATA	71
86	CTG	15
86	ATT	14
86	ATR	8
86	GTT	3
86	TTA	3
87	GCC	39652
87	GCT	1703
87	GCA	279
87	GCM	6
87	GGC	3
88	TGG	41644
89	ACA	41072
89	ACG	293
89	ACT	244
89	GCA	18
89	ACC	7
89	ASA	3
89	ACR	3
89	RCA	2
90	GTA	24027
90	GTG	17436
90	GTT	81
90	ATA	38
90	ATG	16
90	RTA	11
90	GTR	11
90	GCA	8
90	GCG	6
90	GTC	3
90	TTA	2
90	GGG	2
91	GTA	24635
91	GTG	16766
91	GTT	179
91	ATA	29
91	ATG	11
91	RTG	8
91	GTC	5
91	RTA	4
91	GTR	3
92	AAC	38945
92	AAT	2688
92	AAY	6
92	RAC	2
93	AGT	41242
93	AGC	396
93	AGY	3
93	GGT	2
94	ATC	26460
94	ATA	14476
94	ATT	625
94	GTT	59
94	CTT	6
94	GTC	5
94	CTC	4
94	GTA	3
94	ATY	2
94	ATM	2
95	TGC	26795
95	TGT	14839
95	TGY	5
95	WGC	3
96	AAC	41490
96	AAT	143
96	CAC	3
96	AAG	2
96	AAA	2
97	ACT	23528
97	ACA	14907
97	ACC	3163
97	AAT	17
97	ACG	6
97	GCC	6
97	AMT	6
97	ACY	3
97	AAC	3
97	ATC	2
97	ACW	2
97	GCT	2
98	ACT	23396
98	ACA	17543
98	ACG	507
98	GCA	72
98	ACC	58
98	TCA	53
98	ACR	4
98	AAT	3
98	GTA	2
98	AYT	2
99	GGA	25969
99	GGG	15428
99	GGT	82
99	AGG	43
99	GAA	37
99	GAG	24
99	AGA	21
99	GRA	18
99	GGC	12
99	GGR	7
99	RGA	2
100	GCT	23450
100	ATA	13634
100	GTC	2340
100	GTA	1455
100	GTT	347
100	GCC	162
100	ATG	70
100	ACT	67
100	ATC	47
100	ATT	23
100	GCA	18
100	GCG	8
100	ACA	8
100	GMT	3
100	TCT	2
100	RCT	2
101	GGA	22730
101	GAG	15991
101	GAA	1442
101	GAT	1010
101	AAT	208
101	GGG	115
101	AGA	79
101	GAC	31
101	GGT	9
101	GTG	9
101	AAG	4
101	GTA	4
101	AAC	3
101	RGA	3
101	GGR	2
102	AAA	24858
102	AAG	16784
102	AAR	2
103	CCG	23120
103	CCT	16178
103	CCC	1589
103	CCA	743
103	CCR	9
103	CCY	2
103	CMG	2
104	AAG	23646
104	AAA	17856
104	AGG	90
104	AGA	18
104	AAC	17
104	AAT	12
104	GAG	2
105	TTT	39623
105	TTC	1495
105	CTT	372
105	TCC	97
105	TAT	23
105	TCT	10
105	TAC	10
105	GTT	3
105	TGT	3
105	TTA	2
105	TTG	2
106	CTA	20799
106	CTT	15456
106	TTA	2673
106	CTC	2595
106	CTG	109
106	CTR	7
106	ATT	2
107	CCG	24057
107	CCT	14736
107	CCA	2782
107	CCC	62
107	CCR	6
108	GAT	41152
108	GAC	489
108	KAT	2
109	TTG	38907
109	CTG	1412
109	TTA	1292
109	CTA	19
109	TTR	8
109	CTT	3
109	GTG	2
109	YTG	2
110	TAT	40995
110	TAC	646
111	GAT	38181
111	GAC	3456
111	GTC	5
111	GAY	2
112	TAC	41438
112	TAT	183
112	TAY	6
112	TAM	6
112	CAC	4
112	TAS	4
113	AAA	35830
113	AAG	5776
113	AGA	16
113	AAR	10
113	ARA	3
113	WAA	2
113	RAA	2
113	CAA	2
114	GAG	36021
114	GAA	5582
114	AAG	15
114	GAR	5
114	KAG	4
114	RAG	3
114	GGG	3
114	GAT	3
114	AAA	2
114	RAA	2
115	AAC	40330
115	AAT	1192
115	GAC	44
115	AGC	42
115	AGT	9
115	GAT	6
115	AAA	5
115	AAM	5
115	RAC	3
115	AWT	2
116	AGA	23693
116	CGG	14547
116	CGA	2850
116	AGG	232
116	CGT	216
116	CGC	84
116	AAA	9
116	CGK	5
116	AGR	4
116	CGR	2
117	TTC	41518
117	TTT	119
117	TTY	5
117	YTC	2
118	ATC	23559
118	ATT	17185
118	GTT	620
118	ACC	151
118	ATA	67
118	GTC	42
118	CTC	6
118	CTT	4
118	ACT	4
118	ATM	3
118	ATY	2
119	GAA	41456
119	GAG	181
119	GAR	6
120	ATT	41428
120	ATC	149
120	GTT	38
120	ATA	20
120	CTT	4
120	ATY	2
120	RTT	2
121	GGA	41267
121	GGG	307
121	GGT	34
121	GGC	24
121	AGA	8
121	GGR	3
121	RGA	2
122	GTG	25683
122	GTA	15907
122	ATA	33
122	GTT	11
122	GTR	4
122	GCG	2
122	GCA	2
123	ACA	40591
123	ACG	1010
123	ACC	37
123	ACT	5
123	TCA	2
124	AGG	23396
124	CGG	16250
124	AGA	1120
124	CGA	861
124	AGR	5
124	CGR	5
124	CGT	4
124	MGG	2
124	ARG	2
125	AGA	36930
125	AGG	4343
125	CGG	360
125	ARA	4
125	CGA	3
125	AGR	3
126	GAA	39752
126	GAG	1096
126	GAT	765
126	GGA	11
126	GAC	9
126	GAW	6
126	GAR	3
126	GRA	2
127	GTC	38518
127	GTT	2796
127	ATC	237
127	GCC	29
127	ATT	25
127	GTA	14
127	GCT	10
127	RTC	4
127	CTC	3
127	GTG	2
127	CTT	2
127	GTY	2
127	GYC	2
128	CAC	41110
128	CAT	512
128	AAC	9
128	CAA	7
128	CAY	4
128	CCC	2
129	ATA	40754
129	ATG	333
129	ACA	278
129	TTA	91
129	CTA	89
129	GTA	52
129	ATC	9
129	ATR	9
129	AYA	7
129	ACC	6
129	ATT	5
129	ACG	5
129	RTA	3
129	TCA	2
129	WTA	2
130	TAT	38469
130	TAC	3161
130	TRT	6
130	TAY	3
131	TAC	40249
131	TAT	1389
131	TAY	5
131	TRC	2
132	CTT	23362
132	CTA	17168
132	CTG	843
132	TTA	157
132	CTC	70
132	ATT	12
132	TTT	10
132	TTG	7
132	ATG	6
132	CTR	3
132	ATA	2
133	GAA	25646
133	GAG	15970
133	GAR	7
133	AAG	3
133	RAA	3
133	GAT	3
133	GRG	2
133	GMA	2
133	GRA	2
133	RAG	2
134	AAG	23823
134	AAA	17816
134	AAR	3
135	GCC	40555
135	GCA	928
135	GCT	124
135	GCG	14
135	GTC	8
135	ACC	6
135	GCM	4
135	TCC	3
136	AAT	24980
136	AAC	16640
136	AGT	8
136	GAT	7
136	ART	2
136	AAY	2
136	AAG	2
137	AAG	25281
137	AAA	16341
137	AAR	8
137	AGA	5
137	AGG	5
137	ARG	2
138	ATT	22597
138	ATA	18033
138	ATC	998
138	ATY	6
138	ATG	3
138	RTA	2
138	ATK	2
139	AAA	41185
139	AAG	444
139	AGA	13
139	AAC	3
140	TCT	37931
140	TCC	1880
140	TCA	1735
140	TCG	54
140	ACT	17
140	TTT	8
140	CCT	6
140	GCT	5
140	TCY	2
141	GAG	40469
141	GAA	1082
141	GAT	46
141	GGG	18
141	RAG	14
141	GAR	7
141	GRG	3
141	GAK	2
141	GRA	2
142	AAC	23188
142	AAG	16549
142	AGG	746
142	AAA	605
142	AAT	234
142	GAG	184
142	AGA	72
142	ACG	14
142	GAC	14
142	AGC	5
142	GAT	5
142	ARC	4
142	ATG	4
142	RAC	3
142	GGG	3
142	AAR	3
142	ARG	2
142	CGG	2
143	ACA	41437
143	ACC	108
143	ACG	79
143	ACT	9
143	GCA	5
143	ATA	4
144	CAC	41033
144	CAT	592
144	CAA	7
144	TAC	5
144	YAC	3
144	CAM	2
145	ATT	40045
145	ATC	1476
145	ATA	107
145	GTT	10
145	ATY	2
145	GTC	2
145	ACT	2
146	CAC	40636
146	CAT	1002
146	CAY	5
147	ATT	24927
147	ATC	14668
147	ATA	2046
147	ATY	4
148	TTT	38348
148	TTC	3291
148	TTY	4
149	TCA	41358
149	TCG	239
149	TCT	29
149	TCC	15
149	TCR	3
150	TTC	41146
150	TTT	492
150	TTY	3
151	ACT	41084
151	ACA	263
151	ACC	197
151	AAT	50
151	ACG	20
151	ATT	18
151	AYT	4
151	GCT	3
151	ACY	3
152	GGG	23672
152	GGA	17935
152	GGC	21
152	GGR	8
152	GGT	7
152	GRG	2
153	GAG	39949
153	GAA	1684
153	GAR	5
153	GAT	3
153	GGG	2
154	GAA	25916
154	GAG	15727
155	ATG	41484
155	CTG	98
155	ATA	37
155	ATR	12
155	TTG	9
155	ATT	3
156	GCC	40010
156	GCA	1114
156	GCT	502
156	GTC	4
156	GCG	4
156	RCC	4
156	GYC	2
157	ACA	22746
157	ACC	17433
157	ACG	896
157	ACT	558
157	ACY	2
157	GCC	2
157	AGC	2
158	AAG	19829
158	AAA	17867
158	AGG	3755
158	AGA	127
158	GGG	38
158	ARG	10
158	AAT	5
158	AAR	4
158	GAG	3
159	GCA	24405
159	GCG	16242
159	GCT	843
159	GCC	118
159	TCG	7
159	ACA	7
159	RCA	5
159	TCA	5
159	ACG	3
159	GCR	3
159	GAA	2
160	GAC	40278
160	GAT	1047
160	GAA	273
160	GAG	17
160	GAY	14
160	GAM	8
160	AAC	6
161	TAC	40302
161	TAT	1302
161	CAC	28
161	TTT	5
161	TTC	5
162	ACT	25341
162	ACC	16187
162	ACA	44
162	TCC	21
162	ATT	18
162	ATC	16
162	ACG	5
162	GCC	4
162	ACY	3
162	ART	2
162	RCT	2
163	CTC	22839
163	CTT	18131
163	CTA	609
163	ATT	22
163	ATC	19
163	CTG	11
163	CTM	8
163	TTA	3
164	GAC	38952
164	GAT	2673
164	GAY	11
164	GAS	4
164	RAC	2
165	GAG	23699
165	GAA	17856
165	GAT	83
165	GAR	7
166	GAA	26838
166	GAG	14802
166	GAR	3
167	AGC	41124
167	AGT	518
167	AGY	2
168	AGG	25997
168	AGA	15620
168	CGA	12
168	AGR	12
168	CGG	3
169	GCT	23557
169	GCA	17764
169	GCG	271
169	GCC	44
169	GCY	6
169	GCW	2
170	AGG	23738
170	AGA	17810
170	CGA	90
170	AGR	5
171	ATC	38433
171	ATT	2844
171	ATA	347
171	ATY	12
171	GTC	4
172	AAA	40873
172	AAG	760
172	ACA	2
172	AAM	2
172	CAA	2
172	AAR	2
173	ACC	26668
173	ACT	14769
173	ACA	171
173	ACG	35
174	AGG	40646
174	AGA	753
174	CGG	219
174	CGA	23
174	AGR	3
175	CTG	25521
175	CTT	14569
175	CTA	717
175	CTC	604
175	TTG	222
175	TTA	7
175	CTK	2
175	CTR	2
176	TTT	23512
176	TTC	18117
176	TAC	12
176	TTY	2
176	GTT	2
177	ACC	25352
177	ACT	16014
177	ACA	159
177	ACG	106
177	ATC	7
177	ACY	2
177	ATT	2
178	ATA	41476
178	ATC	155
178	ATT	7
178	ATR	2
178	GTA	2
179	AGA	39142
179	AGG	2488
179	CGA	7
179	CGG	2
180	CAA	40386
180	CAG	1252
180	CAR	4
180	CAC	2
181	GAA	40036
181	GAG	1606
181	GAR	2
182	ATG	41578
182	CTG	62
182	TTG	3
182	CTA	2
183	GCC	41157
183	GCT	365
183	GCA	110
183	GTC	9
184	AAC	23192
184	AGT	16500
184	AGC	1432
184	AAT	269
184	GGT	217
184	ATT	12
184	ACT	7
184	GGC	5
184	AAY	3
184	RGT	2
185	AGA	24105
185	AGG	17500
185	AAG	14
185	AGR	11
185	AAA	4
185	GGG	3
185	ATG	3
186	GGC	24024
186	AGT	14436
186	GGT	3005
186	GGG	60
186	AGC	40
186	GGA	34
186	AAT	28
186	GCC	11
186	GGY	3
187	CTC	23496
187	CTA	16708
187	TTA	1026
187	CTG	271
187	CTT	75
187	ATC	25
187	ATA	24
187	TTG	10
187	CTM	3
187	MTA	3
188	TGG	41644
189	GAT	41481
189	GAC	152
189	GAG	8
189	GAY	3
190	TCC	41502
190	TCA	83
190	TCT	36
190	CCC	15
190	TCM	3
190	TTC	3
190	TCY	2
191	TTT	41620
191	TTC	20
191	TTY	5
192	CGT	41524
192	CGC	46
192	CAT	30
192	TGT	11
192	MGT	10
192	AGT	6
192	CGY	6
192	CTT	6
192	CGA	3
192	CRT	2
193	CAG	39783
193	CAA	1826
193	CTG	18
193	CAT	10
193	CAR	3
193	CAK	2
193	AAG	2
194	TCC	41112
194	TCT	507
194	TCA	19
194	TCY	5
195	GAA	38614
195	GAG	3028
195	GAR	2
196	AGA	41514
196	AGG	87
196	AAA	29
196	AGT	5
196	CGA	4
196	ARA	2
197	GGC	41506
197	GGA	97
197	GGT	29
197	GGY	4
197	GGM	2
197	GAC	2
197	AGC	2
198	GAA	41543
198	GAG	96
198	GGA	2
199	GAA	33621
199	GAG	7995
199	GAT	12
199	GAR	7
199	GAC	4
199	GGA	4
200	ACA	41481
200	ACG	159
200	ATA	2
200	GCA	2
201	ATT	41481
201	GTT	73
201	ATC	48
201	ACT	33
201	ATA	3
201	GTC	2
201	AYT	2
202	GAA	41463
202	GAG	178
202	RAA	2
202	GAR	2
203	GAA	41535
203	GAG	107
203	GAT	3
204	AAA	25318
204	AAG	12853
204	AGA	2575
204	AGG	890
204	AAR	7
205	TTT	41477
205	TTC	165
205	TTY	2
206	GAA	29700
206	GAG	11917
206	AAA	6
206	GGA	5
206	GAR	4
206	GTG	3
206	GCA	3
206	GAC	2
206	GGG	2
207	ATC	25929
207	ATT	15684
207	GTT	8
207	ATA	8
207	GTC	5
207	CTT	4
207	ATM	3
207	ATY	2
207	RTT	2
208	ACA	40763
208	GCA	281
208	ACT	247
208	ACC	110
208	TCA	104
208	ACG	65
208	AAA	33
208	ATA	16
208	AAG	10
208	ATT	5
208	AGA	3
208	AMA	3
208	RCA	2
209	GGA	40780
209	GGG	825
209	AGA	20
209	GGR	8
209	GGT	6
209	GGC	4
210	ACT	37554
210	ACC	3794
210	ACA	237
210	GCT	24
210	ATT	13
210	ACG	12
210	ACY	4
210	AYC	2
211	ATG	41548
211	ATA	46
211	GTG	22
211	ATT	9
211	ACG	5
211	ATC	4
211	CTG	4
211	ATR	3
211	TTG	2
211	ATK	2
212	CGC	40621
212	CGT	802
212	CGA	170
212	CAC	23
212	CAT	10
212	CTC	9
212	TGC	4
212	CGY	2
212	YGC	2
213	AGG	26878
213	AAG	14405
213	AGA	234
213	AAA	72
213	CGG	32
213	AAT	13
213	AAK	4
213	RGG	2
213	ATG	2
213	ARG	2
214	CTT	41494
214	CTC	121
214	CTA	10
214	TTT	10
214	CTG	5
214	ATT	3
215	GCC	40190
215	GCT	1136
215	GCA	299
215	GCM	6
215	GCY	5
215	GCG	4
215	GGC	3
215	ACC	2
216	GAC	40131
216	AAC	1033
216	GAT	433
216	RAC	19
216	GAA	7
216	GGC	7
216	GAY	6
216	GTC	3
216	TAC	2
216	AAT	2
216	CAC	2
217	CAA	41604
217	CAG	24
217	CTA	10
218	AGT	40745
218	AGC	891
218	AGY	6
218	GGT	3
219	CTC	41290
219	CTT	197
219	CTA	152
219	ATC	2
220	CCA	40994
220	CCG	243
220	CCC	213
220	CCT	195
221	CCG	27656
221	CCA	13948
221	CCT	22
221	CTG	5
221	CCK	4
221	CCR	4
221	ACG	2
221	CYG	2
222	AAC	41435
222	AAT	170
222	AGC	12
222	CAC	12
222	AAY	7
222	AAA	6
222	ARC	3
223	TTC	41526
223	TTT	118
224	TCC	41329
224	CCC	242
224	TCT	28
224	TCA	24
224	ACC	7
224	TTC	4
224	TYC	3
224	YCC	2
225	TGC	23772
225	AGC	17431
225	AGT	221
225	AAC	158
225	GGC	39
225	AAT	6
225	TGT	5
225	ARC	3
225	AGY	3
225	WGC	2
226	CTT	41244
226	CTC	293
226	TTT	43
226	ATT	41
226	TTC	8
226	CTG	6
226	YTT	4
226	MTT	2
226	CTA	2
227	GAG	23464
227	GAA	18112
227	AAA	30
227	GGA	17
227	GAC	7
227	AAG	3
227	GAT	3
227	GAR	2
227	RAA	2
227	GCG	2
227	GRA	2
228	AAT	24638
228	AAC	16873
228	AGC	62
228	AAA	25
228	ACC	10
228	AAY	9
228	AGT	7
228	ACT	6
228	ATT	5
228	TAT	2
228	CAC	2
229	TTT	27818
229	TTC	13817
229	TTY	5
229	YTC	2
230	AGA	41589
230	AGG	49
230	CGA	3
230	AAA	2
230	AGR	2
231	GCC	41438
231	ACC	72
231	GCA	65
231	GCT	30
231	GTC	21
231	GCY	7
231	ATC	5
231	TCC	4
231	KCC	2
232	TAT	41606
232	TAC	35
232	CAT	3
233	GTG	26507
233	GTA	14775
233	GTC	195
233	ATA	133
233	GTT	28
233	GTR	6
234	GAT	41590
234	GAC	48
234	AAT	5
234	TAT	2
235	GGA	41458
235	GGG	131
235	AGA	36
235	RGA	6
235	GGR	5
235	GGT	4
235	GRA	2
235	GAA	2
236	TTC	41261
236	TTT	377
236	TTY	5
237	GAA	26809
237	GAG	14405
237	AAA	367
237	AAG	17
237	GTA	13
237	GAR	10
237	RAA	9
237	GAT	6
237	GGG	2
237	GCA	2
237	AGA	2
238	CCG	40556
238	CCA	1036
238	CCT	22
238	CCR	7
238	TCG	5
238	GCG	4
238	ACG	3
238	CTG	3
238	CCC	3
238	CYG	2
238	YCG	2
239	AAC	41264
239	AAT	350
239	AAY	13
239	ATC	10
239	AGC	4
239	AAA	3
240	GGC	40293
240	GGA	1224
240	GGT	76
240	AGC	27
240	GGM	14
240	GGG	8
241	TGC	41239
241	TAC	244
241	TGT	116
241	CGC	12
241	TTC	12
241	TRC	10
241	TAT	6
241	YGC	3
241	AGC	2
242	ATT	41579
242	ATA	44
242	ATC	12
242	CTT	7
242	GTT	2
243	GAG	41481
243	GAA	148
243	GAT	5
243	GAR	4
243	GGG	3
243	GTG	2
244	GGC	41177
244	GGT	439
244	GGA	18
244	AGC	8
244	GCC	2
245	AAG	41486
245	AAA	148
245	AAR	8
245	AAT	2
246	CTT	41526
246	CTG	78
246	CTC	25
246	CTA	9
246	CTY	3
246	CTK	2
247	TCT	27043
247	TCC	14466
247	TCA	126
247	TCY	7
247	KCT	2
248	CAA	41424
248	CAG	219
248	CTA	2
249	ATG	41637
249	CTG	2
249	GTG	2
249	ATA	2
249	ATT	2
250	TCC	23551
250	TCA	17946
250	TCG	68
250	TCT	34
250	CCA	17
250	CCC	7
250	TTA	5
250	ACC	3
250	GCA	3
250	TGT	2
250	TCY	2
250	TTC	2
250	ACA	2
251	AAA	40731
251	AAG	880
251	AGA	23
251	AAR	4
251	ARA	4
251	AGG	2
252	GAA	41341
252	AAA	125
252	GAG	90
252	GAC	32
252	GGA	22
252	GTA	9
252	RAA	8
252	GRA	8
252	GAT	5
252	AAG	3
253	GTG	40981
253	GTA	462
253	GTT	197
253	GTC	2
253	GTR	2
254	AAT	24600
254	AAC	16399
254	AGT	538
254	AGC	68
254	GAT	14
254	GAC	7
254	AAY	6
254	AAA	5
254	AMT	2
255	GCC	40633
255	GCT	778
255	GCA	227
255	GCG	2
255	TCT	2
256	CAA	23450
256	AAA	14926
256	AGA	2529
256	AGG	441
256	CGA	192
256	CAG	48
256	AAG	42
256	CAC	4
256	CGG	3
256	AAC	2
257	ATT	41087
257	ATC	485
257	ATA	49
257	GTT	11
257	TTT	5
257	ATY	3
257	ACT	2
258	GAA	38824
258	GAG	2778
258	GAC	27
258	AAA	5
258	GGA	2
258	AAG	2
258	GRA	2
259	CCT	23605
259	CCA	17869
259	CCG	85
259	CCC	31
259	TCA	11
259	CTT	10
259	CAA	8
259	CCR	5
259	CTA	3
259	ACA	3
259	GCT	2
259	ACT	2
259	CCY	2
259	CAC	2
259	TCT	2
260	TTT	26046
260	TTC	15581
260	GTT	12
260	TTA	2
261	CTG	23215
261	TTG	16417
261	ATG	816
261	CTA	806
261	CTT	116
261	GTG	91
261	TTA	89
261	ATA	47
261	TTT	13
261	CAG	9
261	TCG	5
261	CTC	3
261	ACA	3
261	AGG	2
261	TTK	2
261	CTR	2
262	AAG	26139
262	AGG	14594
262	AAA	583
262	AGA	263
262	GAG	28
262	AAT	13
262	ACG	9
262	ATG	4
262	ARG	3
262	RAG	2
262	ACA	2
263	ACA	26778
263	ACG	14292
263	AAA	307
263	GCA	59
263	ACT	44
263	ATG	43
263	GCG	35
263	GAA	18
263	AAG	16
263	TCG	15
263	ACC	14
263	AGA	7
263	TCA	3
263	AYG	3
263	GGA	2
263	GCT	2
263	AAT	2
264	ACA	41224
264	ACG	326
264	ACC	77
264	ACT	6
264	TCA	5
265	CCA	41395
265	CCC	105
265	CCG	101
265	CCT	29
265	YCA	7
265	CTA	2
265	TCA	2
266	AGA	23281
266	CGC	17436
266	CGT	390
266	CGA	168
266	CAC	139
266	AGG	125
266	CGG	45
266	AAA	30
266	TGC	7
266	AGC	4
266	TGT	4
266	GGA	3
266	ARA	2
266	YGC	2
267	CCA	23525
267	CCC	13652
267	CCT	4165
267	CCG	141
267	TCT	47
267	TCC	37
267	TCA	31
267	CTT	19
267	CTC	11
267	CAC	3
267	CAT	3
267	CAA	3
268	ATC	23378
268	CTC	17371
268	CTA	456
268	CTT	198
268	ATT	99
268	TTC	89
268	GTC	16
268	CTG	14
268	ATA	12
268	YTC	4
268	CTY	3
269	AAA	24226
269	AGA	17029
269	AGG	246
269	AAG	48
269	ATA	37
269	CGA	18
269	GAA	8
269	ARA	8
269	GGA	8
269	AAC	8
269	AGR	3
269	AGC	2
269	AKA	2
270	CTT	23346
270	TTA	14686
270	TTG	2245
270	CTA	1056
270	CTC	168
270	CTG	97
270	TTT	9
270	TCA	7
270	TTC	5
270	ATT	5
270	ATA	5
270	TTR	4
270	CCA	3
270	YTT	3
270	CTY	2
271	CCT	41118
271	CCG	273
271	CCC	151
271	CCA	73
271	CAT	6
271	CTT	6
271	CCY	5
271	TCT	4
271	YCT	3
271	ACT	3
272	AGT	21362
272	GAT	16700
272	AAT	2751
272	GAG	457
272	GAC	75
272	GGT	60
272	ATT	56
272	AGC	48
272	GGG	35
272	GAA	32
272	ACT	22
272	AAC	14
272	AAA	7
272	ART	6
272	RAT	3
272	GTT	3
272	GRT	3
272	TGC	2
272	TAT	2
273	GGA	37113
273	GGG	4335
273	GGC	135
273	GGT	44
273	GGR	8
273	GGS	6
273	AGA	2
274	CCT	40488
274	CCC	799
274	CCA	175
274	TCT	53
274	CAT	52
274	CCG	24
274	CTT	19
274	ACT	9
274	GCC	8
274	CCY	6
274	YCT	5
275	CCT	24568
275	CTT	14416
275	CCC	2179
275	CCA	306
275	TTT	66
275	CTC	41
275	TCT	23
275	ATT	11
275	CTA	10
275	CAA	5
275	TCC	5
275	CCG	5
275	CGT	3
275	CAT	2
275	CYT	2
276	TGT	24321
276	TGC	17315
276	GGC	5
276	TGY	2
277	TAT	23320
277	CAT	14332
277	TCT	2443
277	TCC	945
277	TGT	209
277	CAC	165
277	TTT	72
277	TTC	40
277	TAC	33
277	CCC	25
277	TCA	23
277	CCT	9
277	ACC	5
277	TAY	4
277	TGC	3
277	TYT	3
277	CGT	3
277	CAG	2
277	CAY	2
277	CTT	2
278	CAG	40985
278	CAA	648
278	CAR	8
279	CGG	23042
279	CGA	17788
279	AGG	736
279	AGA	23
279	CGT	22
279	CGR	14
279	CAG	6
279	MGA	3
279	CGS	2
279	CGC	2
279	CAA	2
280	TCC	23557
280	TCA	15536
280	TCG	2459
280	TCT	72
280	ACA	7
280	ACC	6
280	CCG	3
281	AAA	21212
281	AAG	20427
281	AAR	2
282	TTC	41085
282	TTT	545
282	TCC	4
282	TAC	3
282	TTY	3
283	CTC	23525
283	CTG	14816
283	TTG	2267
283	TTA	830
283	CTT	103
283	CTA	95
283	ATG	2
284	CTG	40799
284	TTG	370
284	CTA	264
284	ATG	146
284	CTT	44
284	CTR	8
284	YTG	4
284	CAG	2
284	CWG	2
284	CTC	2
285	ATG	41632
285	ACG	5
285	GCG	2
285	ATA	2
285	ATT	2
286	GAT	41557
286	GAC	69
286	AAT	15
286	GGT	3
287	GCT	38467
287	GCC	2624
287	GCA	168
287	GCG	146
287	GGC	92
287	TCC	85
287	TCT	39
287	GCY	12
287	ACT	3
287	RCT	3
287	GGY	2
288	TTG	22995
288	CTG	15466
288	CTT	1859
288	TTA	790
288	CTA	368
288	CTC	143
288	YTG	13
288	TTR	5
288	ATG	3
289	AAA	41260
289	AAG	384
290	TTG	23155
290	TTA	16466
290	CTA	1377
290	CTG	620
290	CTT	8
290	TTR	7
290	YTG	7
290	TTT	2
290	YTA	2
291	AGC	39654
291	AGT	1853
291	GGC	58
291	AAC	53
291	TGC	7
291	AGY	5
291	ATC	4
291	CGC	2
291	AGA	2
291	AAT	2
292	ATT	40015
292	ATC	1554
292	ATA	47
292	GTT	14
292	GTA	4
292	GTC	4
292	ATY	3
293	GAA	40507
293	GAG	1110
293	GAR	18
293	GTG	3
293	GGA	2
293	GAC	2
294	GAC	40040
294	GAT	1524
294	AAC	38
294	GAA	28
294	GAY	5
294	GAM	3
294	RAC	2
294	GTC	2
295	CCA	24504
295	CCG	17054
295	CCT	71
295	CCC	7
295	CCR	3
296	AGT	39131
296	AGC	2309
296	AAT	118
296	AAC	48
296	ACT	9
296	GGT	8
296	AGY	7
296	ATC	3
296	GAT	2
296	GGC	2
296	ART	2
297	CAC	38132
297	CAT	3472
297	TAC	32
297	CAY	5
298	GAA	25467
298	GAG	16156
298	GAT	8
298	AAG	6
298	GAR	3
298	RAG	2
299	GGA	23966
299	GGG	17618
299	GGT	44
299	GGC	10
299	AGG	2
300	GAA	38878
300	GAG	2752
300	GAR	6
300	GRA	2
300	AAA	2
300	GGA	2
301	GGG	24824
301	GGA	15441
301	GGT	878
301	GGC	492
301	GGR	9
302	ATC	23404
302	ATA	18143
302	ATT	68
302	GTA	13
302	GTC	9
302	RTC	4
302	RTA	2
303	CCA	39954
303	CCG	1560
303	CCT	68
303	CCC	61
304	TTA	23365
304	CTA	17431
304	CTG	529
304	TTG	279
304	CTT	12
304	ATA	9
304	YTA	7
304	ATT	5
304	TTR	4
304	CTR	2
305	TAT	41154
305	TAC	377
305	TGT	44
305	TTT	29
305	CAT	19
305	CAC	10
305	YAT	4
305	TRT	3
305	TAY	2
306	GAT	41597
306	GAC	42
306	GAY	4
307	GCA	29535
307	GCG	11979
307	GCT	85
307	GCC	29
307	GCR	8
307	TCA	5
308	ATC	40768
308	GTC	440
308	ATA	273
308	ATT	128
308	ACC	15
308	CTC	6
308	CTA	6
308	RTC	2
308	ATG	2
308	AAC	2
309	AAG	23871
309	AAA	17702
309	AGA	27
309	ARG	13
309	AGG	11
309	AAT	8
309	AAR	7
310	TGC	40984
310	TGT	652
310	TGY	7
311	ATA	23371
311	ATG	18214
311	TTG	17
311	TTA	8
311	ATR	6
311	GTA	6
311	ATT	6
311	ACA	5
311	CTA	3
311	CTG	3
311	RTG	2
312	AAA	24248
312	AAG	17190
312	AGA	174
312	AGG	15
312	AAT	10
313	ACA	40766
313	ACG	548
313	ACT	302
313	ACC	15
313	GCA	7
313	CCA	2
313	AAA	2
314	TTC	38914
314	TTT	2725
314	TTY	2
315	TTT	38819
315	TTC	2785
315	TAT	10
315	CTT	7
315	CTC	5
315	TTG	4
315	TAC	4
315	YTC	3
315	TCT	2
315	TGC	2
316	GGA	23535
316	GGC	17060
316	GGG	907
316	GGT	129
316	GAC	5
316	GGR	4
317	TGG	41641
317	TGR	2
318	AAA	41245
318	AAG	392
318	AGA	7
319	GAA	23902
319	GAG	17395
319	GAT	287
319	GAC	29
319	GGG	12
319	AAG	9
319	AAT	3
319	GCG	2
320	CCT	38350
320	CCC	3233
320	CCA	28
320	CCG	17
320	TCT	9
320	TCC	3
321	TAT	23021
321	AAA	13949
321	AAC	3396
321	AAT	635
321	TGT	251
321	CAT	132
321	AGC	76
321	TAC	55
321	AAG	21
321	ACT	21
321	CAC	18
321	ACC	16
321	ATC	14
321	GGC	6
321	TCT	5
321	GAC	4
321	YAT	3
321	AGT	3
321	WAT	3
321	AAM	3
321	TTT	3
321	TMT	2
321	AGA	2
322	ATA	38175
322	ATT	1499
322	ATC	1155
322	ACA	532
322	GTT	121
322	GTA	83
322	GTC	32
322	ATG	27
322	CTA	6
322	RTA	3
322	AYA	3
322	ATW	2
323	GTC	37861
323	GTA	1653
323	ATC	1537
323	GTG	291
323	GTT	155
323	ATA	53
323	ATT	40
323	GCC	23
323	GCA	14
323	RTC	5
323	GYC	5
323	RTA	2
324	AAA	41378
324	AAG	256
324	AGA	6
324	AAR	4
325	CCA	40679
325	CCT	471
325	CCG	339
325	TCA	68
325	CCC	44
325	CTA	14
325	CAA	8
325	GCA	6
325	ACA	4
325	YCA	4
325	CMA	3
325	CAT	3
326	CAC	23601
326	CAT	18037
326	CAY	3
327	GAA	25268
327	GAG	15786
327	GAC	222
327	AAG	206
327	CAG	59
327	GGA	28
327	GGG	20
327	GAT	18
327	AAA	18
327	GTG	7
327	GTA	3
327	GAR	3
327	CAA	2
327	RAA	2
327	GRG	2
328	AAG	24748
328	AAA	16547
328	AGA	263
328	AGG	72
328	AAR	4
328	GAA	4
328	CGA	2
329	GGA	23556
329	GGC	17497
329	GGT	470
329	GGG	109
329	GGY	6
329	GGR	4
330	ATA	27684
330	GTA	13676
330	ATT	127
330	ACA	85
330	GTG	17
330	GCA	15
330	ATC	12
330	RTA	7
330	ATG	7
330	AGA	5
330	GTT	4
330	GTR	2
331	AAT	39524
331	AAC	2111
331	AGT	5
331	AAY	3
332	TCA	23378
332	CCC	17611
332	CCA	219
332	CCT	195
332	TCC	124
332	TCG	31
332	CTC	22
332	CCG	20
332	GCA	11
332	ACA	8
332	CAC	6
332	ACC	6
332	YCA	3
332	YCC	3
332	CAT	2
332	WCA	2
333	AAT	41208
333	AAC	431
333	AAY	2
334	TAC	39053
334	TAT	2583
334	TAY	4
334	TGC	2
335	CTG	18811
335	CTC	16855
335	CTA	5278
335	CTT	357
335	TTC	203
335	TTG	52
335	TTT	33
335	TTA	18
335	CTR	11
335	ATC	8
335	GTC	4
335	YTA	3
335	CTY	3
335	YTC	3
336	CTG	26370
336	ATG	14634
336	TTG	345
336	CTA	145
336	CTT	78
336	TTA	22
336	ATA	15
336	YTG	7
336	CAG	7
336	CGG	6
336	CTR	4
336	ACG	3
336	MTG	3
336	GTG	2
336	ATR	2
337	TCA	23526
337	GCT	16847
337	ACT	1039
337	GCC	73
337	ACC	62
337	TCG	39
337	GCA	19
337	GTT	16
337	TCT	9
337	ACA	5
338	TGG	41640
339	AAG	40151
339	AAA	1435
339	AGG	42
339	AAR	7
339	AGA	4
340	CAA	24755
340	CAG	16879
340	CAR	3
340	CTG	3
341	GTA	23961
341	GTG	16402
341	GTT	1030
341	ATG	117
341	ATA	54
341	GTC	18
341	TTA	16
341	TTG	16
341	GCG	8
341	CTG	7
341	GTR	6
341	RTG	3
341	ATT	2
341	RTA	2
342	CTG	24896
342	CTA	16184
342	TTG	402
342	TTA	80
342	CTT	30
342	ATG	20
342	CAA	17
342	ATA	10
342	CTR	3
343	TCA	23810
343	GCA	16806
343	ACA	304
343	GCC	214
343	TCT	173
343	TCG	115
343	GCG	81
343	GCT	65
343	GAA	33
343	GTA	8
343	RCA	8
343	TCC	6
343	TTA	5
343	ACC	5
343	GCW	4
343	TCR	2
343	GCR	2
344	GAA	26171
344	GAG	15463
344	GAR	5
345	TTG	23347
345	CTA	14539
345	CTC	2730
345	CTT	725
345	CTG	170
345	TTA	95
345	ATA	30
345	YTG	3
345	ATT	2
346	CAG	38109
346	CAA	3477
346	CAT	25
346	CTG	10
346	CGG	5
346	CAR	4
346	AAG	4
346	CGA	3
346	GAG	2
346	CAK	2
347	GAC	39509
347	GAT	2049
347	AAC	29
347	GGC	17
347	GAA	17
347	GGT	7
347	GAY	5
347	RAC	5
347	GAM	3
348	ATT	40302
348	CTT	1036
348	ATC	99
348	TTT	74
348	ATA	48
348	GTT	40
348	ACT	24
348	ATY	6
348	AAT	5
348	ATG	4
348	MTT	3
348	AGT	2
349	GAA	39751
349	GAG	1771
349	GGA	86
349	AAA	11
349	GRA	10
349	GAR	5
349	GAC	5
349	RAA	4
350	AAT	41204
350	AAC	207
350	AGT	115
350	ATT	56
350	ACT	22
350	GAT	14
350	CAT	6
350	ACC	6
350	AAA	6
350	AAG	5
350	ART	2
351	GAG	24794
351	GAA	16641
351	GAT	124
351	GGA	41
351	GGG	27
351	GRG	3
351	GTG	3
351	RAG	3
351	GRA	3
352	GAG	40506
352	GAT	700
352	GAA	370
352	GAC	20
352	AAG	14
352	GGG	8
352	GAK	8
352	GAR	6
352	AAT	5
352	RAG	2
352	AAA	2
352	GGT	2
353	AAG	30152
353	AAA	11137
353	AAT	182
353	AGG	79
353	ACA	27
353	AGA	24
353	CAG	11
353	AAR	10
353	ARA	5
353	ACG	4
353	ATT	3
353	ARG	3
353	GAT	2
353	RAG	2
353	GAG	2
354	ATT	24378
354	ATC	16989
354	GTT	111
354	GTC	47
354	ATA	35
354	ACC	32
354	ACT	25
354	CTC	7
354	ATY	7
354	AAC	3
354	GCC	3
354	AAT	2
354	ATM	2
355	CCA	41286
355	CCG	173
355	CCC	96
355	CCT	70
355	TCA	5
355	CTA	4
355	CCR	3
355	CYA	2
355	TCT	2
356	AGA	23815
356	AGG	14671
356	AAA	2053
356	AAG	1089
356	AGR	4
356	ARG	3
356	ARA	3
356	AAR	2
356	CGA	2
357	ACA	22139
357	ACT	19289
357	ACC	83
357	GCA	51
357	ACG	25
357	GCT	12
357	GTT	8
357	ATA	7
357	ATT	7
357	AAT	5
357	AAA	4
357	AYA	4
357	RCA	3
357	ACW	2
358	AAA	24337
358	AAG	17279
358	AAR	11
358	AGG	8
358	AGA	4
359	AAC	41335
359	AAT	254
359	ACC	18
359	AGC	15
359	ARC	11
359	AMC	4
359	CAC	3
359	ATC	2
360	ATG	41585
360	TTG	16
360	ATA	14
360	CTG	11
360	ACG	4
360	ATT	3
360	ATR	3
360	GTG	3
360	RTG	2
361	AAG	40079
361	AGG	944
361	AAA	581
361	AGA	20
361	AAT	5
361	AAR	4
361	GAG	3
361	RAG	2
361	ARG	2
361	ACG	2
362	AAA	40093
362	AGA	1374
362	AAG	155
362	GAA	6
362	AAR	4
362	ARA	4
362	RAA	2
362	AAT	2
363	ACG	23401
363	ACA	18158
363	ACT	59
363	GCA	8
363	ACR	7
363	AAA	2
364	AGT	24209
364	AGC	16898
364	GGC	337
364	AAC	122
364	AAT	22
364	GGT	19
364	ATC	18
364	AGY	6
364	ACC	3
364	ARC	3
364	ACT	2
365	CAA	40815
365	CAG	754
365	CAR	32
365	CAT	20
365	CCA	11
365	CAC	9
366	CTG	22900
366	TTG	16207
366	TTA	1826
366	CTA	655
366	ATG	24
366	CTT	13
366	CTR	8
366	TTR	4
366	YTG	4
367	AAG	40717
367	AAA	505
367	AGG	401
367	AAR	5
367	AGA	5
367	ATG	4
367	AAT	2
368	TGG	41642
369	GCT	23124
369	GCA	18056
369	GCC	336
369	GCG	42
369	ACA	30
369	GTA	28
369	TCA	8
369	GCY	6
369	GTT	5
369	RCA	4
370	CTT	26071
370	CTC	15502
370	CTA	45
370	CTG	19
371	GGT	41494
371	GGC	112
371	GGG	35
371	GGA	2
372	GAA	38215
372	GAG	3417
372	GAR	5
372	GAT	3
372	GTA	2
373	AAC	25076
373	AAT	16550
373	AGT	6
373	AAA	5
373	AGC	4
373	AAY	2
374	ATG	41557
374	ATA	45
374	AGG	15
374	ACG	10
374	CTG	5
374	GTG	5
374	ATT	3
374	AKG	2
375	GCA	41233
375	GCG	193
375	GCC	116
375	GCT	98
376	CCA	38252
376	CCT	2812
376	CCG	570
376	CCC	6
377	GAG	23939
377	GAA	17686
377	GAR	16
378	AAG	24856
378	AAA	16774
378	AAR	11
379	GTA	27512
379	GTG	13276
379	ATG	710
379	ATA	80
379	GTT	18
379	TTG	16
379	GTC	11
379	RTA	6
379	RTG	6
379	GTR	3
379	GCA	3
380	GAC	40332
380	GAT	1291
380	GAY	8
380	GGC	5
380	GAA	4
380	AAC	2
381	TTT	41406
381	TTC	231
381	CTT	2
381	ATT	2
381	TTY	2
382	GAA	23250
382	GAT	15187
382	GAG	3008
382	GAC	176
382	GAR	7
382	GGA	4
382	AAA	4
382	RAA	2
383	AAC	23214
383	GAC	17001
383	GAT	1174
383	AAT	162
383	GAA	50
383	AGC	24
383	GAG	6
383	RAC	2
383	CAC	2
383	ACC	2
383	GAY	2
383	AAY	2
384	TGC	28391
384	TGT	13246
384	TGY	3
384	AGC	2
385	AGA	23401
385	AAA	17603
385	AAG	582
385	AGG	45
385	AAR	4
385	CAA	2
385	ARA	2
385	ACA	2
385	ATA	2
386	GAC	23667
386	GAT	17906
386	GAA	25
386	AAT	20
386	GGT	15
386	GAY	4
386	AAC	3
387	ATA	23288
387	GTT	16327
387	GTC	1065
387	ATT	369
387	GTA	276
387	ACA	158
387	ATC	111
387	ATG	12
387	TTT	11
387	GTG	11
387	RTT	5
387	GCT	2
387	MTA	2
388	AGC	24537
388	GGA	14349
388	AGT	867
388	GGT	733
388	AAC	652
388	GGC	163
388	GGG	135
388	AAT	62
388	AGA	50
388	ATT	39
388	ATC	17
388	GAA	10
388	GTA	6
388	GTT	5
388	AGG	5
388	AGY	3
388	GAT	3
388	RGC	2
389	GAT	26435
389	GAC	15179
389	GAY	27
390	TTG	23675
390	CTT	14339
390	CTA	2012
390	CTC	825
390	CTG	698
390	TTA	82
390	CTY	5
390	TTR	5
391	AAA	21777
391	AAG	18947
391	AGA	523
391	CGA	220
391	AGG	128
391	AAR	15
391	ACA	7
391	CAA	7
391	GAG	5
391	ATG	3
391	GCA	2
391	GAA	2
391	ARG	2
391	CGG	2
392	CAA	24266
392	CAG	17372
392	CAR	5
393	TAT	40808
393	TAC	813
393	TTT	13
393	TAY	3
393	GAT	2
393	TRT	2
393	TGT	2
394	GAT	23608
394	GAC	17443
394	AAC	369
394	AAT	122
394	GGC	34
394	GAA	25
394	GGT	11
394	GAG	6
394	RAC	5
394	GAY	5
394	CAA	4
394	RAT	4
394	GTC	2
395	AGT	40798
395	AGC	794
395	AAT	30
395	GGT	9
395	ART	8
395	AGY	2
396	GAA	22804
396	GAT	17741
396	GAC	888
396	AAT	63
396	GAG	60
396	GTT	26
396	TAT	23
396	GGT	9
396	GGA	7
396	AAA	7
396	AAC	3
396	GAR	2
396	GCA	2
397	GAA	26296
397	GAG	15246
397	GGA	35
397	AAA	17
397	GTA	12
397	GAT	7
397	GGG	6
397	GTG	6
397	GRA	5
397	RAG	4
397	AAG	2
397	GAR	2
397	RAA	2
398	CCT	23746
398	CCA	17599
398	CCG	217
398	CCC	77
399	GAA	24251
399	GAG	17074
399	AAG	84
399	GAC	71
399	GGA	57
399	GAT	26
399	GGG	26
399	AAA	24
399	AAT	8
399	GAR	7
399	GTA	3
399	GGT	3
399	GCG	2
399	AAC	2
400	TTA	23256
400	CCC	14542
400	CCT	1483
400	TCT	953
400	CTC	639
400	TCC	228
400	TTG	152
400	TCA	126
400	ACT	99
400	CAG	37
400	CTA	19
400	GCT	19
400	CTT	12
400	TTT	12
400	CCA	11
400	ATT	8
400	CAA	7
400	GTA	6
400	CAT	5
400	ACC	5
400	ATA	5
400	AAT	3
400	WTA	2
400	TAT	2
400	CAC	2
400	YTA	2
401	AGG	22238
401	AGA	19270
401	AAA	117
401	AGR	7
401	CGA	6
402	TCA	25417
402	TCT	15143
402	TCG	1000
402	TTG	32
402	TCC	32
402	TTT	5
402	TYG	5
402	GCA	4
403	CTT	23424
403	CTA	15987
403	TTA	1223
403	ATA	476
403	TTG	208
403	CTG	194
403	CTC	72
403	TTT	46
403	CCT	5
403	CYA	2
403	ATT	2
404	TCA	24288
404	GCA	17097
404	GCG	116
404	TCG	100
404	GCT	11
404	ACA	10
404	CCA	10
404	KCA	6
404	YCA	2
405	AGC	40671
405	TGT	652
405	AGT	174
405	TGC	69
405	GGC	37
405	AAC	16
405	ATC	8
405	ARC	5
405	AKC	3
405	TTG	3
405	AGY	3
406	TGG	41640
406	AGG	3
407	ATA	22234
407	GTC	14936
407	ATC	1613
407	ATT	1304
407	ATG	1166
407	GTT	294
407	GTA	52
407	GCC	10
407	GTG	5
407	RTC	4
407	ACA	4
407	ATY	3
407	ACC	3
407	GTY	3
407	AYA	3
407	ATR	2
407	CTC	2
408	CAG	24354
408	CAA	17285
408	CAR	2
409	AGT	24377
409	AAT	15780
409	AGC	1176
409	AAC	279
409	ART	18
409	AGY	3
409	GGT	3
409	GGC	2
409	AAY	2
410	GAG	24210
410	GAA	17422
410	GAR	7
410	GAT	3
411	TTC	41348
411	TTT	287
411	TAC	2
411	TTY	2
411	CTC	2
412	AAC	26912
412	AAT	14722
412	AGC	5
412	AAY	3
413	AAG	40229
413	AAA	1402
413	AGG	4
413	AAR	4
413	AAC	3
414	GCC	23395
414	GCA	17820
414	GCG	277
414	GCT	125
414	ACA	10
414	GCY	4
414	GCM	4
414	GCR	2
414	ACC	2
414	GGC	2
415	TGT	39664
415	TGC	1974
415	AGT	2
416	GAG	23500
416	GAA	18133
416	GAT	6
416	GAK	2
417	CTA	23436
417	TTG	16827
417	TTA	860
417	CTG	496
417	GTG	8
417	CTT	4
417	YTG	3
417	ATA	3
417	TTR	2
417	CTC	2
418	ACT	38450
418	ACA	2126
418	ACC	1016
418	ACG	18
418	GCT	13
418	ATT	10
418	AAT	4
418	TCA	2
419	GAT	40987
419	GAC	580
419	AAT	44
419	GAA	18
419	GAG	4
419	GGT	3
419	GTT	2
419	GAY	2
420	TCA	39784
420	TCG	1391
420	TCT	438
420	TCC	21
420	TTA	4
420	GCA	2
421	GTC	17156
421	AGC	16038
421	GTT	5716
421	AGT	1998
421	ATC	405
421	GTA	228
421	ATT	26
421	GCC	25
421	GTY	12
421	GGT	9
421	AAC	5
421	GCT	4
421	GGC	3
421	ACC	3
421	ACT	3
421	ATA	2
421	TGC	2
422	TGG	41642
423	ATA	38857
423	ATT	1793
423	GTA	620
423	GTT	176
423	ATG	64
423	ATC	61
423	GTG	42
423	TTA	11
423	RTA	6
423	ATR	2
423	RTT	2
423	TTG	2
423	ACT	2
424	GAG	23297
424	GAA	18334
424	GAC	6
424	GAR	4
425	CTC	23429
425	CTT	18032
425	TTT	85
425	CTG	57
425	CTA	24
425	YTT	8
425	TTC	2
425	TTG	2
425	CTY	2
426	GAT	40824
426	GAC	805
426	GAA	4
426	GAY	4
426	GAG	2
427	GAA	36385
427	GAG	5257
428	ATT	23564
428	ATA	17979
428	ATC	54
428	GTA	18
428	CTA	18
428	GTT	7
429	GGA	40017
429	GGG	1592
429	GGC	16
429	GGT	15
429	GGR	2
430	GAG	23869
430	GAA	17344
430	GAT	402
430	GAC	21
430	GGA	2
431	GAC	24022
431	GAT	17606
431	GAY	6
431	AAT	3
431	AAC	2
431	RAT	2
432	GTA	23383
432	GTT	17369
432	GTC	392
432	GTG	212
432	ATA	137
432	ATT	120
432	CTA	9
432	TTA	8
432	ATC	3
432	RTA	2
432	GTR	2
432	ACT	2
433	GCC	39065
433	GCT	2276
433	GCA	294
433	GCY	5
434	CCA	25932
434	CCG	15677
434	CCT	24
434	CCC	3
434	YCG	2
435	ATT	40973
435	ATC	639
435	ATA	19
435	GTT	5
435	ATY	3
436	GAA	38104
436	GAG	3529
436	GAR	6
437	CAC	26670
437	CAT	14595
437	TAT	266
437	TAC	100
437	CTT	4
437	YAC	3
437	ATT	2
438	ATT	26448
438	ATA	12597
438	ATC	2537
438	GTC	20
438	GTA	19
438	ACT	9
438	GTT	8
439	GCA	40824
439	GCG	758
439	GCC	39
439	GCT	15
439	GCR	2
440	AGC	34851
440	AGT	6774
440	AGY	10
440	ACC	5
441	ATG	41414
441	ACG	98
441	GTG	34
441	AGG	30
441	ATA	25
441	TTG	12
441	CTG	8
441	ATR	7
441	AAG	6
441	AAA	4
441	ATT	3
442	AGA	26164
442	AGG	15460
442	CGA	7
442	CGG	6
442	AGR	2
443	AGG	39147
443	AGA	1859
443	CGG	619
443	CGA	7
443	AGR	6
444	AAT	23965
444	AAC	17641
444	GAC	15
444	AAY	6
444	AGT	6
444	AGC	3
444	GAT	2
445	TAT	41316
445	TAC	313
445	CAT	4
445	TAY	3
445	TTT	2
446	TTC	25293
446	TTT	16344
446	GTC	2
447	ACA	41011
447	ACT	296
447	ACG	251
447	ACC	64
447	GCA	11
447	TCA	4
447	RCA	2
448	GCA	39781
448	GCG	1526
448	TCA	81
448	GCT	80
448	ACA	69
448	GAG	41
448	TCG	33
448	ACG	8
448	ACT	7
448	GCC	3
448	RCA	3
448	GYA	3
448	GTA	3
448	GAA	3
449	GAG	24118
449	GAA	17513
449	GAR	9
450	GTG	40340
450	GTA	1159
450	GTT	104
450	ATA	17
450	GTC	7
450	GCG	7
450	GTR	4
450	ATT	2
451	TCC	39981
451	TCT	1612
451	TCA	17
451	GCC	14
451	ACC	11
451	TCY	4
452	CAT	25771
452	CAC	15830
452	TAT	8
452	CAA	8
452	CGT	7
452	CAY	4
452	CGC	4
452	CAW	3
452	CAG	2
452	YAC	2
453	TGT	23475
453	TGC	18162
453	TGY	3
454	AGA	24093
454	AGG	17530
454	CGA	10
454	CGG	6
455	GCT	40039
455	GCC	1558
455	GCA	20
455	GCY	6
455	GTT	4
455	ACT	3
455	TCT	3
455	GCG	2
455	TCC	2
456	ACT	40568
456	ACC	631
456	ACA	407
456	ACG	34
457	GAA	37071
457	GAG	4554
457	GAR	15
458	TAC	40241
458	TAT	1395
458	TAY	5
459	ATA	41568
459	ATG	28
459	GTA	14
459	ACA	13
459	CTA	8
459	ATT	5
459	WTA	2
459	ATC	2
460	ATG	41555
460	GTG	46
460	ATA	25
460	ATT	9
460	CTG	3
460	ATR	2
461	AAG	23915
461	AAA	17708
461	AAR	14
461	AGG	2
462	GGG	23603
462	GGA	18003
462	GGT	26
462	GGR	5
463	GTA	23661
463	GTG	17779
463	GTC	112
463	GTT	54
463	ATA	13
463	GTR	6
463	ATG	4
463	RTA	2
463	GTM	2
463	ATT	2
464	TAC	40587
464	TAT	1023
464	CAC	17
464	CAT	5
464	YAC	4
465	ATT	23336
465	ATA	17826
465	ATC	236
465	ATG	69
465	ACA	66
465	TTA	29
465	GTA	26
465	GTT	18
465	ATY	10
465	CTA	4
465	TTT	3
465	CTC	3
465	ACT	3
465	ATR	3
465	AGT	2
465	GTG	2
465	AYA	2
466	AAC	21935
466	AAT	19675
466	CAT	16
466	AAY	5
466	AGT	4
466	AAA	2
467	ACT	23684
467	ACG	14749
467	ACA	3180
467	ACC	16
467	ACR	5
467	ACK	2
467	ACY	2
468	GCC	39474
468	GCT	1983
468	GCA	174
468	GCG	6
468	GCY	3
469	CTG	24174
469	TTG	15848
469	CTA	1001
469	CTC	416
469	TTA	164
469	CTT	21
469	ATG	6
469	CTR	4
469	GTG	2
470	CTC	36130
470	CTT	3461
470	TTG	1890
470	CTG	111
470	CTA	21
470	TTA	11
470	CTY	8
470	ATC	4
470	MTC	2
471	AAT	41534
471	AAC	104
472	GCA	41455
472	GCG	98
472	GCT	37
472	TCA	26
472	GCC	20
472	GCR	2
473	TCC	39057
473	TCT	2399
473	TCA	150
473	TCG	20
473	GCC	11
473	TCY	2
474	TGT	41582
474	TGC	41
474	AGT	15
475	GCA	40365
475	GCG	723
475	GCT	513
475	ACA	13
475	GCC	11
475	TCA	8
475	GCR	3
475	GTA	2
476	GCA	23667
476	GCC	17713
476	GCT	171
476	GCG	31
476	TCC	22
476	ACA	12
476	ACC	6
476	GTC	5
476	TCA	3
476	GCY	3
476	RCC	2
477	ATG	41639
478	GAC	23444
478	GAT	18166
478	GAA	14
478	GGT	6
478	AAT	4
478	GAY	4
479	GAT	23999
479	GAC	17542
479	GAA	72
479	AAC	7
479	GAG	5
479	GGC	4
479	GAY	4
479	TAC	2
480	TTT	34572
480	TTC	7052
480	TTY	10
480	TAT	3
481	CAA	26888
481	CAG	14743
481	CAR	9
482	CTA	23089
482	CTG	16855
482	TTG	1096
482	TTA	564
482	ATG	23
482	CTT	5
482	CTR	2
482	CTC	2
483	ATT	38993
483	ATC	2619
483	ATA	14
483	GTT	6
483	ATY	4
483	CTT	2
484	CCC	23378
484	CCA	17992
484	CCG	143
484	CCT	118
484	TCA	2
484	CCY	2
485	ATG	41632
485	ATA	4
485	MTG	2
486	ATA	41575
486	ATC	17
486	ATG	12
486	GTA	11
486	ACA	6
486	TTA	5
486	ATR	4
486	ATT	4
486	RTA	3
486	CTA	2
487	AGC	40977
487	AGT	616
487	AAC	36
487	GGC	5
487	ARC	3
488	AAG	24915
488	AAA	16715
488	AAR	7
488	AGG	2
489	TGC	25798
489	TGT	15823
489	WGC	11
489	TGY	4
489	GGC	2
490	AGA	25285
490	AGG	16313
490	CGA	26
490	AGR	12
490	CGG	2
491	ACT	23545
491	ACC	17754
491	ACA	249
491	ACG	34
491	ATC	24
491	AAT	9
491	ATA	5
491	ACY	4
491	AAC	3
491	AMT	3
491	ACW	2
491	AYT	2
491	GCT	2
492	AAA	40787
492	AAG	592
492	AGA	248
492	AGG	7
492	GAA	4
493	GAG	23929
493	GAA	17697
493	GAR	6
493	RAA	2
493	GGA	2
494	GGA	41236
494	GGG	347
494	GGC	35
494	GAA	9
494	GGR	6
494	GGT	4
494	GRA	3
495	AGG	23129
495	AGA	18427
495	CGG	64
495	AGR	7
495	AKG	3
495	ATG	3
495	GGG	2
495	CGA	2
496	CGA	24444
496	CGG	17046
496	AGG	74
496	AGA	63
496	CGT	6
496	CGR	3
497	AAA	39681
497	AAG	1372
497	AGA	531
497	AGG	50
497	ARA	2
498	ACC	23521
498	ACA	17295
498	ACT	692
498	ACG	126
498	ACY	3
498	ATC	2
499	AAT	26291
499	AAC	15331
499	AAY	5
499	ACC	5
499	AMC	4
500	TTA	23540
500	CTG	16318
500	CTA	805
500	CTT	698
500	TTG	234
500	CTC	36
500	TTR	5
500	ATG	2
501	TAT	40462
501	TAC	1173
501	TRT	2
501	CAT	2
502	GGA	25264
502	GGG	15617
502	GGC	564
502	GGT	176
502	GGR	16
502	GGK	2
503	TTC	41518
503	TTT	109
503	CTC	5
503	TAC	3
503	TTA	3
504	ATC	23970
504	ATT	17507
504	ATA	107
504	GTC	16
504	CTT	10
504	GTT	10
504	TTA	5
504	ACT	4
504	CTC	4
504	ATY	3
505	ATA	40859
505	GTA	462
505	ATT	281
505	ATC	13
505	ATG	10
505	GTT	5
505	ACA	5
505	RTA	2
505	CTA	2
506	AAG	23526
506	AAA	18108
506	AAR	3
506	AAT	2
507	GGA	41172
507	GGG	424
507	GGC	32
507	GGT	7
507	GGR	4
508	AGA	25859
508	AGG	15746
508	AAA	13
508	CGA	8
508	AAG	7
508	AGR	3
509	TCT	38767
509	TCC	2819
509	TCA	47
509	TCY	5
509	TCG	2
510	CAT	39080
510	CAC	2553
510	CAY	6
511	CTG	21405
511	TTG	18548
511	TTA	877
511	CTA	753
511	CTT	44
511	YTG	7
511	CTC	3
511	CTR	2
512	AGG	25492
512	AGA	16049
512	CGG	93
512	AGR	2
512	CGA	2
513	AAT	41058
513	AAC	560
513	AGT	16
513	RAT	3
514	GAC	25332
514	GAT	16297
514	GAY	4
514	GAA	2
514	RAT	2
515	ACA	23445
515	ACT	15728
515	ACC	2448
515	ACG	8
515	ACM	4
515	ACY	3
516	GAC	24206
516	GAT	17427
516	GAY	5
517	GTG	27196
517	GTA	14339
517	GTT	92
517	GTC	6
517	GTR	4
518	GTA	25893
518	GTG	15705
518	GTT	29
518	GTR	4
518	GTC	4
519	AAC	38271
519	AAT	3346
519	AAY	10
519	AGC	5
519	GAC	4
520	TTT	41403
520	TTC	199
520	TAT	24
520	CTT	6
520	TTY	2
520	ATT	2
521	GTG	25674
521	GTA	15762
521	TTA	94
521	GTT	38
521	ATA	31
521	GCA	24
521	ATG	7
521	TTG	5
521	GTR	2
521	GTC	2
522	AGC	25677
522	AGT	15819
522	GGT	127
522	AAT	6
522	AGY	3
522	KGT	2
522	ATT	2
523	ATG	41600
523	CTG	30
523	TTG	5
523	ATR	2
524	GAG	37432
524	GAA	4207
525	TTT	24143
525	TTC	17485
525	TTY	5
525	TTA	3
525	CTC	3
526	TCT	25583
526	TCA	14516
526	TCC	1532
526	TCG	6
527	CTC	38396
527	CTT	2533
527	CTA	701
527	ATC	4
527	CTY	2
527	TTC	2
528	ACA	22825
528	ACT	17988
528	ACC	701
528	ACG	102
528	ATT	11
528	GTA	4
528	AAT	3
528	ACR	2
528	GCT	2
529	GAT	35919
529	GAC	5667
529	GAY	24
529	AAT	14
529	AAC	8
529	RAT	2
529	RAC	2
530	CCG	26527
530	CCA	14880
530	CCT	213
530	TCA	11
530	CCR	6
531	AGA	38200
531	AGG	3339
531	AAA	61
531	CGA	13
531	ATA	9
531	ARA	6
531	AAG	3
531	GGA	2
531	AGR	2
531	RGA	2
532	CTT	21912
532	CTG	16953
532	CTC	1311
532	TTG	945
532	CTA	440
532	ATG	48
532	TTA	8
532	ATT	4
532	YTG	4
532	TTT	3
532	CTY	2
532	CGT	2
532	TTC	2
532	MTT	2
533	GAA	33438
533	GAG	8183
533	GAT	9
533	GGA	4
533	GRA	2
534	CCA	41111
534	CCG	290
534	CCT	53
534	TCA	48
534	CCC	39
534	CAA	30
534	CTA	25
534	ACA	13
534	YCA	9
534	CTG	8
534	CCR	7
534	CCY	2
534	CYA	2
534	MCA	2
535	CAT	24008
535	CAC	17265
535	TAC	305
535	AAC	17
535	TAT	14
535	AAT	5
535	CAA	5
535	CAY	4
535	CCC	3
535	CTT	3
535	YAT	2
535	CTC	2
535	CGC	2
536	AAA	39902
536	AAG	1733
536	AAR	2
537	TGG	41639
538	GAG	24089
538	GAA	16915
538	GTA	202
538	GGA	172
538	GAT	151
538	GCA	54
538	AAA	26
538	AAG	7
538	GTG	5
538	GGG	4
538	GAR	4
538	GRA	3
538	RAA	2
538	GCG	2
539	AAA	38049
539	AAG	3564
539	AGA	17
539	AAR	3
539	AAM	2
539	AGG	2
540	TAC	22673
540	TAT	18926
540	CAC	28
540	TAY	8
540	TGC	2
541	TGT	41297
541	TGC	301
541	AGT	35
541	TGY	3
541	TRT	2
542	GTC	23941
542	GTT	17584
542	ATT	49
542	GCT	29
542	ATC	16
542	GTA	11
542	GTY	4
542	GYT	2
542	GTM	2
543	CTT	40272
543	CTC	1091
543	ATT	148
543	ATC	81
543	CTA	25
543	GTT	8
543	MTT	4
543	CTW	3
543	CTG	3
544	GAG	24700
544	GAA	16921
544	GGA	5
544	GAR	4
544	AAG	2
545	ATA	41208
545	GTA	272
545	ATT	62
545	GTG	58
545	ATC	20
545	RTA	7
545	ATG	5
545	ACA	4
545	ATW	2
546	GGA	40625
546	GGG	975
546	GGC	20
546	GGT	15
546	RGA	2
547	GAT	24106
547	GAC	17354
547	GAA	118
547	AAC	26
547	GAG	18
547	AAT	8
547	GAY	3
547	RAT	2
548	ATG	41598
548	ATA	26
548	ATR	8
548	ATT	4
549	TTA	23254
549	CTA	14352
549	CTC	3403
549	CTT	188
549	TTG	165
549	ATA	157
549	ATT	54
549	CTG	24
549	ATC	19
549	GTT	6
549	TTC	4
549	YTA	3
549	TCA	3
549	CTY	3
550	CTA	24373
550	TTG	14432
550	CTG	1356
550	TTA	833
550	ATA	381
550	CTC	230
550	ATG	8
550	YTG	4
550	MTA	4
550	YTA	4
550	CTR	4
550	CTT	3
550	GTG	3
550	ATT	2
551	AGG	28245
551	AGA	10806
551	CGA	1606
551	CGG	820
551	AAG	114
551	AAA	30
551	AGR	8
551	ARG	3
551	MGG	2
552	AGT	23538
552	ACT	17054
552	ACC	536
552	ACG	375
552	ACA	57
552	GCT	25
552	AGC	14
552	AAT	12
552	ATT	9
552	ACY	5
552	GGT	5
552	AMT	2
553	GCC	20652
553	GCG	13824
553	GCA	4173
553	GCT	2946
553	ACC	14
553	TCA	12
553	GCR	4
553	TCC	4
553	ACT	2
554	ATA	40013
554	GTA	1464
554	ATC	54
554	GTG	23
554	ATG	23
554	CTA	22
554	ATT	21
554	TTA	6
554	RTA	5
554	ATR	2
554	ACA	2
555	GGC	27062
555	GGT	14083
555	AGT	379
555	GGA	77
555	AGC	18
555	GGY	10
555	GGG	4
555	RGC	3
556	CAA	40935
556	CAG	675
556	CAT	9
556	CTA	8
556	AAA	3
556	CAC	2
557	ATT	23299
557	GTG	17600
557	GTT	366
557	GTA	147
557	ATC	112
557	ATG	86
557	ACT	5
557	TTG	5
557	GTK	4
557	GTC	4
557	ATA	2
557	RTG	2
558	TCA	26786
558	TCG	14705
558	CCA	85
558	TCT	26
558	GCA	8
558	TTG	7
558	ACA	5
558	CTA	4
558	TCR	3
558	TTA	3
558	TCC	2
558	TYA	2
558	CCG	2
559	AGG	39741
559	AGA	1800
559	AAG	60
559	CGA	17
559	CGG	12
559	AGR	6
560	CCG	23228
560	CCC	17838
560	CCT	217
560	CCA	207
560	TCC	109
560	GCC	11
560	ACC	6
560	CCR	5
560	CAG	3
560	CCS	3
560	TCG	3
561	ATG	41515
561	ATT	41
561	ATA	33
561	TTG	21
561	GTG	12
561	CTG	10
561	RTG	3
561	ATK	3
562	TTC	40500
562	TTT	1129
562	TTY	2
562	TYC	2
563	TTG	23327
563	CTA	15257
563	CTG	2862
563	TTA	167
563	CTT	12
563	TTR	6
563	YTG	2
563	CTR	2
563	CTC	2
564	TAT	40920
564	TAC	697
564	TTT	10
564	TCT	4
564	TAY	3
564	TGT	2
565	GTG	40643
565	GTA	728
565	GTT	131
565	ATG	63
565	ATT	37
565	ATA	17
565	GTR	6
565	RTG	5
565	TTG	5
566	AGG	22652
566	AGA	18966
566	AGR	13
566	CGG	3
567	ACA	23760
567	ACC	17621
567	ACT	240
567	ACG	13
568	AAC	23505
568	AAT	18126
568	AAY	5
569	GGA	39368
569	GGG	2086
569	GGT	163
569	GGC	10
569	GGR	4
569	GTG	2
570	ACA	23512
570	ACC	16547
570	ACT	1090
570	ACG	449
570	ATC	10
570	GCC	6
570	ACY	3
570	ATA	3
570	TCA	2
570	AAC	2
570	ATT	2
570	TCC	2
571	TCA	23673
571	TCC	17760
571	TCT	189
571	TCG	9
571	TGC	3
571	KCC	2
572	AAG	28964
572	AAA	12661
572	AAR	11
573	GTC	23260
573	ATC	17354
573	ATT	876
573	GTA	60
573	ATA	42
573	GTT	30
573	RTC	6
573	ATY	2
573	ACC	2
574	AAA	24430
574	AAG	17201
574	ARG	2
575	ATG	41632
575	TTG	2
576	AAA	41299
576	AAG	297
576	AGA	25
576	AAR	9
576	ARA	3
577	TGG	41629
577	KGG	3
577	TGT	2
578	GGA	23749
578	GGC	16733
578	GGT	821
578	GGG	282
578	AGC	40
578	GCC	4
578	GGM	3
579	ATG	41573
579	ATA	23
579	GTG	22
579	ATT	9
579	TTG	3
579	ATR	3
579	ATK	2
580	GAG	25191
580	GAA	16441
580	GAR	2
581	ATG	41549
581	CTG	55
581	ACG	11
581	ATA	7
581	GTG	7
581	AKG	2
581	AAG	2
581	TTG	2
582	AGA	24812
582	AGG	16815
582	AGR	5
582	CGG	2
582	CGA	2
583	CGT	23649
583	CGC	15599
583	CGA	2144
583	CGG	142
583	AGA	73
583	CAC	10
583	CAT	7
583	CGY	4
583	CGR	2
583	CRT	2
584	TGC	41005
584	TGT	622
584	TGY	6
584	TCC	3
585	CTC	23472
585	CTT	18126
585	CTA	16
585	TTT	7
585	TTC	6
585	CTY	5
586	CTT	40382
586	CTC	1207
586	CTA	31
586	CTY	5
586	TTT	5
586	ATT	5
587	CAG	25168
587	CAA	16447
587	CAR	17
587	CAT	3
587	AAA	2
588	TCA	23475
588	TCT	15864
588	TCC	2192
588	TCG	73
588	GCT	14
588	CCA	10
588	TCY	3
588	CCC	2
589	CTC	24504
589	CTT	17035
589	ATT	35
589	CTA	32
589	CTG	16
589	CAT	5
589	ATC	4
589	CTY	4
590	CAG	31614
590	CAA	10008
590	CAR	11
591	CAG	38985
591	CAA	2647
591	CAR	3
592	ATT	21766
592	ATC	19577
592	ATA	241
592	GTT	42
592	ATY	8
592	RTT	2
593	GAG	41168
593	GAA	455
593	GAR	10
593	KAG	3
593	SAG	2
594	AGC	40857
594	AGT	741
594	AAC	11
594	GGC	10
594	AGY	8
594	ARC	5
594	AGM	2
594	AGA	2
595	ATG	41489
595	ATA	116
595	ATR	11
595	ACG	4
595	GTG	4
595	ATT	4
595	TTG	3
595	AYG	3
595	WTG	2
596	ATT	41360
596	ATC	167
596	GTT	95
596	ATA	7
596	ACT	4
596	ATY	3
597	GAA	38627
597	GAG	3001
597	GTG	2
597	SAA	2
597	GAR	2
597	GAT	2
598	GCC	39549
598	GCT	1652
598	GCA	329
598	ACC	43
598	TCC	24
598	GTC	18
598	GCG	12
598	GCY	6
598	KCC	2
598	GCM	2
599	GAG	40116
599	GAA	1510
599	GGG	8
599	GAR	2
600	TCC	23836
600	TCT	17600
600	TCA	106
600	TCG	86
600	GCC	4
600	GCT	3
601	TCA	22901
601	TCT	17662
601	TCG	567
601	TCC	494
601	GCC	4
601	GCA	4
601	TCR	2
602	GTT	23478
602	GTC	17928
602	ATC	104
602	ATT	51
602	GTA	45
602	GTY	12
602	GTG	8
602	RTT	3
602	GTM	3
602	RTC	3
603	AAA	41314
603	AAG	177
603	AGA	125
603	GAA	8
603	AGG	4
603	ACA	3
603	AMA	2
603	RAA	2
604	GAG	37616
604	GAA	4005
604	GAR	12
604	AAG	2
605	AAA	39037
605	AAG	1535
605	AGA	1031
605	ARA	10
605	AGG	9
605	AAR	5
605	ACA	3
605	AMA	3
606	GAC	41212
606	GAT	405
606	GAY	8
606	GAA	4
606	AAC	4
606	RAC	3
607	ATG	40973
607	CTG	511
607	CTA	95
607	GTG	19
607	TTG	12
607	CTT	9
607	ATA	8
607	ATK	3
607	AYG	2
607	WTG	2
607	ATR	2
607	AAG	2
608	ACC	41235
608	ACT	210
608	ACA	166
608	TCC	10
608	GCC	6
608	AYC	3
608	ACG	2
608	ACY	2
608	AMC	2
609	AAA	26248
609	AAG	15164
609	AGG	199
609	AGA	20
609	AAT	4
609	AAR	2
610	GAG	24038
610	GAA	17228
610	GAT	276
610	GAC	66
610	GAK	9
610	GAR	5
610	KAG	4
610	AAG	4
610	GGG	3
610	GGA	2
611	TTT	23870
611	TTC	17748
611	TAC	12
611	ATC	2
611	CTC	2
612	TTT	41465
612	TTC	159
612	GTT	3
612	KTT	3
612	TAT	3
612	TTY	2
613	GAG	23798
613	GAA	17669
613	GTA	108
613	GAT	26
613	AAG	11
613	GAR	6
613	RAA	5
613	GGG	4
613	AAA	4
613	RAG	3
613	GGA	2
614	AAT	23313
614	AAC	17280
614	ACC	825
614	AGT	67
614	AGC	25
614	GAT	23
614	ACT	23
614	AAY	22
614	GCC	15
614	GAC	13
614	TCC	6
614	AMC	4
614	RAT	4
614	ACA	3
614	AMY	3
614	AAM	2
614	CAC	2
614	MAC	2
615	AAA	41102
615	AAG	294
615	AGA	226
615	AAR	6
615	AMA	3
615	AGG	3
615	ARA	2
616	TCA	26278
616	TCG	15145
616	TCT	84
616	ACA	50
616	TTG	29
616	TTA	14
616	ACG	7
616	TCR	7
616	CCA	6
616	TCC	6
616	GCA	5
616	CCG	4
616	TYG	2
617	GAA	41395
617	GAG	213
617	GAC	10
617	AAA	9
617	GGA	6
617	GTA	2
617	GAW	2
617	RAA	2
618	GCA	23328
618	ACA	17025
618	ACG	904
618	AAA	145
618	GCG	96
618	GTA	44
618	ATG	34
618	ACT	23
618	TCA	12
618	GCT	8
618	GAA	3
618	ACR	2
618	AYA	2
618	GCC	2
618	GTG	2
618	TCG	2
619	TGG	41638
620	CCC	23488
620	CCA	17749
620	CCG	288
620	CCT	89
620	TCA	16
620	CCY	3
620	CCR	3
620	MCA	2
621	ATT	26388
621	ATC	15168
621	GTC	27
621	GTT	19
621	ATA	12
621	CTT	9
621	ATY	5
621	ACC	3
621	ACT	2
621	RTC	2
622	GGG	24313
622	GGA	17031
622	GGT	287
622	GGR	3
622	RGG	2
623	GAG	37084
623	GAA	4502
623	GGG	14
623	GAR	8
623	GAT	8
623	RAG	5
623	KAG	4
623	GTT	3
623	GAC	2
623	GTG	2
623	GRG	2
623	AAA	2
624	TCC	23906
624	TCA	17479
624	TCT	192
624	TCG	59
624	TCY	2
625	CCC	39696
625	CCT	1897
625	CCA	32
625	CCY	4
625	YCC	4
625	CCK	2
626	AAA	23315
626	AGG	14259
626	AAG	3257
626	AGA	683
626	GAA	49
626	AAC	14
626	AAT	12
626	ACA	11
626	AGT	10
626	GGG	9
626	AAR	9
626	AGR	2
626	TGG	2
626	CAA	2
627	GGA	39734
627	GGG	1792
627	AGG	43
627	GGT	25
627	GGC	10
627	AGA	9
627	RGA	8
627	GGR	7
627	GAA	6
627	GGW	2
627	KGA	2
628	GTG	35983
628	GTA	5451
628	GTT	66
628	ATT	31
628	ATG	29
628	ATA	25
628	TTG	22
628	GTR	12
628	GCG	9
628	RTG	3
628	GTK	2
628	RTA	2
628	GTY	2
629	GAA	24010
629	GAG	17609
629	CAT	9
629	GAR	6
629	GAT	2
630	GAA	41362
630	GAG	94
630	GAT	80
630	GGA	45
630	GCA	30
630	GAC	9
630	GCG	6
630	RAA	4
630	AAA	3
630	GTA	2
631	GGT	23574
631	GGC	16634
631	AGC	1186
631	AGT	106
631	GGA	95
631	TGC	16
631	GGY	10
631	GGG	8
631	TGT	2
631	GTT	2
632	TCC	26638
632	TCT	14889
632	TCA	38
632	CCC	28
632	TCY	9
632	CCT	9
632	ACC	5
632	TTC	4
632	YCC	4
632	TTT	3
632	ACT	3
632	TGC	2
632	GCT	2
633	ATT	40259
633	ATC	1235
633	ATA	122
633	GTC	10
633	CTT	5
633	ATY	4
634	GGG	20830
634	GGA	18097
634	GGC	2658
634	GGT	26
634	GGR	18
634	CGG	4
634	GGS	3
635	AAA	38777
635	AAG	2857
635	AGA	2
635	AAR	2
636	GTC	23486
636	GTG	17415
636	GTA	596
636	GTT	92
636	ATC	23
636	ATA	6
636	GGG	5
636	GTR	4
636	RTC	4
636	GCC	3
636	GKG	2
637	TGT	23583
637	TGC	18047
637	GGC	3
637	TGY	3
637	AGT	3
638	AGG	25739
638	AGA	15871
638	CGG	12
638	CGA	8
638	AGR	5
638	AGK	2
639	ACT	23770
639	ACC	16336
639	ACA	1374
639	GCC	61
639	ACG	42
639	GCT	31
639	GCA	5
639	ATT	5
639	AYT	5
639	ACY	4
639	RCT	3
639	ATC	2
640	CTA	23581
640	TTA	17095
640	TTG	816
640	CTG	126
640	YTA	10
640	CTT	3
640	TTR	2
641	TTG	19343
641	CTG	16090
641	TTA	4420
641	CTA	1736
641	CTT	8
641	CTR	7
641	CCG	7
641	CCA	5
641	YTG	5
641	GTA	4
641	CTC	3
641	GTG	3
641	TTR	3
641	YTA	2
642	GCT	23433
642	GCA	17512
642	GCG	601
642	GCC	71
642	ACA	7
642	ACT	5
642	GCW	3
642	GCY	2
642	TCA	2
643	AAG	24279
643	AAA	17269
643	AGG	79
643	AGA	3
643	AAR	3
643	ACA	3
644	TCA	23399
644	TCT	17976
644	TCG	189
644	TCC	58
644	TTT	5
644	GCA	4
644	TYT	4
645	GTA	27461
645	GTG	13548
645	GTT	365
645	GTC	227
645	GTR	8
645	GCA	7
645	ATA	7
645	RTA	4
645	GCG	4
645	KTA	3
645	ATG	2
646	TTC	40769
646	TTT	838
646	CTC	19
646	TTY	7
646	TTA	2
646	TGC	2
647	AAT	24029
647	AAC	17586
647	AGC	15
647	AAY	4
647	AGT	2
648	AGC	25745
648	AGT	15811
648	AAT	37
648	GGC	15
648	AAC	13
648	TGC	8
648	AGY	3
648	TCT	2
648	GGT	2
649	CTG	23206
649	CTA	17059
649	TTA	669
649	ATA	250
649	CTT	207
649	TTG	199
649	ATC	24
649	ATG	8
649	CTR	8
649	YTA	3
649	CTC	3
650	TAT	40494
650	TAC	1123
650	CAT	9
650	YAT	3
650	TTT	3
650	TRT	2
650	TAY	2
651	GCA	26316
651	GCT	9463
651	GCG	5747
651	GCC	83
651	TCA	8
651	GCK	7
651	ACT	4
651	RCA	3
651	GMA	2
651	ACA	2
652	TCA	22555
652	TCT	17898
652	TCG	850
652	TCC	321
652	TCR	7
652	TCY	3
653	CCA	40892
653	CCG	578
653	TCA	137
653	CCR	8
653	CCC	4
653	ACA	4
653	TCG	3
653	TCC	3
653	TCT	2
653	CCT	2
653	MCA	2
654	CAA	40991
654	CAG	635
654	CAR	7
655	TTG	23201
655	CTT	16269
655	CTC	1707
655	TTA	265
655	CTA	111
655	CTG	38
655	TTT	22
655	ATT	16
655	TTR	3
655	MTT	2
655	YTT	2
656	GAA	23707
656	GAG	17922
656	GAR	5
656	GGG	2
657	GGA	23540
657	GGG	17995
657	GGT	76
657	GGC	24
657	GGR	3
658	TTT	40339
658	TTC	1269
658	CTT	24
658	TTG	2
659	TCA	26722
659	TCG	14570
659	TCC	181
659	TCT	147
659	TTG	8
659	TCR	4
659	TCK	2
660	GCA	21583
660	GCT	17979
660	GCG	1933
660	GCC	117
660	TCT	9
660	GCR	8
660	GTT	3
661	GAG	23387
661	GAA	18238
661	GAR	9
661	GGA	3
662	TCA	39299
662	TCG	2169
662	TCC	77
662	TCT	62
662	ACA	18
662	TTA	4
662	TCR	3
662	GCA	3
663	AGA	41071
663	AGG	556
663	AGR	4
663	AKA	3
663	CGA	2
664	AAA	40879
664	AAG	730
664	AGA	15
664	AAC	10
664	ARA	2
665	CTG	24006
665	TTG	17032
665	TTA	283
665	CTA	240
665	ATG	42
665	CTT	9
665	CTR	6
665	YTG	6
665	CTC	3
665	MTG	2
665	CWG	2
665	TTR	2
666	CTC	23991
666	CTT	16886
666	CTA	491
666	CTG	236
666	ATT	18
666	CTY	5
666	ATC	4
666	YTT	2
667	CTT	23596
667	CTC	17996
667	CTA	31
667	TTA	8
667	CTG	3
667	CTY	3
668	ATT	38945
668	GTT	2502
668	ATC	112
668	GTG	34
668	GTC	26
668	RTT	9
668	GTA	4
668	AYT	3
669	GTT	41030
669	ATT	385
669	GCT	140
669	GTC	71
669	GTA	3
669	GTG	3
669	GYT	2
670	CAG	41313
670	CAA	323
670	CAR	2
671	GCT	23540
671	GCA	17350
671	GCG	664
671	GCC	76
671	GCW	5
672	CTT	41285
672	CTC	333
672	CTG	6
672	TTT	6
672	CTA	3
672	YTT	2
673	AGG	41337
673	AGA	268
673	AAG	11
673	CGG	8
673	AGT	3
673	ARG	3
673	GGG	2
673	ASR	2
673	ATG	2
674	GAC	40827
674	GAT	803
674	GAY	6
674	GWC	2
675	AAC	19390
675	AAA	16978
675	AAG	4648
675	AAT	540
675	AGA	25
675	AGC	11
675	AAY	9
675	GAC	8
675	AAM	6
675	AAR	5
675	AGG	5
675	CAC	3
675	AAS	2
676	CTC	23169
676	CTG	16643
676	TTG	1385
676	CTT	295
676	CTA	125
676	TTA	5
676	YTG	3
676	ATG	3
676	MTG	3
676	CTM	2
677	GAA	41529
677	GAG	85
677	AAA	11
677	RAA	6
677	GAT	2
677	GAR	2
677	GAW	2
678	CCT	41456
678	CCC	144
678	CCG	21
678	CCA	10
678	TCT	3
678	CCK	2
679	GGG	24950
679	GGA	16650
679	GGT	28
679	GGR	6
679	RGA	2
680	ACC	41172
680	ACT	382
680	ACA	72
680	GCC	5
680	ACM	3
680	ATC	2
681	TTT	33602
681	TTC	7986
681	TTG	42
681	TTY	7
682	GAT	41432
682	GAC	155
682	AAT	39
682	TAT	5
682	GAY	2
682	AAC	2
683	CTT	41223
683	CTC	292
683	ATT	59
683	CTA	52
683	TTA	3
683	MTT	2
683	TTT	2
683	CYT	2
684	GGG	40083
684	GGA	678
684	GAA	539
684	GAG	151
684	AGG	102
684	GGT	37
684	RGG	18
684	GTG	9
684	GGR	6
684	TGG	4
684	AGA	2
684	GCG	2
684	GRG	2
685	GGG	41407
685	GGA	208
685	GGT	8
685	GGC	7
685	AGG	5
685	GGR	2
686	CTA	41381
686	TTA	119
686	CTG	82
686	GTA	30
686	CTT	12
686	CTR	3
686	YTA	3
686	CCA	2
686	CAA	2
686	CTC	2
687	TAT	41449
687	TAC	159
687	TAY	28
687	TRT	2
688	GAA	41086
688	GAC	192
688	GAG	153
688	GGA	121
688	GTA	35
688	GAT	29
688	AAA	14
688	GCA	3
688	GRA	2
688	RAA	2
689	GCA	41606
689	GCG	16
689	TCA	13
690	ATT	25998
690	ATC	15461
690	ATA	111
690	GTC	31
690	GTT	24
690	ACC	6
690	ATY	2
691	GAG	41625
691	GAA	6
691	GAC	2
691	GAR	2
692	GAG	41419
692	GAA	213
692	GAR	5
693	TGC	41498
693	TGT	138
694	CTG	31949
694	TTG	9396
694	CTA	273
694	YTG	9
694	CTT	5
694	TTA	2
695	ATT	41603
695	GTT	16
695	ATC	14
695	ACT	2
696	AAT	40819
696	AAC	779
696	AAG	31
696	AAY	3
696	AGT	2
697	GAT	41509
697	GAC	76
697	GAA	33
697	GAY	12
697	AAT	4
697	RAT	2
698	CCC	41547
698	CCT	73
698	CCA	10
698	CCY	3
699	TGG	41635
699	AGG	2
700	GTT	41627
700	GTC	6
700	GCT	2
701	TTG	41389
701	CTG	228
701	TTA	14
701	TCC	2
702	CTC	23660
702	CTT	17950
702	CTA	19
702	CTY	2
702	ATC	2
702	ATT	2
703	AAT	41541
703	AAC	68
703	AGT	22
703	AAY	3
704	GCG	24295
704	GCA	17140
704	GCT	172
704	GCR	10
704	GTA	4
704	TCA	4
704	GYA	2
704	GYG	2
704	ACA	2
704	GCK	2
705	TCT	41241
705	TCC	327
705	TCA	36
705	TCG	25
705	TMT	2
706	TGG	41633
707	TTC	41525
707	TTT	81
707	CTC	18
707	TTA	5
707	TTY	4
708	AAC	41633
709	TCC	41625
709	TCT	3
709	GCC	2
709	TTC	2
710	TTC	41223
710	CTC	358
710	TGC	47
710	TTT	2
710	YTC	2
711	CTG	22108
711	CTC	17963
711	CTT	1074
711	TTG	384
711	CTA	75
711	ATC	12
711	TTC	5
711	ATT	4
711	YTG	4
711	ATG	3
712	ACA	40760
712	ACG	407
712	GCA	355
712	ATA	40
712	AAA	21
712	ACT	20
712	ATG	10
712	GCG	7
712	ACR	3
712	AGA	3
712	ATT	2
712	ACC	2
713	CAT	41556
713	CAC	37
713	TAT	16
713	CAG	10
713	CGT	6
713	YAT	2
713	CAA	2
713	CAY	2
713	CRT	2
714	GCA	41612
714	GCT	5
714	GCG	5
714	ACA	4
714	TCA	3
714	GTA	3
715	TTA	22370
715	CTG	16920
715	CTA	1982
715	TTG	337
715	CCA	10
715	CTC	3
715	CCG	3
715	CTR	2
715	TCA	2
716	AAA	25587
716	AAG	14442
716	AGA	1150
716	GAA	151
716	AGT	80
716	AAT	72
716	ACA	35
716	GAG	27
716	CAG	23
716	AAC	14
716	GGA	12
716	ATA	10
716	AGG	9
716	GGG	5
716	AAR	4
716	CAA	3
716	AGC	3
716	RAA	3
717	TAG	41129
717	TAA	454
717	TAR	2

#HK4801|PA-X
1	ATG	41679
2	GAA	41278
2	GAG	389
2	AAA	5
2	GAR	3
2	RAA	3
3	GAT	23923
3	GAC	17409
3	AAC	286
3	AAT	15
3	RAT	14
3	GGC	11
3	GAA	10
3	GAY	3
3	RAC	3
3	GGT	2
4	TTT	41459
4	TTC	200
4	CTT	7
4	TTY	3
4	TTG	2
4	TTA	2
4	YTT	2
4	TWT	2
5	GTG	41346
5	GTT	194
5	GTA	117
5	GTR	7
5	ATG	5
5	RTG	4
5	TTG	2
6	CGA	41312
6	CGG	228
6	AGA	115
6	CGT	8
6	CGC	5
6	CGR	5
7	CAA	41023
7	CAG	645
7	CGA	2
7	AAA	2
7	CAR	2
8	TGC	41036
8	AGC	505
8	TGT	87
8	TAC	24
8	AAC	18
8	TRC	4
8	TCC	3
9	TTC	41585
9	TTT	90
10	AAT	21373
10	AAC	20302
10	AGT	3
11	CCG	23372
11	CCA	18194
11	CCT	99
11	CCR	4
11	CCK	4
11	YCA	3
11	CCC	2
12	ATG	41643
12	ATA	25
12	ATR	5
12	ATT	2
12	AYG	2
13	ATT	24648
13	ATC	16162
13	GTC	767
13	GTT	45
13	ATA	32
13	ACT	12
13	ATY	7
13	ACC	2
14	GTC	41404
14	GTT	209
14	ATC	37
14	GTA	17
14	RTC	4
14	GTY	4
14	GCC	3
15	GAA	23405
15	GAG	18260
15	GAT	8
15	GAC	2
16	CTT	41647
16	CTC	18
16	CTA	9
16	ATT	3
16	CTW	2
17	GCA	23676
17	GCG	17959
17	GCT	25
17	GCC	13
17	GCR	3
18	GAA	41422
18	GAG	220
18	GRA	21
18	AAA	8
18	GGA	5
18	RAA	2
19	AAA	23844
19	AAG	17798
19	AGG	20
19	AGA	9
19	AAR	5
19	ARG	2
20	GCA	40456
20	ACA	1151
20	GCG	31
20	RCA	16
20	TCA	10
20	GCT	4
20	GTA	3
20	GYA	2
20	ACG	2
21	ATG	41660
21	ATR	10
21	WTG	3
21	RTG	2
21	ATA	2
22	AAA	40639
22	AAG	999
22	AGA	22
22	AAR	11
22	AGG	6
22	ARA	2
23	GAG	23664
23	GAA	17989
23	GAR	14
23	GGA	11
24	TAT	41403
24	TAC	216
24	CAT	25
24	TTT	20
24	YAT	6
24	TGT	6
25	GGG	40605
25	GGA	1054
25	GGR	10
25	GGT	4
25	GRG	3
25	GAG	2
26	GAG	23798
26	GAA	17862
26	GAR	6
26	GGG	3
26	GAK	2
26	GAT	2
26	RAG	2
26	GGA	2
27	GAT	31166
27	GAC	9489
27	AGT	599
27	AAT	240
27	AGC	61
27	AAC	47
27	GAA	30
27	TAT	15
27	GAY	7
27	RAT	7
27	RAC	6
27	ACT	3
27	TAC	3
28	CTG	23511
28	CCC	12849
28	CCG	3811
28	CCA	885
28	TCG	506
28	CCT	26
28	TCA	19
28	CTA	16
28	CYG	12
28	TTG	11
28	CTT	11
28	TCC	7
28	CAG	6
28	TCT	4
28	CAC	2
29	AAA	41559
29	AAG	103
29	AGA	13
29	ARA	2
30	ATT	26486
30	ATC	15070
30	GTC	45
30	ACC	36
30	ATA	25
30	GTT	4
30	AAT	3
30	AAC	3
30	MTT	2
31	GAA	41285
31	GAG	379
31	RAA	6
31	AAA	4
31	GCA	2
31	GAR	2
32	ACC	20239
32	ACT	18415
32	ACA	1492
32	ACG	1481
32	ATT	28
32	ATG	10
32	ACY	3
32	AAC	2
32	TCT	2
32	AAT	2
33	AAC	27818
33	AAT	13855
33	AAY	3
33	AAK	2
34	AAA	26985
34	AAG	14670
34	AGA	17
34	AAR	3
34	AGG	3
35	TTT	39525
35	TTC	2120
35	CTC	12
35	CTT	8
35	TTA	8
35	YTT	3
36	GCA	24108
36	GCT	15739
36	GCC	1698
36	GCG	123
36	ACC	2
36	GCY	2
36	ACT	2
37	GCA	40804
37	TCA	697
37	GCG	136
37	GCC	22
37	GCT	9
37	RCA	3
37	ACA	3
37	TCG	3
38	ATA	28796
38	ATT	12740
38	ATC	49
38	GTA	16
38	GTT	8
38	AYT	7
38	ATG	7
38	ACA	6
38	RTA	6
38	ATR	5
38	AYR	4
38	AYA	4
38	CTT	4
38	MYT	3
38	RTT	3
38	AKT	3
38	WTT	3
38	MTT	3
38	ACT	2
38	AWA	2
38	RYR	2
38	CTA	2
38	ABT	2
39	TGC	41540
39	TGT	134
39	TGY	2
40	ACT	23349
40	ACA	17425
40	ACG	508
40	ACC	384
40	ATA	5
40	ATT	2
40	AYA	2
41	CAC	24357
41	CAT	17310
41	CAY	6
41	CAA	4
42	TTG	39450
42	TTA	1788
42	CTA	277
42	CTG	129
42	ATG	18
42	TYA	5
42	TTR	4
42	YTG	3
42	TTT	2
43	GAG	24232
43	GAA	17444
43	GAR	2
44	GTG	23232
44	GTT	14512
44	GTC	3078
44	GTA	628
44	ATC	165
44	ATT	44
44	GCC	5
44	GCG	3
44	ACA	2
44	ATA	2
44	GCT	2
44	GTR	2
45	TGT	39440
45	TGC	2228
45	TGY	8
45	TRT	3
46	TTC	41629
46	TTT	42
46	TYC	3
46	CTC	2
46	TTA	2
47	ATG	41675
48	TAT	40422
48	TAC	1243
48	TTT	8
48	TAY	2
49	TCA	24317
49	TCG	16589
49	TCT	750
49	TGG	6
49	TCC	4
49	TCR	3
49	TTG	3
50	GAT	40452
50	GAC	1219
50	GAY	6
51	TTC	40773
51	TTT	897
51	CTC	5
51	TTA	2
52	CAT	38445
52	CAC	3224
52	CAY	4
52	CAK	2
52	AAC	2
53	TTC	39669
53	TTT	2005
53	TTY	3
54	ATC	25694
54	ATT	15213
54	ATA	724
54	GTT	16
54	ATG	10
54	ATY	7
54	CTT	6
54	GTC	5
54	ATM	2
55	AAT	23589
55	GAT	15256
55	GAC	2659
55	AAC	156
55	GAY	9
55	AGT	4
55	GGT	2
55	RAT	2
56	GAA	40285
56	GAG	1372
56	GGA	6
56	GAR	4
56	GAC	4
56	GCA	4
57	CAA	23458
57	CGG	14589
57	CGA	2120
57	CAG	816
57	AGG	329
57	AGA	264
57	CTG	33
57	CGT	22
57	AAA	13
57	TGG	13
57	CAR	4
57	MAA	2
57	CGR	2
57	MGG	2
58	GGC	25670
58	GGT	15373
58	GGA	348
58	AGT	232
58	GGM	18
58	AGC	13
58	GGG	8
58	RGC	4
58	GGY	3
58	GRT	3
58	TGC	2
58	GGS	2
58	AAT	2
59	GAA	40445
59	GAG	1077
59	GAT	40
59	GGA	36
59	GGG	28
59	AAA	23
59	GAC	11
59	GTA	6
59	GAW	2
59	GMA	2
59	GRA	2
60	TCA	41445
60	TCG	159
60	CCA	55
60	TCT	10
60	ACA	4
60	YCA	2
60	GCA	2
61	ATA	39983
61	ATC	579
61	ACT	502
61	ACC	146
61	GTA	143
61	ATG	100
61	ACA	96
61	ATT	50
61	AAA	32
61	GTG	17
61	CTA	12
61	AAG	4
61	TTA	4
61	AYA	3
61	RTA	2
61	GCA	2
62	GTA	21243
62	ATT	17602
62	GTG	1890
62	ATA	665
62	ATC	184
62	GTT	57
62	ACT	8
62	GTR	8
62	TTA	4
62	ATG	4
62	RTT	3
62	RTG	2
62	GTC	2
62	RTA	2
62	TTG	2
63	GTA	38411
63	GTG	1568
63	ATA	820
63	GCA	724
63	TTA	101
63	GTT	14
63	GTR	10
63	RTA	5
63	CTA	4
63	GGA	3
63	GCC	2
63	ATG	2
63	GAA	2
63	GWA	2
63	ACA	2
64	GAA	41010
64	GAG	638
64	GAT	11
64	GRA	6
64	GAR	6
64	GAC	3
64	GGA	3
65	CTT	23527
65	TCT	17298
65	TCC	332
65	ACT	204
65	TCG	169
65	CCT	50
65	TCA	31
65	TTT	20
65	CTC	14
65	ATT	8
65	TAT	7
65	GCG	6
65	CAT	4
66	GAC	22623
66	GGT	15684
66	GGC	1873
66	GAT	997
66	GGA	321
66	AGT	70
66	GGG	39
66	AGC	22
66	GAG	22
66	GGR	7
66	GAY	5
66	GRT	4
66	RGT	2
66	GAA	2
66	AAT	2
67	GAT	26661
67	GAC	14989
67	AAT	25
67	GAY	2
68	CCA	38540
68	CCG	2921
68	CCT	84
68	CTG	49
68	CCC	27
68	TCA	18
68	TCG	18
68	TCT	8
68	CCR	6
68	CCW	2
68	CAG	2
68	CTA	2
69	AAT	41347
69	AAC	329
70	GCA	40644
70	GCG	595
70	GCT	248
70	GTA	90
70	GTG	49
70	ACA	20
70	GCC	14
70	GYA	4
70	GYG	3
70	TCA	3
70	GAA	2
71	CTG	24164
71	CTA	14027
71	TTA	1941
71	TTG	1377
71	CTT	128
71	CTC	23
71	YTG	4
71	ATA	3
71	CTR	3
71	ATG	2
72	TTA	22795
72	TTG	17717
72	CTG	1053
72	CTA	87
72	TTR	11
72	ATG	8
72	CTR	3
73	AAG	34750
73	AAA	6908
73	AAR	11
73	AGG	4
73	AGA	4
74	CAC	41044
74	CAT	627
74	CAM	3
74	YAC	2
75	AGA	23684
75	CGA	17750
75	CGG	179
75	AGG	51
75	CGT	5
75	MGA	3
75	CGC	2
75	CGR	2
76	TTT	41122
76	TTC	557
77	GAA	25511
77	GAG	16163
77	GAR	3
77	GAC	2
78	ATA	41560
78	GTA	71
78	ATT	22
78	CTA	13
78	ATC	4
78	TTA	2
78	ACA	2
78	ATR	2
79	ATC	23896
79	ATT	17574
79	ATA	193
79	ATY	5
79	GTT	4
79	GTC	3
79	ATM	2
80	GAG	22925
80	GAA	18743
80	GAR	5
80	RAG	3
80	GRA	2
81	GGG	25432
81	GGA	16176
81	GGT	66
81	GRG	2
82	AGA	40926
82	AGG	699
82	CGA	47
82	ATA	2
82	AGR	2
83	GAC	41190
83	GAT	481
83	GGC	4
83	GAY	2
84	AGA	18456
84	CGA	17129
84	AGG	5683
84	CGG	200
84	CGC	125
84	CGT	43
84	AAA	16
84	AGR	15
84	ACA	2
84	ARA	2
84	CAA	2
84	CGR	2
85	ACA	26084
85	ATC	14375
85	ACT	577
85	ACG	276
85	ACC	179
85	GCA	43
85	GTC	31
85	ATT	30
85	ATA	22
85	CCA	19
85	AAT	14
85	GCC	7
85	TCA	6
85	GCG	5
85	AAC	4
85	AGC	2
86	ATG	41170
86	TTG	270
86	GTG	123
86	ATA	71
86	CTG	15
86	ATT	14
86	ATR	8
86	TTA	3
86	GTT	3
87	GCC	39685
87	GCT	1704
87	GCA	279
87	GCM	6
87	GGC	3
88	TGG	41678
89	ACA	41104
89	ACG	295
89	ACT	244
89	GCA	18
89	ACC	7
89	ACR	3
89	ASA	3
89	RCA	2
90	GTA	24060
90	GTG	17437
90	GTT	81
90	ATA	38
90	ATG	16
90	RTA	11
90	GTR	11
90	GCA	8
90	GCG	6
90	GTC	3
90	TTA	2
90	GGG	2
91	GTA	24644
91	GTG	16791
91	GTT	179
91	ATA	29
91	ATG	11
91	RTG	8
91	GTC	5
91	RTA	4
91	GTR	3
92	AAC	38976
92	AAT	2691
92	AAY	6
92	RAC	2
93	AGT	41276
93	AGC	396
93	AGY	3
93	GGT	2
94	ATC	26494
94	ATA	14476
94	ATT	625
94	GTT	59
94	CTT	6
94	GTC	5
94	CTC	4
94	GTA	3
94	ATM	2
94	ATY	2
95	TGC	26829
95	TGT	14839
95	TGY	5
95	WGC	3
96	AAC	41524
96	AAT	143
96	CAC	3
96	AAA	2
96	AAG	2
97	ACT	23537
97	ACA	14912
97	ACC	3183
97	AAT	17
97	ACG	6
97	GCC	6
97	AMT	6
97	ACY	3
97	AAC	3
97	GCT	2
97	ATC	2
97	ACW	2
98	ACT	23405
98	ACA	17568
98	ACG	507
98	GCA	72
98	ACC	58
98	TCA	53
98	ACR	4
98	AAT	3
98	GTA	2
98	AYT	2
99	GGA	25982
99	GGG	15449
99	GGT	82
99	AGG	43
99	GAA	37
99	GAG	24
99	AGA	21
99	GRA	18
99	GGC	12
99	GGR	7
99	RGA	2
100	GCT	23459
100	ATA	13637
100	GTC	2342
100	GTA	1473
100	GTT	349
100	GCC	162
100	ATG	70
100	ACT	67
100	ATC	47
100	ATT	23
100	GCA	18
100	GCG	8
100	ACA	8
100	GMT	3
100	RCT	2
100	TCT	2
101	GGA	22739
101	GAG	16014
101	GAA	1443
101	GAT	1011
101	AAT	208
101	GGG	115
101	AGA	79
101	GAC	31
101	GGT	9
101	GTG	9
101	AAG	4
101	GTA	4
101	AAC	3
101	RGA	3
101	GGR	2
102	AAA	24867
102	AAG	16809
102	AAR	2
103	CCG	23129
103	CCT	16193
103	CCC	1599
103	CCA	743
103	CCR	9
103	CCY	2
103	CMG	2
104	AAG	23656
104	AAA	17880
104	AGG	90
104	AGA	18
104	AAC	17
104	AAT	12
104	GAG	2
105	TTT	39655
105	TTC	1497
105	CTT	372
105	TCC	97
105	TAT	23
105	TCT	10
105	TAC	10
105	GTT	3
105	TGT	3
105	TTA	2
105	TTG	2
106	CTA	20808
106	CTT	15479
106	TTA	2673
106	CTC	2597
106	CTG	109
106	CTR	7
106	ATT	2
107	CCG	24088
107	CCT	14736
107	CCA	2785
107	CCC	62
107	CCR	6
108	GAT	41186
108	GAC	489
108	KAT	2
109	TTG	38918
109	CTG	1413
109	TTA	1314
109	CTA	19
109	TTR	8
109	CTT	3
109	GTG	2
109	YTG	2
110	TAT	41010
110	TAC	665
111	GAT	38192
111	GAC	3479
111	GTC	5
111	GAY	2
112	TAC	41468
112	TAT	187
112	TAM	6
112	TAY	6
112	CAC	4
112	TAS	4
113	AAA	35860
113	AAG	5780
113	AGA	16
113	AAR	10
113	ARA	3
113	WAA	2
113	CAA	2
113	RAA	2
114	GAG	36036
114	GAA	5601
114	AAG	15
114	GAR	5
114	KAG	4
114	GAT	3
114	GGG	3
114	RAG	3
114	AAA	2
114	RAA	2
115	AAC	40344
115	AAT	1212
115	GAC	44
115	AGC	42
115	AGT	9
115	GAT	6
115	AAM	5
115	AAA	5
115	RAC	3
115	AWT	2
116	AGA	23700
116	CGG	14547
116	CGA	2875
116	AGG	234
116	CGT	216
116	CGC	84
116	AAA	9
116	CGK	5
116	AGR	4
116	CGR	2
117	TTC	41552
117	TTT	119
117	TTY	5
117	YTC	2
118	ATC	23568
118	ATT	17188
118	GTT	642
118	ACC	151
118	ATA	67
118	GTC	42
118	CTC	6
118	CTT	4
118	ACT	4
118	ATM	3
118	ATY	2
119	GAA	41489
119	GAG	182
119	GAR	6
120	ATT	41462
120	ATC	149
120	GTT	38
120	ATA	20
120	CTT	4
120	RTT	2
120	ATY	2
121	GGA	41301
121	GGG	307
121	GGT	34
121	GGC	24
121	AGA	8
121	GGR	3
121	RGA	2
122	GTG	25716
122	GTA	15907
122	ATA	33
122	GTT	12
122	GTR	4
122	GCA	2
122	GCG	2
123	ACA	40623
123	ACG	1010
123	ACC	39
123	ACT	5
123	TCA	2
124	AGG	23404
124	CGG	16253
124	AGA	1126
124	CGA	878
124	CGR	5
124	AGR	5
124	CGT	4
124	MGG	2
124	ARG	2
125	AGA	36941
125	AGG	4366
125	CGG	360
125	ARA	4
125	CGA	3
125	AGR	3
126	GAA	39763
126	GAG	1119
126	GAT	765
126	GGA	11
126	GAC	9
126	GAW	6
126	GAR	3
126	GRA	2
127	GTC	38549
127	GTT	2799
127	ATC	237
127	GCC	29
127	ATT	25
127	GTA	14
127	GCT	10
127	RTC	4
127	CTC	3
127	GYC	2
127	GTG	2
127	CTT	2
127	GTY	2
128	CAC	41144
128	CAT	512
128	AAC	9
128	CAA	7
128	CAY	4
128	CCC	2
129	ATA	40786
129	ATG	333
129	ACA	278
129	TTA	93
129	CTA	89
129	GTA	52
129	ATR	9
129	ATC	9
129	AYA	7
129	ACC	6
129	ACG	5
129	ATT	5
129	RTA	3
129	WTA	2
129	TCA	2
130	TAT	38478
130	TAC	3186
130	TRT	6
130	TAY	3
131	TAC	40281
131	TAT	1391
131	TAY	5
131	TRC	2
132	CTT	23370
132	CTA	17191
132	CTG	844
132	TTA	159
132	CTC	70
132	ATT	12
132	TTT	10
132	TTG	7
132	ATG	6
132	CTR	3
132	ATA	2
133	GAA	25657
133	GAG	15993
133	GAR	7
133	GAT	3
133	AAG	3
133	RAA	3
133	RAG	2
133	GRA	2
133	GMA	2
133	GRG	2
134	AAG	23832
134	AAA	17841
134	AAR	3
135	GCC	40588
135	GCA	929
135	GCT	124
135	GCG	14
135	GTC	8
135	ACC	6
135	GCM	4
135	TCC	3
136	AAT	24990
136	AAC	16664
136	AGT	8
136	GAT	7
136	ART	2
136	AAY	2
136	AAG	2
137	AAG	25293
137	AAA	16363
137	AAR	8
137	AGG	5
137	AGA	5
137	ARG	2
138	ATT	22605
138	ATA	18058
138	ATC	999
138	ATY	6
138	ATG	3
138	RTA	2
138	ATK	2
139	AAA	41219
139	AAG	444
139	AGA	13
139	AAC	3
140	TCT	37941
140	TCC	1902
140	TCA	1737
140	TCG	54
140	ACT	17
140	TTT	8
140	CCT	6
140	GCT	5
140	TCY	2
141	GAG	40503
141	GAA	1082
141	GAT	46
141	GGG	18
141	RAG	14
141	GAR	7
141	GRG	3
141	GAK	2
141	GRA	2
142	AAC	23197
142	AAG	16574
142	AGG	746
142	AAA	605
142	AAT	234
142	GAG	184
142	AGA	72
142	GAC	14
142	ACG	14
142	AGC	5
142	GAT	5
142	ARC	4
142	ATG	4
142	AAR	3
142	RAC	3
142	GGG	3
142	ARG	2
142	CGG	2
143	ACA	41470
143	ACC	108
143	ACG	80
143	ACT	9
143	GCA	5
143	ATA	4
144	CAC	41067
144	CAT	592
144	CAA	7
144	TAC	5
144	YAC	3
144	CAM	2
145	ATT	40079
145	ATC	1476
145	ATA	107
145	GTT	10
145	ATY	2
145	ACT	2
145	GTC	2
146	CAC	40650
146	CAT	1022
146	CAY	5
147	ATT	24959
147	ATC	14668
147	ATA	2048
147	ATY	4
148	TTT	38379
148	TTC	3294
148	TTY	4
149	TCA	41389
149	TCG	241
149	TCT	30
149	TCC	15
149	TCR	3
150	TTC	41180
150	TTT	492
150	TTY	3
151	ACT	41116
151	ACA	263
151	ACC	197
151	AAT	52
151	ACG	20
151	ATT	18
151	AYT	4
151	GCT	3
151	ACY	3
152	GGG	23681
152	GGA	17960
152	GGC	21
152	GGR	8
152	GGT	7
152	GRG	2
153	GAG	39983
153	GAA	1684
153	GAR	5
153	GAT	3
153	GGG	2
154	GAA	25929
154	GAG	15748
155	ATG	41518
155	CTG	98
155	ATA	37
155	ATR	12
155	TTG	9
155	ATT	3
156	GCC	40044
156	GCA	1114
156	GCT	502
156	RCC	4
156	GTC	4
156	GCG	4
156	GYC	2
157	ACA	22755
157	ACC	17457
157	ACG	896
157	ACT	559
157	GCC	2
157	ACY	2
157	AGC	2
158	AAG	19838
158	AAA	17892
158	AGG	3755
158	AGA	127
158	GGG	38
158	ARG	10
158	AAT	5
158	AAR	4
158	GAG	3
159	GCA	24414
159	GCG	16267
159	GCT	843
159	GCC	118
159	TCG	7
159	ACA	7
159	RCA	5
159	TCA	5
159	GCR	3
159	ACG	3
159	GAA	2
160	GAC	40312
160	GAT	1047
160	GAA	273
160	GAG	17
160	GAY	14
160	GAM	8
160	AAC	6
161	TAC	40335
161	TAT	1303
161	CAC	28
161	TTT	5
161	TTC	5
162	ACT	25351
162	ACC	16210
162	ACA	45
162	TCC	21
162	ATT	18
162	ATC	16
162	ACG	5
162	GCC	4
162	ACY	3
162	RCT	2
162	ART	2
163	CTC	22849
163	CTT	18155
163	CTA	609
163	ATT	22
163	ATC	19
163	CTG	11
163	CTM	8
163	TTA	3
164	GAC	38979
164	GAT	2680
164	GAY	11
164	GAS	4
164	RAC	2
165	GAG	23709
165	GAA	17880
165	GAT	83
165	GAR	7
166	GAA	26848
166	GAG	14826
166	GAR	3
167	AGC	41158
167	AGT	518
167	AGY	2
168	AGG	26030
168	AGA	15621
168	CGA	12
168	AGR	12
168	CGG	3
169	GCT	23566
169	GCA	17789
169	GCG	271
169	GCC	44
169	GCY	6
169	GCW	2
170	AGG	23747
170	AGA	17835
170	CGA	90
170	AGR	5
171	ATC	38466
171	ATT	2844
171	ATA	348
171	ATY	12
171	GTC	4
172	AAA	40891
172	AAG	776
172	AAR	2
172	CAA	2
172	ACA	2
172	AAM	2
173	ACC	26701
173	ACT	14770
173	ACA	171
173	ACG	35
174	AGG	40679
174	AGA	754
174	CGG	219
174	CGA	23
174	AGR	3
175	CTG	25535
175	CTT	14569
175	CTA	717
175	CTC	624
175	TTG	222
175	TTA	7
175	CTR	2
175	CTK	2
176	TTT	23522
176	TTC	18141
176	TAC	12
176	GTT	2
176	TTY	2
177	ACC	25383
177	ACT	16017
177	ACA	159
177	ACG	106
177	ATC	7
177	ATT	2
177	ACY	2
178	ATA	41510
178	ATC	155
178	ATT	7
178	ATR	2
178	GTA	2
179	AGA	39174
179	AGG	2490
179	CGA	7
179	CGG	2
180	CAA	40420
180	CAG	1252
180	CAR	4
180	CAC	2
181	GAA	40053
181	GAG	1623
181	GAR	2
182	ATG	41612
182	CTG	62
182	TTG	3
182	CTA	2
183	GCC	41189
183	GCT	365
183	GCA	112
183	GTC	9
184	AAC	23201
184	AGT	16524
184	AGC	1433
184	AAT	269
184	GGT	217
184	ATT	12
184	ACT	7
184	GGC	5
184	AAY	3
184	RGT	2
185	AGA	24114
185	AGG	17525
185	AAG	14
185	AGR	11
185	AAA	4
185	ATG	3
185	GGG	3
186	GGC	24034
186	AGT	14436
186	GGT	3029
186	GGG	60
186	AGC	40
186	GGA	34
186	AAT	28
186	GCC	11
186	GGY	3
187	CTC	23505
187	CTA	16731
187	TTA	1027
187	CTG	271
187	CTT	76
187	ATC	25
187	ATA	24
187	TTG	10
187	MTA	3
187	CTM	3
188	TGG	41678
189	GAT	41515
189	GAC	152
189	GAG	8
189	GAY	3
190	TCC	41536
190	TCA	83
190	TCT	36
190	CCC	15
190	TCM	3
190	TTC	3
190	TCY	2
191	TTC	41627
191	TCC	20
191	TTT	11
191	TTM	10
191	TTA	6
191	TYC	5
192	GTC	41583
192	GCC	46
192	ATC	30
192	TTC	6
192	GYC	6
192	GAC	3
192	RTC	2
192	GTA	2
193	AGT	39818
193	AAT	1827
193	TGT	18
193	ATT	10
193	ART	3
193	AKT	2
194	CCG	41146
194	CTG	507
194	CAG	19
194	CYG	5
195	AAA	38619
195	AGA	3052
195	AAC	4
195	ARA	2
196	GAG	41550
196	GGG	87
196	AAG	29
196	GTG	5
196	RAG	2
196	GAA	2
197	GCG	41540
197	GAG	97
197	GTG	29
197	GYG	4
197	ACG	2
197	GMG	2
198	AAG	41577
198	AGG	96
198	GAG	2
199	AAA	33628
199	AGA	8018
199	ATA	13
199	ARA	7
199	GAA	4
199	ACA	4
200	CAA	41438
200	CGA	161
200	CAG	76
200	TAA	2
201	TTG	41583
201	TCG	51
201	CTG	33
201	TAG	3
201	TTR	2
201	YTG	2
202	AAG	41492
202	AGG	179
202	ARG	2
203	AAA	41564
203	AGA	105
203	ATA	3
204	AAT	25327
204	AGT	12850
204	GAT	2599
204	GGT	889
204	ART	7
205	TTG	41496
205	TCG	167
205	TTA	7
205	TYG	2
206	AAA	29720
206	AGA	11913
206	AAG	10
206	GAA	5
206	ARA	4
206	AAC	4
206	AGG	3
206	TGA	3
206	CAA	3
206	ACA	2
206	AGR	2
206	GGA	2
207	TCA	25870
207	TTA	15399
207	TTG	270
207	TCT	61
207	TTT	43
207	TCG	12
207	TAA	8
207	TMA	3
207	TTR	2
207	TYA	2
208	CAG	41147
208	CTG	247
208	CCG	110
208	CGG	65
208	AAG	34
208	CAA	20
208	TAG	16
208	AGG	10
208	TTG	5
208	MAG	3
208	GAG	3
209	GAA	40775
209	GGA	824
209	GAG	23
209	GRA	8
209	GTA	6
209	GCA	4
209	GGG	2
210	CTA	37533
210	CCA	3814
210	CAA	237
210	CTG	22
210	TTA	13
210	CGA	12
210	CYA	4
210	CTC	3
210	YCA	2
211	TGC	41571
211	TAC	46
211	TTC	9
211	CGC	5
211	TGT	4
211	TCC	4
211	TRC	3
211	TGY	2
211	TKC	2
212	GCA	40590
212	GTA	803
212	GAA	170
212	GCC	34
212	ACA	23
212	ATA	10
212	TCA	10
212	GYA	2
212	GCR	2
213	GGC	26926
213	AGC	14380
213	GAC	232
213	AAC	72
213	ATC	13
213	AGT	7
213	AKC	4
213	GGA	3
213	TGC	2
213	RGC	2
213	GGT	2
214	TTG	41507
214	TCG	121
214	TAG	10
214	TGG	5
214	TTA	2
215	CCG	39139
215	CTG	1124
215	CCA	1021
215	CAG	299
215	CCR	20
215	CTA	10
215	CMG	6
215	CYG	5
215	CGA	3
215	GCG	3
215	CCC	2
215	CCT	2
216	ACC	41174
216	ATC	435
216	GCC	7
216	AAC	7
216	AYC	6
216	TCC	3
217	AAA	41594
217	AGA	24
217	TAA	10
217	AAG	3
217	ACA	2
218	GTC	40727
218	GCC	889
218	GYC	6
218	GTA	2
219	TCC	41275
219	TTC	196
219	TAC	153
220	CAC	40973
220	CGC	243
220	CCC	212
220	CTC	195
220	CAA	2
221	CGA	27653
221	CAA	13923
221	CTA	22
221	CGC	6
221	CAC	6
221	TGA	5
221	CKA	4
221	CRA	4
221	YGA	2
222	ACT	41423
222	ATT	170
222	GCT	12
222	AYT	7
222	AAT	6
222	RCT	3
223	TCT	41254
223	TCC	239
223	TTT	113
223	TCA	7
223	TTC	4
223	TCY	2
224	CCT	23734
224	CCA	17780
224	CCG	39
224	CTA	28
224	CAT	13
224	CAA	11
224	TCA	2
224	TCT	2
224	CCW	2
224	YCA	2
225	GCC	41138
225	GTC	217
225	ACC	152
225	GCA	41
225	GCT	36
225	GTT	9
225	ACT	6
225	ATC	6
225	GCY	4
225	GYC	3
225	RCC	3
225	GCM	3
226	TTG	41279
226	TCG	298
226	TTA	33
226	TGG	6
226	TAG	2
227	AGA	23439
227	AAA	18140
227	GAA	17
227	ACA	7
227	ATA	3
227	CGA	2
227	ARA	2
227	AAC	2
227	AGT	2
227	RAA	2
228	ATT	24611
228	ACT	16879
228	GCT	60
228	AAT	24
228	CCT	10
228	AYT	9
228	GTT	7
228	CTT	6
228	TTT	5
228	GCY	2
229	TTA	27809
229	TCA	13801
229	TYA	5
229	TCC	3
230	GAG	41480
230	GAA	78
230	GGG	49
230	GAT	4
230	GRG	2
230	GAK	2
230	AAG	2
231	CCT	41486
231	CAT	65
231	CTT	30
231	TCT	27
231	CYT	7
231	CCC	3
232	ATG	41448
232	ATA	133
232	ACG	35
233	TGG	26475
233	TAG	14907
233	TCG	195
233	TTG	28
233	TRG	6
233	TGA	5
233	TAT	2
234	ATG	26653
234	ACG	35
234	ATA	14
234	ATR	4
235	GAT	26681
235	GGT	15
235	GRT	5
235	GTT	3
236	TCG	26078
236	TCA	367
236	TTG	242
236	TCR	9
236	TYG	5
236	TTA	4
237	AAC	26399
237	AGC	274
237	TAC	13
237	ARC	5
237	AAT	4
237	AAA	3
237	GAC	3
237	CAC	2
237	AAY	2
238	CGA	26600
238	CAA	97
238	CRA	3
238	TGA	3
238	YGA	2
239	ACG	26594
239	ATG	76
239	ACA	23
239	AYG	7
239	GCG	3
240	GCT	26603
240	GAT	66
240	GTT	16
240	GCC	7
240	GMT	5
240	GCA	2
240	GCY	2
241	GCA	26504
241	ACA	171
241	GTA	14
241	GCC	7
241	TCA	3
241	RCA	3
242	TTG	26696
242	TCG	3
242	TAG	2
243	AGG	26653
243	AAG	33
243	AGA	8
243	ARG	4
243	TGG	2
244	GCA	26663
244	GTA	21
244	GAA	17
245	AGC	26663
245	AAC	27
245	ARC	7
246	TTT	26614
246	TGT	78
246	TCT	4
246	TYT	2
246	TTK	2
247	CTC	26323
247	CCC	252
247	CAC	121
247	CYC	5
248	AAA	26496
248	AGA	199
248	AAG	2
248	AAC	2
249	TGT	26670
249	TGC	21
249	TGA	3
249	TGG	3
249	TAT	2
250	CCA	23492
250	CAA	3161
250	CTA	25
250	CGA	14
250	CYA	2
250	TCA	2
251	AAG	25838
251	AGG	765
251	AAA	64
251	GAG	12
251	AAR	8
251	RAG	4
251	ARG	2
251	GGG	2
252	AAG	26605
252	AGG	39
252	ACG	28
252	GAG	10
252	TAG	5
252	ATG	5
252	RAG	4
253	TGA	26145
253	TAA	337
253	TTA	189
253	TGG	17
253	TCA	2

#HK4801|PB1
1	ATG	40941
2	GAT	40882
2	GAC	55
3	GTC	40893
3	ATC	22
3	GTT	11
3	GTA	8
3	RTC	5
4	AAT	40075
4	AAC	854
4	AAY	6
4	AAA	3
5	CCG	40909
5	CCT	12
5	CCA	12
5	YCG	2
5	CCC	2
5	CCR	2
6	ACT	40131
6	ACC	645
6	GCT	75
6	ACA	45
6	ATT	23
6	AAT	15
6	ACG	3
7	CTA	36930
7	TTA	3900
7	CTG	51
7	TTG	49
7	ATA	4
7	YTA	3
7	CTR	2
7	CTT	2
8	CTG	22500
8	CTT	17284
8	TTG	680
8	CTA	283
8	CTC	175
8	CTR	4
8	ATT	4
8	YTG	2
8	TTT	2
8	TTA	2
9	TTC	39949
9	TTT	979
9	TTY	6
9	CTC	5
9	TCC	2
10	TTA	23948
10	CTA	14723
10	TTG	2152
10	CTG	70
10	ATA	33
10	CTT	4
10	YTA	3
10	CYA	2
10	ATG	2
11	AAA	39961
11	AAG	967
11	AGA	4
11	RAA	2
12	GTT	24329
12	ATT	14038
12	GTG	1896
12	GTA	314
12	GTC	254
12	ATC	69
12	ACT	16
12	CTT	14
12	ATA	2
12	GTR	2
12	RTT	2
13	CCA	40553
13	CCG	247
13	CCC	116
13	CCT	11
13	TCA	8
13	CCR	4
14	GCG	25393
14	GCA	13953
14	GTG	1493
14	GCT	65
14	GTA	17
14	GCR	6
14	ACA	4
14	RCG	4
14	ACG	2
14	GYG	2
15	CAA	40161
15	CAG	775
15	CAR	3
16	AAT	40820
16	AAC	86
16	AGT	29
16	RAT	3
17	GCC	38357
17	GCT	2523
17	GCA	55
17	GCY	2
18	ATA	40917
18	GTA	11
18	ATT	9
18	ATC	3
19	AGC	38654
19	AGT	2279
19	AAC	2
20	ACA	23728
20	ACC	16323
20	ACT	541
20	ATT	228
20	ATC	61
20	TCC	29
20	ACG	14
20	ATA	6
20	WCC	4
21	ACA	40208
21	ACT	336
21	ACG	326
21	ACC	67
22	TTC	40705
22	TTT	230
22	TTY	2
22	TTM	2
23	CCT	40628
23	CCC	148
23	CCA	102
23	CCG	56
23	YCT	3
23	CCY	2
24	TAT	40367
24	TAC	569
24	TAY	5
25	ACT	40670
25	ACC	139
25	ACA	121
25	ACG	4
25	ACY	3
25	ACW	3
26	GGA	40635
26	GGT	178
26	GGG	124
26	GGC	2
27	GAT	38634
27	GAC	2294
27	GAY	5
27	GRT	4
28	CCT	40681
28	CCC	240
28	CCA	15
28	CCY	4
29	CCA	40257
29	CCG	353
29	CCC	199
29	CCT	129
30	TAC	40504
30	TAT	403
30	CAC	25
30	YAC	4
30	TAY	2
30	TGC	2
31	AGC	40833
31	AGT	105
31	AGY	2
32	CAT	40861
32	CAC	74
32	CAY	3
33	GGA	40186
33	GGG	744
33	GGR	5
33	GGC	3
33	GGT	3
34	ACA	40725
34	ACG	178
34	ACT	25
34	ACC	7
34	ACR	3
34	GCA	2
35	GGG	24240
35	GGA	16693
35	GGR	7
36	ACA	40867
36	ACT	33
36	ACG	26
36	ACC	7
36	ATA	3
36	AYA	2
37	GGG	24255
37	GGA	16585
37	GGT	71
37	GGC	18
37	GGR	9
38	TAC	40702
38	TAT	190
38	CAC	37
38	YAC	6
38	TGC	2
38	TAY	2
39	ACT	23548
39	ACC	17279
39	ACA	99
39	ACY	6
39	GCT	2
39	AST	2
40	ATG	40832
40	ATA	50
40	CTG	34
40	ATT	10
40	GTG	4
40	ATR	4
40	RTG	2
41	GAC	39899
41	GAT	1025
41	GAA	5
41	AAC	5
41	GAM	4
42	ACA	40581
42	ACG	196
42	ACT	116
42	ACC	45
43	GTC	26752
43	GTA	14034
43	GTT	91
43	GTG	52
43	RTC	2
43	GYC	2
43	ATA	2
43	ATC	2
44	AAC	40666
44	AAT	242
44	AGC	24
44	AGT	5
45	AGA	40542
45	AGG	348
45	CGA	32
45	CGG	14
45	AGR	3
46	ACA	40851
46	ACG	67
46	ACC	15
46	ACT	5
46	ASA	2
47	CAC	33612
47	CAT	7319
47	CAY	7
48	CAA	40135
48	AAA	499
48	CAG	288
48	CGA	5
48	CAC	4
48	AAG	3
48	MAA	2
48	AGA	2
49	TAC	38189
49	TAT	2737
49	TAY	9
49	TGC	2
50	TCA	40642
50	TCG	230
50	TCT	49
50	TCC	14
50	GCA	3
50	TCR	2
51	GAG	24042
51	GAA	16837
51	AAG	20
51	GGA	6
51	GAT	5
51	GAR	5
51	RAG	4
51	RAA	4
51	GTG	4
51	GCG	4
51	GGG	3
51	GAC	3
51	AAA	2
52	AGG	22383
52	AAG	15826
52	AAA	1353
52	AGA	1288
52	AAT	48
52	AAC	12
52	AGR	7
52	AAR	5
52	CGG	4
52	ATG	4
52	GGG	4
52	RGG	2
52	ARG	2
52	ARR	2
53	GGG	38701
53	GGA	2206
53	GGT	21
53	GGR	7
53	RGG	4
54	AAG	37806
54	AAA	1822
54	GAG	532
54	AGG	368
54	AGA	308
54	GAA	61
54	AAR	13
54	AAT	8
54	GGG	8
54	AAK	3
54	ATA	3
54	GGT	2
55	TGG	40933
55	TGR	3
55	GGG	2
56	ACA	27752
56	ACG	12811
56	GCA	160
56	ATG	43
56	AAA	41
56	GCG	41
56	ACT	20
56	ATA	17
56	ACC	15
56	ACR	12
56	AAG	10
56	RCA	4
56	AYG	2
56	AMG	2
56	GTA	2
56	AYA	2
56	AMA	2
56	MCA	2
57	ACA	38737
57	ACG	1400
57	ATA	357
57	ACC	183
57	AAA	114
57	ACT	88
57	ATG	25
57	AAG	17
57	GCA	9
57	ACR	5
57	AGA	3
58	AAT	24734
58	AAC	16186
58	AGT	9
58	AAY	6
58	AMT	2
59	ACA	40073
59	ACG	570
59	ACC	138
59	TCA	49
59	ACT	41
59	CCA	31
59	GCA	16
59	ATA	15
59	AAA	3
59	AMA	2
60	GAA	24192
60	GAG	16738
60	GAR	6
61	ACT	39758
61	ACC	1076
61	ACA	63
61	ACG	29
61	ATT	6
61	ACY	4
62	GGG	24223
62	GGT	13937
62	GGA	2715
62	AGA	24
62	GAG	10
62	AGG	6
62	GGR	6
62	GGC	5
62	AAA	4
62	GAA	2
62	GGY	2
62	AGT	2
62	GRG	2
63	GCA	17924
63	GCG	17501
63	GCT	5441
63	GCC	33
63	GCR	10
63	RCA	8
63	GCK	6
63	GTG	6
63	GTT	3
63	ACA	2
63	TCA	2
63	ACG	2
63	GCY	2
64	CCC	40140
64	CCT	441
64	CCG	118
64	CTC	81
64	CCA	73
64	TCC	33
64	CAC	26
64	GCC	8
64	CYC	5
64	CTT	4
64	ACC	4
64	AGT	2
64	YCC	2
65	CAG	38014
65	CAA	2922
65	CAR	2
65	YAG	2
66	CTC	40114
66	CTT	551
66	CTA	219
66	TTA	24
66	TTG	12
66	CTM	7
66	CTY	4
66	CTG	3
66	CYC	3
66	ATC	2
67	AAC	38734
67	AAT	2200
67	AAY	4
68	CCA	24940
68	CCG	15765
68	CCT	227
68	CCC	4
68	CCK	3
68	CCR	2
69	ATT	40206
69	GTT	359
69	ATC	352
69	ACT	8
69	ATA	6
69	GTC	3
69	AYT	3
69	ATY	3
70	GAT	28473
70	GAC	12458
70	GAY	6
70	AAT	2
71	GGA	40172
71	GGG	728
71	GGT	19
71	GGC	18
71	GGR	3
72	CCA	40631
72	CCG	283
72	CCT	13
72	CCC	8
72	CCR	3
73	CTA	38598
73	TTA	1228
73	TTG	790
73	CTG	273
73	CTC	22
73	CYA	8
73	CCA	7
73	YTA	5
73	ATA	5
73	TTR	2
73	MTA	2
74	CCT	39838
74	CCC	651
74	CCA	394
74	CCG	51
74	CCY	3
74	CCW	3
75	GAG	23778
75	GAA	16786
75	GAT	288
75	AAG	27
75	GGG	18
75	AAA	15
75	GAR	11
75	GGA	6
75	GGT	4
75	GTG	3
76	GAT	39022
76	GAC	1666
76	AAT	211
76	GGT	21
76	RAC	7
76	AAC	5
76	GAY	4
77	AAT	39426
77	AAC	1480
77	GAT	12
77	RAT	8
77	AGC	6
77	AAW	4
77	AAY	3
78	GAA	38514
78	GAG	2347
78	GAC	41
78	GAT	14
78	AAA	8
78	GAR	8
78	GGA	5
78	GTA	3
79	CCA	39161
79	CCC	1002
79	CCG	691
79	CCT	81
79	YCA	2
80	AGT	40240
80	AGC	674
80	TGT	7
80	ATT	6
80	ACT	6
80	AAT	4
81	GGA	25228
81	GGG	15398
81	GGT	262
81	GGC	50
81	GGR	2
82	TAT	40787
82	TAC	151
82	TAY	3
83	GCA	40592
83	GCG	186
83	GCC	131
83	GCT	14
83	RCA	8
83	TCA	5
83	ACA	2
83	GCM	2
84	CAA	40364
84	CAG	573
84	CAM	2
85	ACA	39952
85	ACG	973
85	ACT	11
85	ACW	2
86	GAC	38079
86	GAT	2845
86	GAA	6
86	GAM	3
86	GAY	3
86	GAG	3
87	TGT	40108
87	TGC	832
88	GTC	24775
88	GTT	13549
88	GTA	1857
88	GTG	746
88	GYC	6
88	GTY	2
89	CTG	24009
89	CTA	13998
89	TTG	2322
89	TTA	463
89	CTT	141
89	YTG	4
89	TTR	2
90	GAG	38353
90	GAA	2572
90	GAR	15
91	GCT	37370
91	GCA	2599
91	GCC	815
91	GCG	147
91	GCY	4
91	RCT	2
91	ACT	2
92	ATG	40919
92	ATA	18
92	RTG	2
93	GCC	23429
93	GCT	17412
93	GCA	76
93	GCG	9
93	ACT	5
93	GTT	5
93	GCY	2
94	TTC	37737
94	TTT	3099
94	CTC	63
94	TTA	12
94	TTY	7
94	TCC	6
94	GTC	5
94	TAC	3
94	YTC	3
94	TYC	2
94	TGC	2
95	CTT	40833
95	CTC	85
95	CTG	10
95	CTA	8
95	CTY	5
96	GAA	40516
96	GAG	406
96	GAR	4
96	GGA	4
96	AAA	3
96	GAC	3
96	RAA	2
97	GAA	40434
97	GAG	408
97	AAA	53
97	GAC	13
97	GCA	8
97	GAT	7
97	GGA	6
97	RAA	5
97	GAR	3
98	TCC	39990
98	TCT	824
98	TCA	116
98	ACC	7
99	CAC	26855
99	CAT	14078
99	CAY	8
100	CCA	40634
100	CCT	148
100	CCG	109
100	CCC	38
100	TCA	7
100	ACA	3
100	CCW	2
101	GGT	23411
101	GGA	14877
101	GGG	2404
101	GGC	230
101	GAT	4
101	AGA	3
101	GGR	2
101	AGT	2
102	ATC	25784
102	ATA	14863
102	ATT	267
102	ATG	11
102	GTC	4
102	CTA	4
102	GTA	3
102	ATM	2
102	ATY	2
103	TTT	40746
103	TTC	164
103	TAT	25
103	TTY	4
104	GAG	33849
104	GAA	6959
104	GGA	85
104	GAC	19
104	GAT	9
104	AAG	6
104	GGG	5
104	GAR	3
104	GTG	3
105	AAC	25363
105	AAT	15434
105	ACT	65
105	AGC	24
105	ACC	22
105	AGT	14
105	GAC	4
105	ARC	4
105	ART	3
105	AMC	2
105	GAT	2
106	TCA	19596
106	TCC	18205
106	TCG	2634
106	TCT	490
106	TCM	7
106	GCA	5
106	TCR	2
107	TGC	38198
107	TGT	2736
107	TGY	3
107	YGC	2
108	CTT	39929
108	CTC	708
108	ATT	187
108	CTA	68
108	TTT	24
108	GTT	9
108	CTG	5
108	YTT	3
108	ATC	3
109	GAA	40443
109	GAG	487
109	GMA	5
109	GAR	3
110	ACA	38308
110	ACG	2294
110	ACT	314
110	ACC	11
110	GCA	4
110	ATA	4
110	ATG	2
111	ATG	40724
111	ATA	179
111	ATT	24
111	ATR	8
111	GTG	2
111	TTG	2
112	GAA	40603
112	GAG	328
112	GAC	4
112	GAT	3
113	GCC	23073
113	GTT	14140
113	ATT	2543
113	GTC	369
113	GCA	320
113	ATC	261
113	GTA	89
113	GCT	86
113	ACC	23
113	GCG	9
113	TTT	6
113	RTT	5
113	ATA	4
113	ACT	2
113	RCC	2
113	GAC	2
113	GCM	2
114	GTT	39231
114	GTC	1464
114	ATT	186
114	ATC	20
114	GTA	11
114	GTG	7
114	RTT	7
114	GCT	6
114	GTY	5
114	CTT	2
115	CAA	39173
115	CAG	1768
116	CAG	22309
116	CAA	18608
116	CAR	15
116	AAA	3
117	ACA	40780
117	ACG	116
117	ACT	33
117	GCA	6
117	RCA	3
117	ACC	3
118	AGG	38099
118	AGA	2707
118	CGA	115
118	CGG	10
118	AGR	7
118	AAG	3
119	GTG	23744
119	GTA	16941
119	GTT	210
119	ATA	24
119	ATG	8
119	RTA	6
119	TTG	2
120	GAC	25140
120	GAT	15799
121	AAA	40608
121	AAG	299
121	AGA	28
121	AAR	3
122	CTA	25696
122	CTG	15056
122	TTG	120
122	TTA	49
122	CTT	5
122	CTR	5
122	CTC	4
122	ATG	3
123	ACC	25995
123	ACT	14670
123	ACA	243
123	ACG	8
123	GCT	8
123	GCC	4
123	ACY	4
123	TCC	2
124	CAA	40229
124	CAG	700
124	AAA	3
124	CTA	2
125	GGT	39944
125	GGC	958
125	GGA	23
125	GGG	6
125	GGY	5
125	RGT	2
126	CGC	40360
126	CGT	397
126	CGA	124
126	AGA	36
126	CGG	9
126	CAC	7
126	CGY	2
126	CRC	2
127	CAG	40585
127	CAA	347
127	CAR	6
128	ACT	38973
128	ACC	1529
128	ACA	429
128	ACG	3
128	ACY	2
129	TAT	39900
129	TAC	1023
129	TTC	6
129	TAY	5
129	TTT	3
129	CAT	2
130	GAT	38230
130	GAC	2705
130	GAY	4
131	TGG	40937
131	TRG	2
132	ACA	40404
132	ACG	326
132	ACT	173
132	ACC	31
133	TTA	38300
133	TTG	1874
133	CTG	572
133	CTA	177
133	GTA	6
133	YTA	4
133	TTR	3
134	AAC	38107
134	AAT	2804
134	GAC	15
134	AGC	5
134	AAY	2
134	RAC	2
135	AGG	23171
135	AGA	17734
135	AAG	11
135	AAA	11
135	AGR	5
135	RGA	2
136	AAC	23542
136	AAT	17388
136	AAY	9
137	CAA	39900
137	CAG	1036
137	CAR	3
138	CCG	39363
138	CCA	1293
138	CCT	247
138	TCG	9
138	CCR	9
138	YCG	6
138	CCC	5
138	ACG	3
138	CCK	2
138	CAG	2
139	GCA	38171
139	GCT	2576
139	GCC	145
139	GCG	48
140	GCA	40272
140	GCT	576
140	GCC	42
140	GCG	42
140	TCA	6
140	GCR	2
141	ACT	39900
141	ACG	481
141	ACC	371
141	ACA	174
141	AMT	3
141	AAT	3
141	ACY	2
141	RCT	2
141	GCT	2
142	GCA	39001
142	GCT	1653
142	GCC	210
142	GCG	64
142	GTA	6
142	TCA	3
142	RCA	2
143	TTA	23798
143	TTG	16799
143	CTG	195
143	CTA	137
143	TTR	4
143	CTT	3
143	YTG	2
144	GCC	40457
144	GCA	259
144	GCT	189
144	GCG	16
144	TCC	8
144	ACC	2
144	ACT	2
144	GGC	2
145	AAC	40645
145	AAT	294
146	ACC	38207
146	ACT	2536
146	ACA	184
146	WCC	2
146	AAT	2
146	AGT	2
146	ACM	2
146	ACY	2
146	ACG	2
147	ATA	40872
147	ATT	55
147	ATC	5
147	GTA	3
147	ATG	2
147	AYA	2
148	GAA	39276
148	GAG	1661
148	GAR	2
149	GTC	26049
149	GTT	13008
149	GTA	620
149	ATC	481
149	ATT	445
149	GTG	319
149	ATA	9
149	GTY	3
149	RTT	2
150	TTT	29145
150	TTC	11777
150	TTY	11
150	CTC	3
151	AGA	40354
151	AGG	506
151	AAA	60
151	CGA	13
151	GGA	3
151	ARA	3
152	TCG	34190
152	TCA	6480
152	TTG	84
152	TCT	72
152	ACG	47
152	TCC	16
152	ACA	12
152	TTA	11
152	ATG	10
152	TCR	7
152	TYG	3
152	GCG	2
153	AAC	25346
153	AAT	15587
153	AAY	5
154	GGA	23374
154	GAC	13130
154	GGT	2752
154	GGC	1344
154	GGG	116
154	AGT	66
154	GAT	44
154	AAC	42
154	AGA	35
154	GAA	12
154	GRC	8
154	TAC	6
154	GGY	3
154	RGA	2
155	TTA	23355
155	CTA	15368
155	CTG	1743
155	CTC	166
155	TTG	151
155	CTT	129
155	ATA	22
155	YTA	2
156	ACA	40489
156	ACG	190
156	ATA	110
156	ACC	49
156	AAA	47
156	ACT	19
156	GCA	18
156	GTA	6
156	AGA	3
156	CCA	2
156	CTA	2
156	ATG	2
157	GCT	37163
157	GCC	2815
157	GCA	745
157	GCG	73
157	ACT	43
157	TCC	27
157	ACC	23
157	GAT	16
157	TCT	10
157	RCT	5
157	ATT	5
157	GTT	3
157	KCT	2
158	AAT	26758
158	AAC	13759
158	AGT	363
158	AGC	44
158	ACT	8
158	ART	3
158	WGT	2
159	GAA	25672
159	GAG	15196
159	GGA	43
159	GAT	13
159	AAG	6
159	GAR	5
159	AAA	2
160	TCA	39329
160	TCG	1369
160	TCT	121
160	TCC	110
160	ACA	2
160	TCK	2
160	WCA	2
161	GGA	39857
161	GGG	1070
161	GGC	9
161	GGR	2
162	AGG	38709
162	AGA	1230
162	CGG	835
162	CGC	133
162	CGA	22
162	AGR	6
162	MGG	3
163	CTA	38771
163	CTG	1077
163	TTG	600
163	TTA	371
163	CTC	89
163	CTT	14
163	CTR	11
163	YTA	4
164	ATA	40335
164	ATC	300
164	ATT	208
164	GTA	62
164	GTG	18
164	ATG	8
164	TTA	4
165	GAT	40537
165	GAC	392
165	GAG	4
165	GAY	3
166	TTC	38641
166	TTT	2247
166	TAC	27
166	CTC	9
166	TTY	7
166	GTC	4
166	TTM	2
167	CTC	26069
167	TTA	14344
167	CTA	258
167	CTT	212
167	TTG	43
167	CTG	4
167	TTR	3
167	YTA	2
168	AAG	38674
168	AAA	2213
168	AGG	37
168	AGA	6
168	AAR	4
168	ATG	3
169	GAT	40352
169	GAC	582
169	GAY	3
170	GTG	37496
170	GTA	3357
170	GTT	60
170	ATA	11
170	GTR	6
170	GTC	5
170	GTK	3
171	ATG	40334
171	GTG	482
171	ATA	74
171	ATT	16
171	TTG	12
171	ATR	6
171	ACG	4
171	RTG	3
171	CTG	3
171	AWG	2
171	AYG	2
172	GAA	39939
172	GAT	455
172	GAG	342
172	GAC	92
172	AAA	43
172	GGA	30
172	RAA	8
172	GTA	6
172	GGT	5
172	AAT	5
172	AAC	4
172	GAR	4
172	GCA	3
173	TCA	40793
173	TCG	120
173	TCT	21
173	TCC	3
174	ATG	40807
174	GTG	58
174	ATA	41
174	ACG	13
174	TTG	12
174	CTG	5
174	ATT	2
175	GAT	22031
175	AAC	13558
175	GAC	4964
175	AAT	284
175	AAA	60
175	AGC	15
175	GAY	14
175	AAY	3
175	GGT	2
175	GRT	2
175	GAA	2
176	AAA	21889
176	AAG	18853
176	AGA	107
176	AGG	57
176	AAR	12
176	CAG	7
176	ATG	4
176	AAC	2
176	ARG	2
177	GAG	38006
177	GAA	2699
177	AAG	88
177	GAT	60
177	AAA	23
177	GGG	18
177	GAC	16
177	GGC	16
177	GAR	6
177	GGA	3
177	RAG	3
178	GAA	40145
178	GAG	506
178	GGA	114
178	GAC	66
178	GTA	65
178	AAA	27
178	GRA	6
178	GGG	4
178	RAA	3
178	GAR	2
179	ATG	26119
179	ATA	14703
179	GTG	56
179	GTA	30
179	ATT	13
179	CTG	10
179	ATR	4
180	GAG	39430
180	GAA	1390
180	GGG	83
180	AAG	14
180	GAR	8
180	AGA	4
180	GGA	2
180	RAG	2
180	GAT	2
181	ATA	39926
181	ATT	522
181	GTA	220
181	ATC	131
181	ATG	97
181	GTC	33
181	CTA	5
181	ATR	2
182	ACA	40534
182	ACG	226
182	ATA	135
182	ACC	16
182	ACT	13
182	GTA	6
182	AYA	5
183	ACA	26658
183	ACC	13988
183	ACG	146
183	ACT	130
183	GCA	8
183	ACY	3
183	AGA	2
183	ACR	2
184	CAC	38083
184	CAT	2850
184	CAY	3
184	TAC	2
185	TTT	38215
185	TTC	2719
185	TTY	5
186	CAA	38730
186	CAG	2206
186	CAT	2
187	AGA	39754
187	AGG	1159
187	CGA	15
187	AAA	4
187	AGR	4
188	AAA	37517
188	AAG	3399
188	AGA	12
188	AAR	5
188	AGG	5
189	AGG	38214
189	AGA	2704
189	AGR	6
189	AAG	6
189	CGG	5
189	CGA	4
190	AGA	40412
190	AGG	397
190	CGG	81
190	AGT	24
190	AAA	12
190	CGA	7
190	ARA	4
190	ATA	2
191	GTA	38347
191	GTG	2112
191	ATA	414
191	CTA	29
191	TTA	9
191	GTT	9
191	RTA	5
191	GTC	4
191	GTR	3
191	ATG	2
191	ATT	2
192	AGG	25535
192	AGA	15317
192	AAG	58
192	CGG	8
192	AAA	8
192	AGR	6
192	CGA	4
192	ATA	2
193	GAC	40014
193	GAT	922
193	AAC	2
194	AAC	40490
194	AAT	389
194	AGC	49
194	ACC	3
194	AAA	2
195	ATG	40146
195	CTG	535
195	GTG	78
195	ACG	62
195	GTA	36
195	ATT	33
195	ATA	29
195	TTG	12
195	AYG	2
195	ATR	2
196	ACC	40478
196	ACT	286
196	ACA	166
196	ACY	4
196	ACM	2
196	AAC	2
197	AAG	39700
197	AAA	1168
197	AGG	51
197	AAT	9
197	AAR	8
198	AAA	25852
198	AAG	15029
198	AGA	32
198	AGG	19
198	AAR	3
199	ATG	40925
199	ATA	10
200	GTC	37054
200	ATC	2890
200	GTA	785
200	ATA	102
200	GTG	78
200	GTT	20
200	RTC	3
200	TTC	2
200	ATT	2
201	ACA	26456
201	ACG	14201
201	ACT	194
201	ACC	53
201	ATG	18
201	ACR	9
201	ATA	6
202	CAA	39982
202	CAG	911
202	CAC	34
202	CAT	9
203	AGA	40366
203	AGG	539
203	CGA	26
203	CGG	4
203	AAA	2
204	ACA	40873
204	ACG	38
204	ACT	18
204	AYA	4
204	ACR	2
204	ACC	2
205	ATA	40296
205	ATC	556
205	ATG	34
205	ATT	29
205	GTA	6
205	GTC	6
205	ACA	4
205	CTA	3
205	ATR	2
205	AYA	2
206	GGG	39012
206	GGA	1760
206	GGT	118
206	GGC	36
206	GGR	6
206	RGG	3
206	GGK	2
207	AAG	40768
207	AAA	154
207	AGG	16
208	AAA	39442
208	AAG	1405
208	AGG	60
208	AGA	26
208	AAR	3
209	AAA	38073
209	AAG	2808
209	AGA	43
209	AAR	9
209	ARA	3
209	AGG	2
210	CAA	26707
210	CAG	14148
210	CAT	39
210	CTG	16
210	CAR	12
210	TAT	8
210	CGA	3
210	CTA	3
211	AGA	26233
211	AGG	14005
211	AAA	482
211	AAG	168
211	ATG	18
211	AGR	15
211	CGG	5
211	CGA	3
211	RGG	2
211	RGA	2
212	GTG	23345
212	CTG	15720
212	ATG	759
212	TTG	619
212	CTA	217
212	TTA	98
212	GTA	75
212	GTT	50
212	CTT	37
212	RTG	7
212	YTG	2
212	GTR	2
212	ATT	2
213	AAT	38057
213	AAC	2497
213	AGC	129
213	AGT	115
213	GAT	84
213	GAC	39
213	ACT	7
213	AAG	2
213	MAT	2
213	AAA	2
213	ART	2
214	AAG	38435
214	AAA	2273
214	AGG	138
214	AGA	82
214	AAR	5
214	AAT	3
215	AGA	37534
215	AGG	2496
215	AAG	548
215	AAA	339
215	ARA	5
215	CGA	3
215	GGG	3
215	GGA	3
215	ARG	3
215	AGR	2
216	GGC	37160
216	AGC	2459
216	AGT	931
216	GGT	183
216	GAC	69
216	GGA	64
216	AAC	29
216	TGC	14
216	ATC	6
216	AGY	5
216	TGT	5
216	AAT	4
216	GAT	2
216	GGY	2
216	RGC	2
217	TAC	25682
217	TAT	15250
217	TAY	6
218	CTA	38365
218	TTA	1427
218	CTG	1045
218	TTG	46
218	ATA	18
218	CTC	12
218	CTT	8
218	CTR	4
218	YTA	4
218	GTA	4
218	CTW	2
218	TTR	2
219	ATA	40673
219	ATT	132
219	GTA	64
219	GTG	29
219	ACA	14
219	CTA	11
219	AGA	5
219	ATC	3
219	ATW	2
219	RTA	2
220	AGA	40481
220	AGG	404
220	AAA	17
220	CGA	16
220	CGG	15
220	ARA	3
220	AGR	3
221	GCT	23517
221	GCA	16660
221	GCG	709
221	GCC	24
221	GTT	13
221	ACC	5
221	ACT	4
221	TCT	2
222	CTG	21116
222	TTG	18959
222	CTA	556
222	CTT	155
222	TTA	133
222	YTG	13
222	CTC	3
222	ATG	2
223	ACA	40642
223	ACG	149
223	ACC	126
223	ACT	13
223	GCA	5
223	RCA	2
224	TTG	25067
224	TTA	14016
224	CTG	1416
224	CTA	429
224	TTR	5
224	YTG	3
224	CTT	3
225	AAC	26363
225	AAT	14572
225	AAY	4
226	ACG	36773
226	ACA	3973
226	ACT	171
226	ACC	11
226	ACR	10
227	ATG	40939
228	ACC	38696
228	ACA	2071
228	ACT	115
228	ACG	53
228	GCC	2
229	AAA	22442
229	AAG	18487
229	AAR	10
230	GAT	40619
230	GAC	318
230	GAY	2
231	GCA	39753
231	GCT	1030
231	GCC	88
231	GCG	67
232	GAG	33114
232	GAA	7817
232	GAR	10
233	AGA	40443
233	AGG	474
233	CGA	19
233	AGR	4
234	GGC	39982
234	GGT	590
234	GGA	243
234	GGG	121
234	RGC	2
235	AAA	26358
235	AAG	14576
235	AAR	5
235	WAA	2
236	TTA	35418
236	CTA	2696
236	TTG	2474
236	CTG	345
236	TTR	6
237	AAA	38938
237	AAG	1973
237	AGA	13
237	AGG	8
237	AAR	7
237	ATA	2
238	AGA	38461
238	AGG	2332
238	CGG	84
238	CGC	33
238	CGA	20
238	AGR	5
238	CGT	3
239	AGG	36479
239	AGA	2854
239	CGA	885
239	CGG	584
239	CGT	126
239	AGR	11
240	GCT	37970
240	GCA	2687
240	GCG	155
240	GCC	129
241	ATT	26216
241	ATC	13020
241	ATA	1698
241	ATY	3
241	ATM	2
242	GCA	40666
242	GCG	182
242	GCT	82
242	GCC	10
243	ACA	40708
243	ACC	206
243	ACG	21
243	ACT	5
244	CCC	25622
244	CCT	14790
244	CCA	509
244	CCG	13
244	CCY	5
245	GGG	39170
245	GGA	1729
245	GGT	34
245	GGR	4
245	GGW	2
246	ATG	40935
246	ATA	3
247	CAA	26840
247	CAG	14094
247	CAR	5
247	CAC	2
248	ATT	38174
248	ATC	2585
248	ATA	166
248	AAC	6
248	ACT	5
248	ATY	2
249	AGA	40594
249	AGG	336
249	CGG	6
249	CGA	3
250	GGG	24430
250	GGT	13975
250	GGA	2474
250	GGC	52
250	GGR	8
251	TTC	39981
251	TTT	950
251	TTY	6
251	CTC	4
252	GTG	26163
252	GTA	14679
252	GTC	79
252	GTT	15
252	GTR	3
253	TAC	39571
253	TAT	1348
253	CAC	9
253	TAY	6
253	TTC	3
254	TTC	24126
254	TTT	16755
254	GTT	50
254	TTY	4
254	CTT	2
254	TCC	2
255	GTT	38993
255	GTC	1272
255	GTA	644
255	GTG	22
255	GCT	5
255	ATT	3
256	GAA	40066
256	GAG	872
256	GAR	2
257	ACT	37939
257	ACA	2175
257	GCA	508
257	ATT	118
257	ACC	92
257	GCT	41
257	ACG	38
257	AAT	8
257	GCG	8
257	TCA	6
258	TTA	38094
258	CTA	2394
258	CTG	293
258	TTG	148
258	CTT	6
258	TTR	4
259	GCT	38057
259	GCG	1959
259	GCA	760
259	GCC	151
259	GCR	11
260	AGA	24250
260	AGG	16335
260	CGG	169
260	AAA	113
260	CGA	33
260	GGA	19
260	AAG	14
260	AGR	5
260	RGA	2
261	AGC	39151
261	AGT	1224
261	AAC	196
261	GCA	176
261	TGT	75
261	GCG	58
261	ATC	17
261	ACA	14
261	AGA	5
261	ACG	4
261	TGC	4
261	AAT	4
261	ARC	3
261	GGT	3
261	AGY	3
261	GGC	3
262	ATT	38367
262	ATC	2387
262	ATA	182
262	GTT	2
263	TGC	38009
263	TGT	2919
263	TGY	9
263	AGC	2
264	GAA	37925
264	GAG	2947
264	GGA	53
264	GAT	6
264	GTG	3
264	RAA	2
264	GAR	2
265	AAG	37773
265	AAA	3156
265	AGG	6
265	AAT	4
265	AAR	2
266	CTT	40600
266	CTC	316
266	CTA	15
266	ATT	5
266	CTG	3
267	GAA	38543
267	GAG	2397
268	CAA	25973
268	CAG	14960
268	CAR	3
268	AAG	2
269	TCT	39990
269	TCC	690
269	TCA	152
269	TCG	105
269	TCY	3
270	GGA	26137
270	GGG	14278
270	GGC	490
270	GGT	22
270	GGR	14
271	CTT	24116
271	CTC	16606
271	TTG	117
271	CTA	74
271	CTG	13
271	TTA	6
271	ATT	6
271	ATC	2
272	CCG	23453
272	CCA	16223
272	CCT	1092
272	CCC	168
272	CCR	2
273	GTT	24671
273	GTA	14553
273	GTC	1571
273	GTG	104
273	ATT	29
273	RTT	5
273	ATA	3
273	GTR	2
274	GGG	37627
274	GGA	3277
274	GGT	35
275	GGT	23586
275	GGC	14739
275	GGG	2288
275	GGA	324
275	GGR	2
276	AAT	40804
276	AAC	132
276	AAY	5
277	GAA	38197
277	GAG	2736
277	GAR	6
278	AAG	40435
278	AAA	491
278	AAR	15
279	AAG	38736
279	AAA	2196
279	AAR	7
279	MAG	2
280	GCC	38316
280	GCT	2474
280	GCA	149
280	GCY	2
281	AAA	40609
281	AAG	331
282	CTG	24838
282	TTG	15965
282	TTA	78
282	CTA	42
282	CTT	8
282	YTG	7
282	TTR	2
283	GCA	40718
283	GCG	113
283	GCT	102
283	GCC	6
284	AAT	39377
284	AAC	1563
285	GTT	39012
285	GTC	1750
285	GTA	159
285	GTG	15
285	RTT	2
286	GTG	39956
286	GTA	763
286	GTT	214
286	GTK	3
286	GTC	2
287	AGA	38917
287	AGG	1978
287	CGA	39
287	AGR	5
288	AAA	24725
288	AAG	16212
288	AAR	4
289	ATG	40940
290	ATG	40928
290	ATA	6
290	ATT	3
290	RTG	2
291	ACT	39923
291	ACC	896
291	ACA	38
291	ACG	25
291	GCT	23
291	AYC	11
291	ATT	9
291	ACY	5
291	AAT	3
291	AYT	2
291	ACW	2
291	AGT	2
292	AAT	37770
292	AAC	3110
292	AGC	25
292	AGT	10
292	AAY	7
292	CAT	5
292	ART	5
292	GAT	3
292	TAT	2
292	ACT	2
293	TCA	40623
293	TCG	140
293	TCT	111
293	TCC	59
293	TCW	2
294	CAA	39989
294	CAG	931
294	AAA	9
294	CAR	3
294	CAT	3
294	CAC	2
295	GAC	26005
295	GAT	14931
295	GAY	3
296	ACA	39527
296	ACT	1235
296	ACC	102
296	ACG	40
296	ATA	25
296	TCA	5
297	GAG	38553
297	GAA	2375
297	GAR	9
297	GAT	2
297	GAS	2
298	CTT	24485
298	ATT	13688
298	CTC	2334
298	ATC	301
298	CTA	52
298	GTT	33
298	GTC	14
298	TTA	9
298	CTG	9
298	CTY	4
298	ACT	3
298	ATG	3
298	YTT	2
299	TCT	37249
299	TCC	3669
299	TCA	8
299	TCY	8
299	TCG	7
300	TTC	39094
300	TTT	1846
301	ACA	40464
301	ACG	282
301	ACC	181
301	ACT	8
301	GCA	3
302	ATC	38054
302	ATT	2753
302	ATA	109
302	GTC	13
302	RTC	5
302	GTT	4
303	ACT	40664
303	ACC	178
303	ACA	72
303	ACG	25
304	GGG	32864
304	GGA	8037
304	GGR	19
304	GGT	19
305	GAC	40341
305	GAT	595
305	GAY	5
306	AAC	38934
306	AAT	2006
307	ACT	38081
307	ACC	2010
307	ACA	824
307	ACG	23
308	AAG	26031
308	AAA	14902
308	AAR	8
309	TGG	40941
310	AAT	40561
310	AAC	376
310	AAY	3
311	GAA	36251
311	GAG	4686
311	GAR	3
312	AAT	40157
312	AAC	778
312	AAY	3
312	AGT	2
313	CAA	39898
313	CAG	1041
313	CAR	2
314	AAC	24405
314	AAT	16458
314	AGT	34
314	AGC	34
314	AAY	10
315	CCC	23801
315	CCT	16940
315	CCA	186
315	CCG	9
315	CCY	3
316	CGA	38282
316	CGG	1313
316	AGG	1067
316	AGA	261
316	CGT	8
316	MGA	6
316	CGC	3
317	ATG	40507
317	GTG	208
317	ATA	121
317	ATT	67
317	ACG	13
317	GTT	7
317	AYG	5
317	ATR	4
317	RTG	4
317	ACA	2
318	TTT	26093
318	TTC	14847
319	TTG	23811
319	CTG	15739
319	CTA	1257
319	TTA	87
319	CTC	15
319	ATG	14
319	CTT	9
319	TTR	4
319	YTG	3
320	GCG	31718
320	GCA	8900
320	GCC	124
320	GCT	120
320	ACA	63
320	GCR	16
321	ATG	40940
322	ATT	38055
322	ATA	2590
322	ATC	248
322	GTT	25
322	RTT	9
322	GTA	4
322	ATY	4
322	RTA	2
322	GTC	2
323	ACA	39799
323	ACG	1091
323	ACC	25
323	ACT	19
323	ACR	3
324	TAC	26134
324	TAT	14802
324	TGC	2
325	ATC	40247
325	ATA	504
325	ATT	95
325	ATG	80
325	ATM	9
325	RTC	3
325	ATY	2
326	ACA	26231
326	ACC	14642
326	ACG	36
326	ACT	27
326	TCC	2
327	AAG	23304
327	AGA	15852
327	AGG	1444
327	AAA	301
327	CGG	27
327	CGA	4
327	CGR	4
327	ARA	2
328	AAT	32395
328	AAC	8323
328	AAA	84
328	GAT	64
328	AGT	24
328	GAC	16
328	AAY	13
328	CAT	7
328	AGC	4
328	ACT	4
328	AMT	2
328	ACC	2
329	CAA	37979
329	CAG	2953
329	CAR	6
330	CCT	24573
330	CCC	14783
330	CCA	1272
330	CCG	300
330	CCY	6
330	TCT	4
331	GAA	22369
331	GAG	17871
331	GAT	429
331	AAA	197
331	GAC	22
331	AAG	20
331	GGA	11
331	GAR	6
331	GTA	5
331	GTG	2
331	GGG	2
332	TGG	40941
333	TTC	25223
333	TTT	15698
333	CTC	7
333	CTT	4
333	TTY	4
333	TTA	2
334	AGA	39684
334	CGA	764
334	AGG	247
334	CGG	243
334	AGR	2
335	AAC	38273
335	AAT	2667
336	ATC	36471
336	GTC	1812
336	ATA	1435
336	GTT	755
336	ATT	283
336	GTA	151
336	GTG	22
336	ACC	5
336	GCA	2
336	AYC	2
337	CTG	37688
337	TTA	1455
337	CTA	882
337	TTG	840
337	CTT	63
337	ATG	5
337	CTC	4
338	AGC	40340
338	AGT	590
338	AGY	9
339	ATC	23417
339	ATG	14594
339	ATT	2766
339	ATA	95
339	GTT	41
339	GTC	13
339	ATR	9
339	ATY	2
340	GCA	38260
340	GCC	1567
340	GCT	964
340	GCG	150
341	CCA	23829
341	CCC	14745
341	CCT	2347
341	CCG	13
341	CCY	7
342	ATA	40790
342	GTA	141
342	ATT	3
342	AYA	2
342	ATC	2
342	GTC	2
343	ATG	40926
343	ATA	7
343	ATR	4
343	RTG	2
343	CTG	2
344	TTC	40404
344	TTT	532
344	TTY	4
345	TCA	40710
345	TCG	198
345	GCA	26
345	TCC	3
345	ACA	2
346	AAC	26113
346	AAT	14807
346	AAY	15
346	AGC	3
346	GAC	2
347	AAA	39915
347	AAG	1021
347	AAR	5
348	ATG	40910
348	TTG	18
348	GTG	8
348	CTG	2
349	GCA	38861
349	GCG	2018
349	GCC	43
349	GCT	17
350	AGA	40215
350	AGG	601
350	AAA	68
350	CGA	41
350	ARA	10
350	AGR	4
351	CTG	24291
351	CTA	14505
351	TTA	1372
351	TTG	739
351	CTT	14
351	ATG	5
351	ATA	4
351	CTR	4
351	YTG	2
351	YTA	2
352	GGA	36188
352	GGG	4664
352	GGT	53
352	GGR	18
352	GAG	11
352	GGC	7
353	AAA	40479
353	AAG	276
353	AGA	179
353	AAR	3
353	ARA	2
354	GGA	25447
354	GGG	15124
354	GGT	250
354	GGC	115
354	GGR	5
355	TAC	40576
355	TAT	345
355	TTC	15
355	AAC	2
355	CAC	2
356	ATG	40941
357	TTC	39435
357	TTT	1504
357	TTY	2
358	GAG	38525
358	GAA	2378
358	AAA	11
358	GCA	9
358	GGG	9
358	GAR	2
358	AAG	2
359	AGT	40125
359	AGC	811
359	AGY	4
360	AAG	25764
360	AAA	15132
360	AGG	22
360	AAR	6
360	AAT	5
360	GAA	3
360	ATG	2
360	AGA	2
360	AAC	2
361	AGA	37014
361	AGC	2025
361	AGT	648
361	AAA	589
361	AGG	546
361	CGA	53
361	AAC	34
361	GGC	9
361	GGA	4
361	ARA	4
361	ATA	4
361	AGR	3
361	GGT	2
361	AAT	2
362	ATG	40935
362	ATA	2
362	TTG	2
363	AAG	38794
363	AAA	1790
363	AGG	308
363	AGA	37
363	AAR	5
363	CGG	4
363	AGR	2
364	CTC	21642
364	ATT	13723
364	ATC	2494
364	TTA	1186
364	CTA	717
364	CTT	392
364	TTG	331
364	CTG	250
364	GTT	172
364	ATA	8
364	CTY	7
364	TTC	7
364	MTC	3
364	ATG	2
364	ACC	2
364	ATY	2
365	CGG	23803
365	CGA	16486
365	AGG	444
365	AGA	194
365	CGC	6
365	CGR	4
365	CGT	2
366	ACA	40569
366	ACG	217
366	ACT	127
366	GCA	20
366	ACC	7
367	CAA	40157
367	CAG	774
367	AAA	7
368	ATA	40299
368	GTA	600
368	ATT	19
368	GTG	6
368	ATG	6
368	ATC	4
368	RTA	3
369	CCT	23564
369	CCA	16773
369	CCG	463
369	CCC	80
369	TCA	27
369	TCT	21
369	YCA	3
369	CCR	2
369	TCG	2
369	CAA	2
370	GCA	40049
370	GCG	631
370	GCT	223
370	ACA	11
370	TCA	6
370	GCC	6
370	GCR	4
370	GTA	3
370	GGA	2
370	GYA	2
370	RCA	2
371	GAA	40401
371	GAG	524
371	GAC	7
371	GGA	4
371	GAR	2
372	ATG	40684
372	ATA	138
372	GTG	52
372	CTG	33
372	ACG	14
372	TTG	9
372	ATT	6
372	AGG	2
372	MTG	2
373	CTA	38232
373	CTT	1952
373	CTC	460
373	CTG	179
373	TTA	85
373	ATA	28
373	GTA	2
373	ATT	2
374	GCA	39862
374	TCA	444
374	GCG	244
374	ACA	180
374	TCT	72
374	GTA	47
374	GCC	39
374	GAA	26
374	GCT	7
374	GYA	6
374	ATA	5
374	GAG	2
374	RCA	2
375	AGC	38094
375	AAC	1910
375	AAT	533
375	AGT	220
375	ACC	69
375	GGC	34
375	GAC	22
375	GAT	20
375	ATC	18
375	ARC	5
375	AAA	5
375	CGC	2
375	CAC	2
375	TGC	2
376	ATT	40778
376	ATC	96
376	ATA	47
376	GTT	18
377	GAC	26033
377	GAT	14829
377	AAC	29
377	GAA	28
377	AAT	11
377	GGC	5
377	GAY	3
378	CTG	29865
378	CTA	9388
378	CTT	828
378	TTG	591
378	CTC	175
378	TTA	69
378	ATG	11
378	CTR	7
378	YTG	2
379	AAG	37910
379	AAA	2800
379	AGG	191
379	AAT	17
379	AGA	9
379	AAR	5
379	RAG	4
379	AAK	2
380	TAT	37054
380	TAC	3880
380	TAY	3
380	CAT	2
381	TTC	39952
381	TTT	965
381	TTY	23
382	AAT	38938
382	AAC	1996
382	AGT	5
383	GAA	39417
383	GAC	504
383	AAA	477
383	GAG	367
383	GAT	117
383	AAG	35
383	GGA	15
383	GTA	2
383	GAR	2
384	TCA	39447
384	TTA	554
384	TCG	495
384	ATA	150
384	CCA	81
384	CAA	65
384	ACA	59
384	TTG	43
384	GCA	23
384	YCA	8
384	TCT	4
384	GTA	3
384	CTA	3
384	CTG	2
385	ACA	39501
385	ACG	1336
385	ACT	90
385	ACC	11
385	ACR	3
386	AGG	26493
386	AAG	11683
386	AGA	1557
386	AAA	1186
386	CGG	8
386	AGR	4
386	ARG	3
386	GGG	2
387	AAG	39794
387	GAG	553
387	AGG	255
387	AAA	246
387	ACG	54
387	AAT	14
387	ATG	9
387	AAR	6
387	AGA	4
387	CAG	2
388	AAA	40050
388	AAG	846
388	AGA	41
388	AAR	4
389	ATT	39414
389	ATC	1300
389	ATA	210
389	GTT	9
389	RTT	6
390	GAG	39760
390	GAA	1087
390	GAT	32
390	AAG	27
390	GAR	6
390	GAC	6
390	GCG	5
390	GGG	5
390	GTG	4
390	GRG	3
390	AAA	3
391	AAA	31514
391	AAG	9081
391	AGG	226
391	AGA	90
391	GAA	11
391	AAR	10
391	ARG	2
391	ARA	2
392	ATA	40604
392	ATC	244
392	GTA	60
392	ATT	12
392	ATG	8
392	ACA	4
392	TTA	3
392	ATR	2
393	AGG	38321
393	AGA	2437
393	CGA	121
393	AAG	36
393	CGG	13
393	ARG	6
393	AAA	3
393	AGR	3
394	CCT	39173
394	CCC	1592
394	CCG	93
394	CCA	59
394	TCT	17
394	CAT	3
394	CMT	2
395	CTT	37701
395	CTA	1638
395	CTC	932
395	CTG	377
395	TTA	239
395	TTG	41
395	ATT	3
395	ATC	2
395	TTT	2
395	CTY	2
396	CTA	25482
396	TTA	14717
396	CTG	575
396	TTG	99
396	CTT	34
396	CTC	13
396	ATA	12
396	YTA	7
397	ATA	27025
397	ATG	13500
397	ATT	313
397	GTA	42
397	ACA	31
397	ATR	9
397	AAG	6
397	TTA	4
397	AGA	3
397	CTA	2
398	GAT	40563
398	GAA	107
398	GAC	96
398	GAG	95
398	AAT	33
398	GGT	32
398	GRT	5
398	RAT	4
398	GTT	2
399	GGC	37339
399	GGA	2024
399	GGT	1414
399	GGG	109
399	GAC	22
399	GAT	19
399	AGC	6
399	GGY	5
400	ACA	40563
400	ACT	220
400	ACC	63
400	ACG	59
400	GCA	25
400	GCT	6
400	TCA	2
401	GCA	37896
401	GCC	2289
401	GCT	690
401	GCG	32
401	GTC	22
401	GTA	4
401	GCY	4
401	GTT	2
402	TCA	40685
402	TCG	120
402	TCT	108
402	TCC	21
402	CCA	2
402	GCA	2
403	TTG	26177
403	CTG	14558
403	TTA	97
403	CTA	57
403	CTT	46
403	YTG	2
404	AGC	25771
404	AGT	15169
405	CCT	36383
405	CCC	4258
405	CCG	147
405	CCA	134
405	CCY	16
405	CCW	3
406	GGA	26265
406	GGG	14662
406	GGT	7
406	GGC	4
406	GGR	3
407	ATG	40941
408	ATG	40941
409	ATG	40938
410	GGC	40494
410	GGT	357
410	GGA	86
410	GGG	3
411	ATG	40941
412	TTC	40793
412	TTT	147
413	AAC	40077
413	AAT	857
413	AAY	6
414	ATG	40938
415	CTA	38230
415	CTG	1954
415	TTA	359
415	TTG	358
415	CTC	31
415	YTA	3
415	CTR	3
415	CTT	2
416	AGT	39978
416	AGC	958
416	AGY	4
417	ACA	25947
417	ACG	14036
417	ACT	890
417	ACC	64
417	ACR	2
418	GTT	24684
418	GTC	15088
418	GTA	1131
418	GTG	24
418	ATC	5
418	GTM	3
418	ATT	2
418	GTY	2
419	TTA	24827
419	TTG	14978
419	CTA	990
419	CTG	141
419	CTT	2
420	GGA	39574
420	GGG	1201
420	GGC	118
420	GGT	43
420	GGR	4
421	GTC	38454
421	GTT	1594
421	GTA	866
421	GTY	12
421	GTG	7
421	GCC	5
421	GTM	2
422	TCG	36865
422	TCA	3522
422	TCT	400
422	TCC	128
422	TCR	14
422	GCG	4
422	ACA	3
422	ACG	2
423	ATA	38157
423	ATC	1791
423	ATT	920
423	GTA	44
423	GTC	17
423	ATG	5
423	RTA	2
423	ATR	2
424	CTG	39804
424	CTA	642
424	TTG	433
424	CTT	36
424	CTR	11
424	TTA	6
424	YTG	5
424	ATG	3
425	AAT	40452
425	AAC	478
425	AAY	8
426	CTT	39138
426	CTC	1539
426	CTA	131
426	ATT	49
426	CTG	38
426	TTA	34
426	CTY	4
426	TTT	3
426	MTT	3
427	GGA	39411
427	GGG	1487
427	GGC	27
427	GGT	12
427	GGR	3
428	CAA	39044
428	CAG	1875
428	AAA	11
428	CAR	6
428	MAA	2
429	AAG	39843
429	AAA	1069
429	AGG	20
429	AGA	4
429	AAR	2
429	ARG	2
430	AAA	38142
430	AGG	1623
430	AAG	604
430	AGA	545
430	GAG	7
430	GAA	6
430	RAA	3
430	ARA	3
430	AAR	2
430	CGG	2
431	TAC	40634
431	TAT	273
431	CAC	30
431	YAC	2
432	ACC	40775
432	ACT	111
432	ACA	41
432	ACG	6
432	ATC	3
432	GCC	2
432	ACM	2
433	AAG	37400
433	AAA	2858
433	AGG	660
433	AGA	14
433	AAR	3
433	CGG	3
433	ARG	2
434	ACA	38254
434	ACC	2227
434	ACT	362
434	ACG	95
435	ACA	35420
435	ACG	4770
435	ATA	535
435	ACT	127
435	GTA	36
435	ACC	22
435	ACR	10
435	AYA	5
435	TCT	5
435	GCA	5
436	TAC	39171
436	TAT	1752
436	TGT	5
436	CAC	4
436	TTT	3
436	YAC	2
437	TGG	40936
437	TTG	3
438	TGG	40936
438	KGG	2
439	GAT	38665
439	GAC	2266
439	AAT	5
439	RAT	3
440	GGG	38455
440	GGA	2334
440	GGT	131
440	GGC	12
440	GGR	4
441	CTC	40038
441	CTT	818
441	CTA	44
441	CTG	27
441	CTY	5
441	ATC	4
442	CAA	40800
442	CAG	138
443	TCC	26151
443	TCA	13971
443	TCT	706
443	TCG	105
443	TCM	5
444	TCA	23591
444	TCC	14856
444	TCT	2465
444	TCG	23
444	TCY	3
445	GAC	38054
445	GAT	2881
445	GAY	4
446	GAT	39554
446	GAC	1384
447	TTT	38648
447	TTC	2285
447	TTY	4
448	GCC	24592
448	GCT	16279
448	GCA	49
448	ACC	9
448	ACT	3
448	GYC	2
449	CTC	40239
449	CTT	434
449	CTA	140
449	CTG	108
449	TTG	16
449	TTA	2
450	ATA	39705
450	ATT	831
450	ATC	379
450	GTT	18
450	GTA	5
451	GTG	38553
451	GTA	1954
451	GTT	245
451	ATA	152
451	ATG	18
451	TTA	8
451	GTR	3
451	TTG	2
452	AAT	40414
452	AAC	525
453	GCA	40246
453	GCC	471
453	GCT	111
453	GCG	106
453	TCA	3
453	KCA	2
454	CCA	35948
454	CCG	4625
454	CCC	149
454	TCA	121
454	ACA	44
454	CAA	15
454	CCT	12
454	TCG	7
454	YCA	6
454	CCR	2
454	MCG	2
454	CTA	2
455	AAT	26182
455	AAC	14591
455	GAT	108
455	AGT	21
455	AGC	14
455	GAC	10
455	ACT	6
455	ACC	2
455	AAY	2
455	AMT	2
456	CAT	39317
456	CAC	1445
456	TAT	127
456	AAT	15
456	CGT	13
456	CAG	6
456	CAA	5
456	YAT	3
456	AAC	2
456	CTT	2
456	CRT	2
457	GAG	26377
457	GAA	14084
457	GAT	211
457	GRG	134
457	GCA	39
457	GAC	25
457	GGG	17
457	GTG	15
457	GTA	9
457	GGA	8
457	AAA	8
457	GAR	3
457	AAT	3
457	AAG	2
458	GGA	39708
458	GGG	1188
458	GAA	20
458	GGT	17
458	GGR	4
459	ATA	39421
459	ATC	1344
459	ATT	125
459	GTA	38
459	GTT	5
459	RTA	4
459	ATR	2
460	CAA	39941
460	CAG	988
460	CAR	8
461	GCA	40432
461	GCG	212
461	GCT	163
461	GCC	118
461	ACA	5
461	GCR	4
462	GGA	39523
462	GGG	1351
462	GGT	31
462	GGC	29
462	GGR	3
462	GGM	2
463	GTG	39194
463	GTA	1306
463	GTT	349
463	GTC	83
463	ATG	3
463	GTR	3
464	GAT	25891
464	GAC	14581
464	AAT	255
464	AAC	173
464	RAT	22
464	RAC	10
464	AGT	4
464	GAA	2
465	AGA	38477
465	AGG	2372
465	CGA	40
465	AAA	31
465	AAG	15
465	AGR	2
466	TTC	39428
466	TTT	1506
466	TTY	4
467	TAT	25123
467	TAC	15815
468	AGG	39561
468	AGA	1237
468	CGA	117
468	CGG	14
468	AGR	8
468	ARG	2
469	ACC	38725
469	ACT	2016
469	ACA	76
469	AGC	38
469	ATC	36
469	GCC	22
469	ATT	13
469	ACY	5
469	ACM	3
469	AYC	2
470	TGC	39636
470	TGT	1296
470	TGY	3
470	AGC	2
471	AAG	35255
471	AAA	5675
471	AAR	7
471	AGG	2
472	TTA	38382
472	CTA	1454
472	CTG	643
472	TTG	430
472	YTA	18
472	CTT	7
472	TTR	4
473	GTG	37234
473	GTT	2347
473	GTA	944
473	GTC	232
473	CTT	80
473	ATG	47
473	CTC	42
473	GTR	7
473	RTG	2
474	GGA	38958
474	GGG	1966
474	GGR	5
474	GGT	5
474	GGC	4
475	ATC	39877
475	ATA	947
475	ATT	109
475	ATM	3
476	AAC	39239
476	AAT	1697
476	AAY	2
477	ATG	40938
478	AGC	40835
478	AGT	100
479	AAA	39083
479	AAG	1853
479	AAR	3
480	AAG	40476
480	AAA	250
480	AGG	195
480	ARG	12
480	AAR	6
481	AAG	39249
481	AAA	1687
481	AAR	3
482	TCC	38401
482	TCT	2405
482	TCA	125
482	TCG	5
483	TAT	38242
483	TAC	2695
483	TAY	2
484	ATA	40918
484	ATG	7
484	GTA	5
484	ACA	4
484	ATT	2
485	AAT	39817
485	AAC	1110
485	AAY	11
486	AAA	23862
486	AAG	14289
486	CGG	1889
486	CGA	432
486	AGA	258
486	AGG	202
486	AAR	6
487	ACA	39866
487	ACG	575
487	ACT	409
487	ACC	82
487	ACR	5
488	GGG	38974
488	GGA	1800
488	GGT	152
488	GGC	7
488	GGR	5
489	ACA	40712
489	ACG	133
489	ACT	53
489	ACC	39
490	TTT	40341
490	TTC	595
490	TTA	2
491	GAA	40105
491	GAG	831
491	GAR	3
492	TTC	40537
492	TTT	397
492	TTY	4
493	ACT	22438
493	ACA	16274
493	ACC	1206
493	ACG	1015
493	ACR	4
494	AGC	40428
494	AGT	506
494	AGY	2
494	GGC	2
495	TTT	34981
495	TTC	5941
495	TTY	13
495	TCT	2
496	TTT	38171
496	TTC	2768
497	TAT	38615
497	TAC	2321
497	TAY	3
498	CGA	22962
498	CGC	16664
498	CGG	841
498	CGT	378
498	AGA	79
498	CGR	6
498	CGY	3
498	AGG	2
499	TAT	40802
499	TAC	131
499	CAT	3
499	TAY	2
500	GGA	39862
500	GGG	1050
500	GGT	14
500	GGR	7
500	GGC	6
501	TTT	39834
501	TTC	1102
501	TTY	3
502	GTG	37882
502	GTA	2881
502	GTT	156
502	ATG	7
502	RTG	6
502	GTW	2
502	GTR	2
503	GCT	38500
503	GCC	2400
503	GCA	30
503	GCY	6
504	AAT	39428
504	AAC	1506
504	AAY	4
505	TTT	38521
505	TTC	2412
505	TTY	6
506	AGC	38761
506	AGT	2172
506	GGC	4
507	ATG	40900
507	ACG	17
507	ATA	14
507	GTG	7
508	GAG	40101
508	GAA	825
508	GAR	8
508	GAT	4
509	CTG	25684
509	CTA	14109
509	TTG	660
509	TTA	315
509	CTT	144
509	CTR	11
509	CTC	4
509	ATA	4
509	YTG	3
509	CTS	2
509	CTK	2
510	CCA	22797
510	CCC	17338
510	CCG	528
510	CCT	261
510	CCR	9
510	TCC	2
510	YCC	2
511	AGT	26724
511	AGC	14187
511	AAT	15
511	GGC	5
511	AAC	3
511	AGY	3
511	GGT	2
512	TTT	37840
512	TTC	3089
512	TTG	2
512	CTT	2
512	TTY	2
513	GGA	40233
513	GGG	683
513	GGT	10
513	GGR	6
513	GGC	5
514	GTG	40362
514	GTA	520
514	GTT	27
514	GTC	14
514	GTR	4
514	RTG	4
514	GTK	3
514	ATG	3
514	STG	2
515	TCT	40346
515	TCC	338
515	TCA	103
515	GCT	66
515	TCG	56
515	CCT	21
515	TCY	3
515	CCC	2
516	GGA	39566
516	GGG	1353
516	GGT	7
516	GGC	7
516	GGR	6
517	ATA	24300
517	GTA	13850
517	ATT	1893
517	ATC	675
517	GTG	135
517	GTC	46
517	ATG	9
517	GTT	9
517	ACA	8
517	ATW	3
517	ATY	2
517	RTA	2
517	GTR	2
517	TTA	2
518	AAC	22991
518	AAT	17935
518	AAY	12
519	GAG	24322
519	GAA	16614
519	GAR	3
520	TCA	39218
520	TCG	1485
520	TCT	229
520	TCC	5
521	GCT	39599
521	GCC	1040
521	GCA	189
521	GCG	108
522	GAC	39834
522	GAT	1104
523	ATG	40932
523	ATA	5
524	AGC	26260
524	AGT	14667
524	GGT	4
524	GGC	2
525	ATT	40279
525	GTT	344
525	ATC	303
525	ATA	6
525	RTT	2
525	ATY	2
526	GGA	38643
526	GGT	1656
526	GGG	625
526	GGC	11
526	GGR	3
527	GTA	37563
527	GTT	2259
527	GTG	501
527	GTC	367
527	ATT	136
527	ATA	87
527	GCA	7
527	RTA	5
527	ATG	4
527	ATC	3
527	GCT	2
528	ACA	40509
528	ACT	245
528	ACG	89
528	ACC	64
528	GCA	18
528	ACR	5
528	TCA	5
528	AGT	3
529	GTG	39092
529	GTA	1661
529	GTC	116
529	GTT	50
529	ATG	9
529	GTR	6
529	TTG	2
530	ATA	40795
530	ATC	124
530	GTA	14
530	ATT	6
531	AAG	39760
531	AAA	1136
531	AGG	23
531	AAR	10
531	AGA	8
532	AAC	40577
532	AAT	355
532	GAC	3
532	AAY	2
533	AAC	38375
533	AAT	2536
533	AGC	13
533	AGT	10
533	ART	3
534	ATG	40927
534	ATA	8
535	ATA	40765
535	GTA	120
535	ATC	36
535	ATT	7
535	RTA	4
535	ATG	4
536	AAT	22063
536	AAC	18867
536	AAY	7
537	AAT	39243
537	AAC	1668
537	AGC	16
537	AGT	10
538	GAC	38512
538	GAT	2420
538	GAY	3
539	CTT	40711
539	CTC	161
539	CTA	49
539	CTG	12
539	CTY	3
539	CTW	2
540	GGA	39288
540	GGG	1285
540	GGC	202
540	GGT	162
540	GGR	2
541	CCA	26178
541	CCT	14599
541	CCC	116
541	CCG	40
541	CCR	2
542	GCA	40110
542	GCG	717
542	GCC	68
542	GCT	43
543	ACA	27855
543	ACG	12950
543	ACC	72
543	ACT	57
543	ACR	2
544	GCC	25941
544	GCT	14787
544	GCA	205
544	GCG	4
545	CAA	24951
545	CAG	15987
546	ATG	40927
546	CTG	12
547	GCT	38850
547	GCC	1958
547	GCA	117
547	GCG	9
547	GCY	4
548	CTC	23770
548	CTT	17102
548	CTA	40
548	ATC	11
548	CTG	8
548	ATT	3
548	CTY	2
549	CAA	37700
549	CAG	3236
550	TTG	37269
550	CTA	2149
550	TTA	1182
550	CTG	279
550	CTT	40
550	CTC	5
550	TTR	5
550	TTT	4
550	YTG	4
551	TTC	40242
551	TTT	689
551	CTC	4
551	TTA	2
552	ATC	40617
552	ATA	155
552	ATT	140
552	GTC	18
552	ACC	5
553	AAA	39015
553	AAG	1916
553	AAR	3
553	AGG	3
554	GAT	24107
554	GAC	16821
554	AAC	4
554	GAY	4
555	TAC	40404
555	TAT	533
556	AGA	40017
556	AGG	839
556	CGA	76
556	CGG	5
556	AGR	2
557	TAC	40793
557	TAT	143
558	ACG	21656
558	ACA	18729
558	ACC	436
558	ACT	102
558	ACR	10
558	ACK	4
559	TAT	38358
559	TAC	2577
559	TAY	2
560	AGG	18507
560	CGG	17835
560	CGA	3576
560	AGA	741
560	CGT	174
560	CGC	84
560	MGG	13
560	CGR	4
560	ARG	2
560	AGR	2
561	TGC	30964
561	TGT	9965
561	TGY	5
561	TRC	2
562	CAT	37700
562	CAC	3228
562	CAY	4
562	CAA	2
563	AGA	25851
563	AGG	14943
563	AAA	54
563	AAG	35
563	CGG	18
563	CGA	17
563	ATA	9
563	GGA	4
563	ARA	2
563	ARG	2
564	GGA	37876
564	GGT	1531
564	GGG	1476
564	GGC	48
564	AGT	2
564	GGR	2
565	GAC	38725
565	GAT	2197
565	AAC	6
565	RAC	3
565	GRC	2
565	GAA	2
565	GGC	2
566	ACA	38766
566	ACG	1777
566	ACT	204
566	ATG	121
566	GCA	21
566	ACC	13
566	GCG	9
566	ATA	7
566	AAA	6
566	TCA	4
566	ACR	3
566	GTG	2
567	CAA	40657
567	CAG	247
567	CTA	11
567	AAA	10
567	GAA	4
567	CGA	3
567	CAC	2
568	ATC	24761
568	ATT	15987
568	ATA	155
568	GTC	13
568	GTT	8
568	ATY	5
568	ACT	4
568	ACC	3
569	CAA	26667
569	CAG	14231
569	CAC	20
569	CTG	5
569	CAT	4
569	CGA	3
569	AAA	2
569	CGG	2
569	CAR	2
569	AAG	2
570	ACG	39778
570	ACA	933
570	ACC	122
570	ACT	95
570	ACR	8
571	AGA	38131
571	AGG	2622
571	CGA	88
571	CGG	36
571	AAA	33
571	AGR	11
571	ARA	9
571	GGA	4
571	AAG	3
572	AGA	40625
572	AGG	299
572	CGA	12
573	TCA	39938
573	GCA	528
573	TCT	306
573	TCG	113
573	ACA	35
573	TCC	11
573	GGA	4
573	TCR	2
574	TTC	26173
574	TTT	14716
574	TCC	11
574	TTY	7
574	TTA	6
574	TAC	6
574	CTT	6
574	TCT	5
574	CTC	4
574	TYT	2
575	GAG	39973
575	GAA	958
575	GAR	4
576	ATA	23375
576	TTG	11991
576	CTG	2595
576	TTA	2033
576	CTA	817
576	CTT	71
576	ATT	28
576	YTG	10
576	ATG	5
576	GTA	3
576	TTR	3
576	ATC	3
577	AAG	39957
577	AAA	832
577	AGG	99
577	AGA	12
577	AAT	11
577	AAR	6
577	GAG	5
577	AAK	4
577	ACG	4
577	ARG	3
577	CAG	2
578	AAG	39697
578	AAA	1089
578	AGG	78
578	AGC	28
578	AGA	15
578	GAG	11
578	AAT	7
578	AAR	5
578	ARG	3
578	RAG	2
578	ATG	2
579	CTG	25895
579	CTA	14433
579	TTG	363
579	TTA	125
579	CTT	109
579	CTR	4
579	ATA	3
579	CTC	2
580	TGG	40937
581	GAT	37804
581	GAG	1845
581	GAA	816
581	GAC	378
581	AAT	48
581	GGT	20
581	GGG	18
581	RAT	2
581	GTT	2
582	CAA	39111
582	CAG	1805
582	AAA	9
582	AAG	5
582	CAR	2
582	CAT	2
583	ACC	40761
583	ACT	157
583	ACY	4
583	GCC	4
583	TCC	3
583	ATC	3
583	ACA	3
584	CAA	38047
584	CGT	2118
584	CGC	355
584	CAT	206
584	CGA	79
584	CAG	49
584	TGT	37
584	AAA	18
584	CAC	14
584	CTA	3
584	CRA	3
584	CTT	2
584	CAR	2
585	TCA	39963
585	TCG	754
585	TCC	163
585	TCT	51
585	TCW	2
585	TCR	2
585	CCA	2
586	AGG	22401
586	AAG	17446
586	AAA	645
586	AGA	391
586	AAT	32
586	ARG	9
586	AGR	4
586	RAG	3
586	CAG	2
586	AAR	2
587	ACA	22960
587	GTA	13841
587	GCA	3595
587	GCG	212
587	GCT	181
587	ATA	55
587	ACG	31
587	GGA	18
587	GTG	16
587	ACT	11
587	CCA	3
587	GYA	2
587	TCA	2
587	RTA	2
587	GTR	2
587	ACR	2
588	GGA	26376
588	GGG	14542
588	GGC	14
588	GGR	4
588	GGT	2
589	CTA	36107
589	TTA	2536
589	CTG	2121
589	TTG	87
589	CTT	53
589	CTC	17
589	CTR	10
589	YTA	3
590	TTG	25952
590	TTA	14208
590	CTA	422
590	CTG	341
590	YTA	10
590	TTR	4
591	GTA	33753
591	GTG	5032
591	GTT	1682
591	GTC	287
591	ATA	114
591	ATT	46
591	GTR	15
591	RTA	4
591	RTT	2
592	TCA	39619
592	TCT	964
592	TCC	160
592	TCG	157
592	GCA	33
592	GCG	3
593	GAT	40715
593	GAC	221
594	GGG	23441
594	GGA	17472
594	GGT	11
594	GGC	7
594	GGR	5
595	GGA	34263
595	GGG	6486
595	GGC	162
595	GGT	17
595	GGR	8
596	CCA	35844
596	CCG	4898
596	CCT	111
596	CCC	62
596	CCR	14
596	TCA	5
597	AAC	38864
597	AAT	2067
597	AAY	6
598	TTA	38300
598	CTA	1721
598	CTG	709
598	TTG	174
598	CTT	12
598	ATG	7
598	YTA	5
598	CCA	3
598	TTR	2
598	ATA	2
599	TAC	40601
599	TAT	333
599	TTC	2
599	TWC	2
600	AAT	26183
600	AAC	14751
600	AAY	4
601	ATC	25896
601	ATA	13972
601	ATT	1052
601	ATY	9
601	GTC	5
601	GTA	2
602	CGG	38343
602	CGA	2202
602	AGG	198
602	AGA	151
602	CGT	36
602	CGR	3
602	MGG	2
603	AAT	40173
603	AAC	760
603	AAY	3
604	CTT	38114
604	CTC	2635
604	CTA	131
604	TTA	33
604	TTT	9
604	CTY	4
604	ATT	3
604	YTA	3
604	TTG	2
604	YTT	2
604	CTG	2
605	CAC	39724
605	CAT	1209
605	CAY	2
606	ATC	24262
606	ATT	16646
606	ATA	11
606	ATY	6
606	GTC	5
606	CTC	3
607	CCT	39241
607	CCA	1392
607	CCG	215
607	CCC	79
607	TCT	4
607	CMT	2
607	CCY	2
608	GAA	38511
608	GAG	2426
609	GTC	40454
609	GTA	281
609	GTT	180
609	GCC	15
609	ATC	2
609	GTM	2
610	TGC	40581
610	TGT	353
610	TGY	3
611	TTA	38083
611	TTG	2506
611	CTA	173
611	CTG	157
611	ATG	6
611	TCA	4
611	TTR	4
612	AAG	23757
612	AAA	17174
612	AAR	2
612	ARG	2
613	TGG	40937
614	GAG	38521
614	GAA	2361
614	GAT	24
614	GGG	10
614	GGA	6
614	AAG	5
614	GAC	4
614	GAR	3
614	GRG	2
615	CTG	23792
615	CTA	15212
615	TTG	1744
615	TTA	152
615	CTT	25
615	ATG	3
615	YTG	3
615	CTR	2
615	YTA	2
616	ATG	40926
616	AGG	10
616	ATR	2
617	GAT	40678
617	GAC	256
617	GAG	2
618	GAG	22322
618	GAT	15877
618	GAA	2423
618	GAC	94
618	GTA	81
618	GGT	31
618	AAT	27
618	AAG	21
618	GGA	16
618	GGG	11
618	AAA	5
618	GCT	5
618	RAT	4
618	GAK	4
618	GTG	3
618	GAR	3
618	GTT	3
618	GCG	2
619	AAT	23252
619	GAT	15571
619	GAC	1888
619	AAC	101
619	GGT	41
619	AAA	35
619	GAA	20
619	AGT	12
619	GAG	4
619	RAT	3
619	TAT	3
619	ACT	3
619	ART	2
620	TAT	38428
620	TAC	2507
620	TAY	3
621	CGG	32294
621	AGG	4667
621	CAG	1673
621	CGA	1158
621	CAA	723
621	AGA	258
621	AAG	121
621	MGG	15
621	AAA	13
621	CRG	7
621	CGR	3
621	AGR	2
621	CGT	2
621	ARG	2
622	GGA	38142
622	GGC	1728
622	GGT	689
622	GGG	359
622	TGC	7
622	GGR	5
622	GGS	3
622	GAA	2
622	AGC	2
623	AGA	39296
623	AGG	1510
623	CGT	116
623	CGA	8
623	AGM	2
623	AGR	2
624	CTT	38327
624	CTG	2032
624	TTG	292
624	TTA	145
624	CTA	62
624	CTC	52
624	ATT	14
624	TTR	3
624	CTW	2
624	CTK	2
624	CKT	2
625	TGT	35358
625	TGC	5563
625	TGY	16
626	AAT	40001
626	AAC	926
626	AAY	8
626	AGT	3
627	CCC	38073
627	CCT	2685
627	CCA	142
627	TCC	14
627	CTT	9
627	CCG	7
627	TCT	3
627	CAT	2
628	CTG	39541
628	ATG	567
628	CTA	395
628	TTG	254
628	CTC	83
628	CTT	40
628	TTA	36
628	CAG	9
628	CTR	7
628	MTG	2
628	ATC	2
629	AAT	39558
629	AAC	1374
629	AAY	3
630	CCC	36989
630	CCA	2128
630	CCG	1174
630	CCT	641
630	CCM	4
630	CCY	2
631	TTT	39928
631	TTC	998
631	YTT	7
631	TYT	2
632	GTC	27216
632	GTG	13231
632	GTA	223
632	GTT	210
632	GCC	23
632	ATC	13
632	RTC	5
632	ATG	3
632	GTY	3
632	GCG	2
632	GYC	2
632	GGC	2
633	AGC	25640
633	AGT	15121
633	AAC	80
633	AAT	35
633	GGT	34
633	AGY	7
633	ATC	5
633	GGC	4
633	ACC	3
633	TGC	3
633	ART	2
634	CAT	40438
634	CAC	486
634	AAT	5
634	CAY	3
635	AAA	25355
635	AAG	14998
635	AGG	566
635	AGA	8
635	AAR	3
635	ATG	3
635	GGG	2
636	GAA	26100
636	GAG	14808
636	GGA	15
636	GRA	4
636	GGG	4
636	GAR	4
636	GAT	2
637	ATT	40371
637	ATC	274
637	ATA	193
637	GTT	90
637	TTT	5
637	ACT	2
638	GAA	24163
638	GAT	14811
638	GAG	1582
638	GAC	348
638	AAT	10
638	GGA	8
638	GGT	6
638	GAR	3
638	AAA	3
639	TCT	39360
639	TCC	879
639	TCA	675
639	TTT	8
639	TCY	3
639	GCT	3
639	TAT	3
639	TCG	2
640	GTA	38679
640	GTC	1518
640	GTG	487
640	ATA	109
640	ATG	80
640	GTT	37
640	TTA	10
640	ATC	5
640	GTR	4
640	TTG	2
640	RTA	2
640	GCA	2
641	AAC	40643
641	AAT	290
641	ARC	3
642	AAT	39878
642	AGT	887
642	AAC	136
642	AGC	12
642	AAA	10
642	CAT	4
642	ART	3
642	TAT	2
642	ACT	2
643	GCT	39305
643	GCC	1149
643	GCG	232
643	GCA	170
643	ACT	62
643	GTT	7
643	RCT	3
643	GCW	2
643	GGT	2
643	GCY	2
644	GTA	23889
644	GTG	16142
644	ATA	645
644	ATG	186
644	GTT	23
644	ACA	15
644	ATT	9
644	GTC	8
644	GCA	6
644	GTR	4
644	CCA	3
644	ACG	2
644	TTA	2
645	GTA	38281
645	GTG	2341
645	ATA	151
645	ATG	119
645	GTT	24
645	GTR	7
645	RTA	6
645	TTA	2
645	GCA	2
646	ATG	40585
646	CTG	218
646	TTG	54
646	ATA	31
646	GTG	14
646	ATT	10
646	ACG	8
646	ATC	7
646	AGG	4
647	CCA	40490
647	CCG	346
647	CCC	63
647	CCT	20
647	TCA	6
647	CAA	6
647	CCM	3
647	ACA	2
648	GCC	38742
648	GCT	1882
648	GCA	139
648	TCC	58
648	ACC	32
648	GCG	18
648	ACT	17
648	GCY	11
648	GTC	10
648	TCA	10
648	TCT	10
648	RCC	3
648	GTT	3
649	CAT	40622
649	CAC	307
649	MAT	2
649	CAG	2
649	AAT	2
650	GGT	27113
650	GGC	13777
650	GGA	31
650	GGG	11
650	GGY	4
651	CCG	23007
651	CCA	16219
651	CCT	1599
651	CCC	106
651	CCR	5
652	GCC	40305
652	GCT	206
652	GCA	176
652	ACC	100
652	TCC	80
652	GTC	62
652	RCC	3
652	GYC	2
653	AAA	39046
653	AAG	1875
653	AGA	9
653	AAR	4
653	CAG	2
654	AGT	24237
654	AGC	16086
654	AAC	269
654	AAT	170
654	GGT	93
654	GGC	33
654	ART	6
654	ATC	6
654	AGY	5
654	ACC	5
654	ARC	5
654	TGT	4
654	ATT	3
654	TGC	3
654	RGC	2
654	AST	2
655	ATG	40630
655	CTG	127
655	ATA	109
655	TTG	35
655	GTG	18
655	ACG	11
655	ATR	3
655	AYG	2
656	GAA	39729
656	GAG	1176
656	GAT	17
656	GAR	3
656	GGA	2
656	GAW	2
656	GAC	2
656	RAA	2
656	GGG	2
657	TAT	40765
657	TAC	168
657	YAT	2
658	GAT	40750
658	GAC	149
658	GAA	18
658	GAG	12
658	GAW	3
658	GAY	2
659	GCC	38858
659	GCT	1535
659	GCA	533
659	TCC	4
659	GCM	3
659	GCY	3
660	GTT	38255
660	GTC	2410
660	GTA	229
660	ATT	29
660	GTG	7
660	RTT	4
661	GCA	22793
661	GCT	12296
661	GCG	5690
661	GCC	94
661	ACT	17
661	GCR	13
661	ACA	12
661	TCG	4
661	ACG	3
661	GCK	2
661	AAT	2
661	TCA	2
661	GCY	2
662	ACT	39484
662	ACC	1251
662	ACA	155
662	AMT	12
662	ACY	12
662	AAT	9
662	AYT	4
662	ACG	4
662	ACK	3
663	ACA	40549
663	ACG	208
663	ACC	97
663	ACT	74
663	GCA	3
663	TCA	2
664	CAT	27729
664	CAC	13184
664	CAY	17
665	TCC	37653
665	TCA	2681
665	TCT	486
665	TCG	106
665	TCM	8
666	TGG	40936
667	ATT	38984
667	ATC	1450
667	GTT	211
667	ACT	123
667	GTC	70
667	ACC	53
667	ATA	19
667	TTT	6
667	ATG	5
667	AYT	4
667	RTT	3
667	AGT	3
667	ATY	2
668	CCC	38300
668	CCT	2540
668	CCA	52
668	TCC	25
668	CTC	5
668	CCG	4
668	CCY	4
668	TCT	3
668	ACC	2
669	AAA	24877
669	AAG	16039
669	AGA	5
669	AAR	5
669	AAW	4
669	AGG	3
670	AGG	40057
670	AGA	853
670	CGG	8
670	AGR	7
670	ASG	5
670	AAG	5
671	AAC	25238
671	AAT	15695
671	AAY	2
672	CGC	22431
672	CGT	18227
672	CGA	191
672	CGG	66
672	AGA	11
672	MGC	5
672	CGM	2
673	TCT	37499
673	TCC	3231
673	TCA	180
673	TCY	14
673	TCW	6
673	TCG	4
674	ATT	39189
674	ATC	1637
674	ATA	88
674	GTT	13
674	RTT	3
674	GTC	3
674	ATY	3
675	CTA	23440
675	CTC	16999
675	CTT	232
675	TTG	118
675	CTG	86
675	TTA	52
675	ATC	3
675	YTA	2
675	STA	2
676	AAC	39550
676	AAT	1376
676	AAY	10
677	ACA	38680
677	ACC	1197
677	ACG	987
677	ACT	68
677	ASA	3
678	AGC	38666
678	AGT	2238
678	AAC	15
678	AGY	9
678	ATC	2
678	AGG	2
679	CAA	40578
679	CAG	347
679	CAR	4
679	CRA	2
679	CAT	2
679	CGG	2
680	AGG	40097
680	AGA	689
680	AAG	93
680	CGG	44
680	AGR	5
680	ARG	5
680	AAA	3
681	GGA	36392
681	GGG	4520
681	GGT	13
681	GGC	5
681	GGR	5
682	ATT	38762
682	ATC	1875
682	ATA	155
682	GTA	81
682	GTT	53
682	RTT	5
682	GTC	3
683	CTT	40723
683	CTC	198
683	CTG	9
683	CTA	2
683	ATT	2
683	CTY	2
684	GAG	39814
684	GAA	1111
684	GAR	5
684	RAG	2
684	GAS	2
685	GAT	40451
685	GAC	481
685	RAT	2
686	GAA	39969
686	GAG	960
686	GAR	3
686	GRA	2
687	CAG	35541
687	CAA	5184
687	CAT	68
687	AAG	55
687	AAA	28
687	CTG	25
687	CAR	11
687	AGA	11
687	CGG	7
687	CRG	2
687	CGA	2
688	ATG	40902
688	ATA	13
688	ATR	11
688	GTG	9
689	TAC	40042
689	TAT	874
689	TAY	7
689	TCC	5
689	KAC	4
689	CAC	4
690	CAG	39691
690	CAA	1235
690	AAG	3
690	CGA	2
690	CAR	2
691	AAG	40156
691	AAA	653
691	AGG	121
691	AAR	3
692	TGC	26883
692	TGT	14046
692	TGY	7
693	TGC	40525
693	TGT	406
693	TAC	2
694	AAC	24144
694	AAT	16240
694	AGT	420
694	ACC	56
694	AGC	44
694	ATT	7
694	TAT	6
694	AAY	6
694	GAC	4
694	ACT	3
694	TAC	2
695	TTG	23502
695	TTA	12406
695	CTA	4104
695	CTG	836
695	ATA	43
695	YTA	12
695	ATG	8
695	TCA	4
695	YTG	4
695	CTT	4
695	ACA	3
695	CTC	2
695	TTR	2
695	TCG	2
696	TTC	39864
696	TTT	1065
696	TTY	7
697	GAG	40034
697	GAA	877
697	GAR	10
697	GRA	5
697	GGG	3
697	RAG	3
697	GAT	2
697	AAG	2
698	AAA	40169
698	AAG	689
698	AGA	46
698	AAT	12
698	AAR	11
698	ACA	3
698	GAA	3
699	TTT	38045
699	TTC	2891
700	TTC	40245
700	TTT	662
700	TTY	28
701	CCT	38520
701	CCC	2257
701	CCA	129
701	CCY	12
701	TCT	4
701	CMT	3
701	ACC	3
701	YCT	2
701	CAT	2
702	AGT	25349
702	AGC	15578
702	AGY	8
703	AGT	40567
703	AGC	361
703	TGT	6
703	ATT	2
704	TCA	39602
704	TCG	1287
704	TCT	17
704	TTA	5
704	ACG	5
704	TCW	5
704	GCA	3
704	ACA	2
704	TYA	2
704	TCC	2
704	TTG	2
705	TAT	38572
705	TAC	2361
705	TAY	2
706	AGG	38850
706	CGG	1386
706	AGA	629
706	CGA	39
706	AAG	20
706	AGR	2
706	ATG	2
706	ARG	2
707	AGA	38866
707	AGG	2044
707	CGA	12
707	AAA	5
707	AGR	4
707	ASA	2
707	AKA	2
708	CCG	37516
708	CCA	3195
708	CCT	202
708	TCG	7
708	CCC	5
708	CCR	5
709	ATT	23569
709	GTT	17137
709	GTC	172
709	GTG	26
709	ATC	21
709	RTT	7
709	GTA	3
710	GGA	40265
710	GGG	655
710	GGC	14
711	ATT	40381
711	ATC	371
711	ATA	128
711	CTT	35
711	ATY	9
711	GTT	7
711	ATK	2
711	ATG	2
712	TCT	38276
712	TCC	2495
712	TCA	152
712	TCG	9
712	TCY	2
713	AGC	39863
713	AGT	1054
713	AGY	4
713	ACT	3
713	AGA	3
713	AGM	2
713	TGC	2
713	ACC	2
714	ATG	40928
714	TTG	4
714	ATA	2
715	GTG	39318
715	GTA	896
715	GCG	635
715	ATG	34
715	GTT	20
715	GCA	7
715	GTR	6
715	GGG	6
715	GCT	5
715	RTG	3
715	CTG	3
716	GAG	40888
716	GAA	32
716	GGG	4
716	GAT	3
716	GAR	2
716	GRG	2
717	GCC	40595
717	GCT	216
717	GCA	119
717	GCM	4
718	ATG	40927
718	AAG	5
719	GTG	34372
719	GTA	5871
719	GTT	500
719	ATA	67
719	ATG	66
719	GTC	16
719	ATT	14
719	GTR	9
719	GCG	8
719	TTG	4
719	TTA	3
719	RTG	2
720	TCT	40536
720	TCC	328
720	TCA	31
720	GCT	15
720	TCG	14
720	TCY	8
720	TAT	2
721	AGG	40138
721	CGG	520
721	AGA	168
721	CGA	61
721	AAG	36
721	ARG	7
721	AGR	3
721	CGT	2
722	GCC	40549
722	GCT	347
722	GGC	17
722	GCA	6
722	ACC	6
722	TCC	5
722	RCC	2
723	CGG	37256
723	CGA	3259
723	AGG	158
723	AGA	138
723	CAG	49
723	CGT	49
723	CAA	14
723	CGR	5
723	CRG	2
723	TGG	2
723	CTG	2
724	ATT	40470
724	ATC	445
724	ATA	14
724	GTT	4
725	GAT	39757
725	GAC	1172
725	GTC	2
725	GAY	2
726	GCC	38165
726	GCA	2570
726	GCG	142
726	GCT	28
726	ACC	9
726	GCM	6
726	GTC	5
726	TCC	5
726	TCA	3
726	GMC	2
727	AGA	36072
727	AGG	2122
727	CGA	2091
727	CGC	358
727	CGG	264
727	CGT	21
727	AGR	5
728	ATT	26804
728	GTC	13687
728	ATC	229
728	GTT	155
728	GTA	21
728	ATA	15
728	RTC	6
728	TTT	3
728	ACT	3
728	GTM	3
728	GTG	2
728	AYT	2
729	GAC	39186
729	GAT	1706
729	GAA	13
729	AAC	10
729	GGC	7
729	GAY	3
729	GRC	3
729	RAC	3
729	TAC	2
730	TTC	27150
730	TTT	13753
730	TCC	9
730	CTC	4
730	TTA	4
730	TTY	4
730	CTT	3
730	TYC	2
730	TCT	2
730	TAC	2
731	GAG	38637
731	GAA	2290
731	GAR	6
731	GAT	3
732	TCT	36411
732	TCC	4337
732	TCA	131
732	ACT	19
732	TCY	14
732	TCG	11
732	GCT	5
732	TCW	3
732	TAT	2
733	GGA	40675
733	GGG	178
733	GGC	42
733	AGA	15
733	GAA	15
733	GGT	7
734	AGG	25963
734	CGG	14634
734	AGA	199
734	CGA	92
734	AAG	31
734	CGR	3
734	TGG	3
734	CAG	3
734	MGG	2
734	CGT	2
735	ATT	28216
735	ATC	11540
735	ATA	1057
735	GTT	39
735	ATG	22
735	AGT	18
735	GTC	11
735	ACC	11
735	ACT	10
735	RTT	2
735	ATY	2
735	AGC	2
736	AAG	40350
736	AAA	260
736	AAT	197
736	AGG	72
736	GGG	22
736	GAG	12
736	CAG	11
736	RAG	4
736	ACG	3
736	AAC	2
737	AAG	22771
737	AAA	17984
737	AGA	112
737	AGG	42
737	AAR	10
737	AAT	5
737	ARG	3
737	GAA	2
737	AAC	2
737	CAA	2
738	GAA	39845
738	GAG	1041
738	GGA	21
738	GAT	9
738	GAC	7
738	GAR	6
738	AAA	3
739	GAG	40456
739	GAA	292
739	GAT	159
739	GCG	6
739	AAG	6
739	GTG	5
739	GGG	4
739	GAR	3
739	RAG	3
740	TTC	37695
740	TTT	3212
740	CTC	12
740	TTA	6
740	TTY	5
740	TGC	2
740	YTC	2
741	TCT	38099
741	GCT	2563
741	ACT	90
741	TCC	54
741	GCC	53
741	TCA	22
741	TAT	20
741	GTT	6
741	GCA	6
741	GCG	5
741	TTT	5
741	TCY	3
741	TMT	3
741	TCG	2
741	GCY	2
742	GAG	40875
742	GAT	34
742	GAA	18
742	GGG	8
743	ATC	40902
743	ACC	11
743	ATT	10
743	GTC	5
743	ATA	4
743	AYC	2
744	ATG	40557
744	ATA	264
744	ACG	53
744	TTG	25
744	GTG	23
744	WTG	5
744	ATT	3
744	ATR	2
745	AAG	40646
745	AGG	231
745	AAA	43
745	AAR	8
745	ARG	5
746	ATC	40807
746	ACC	119
746	ATA	3
746	GTC	3
746	RTC	2
747	TGT	40694
747	TGC	238
747	TGY	3
748	TCC	40268
748	TCT	500
748	TTC	96
748	TCA	24
748	TAC	22
748	TCY	8
748	TYC	3
748	CTC	2
748	TGC	2
748	CCC	2
748	ACC	2
749	ACC	40917
749	GCC	11
749	CCC	3
750	ATT	40926
750	ATC	3
751	GAA	40904
751	AAA	12
751	GGA	7
751	GAG	5
751	RAA	4
752	GAA	38373
752	GAG	2452
752	GAC	48
752	GGA	19
752	AAA	18
752	RAA	8
752	GAT	6
752	GGG	4
752	GCA	2
753	CTC	40841
753	ATC	46
753	TTC	28
753	CCC	3
753	CTA	3
753	CAC	2
753	MTC	2
753	YTC	2
753	CYC	2
753	CTT	2
753	CGC	2
754	AGA	40887
754	AAA	26
754	CGA	16
754	ARA	3
755	CGG	40933
756	CAA	40408
756	CAG	284
756	CCC	72
756	CAC	61
756	AAA	45
756	TCC	9
756	CCA	9
756	CGA	7
756	CAT	6
756	MAA	6
756	TAA	6
756	CRA	5
756	CAR	5
756	CTA	4
756	CAM	2
757	AAA	39855
757	AAG	859
757	AGA	85
757	AAT	68
757	ACA	34
757	CAA	6
757	ARA	4
757	AAC	4
757	AAR	3
757	GAA	2
757	MAG	2
758	TAA	38089
758	TAG	2625
758	TGA	158
758	TRA	2

#HK4801|PB1-F2
1	ATG	41126
1	ACG	74
1	AYG	3
2	GAA	40438
2	GGA	755
2	GRA	5
2	GCA	3
2	GTA	3
2	GAG	2
3	CAG	40988
3	CGG	182
3	CTG	25
3	CCG	7
3	CRG	3
4	GGA	24398
4	GAA	16799
4	GRA	7
5	CAG	41131
5	CTG	33
5	CGG	26
5	CCG	8
5	TAG	3
5	YAG	2
6	GGT	24299
6	GAT	16736
6	GTT	71
6	GCT	43
6	GAC	22
6	GGC	15
6	GRT	9
6	GAY	5
7	ACA	41002
7	ATA	190
7	ACG	3
7	GCA	2
7	AYA	2
8	CTA	23580
8	CCA	17471
8	CAA	100
8	CCC	31
8	CYA	6
8	CTC	3
8	CTG	3
8	CTR	2
8	STA	2
9	TGG	41131
9	TAG	50
9	TTG	10
9	TGA	5
9	TRG	4
10	ACA	40101
10	ATA	1033
10	AAA	5
10	AMA	4
11	CAG	40783
11	CGG	197
11	CTG	114
11	CCG	45
11	CAA	4
11	CAR	3
12	TCA	26965
12	TAA	14033
12	TTA	91
12	TGA	52
12	YCA	2
13	ACA	26734
13	ATA	215
13	GCA	63
13	ACC	29
13	ATC	14
13	GTA	5
14	GAA	26711
14	GGA	348
14	GRA	3
15	CAC	26985
15	CGC	62
15	CCC	9
15	CTC	3
16	ACC	20114
16	ATC	6317
16	ATA	579
16	ACA	48
16	AYC	3
17	AAT	26778
17	AGT	275
17	GAT	5
17	ACT	4
18	ACT	24384
18	ATT	2667
18	AYT	5
18	ACG	2
19	CAG	26802
19	CGG	198
19	CTG	31
19	CAA	20
19	CCG	6
19	CAR	4
20	AGA	23900
20	AAA	3131
20	ATA	5
20	TGA	4
20	CGA	4
20	AGC	4
20	AGG	4
20	ARA	4
20	GGA	3
20	AGR	2
21	GGG	22352
21	AGG	1897
21	AAG	1401
21	GAG	1339
21	ATG	48
21	GRG	7
21	TGG	4
21	ACG	3
21	RGG	2
21	RRG	2
22	GGA	25005
22	GAA	1531
22	GGG	495
22	GTG	15
22	GAG	5
22	GRA	3
22	GTA	3
23	AGT	24590
23	AAT	1800
23	GGT	333
23	GAT	307
23	ART	7
23	ATT	7
23	TAT	3
23	AGG	2
23	GTT	2
23	AKT	2
23	TGT	2
24	GGA	26861
24	GGG	192
24	GGM	2
24	GGR	2
25	CAA	14677
25	CGA	12212
25	TGA	43
25	AAA	39
25	CTA	19
25	TAA	18
25	CCA	16
25	AGA	9
25	CRA	9
25	CAG	6
25	CGG	3
25	YGA	2
25	MGA	2
26	CAA	24855
26	CGA	1428
26	TAA	324
26	CTA	131
26	AAA	117
26	TGA	110
26	AGA	18
26	CRA	4
26	GAA	3
26	CCA	2
27	ATA	23532
27	ACA	2915
27	ACT	44
27	ACC	31
27	ATG	10
27	GTA	9
27	AYA	7
27	ACG	6
27	ATT	3
27	MTA	2
28	CAG	25813
28	CGG	549
28	CCG	138
28	CTG	39
28	TAG	15
28	AAG	3
28	MAG	2
29	AAA	23740
29	AGA	2800
29	ARA	5
30	CTG	25486
30	CCG	931
30	CAG	57
30	CGG	29
30	CCA	22
30	CTA	9
30	TTG	5
30	CYG	3
31	GGG	23825
31	GAG	2687
31	AGG	10
31	GRG	6
31	GTG	5
31	AAG	4
31	GGA	3
31	GAT	2
31	RGG	2
31	GCG	2
32	CGC	17192
32	CTC	5375
32	CAC	3898
32	CCC	28
32	CRC	10
32	CGT	10
32	CAT	9
32	TGC	6
32	CKC	6
32	CGG	4
32	TTC	3
32	CGA	3
33	CCC	25845
33	CTC	432
33	CGC	123
33	TCC	65
33	CAC	53
33	ACC	21
33	TTC	4
33	CCY	2
34	AGC	23809
34	AAC	2700
34	AAT	24
34	AGT	12
35	TCA	25792
35	TTA	501
35	TAA	229
35	TGA	15
35	TMA	6
35	TYA	3
36	ACC	24442
36	ATC	1858
37	CAA	24349
37	CGA	1697
37	CTA	198
37	CAG	49
37	CCA	4
37	CGG	4
38	TTG	26184
38	TCG	103
38	CTG	5
38	TYG	3
38	YTG	3
38	TTA	2
39	ATG	25968
39	ACG	330
39	AYG	4
40	GAC	25615
40	GGC	643
40	GTC	21
40	GCC	18
40	GRC	3
41	CAC	24684
41	CAT	1313
41	CGT	226
41	CGC	53
41	CCT	7
41	CTC	4
41	CAY	4
41	CAA	4
41	CCC	3
41	CRC	3
42	TAC	25362
42	TGC	914
42	TCC	22
42	TRC	2
43	CTG	25557
43	CAG	375
43	CCG	274
43	CGG	53
43	CTA	27
43	CAA	12
43	CYG	2
44	AGG	20504
44	AAG	5269
44	ATG	275
44	AGA	183
44	GGG	17
44	AAA	14
44	ATA	13
44	ARG	11
44	AGR	7
44	GTG	4
44	TGG	3
45	ATA	24705
45	ACA	1563
45	GTA	14
45	ATG	9
45	ATR	5
45	AYA	3
46	ATG	25004
46	ACG	1276
46	ATA	8
46	GCG	6
46	AWG	4
46	AYG	3
47	AAC	24131
47	AGC	2106
47	ACC	36
47	ATC	14
47	ARC	8
47	GAC	5
48	CAA	24709
48	CCA	837
48	CGA	666
48	CTA	79
48	CAT	5
48	CCT	2
49	GTG	25632
49	GCG	663
49	TTG	4
49	ATG	3
50	GAT	24660
50	GGT	1337
50	GTT	249
50	GCT	54
51	ATG	26185
51	ACG	105
51	ATR	7
51	ATA	2
51	ATT	2
52	CAC	26078
52	CCC	129
52	CGC	74
52	CTC	18
52	CMC	2
53	AAA	26245
53	AGA	53
53	AMA	2
54	CAG	25396
54	CGG	898
54	CTG	5
55	ACT	24003
55	ATT	2288
55	AAT	5
55	AGT	3
55	AMT	3
56	GTG	25577
56	GCG	723
57	TCC	23313
57	TAT	1639
57	TGT	603
57	TTC	308
57	TCT	291
57	TAC	118
57	TTT	9
57	YCC	6
57	TGC	6
57	TCY	4
57	TYC	2
58	TGG	25718
58	TAG	442
58	TTG	139
58	TRG	2
59	AGG	23819
59	AAG	2025
59	ARG	15
60	CTA	22947
60	CAA	2023
60	CCA	764
60	CGA	122
60	CYA	2
61	TGG	25858
62	CCT	22886
62	CTT	2879
62	CAT	76
62	CTC	9
62	CCC	5
63	TCC	25736
63	TTC	115
63	YCC	2
63	TAC	2
63	TYC	2
64	TTG	25793
64	TCG	50
64	TGG	5
64	TAG	5
64	TYG	3
64	TTR	2
65	AAG	25466
65	AGG	345
65	AAA	35
65	ARG	3
65	GAG	2
66	AAT	25545
66	AGT	277
66	ACT	12
66	CAT	8
66	GAT	4
66	ATT	4
66	ART	2
67	CCC	25094
67	CTC	658
67	CAC	101
68	ACC	23928
68	ATC	1911
68	ACT	6
68	AYC	5
68	ACA	3
69	CAG	25627
69	CTG	116
69	CGG	86
69	CCG	17
69	CWG	2
69	CAA	2
69	CAK	2
70	GTA	22878
70	GGA	2184
70	GAA	599
70	GCA	172
70	GGC	7
70	ATA	4
70	GTG	3
70	GYA	2
71	TCT	24681
71	TAT	912
71	TTT	254
71	TMT	2
71	TYT	2
72	TTG	25726
72	TCG	104
72	ATG	18
72	TTA	4
73	AGA	21735
73	AAA	3999
73	GAA	83
73	ACA	19
73	ATA	8
73	AGG	4
73	GGA	2
74	ACT	24567
74	ATT	1177
74	CTT	58
74	CCT	22
74	GCT	21
74	MCT	2
75	CCT	17952
75	CAT	5214
75	CGT	2220
75	CTT	455
75	CMT	7
75	CRT	2
76	GCC	23556
76	GTC	2150
76	GTA	107
76	GCA	15
76	GCT	9
76	GCG	9
76	GCY	3
76	GYC	2
77	TTG	25148
77	TCG	629
77	TAG	69
77	TGG	4
78	AAA	25504
78	AGA	268
78	MAA	5
78	ARA	3
79	CAA	23749
79	CGA	1787
79	CTA	231
79	CCA	10
79	TAA	2
79	CGG	2
80	TGG	25615
80	TAG	151
80	TTG	8
80	TRG	4
81	AAG	23380
81	AAA	1989
81	AGG	218
81	AGA	31
81	AAR	2
81	AAT	2
81	ATG	2
81	ACG	2
82	CCG	22377
82	TTG	2181
82	TCG	477
82	CAG	314
82	CCA	155
82	CTG	54
82	TTA	23
82	TAG	23
82	CGG	8
82	TCA	4
82	CCR	3
82	TTC	2
82	CMG	2
82	ACG	2
83	TTC	24771
83	TCC	811
83	TAC	7
83	TGC	7
83	CTC	6
83	TYC	2
84	AAC	24081
84	AGC	1523
85	AGA	21848
85	AAA	3736
85	ARA	12
85	AAG	2
85	ASA	2
85	AGG	2
86	CAA	25403
86	CAC	117
86	CGA	54
86	CTA	28
86	CCA	3
87	GGG	23547
87	GAG	2036
87	GGA	8
87	GAA	5
87	AGG	3
87	GGR	3
88	TGG	22539
88	TAG	3021
88	TTG	43
89	ACA	21047
89	ATA	1536
90	AAC	22401
90	AAT	90
90	AGC	59
90	GAC	24
90	AGT	6
90	AAY	2
90	ARC	2
91	TAA	21488
91	TGA	1084
91	TTA	4
91	TCA	3
92	CCC	9
93	AAG	9
94	GTC	7
94	GCC	2
95	GCC	9
96	AGA	9
97	CTT	8
98	ATG	9
99	ACT	6
99	ATT	3
100	GGA	9
101	CAT	8
102	TGA	5
102	TAA	4

#HK4801|PB2
1	ATG	41716
2	GAA	24868
2	GAG	16621
2	AAC	195
2	GAC	21
2	GAT	3
2	KAA	2
2	GAR	2
3	AGA	41072
3	CGA	483
3	AGG	149
3	AAA	5
3	ARA	5
4	ATA	41681
4	GTA	20
4	ATG	6
4	CTA	2
4	ACA	2
4	ATR	2
4	AYA	2
5	AAA	41029
5	AAG	564
5	AGA	113
5	AAR	8
6	GAA	28874
6	GAG	12809
6	GAR	9
6	AAG	7
6	AAA	4
6	GAT	2
6	RAG	2
6	GAC	2
6	AAC	2
7	CTA	22092
7	CTG	14263
7	CTT	4109
7	TTA	1117
7	TTG	113
7	CTC	14
7	ATG	2
8	CGG	23331
8	AGA	17779
8	AGG	277
8	CGA	252
8	CGT	50
8	CAG	9
8	CTG	7
8	AAA	4
8	CGC	2
8	CGR	2
9	AAT	23692
9	GAT	17292
9	GAC	516
9	AAC	96
9	TAT	79
9	GGT	12
9	RAT	6
9	GAG	5
9	ATT	4
9	AAY	2
9	AGT	2
9	CAT	2
9	ACT	2
9	GAA	2
10	CTA	37003
10	CTG	2992
10	TTG	1574
10	TTA	110
10	YTG	17
10	CTR	8
10	CTC	3
10	CYA	2
10	ATA	2
10	YTA	2
11	ATG	41704
11	ATA	5
11	ATR	4
12	TCG	38884
12	TCA	2726
12	TCT	49
12	TTG	22
12	TCC	14
12	TYG	5
12	TCR	5
12	TCK	2
12	GCA	2
12	ACA	2
12	TCS	2
13	CAG	40625
13	CAA	1046
13	CTG	17
13	CAR	10
13	CAT	8
13	AAG	5
13	CGG	3
14	TCT	25565
14	TCC	16109
14	CCC	14
14	TCY	9
14	TTC	5
14	ACC	4
14	CCT	4
14	TAT	2
14	GCT	2
15	CGC	41705
15	CAC	3
15	CGA	3
15	CGT	2
16	ACT	40495
16	ACC	1192
16	ATT	10
16	ACY	5
16	ACA	4
16	AMT	3
16	RCT	2
17	CGC	41613
17	CGA	83
17	TGC	8
17	CGT	2
17	CSC	2
17	CGY	2
18	GAG	41662
18	GAA	49
18	SAG	2
19	ATA	41701
19	ACA	5
19	GTA	5
19	ATC	2
20	CTG	24785
20	CTC	15256
20	CTA	1480
20	CTT	113
20	TTA	35
20	TTG	29
20	CTR	9
20	ATC	3
20	CYG	2
20	ATG	2
21	ACA	24963
21	ACT	14945
21	ACG	1398
21	ACC	357
21	ATT	16
21	GCA	11
21	GCT	9
21	ATA	6
21	ACY	5
21	TCA	2
22	AAA	26317
22	AAG	15332
22	AGA	45
22	AGG	11
22	AAR	4
22	GAG	4
23	ACC	40623
23	ACA	699
23	ACT	382
23	ATC	8
23	ACY	2
24	ACA	23534
24	ACT	17933
24	ACC	184
24	ACG	61
25	GTG	41336
25	GTA	259
25	GTT	115
25	GTR	3
26	GAC	41584
26	GAT	128
26	GAY	3
27	CAT	41159
27	CAC	551
27	CAY	5
28	ATG	41707
28	GTG	3
28	ATR	3
29	GCC	41531
29	GCA	125
29	GCT	45
29	TCC	8
29	GTC	2
29	GCM	2
30	ATA	32465
30	ATC	8945
30	ATT	283
30	GTA	8
30	ATM	6
30	GTC	3
30	RTA	3
31	ATT	23820
31	ATC	17690
31	ATA	190
31	ATY	8
31	GTA	2
32	AAG	26031
32	AAA	15640
32	AGG	18
32	AAR	13
32	AGA	4
32	RAG	3
32	ARA	2
33	AAG	38148
33	AAA	3472
33	AGG	69
33	AAR	12
33	ARG	8
33	ARA	2
34	TAC	40819
34	TAT	891
34	TTC	2
35	ACA	40660
35	ACG	1015
35	ACC	31
35	ACT	4
35	ACR	3
36	TCG	32260
36	TCA	9090
36	TCT	327
36	TCR	27
36	ACA	7
36	ACG	3
37	GGG	23793
37	GGA	17877
37	GGT	28
37	GGR	8
37	GAA	4
37	GRA	2
38	AGA	26127
38	AGG	15561
38	AGR	15
38	AAG	6
38	CGA	5
39	CAG	25919
39	CAA	15783
39	CTG	6
39	CAR	3
40	GAA	23903
40	GAG	17807
40	GAR	3
40	GRA	2
41	AAG	41232
41	AAA	468
41	AGG	6
41	AAR	5
41	ARG	2
42	AAC	39471
42	AAT	2237
42	AAY	4
43	CCG	23088
43	CCC	14997
43	CCT	3042
43	CCA	578
43	CCR	4
43	CCY	3
44	TCA	23552
44	GCA	13111
44	GCG	2672
44	GCC	1244
44	GCT	1055
44	TCG	56
44	TCC	10
44	TCT	6
44	YCA	2
44	TCM	2
44	ACG	2
45	CTT	24984
45	CTC	16684
45	CTA	33
45	TTG	6
45	CTY	5
46	AGG	25101
46	AGA	16606
46	CGG	2
46	RGA	2
46	AGR	2
47	ATG	41678
47	ATA	23
47	ATR	9
48	AAA	25820
48	AAG	15880
48	AAR	9
48	AGG	5
49	TGG	41714
50	ATG	41683
50	ATA	12
50	ATR	9
50	TTG	5
50	GTG	3
51	ATG	41708
51	ATR	3
51	AWG	2
51	ATA	2
52	GCA	41337
52	GCG	321
52	GCT	39
52	GCC	10
52	ACA	3
52	GCR	3
53	ATG	41704
53	ATR	2
53	CTG	2
53	AWG	2
53	AAG	2
54	AAA	40414
54	AGA	683
54	AAG	606
54	ARA	4
54	AGG	3
54	AAR	2
55	TAT	25821
55	TAC	15845
55	TAY	19
55	CAT	11
55	TTT	4
55	CAC	4
55	TRT	3
55	YAC	2
55	TAM	2
55	YAT	2
56	CCA	40192
56	CCG	1462
56	CCT	34
56	CCC	13
56	TCA	5
56	YCA	4
56	CCR	2
56	TCG	2
57	ATT	22518
57	ATC	18883
57	ATA	298
57	ATY	9
57	CTT	4
58	ACT	23526
58	ACG	13736
58	ACA	4323
58	ACC	92
58	GCA	9
58	GCG	6
58	GCT	5
58	ACR	4
58	AGT	3
58	AMG	2
58	AMA	2
58	ACW	2
59	GCT	23868
59	GCA	16549
59	GCG	1252
59	GCC	38
59	TCT	3
59	TCA	2
59	GCY	2
60	GAC	41438
60	GAT	181
60	AAC	69
60	GAA	15
60	RAC	5
60	GAM	2
60	GAY	2
60	GGC	2
61	AAA	24943
61	AAG	16056
61	AGG	518
61	AGA	185
61	RAA	3
61	ARR	2
62	AGG	24869
62	AGA	16319
62	AAG	221
62	CGG	142
62	AAA	82
62	CGA	42
62	GGG	16
62	AGR	9
62	ARG	4
62	ARA	3
62	RGA	2
62	ATA	2
62	GGA	2
63	ATA	39490
63	GTA	1436
63	GTC	613
63	GTG	112
63	ATC	17
63	MTA	10
63	RTA	9
63	ACA	6
63	RTM	6
63	ATG	4
63	ATT	4
63	ATR	2
63	AYA	2
63	TTA	2
64	ACA	21469
64	ATG	17052
64	ATA	2900
64	ACG	215
64	ATT	21
64	GTG	12
64	GCA	6
64	AWG	6
64	AYA	5
64	ACT	4
64	ATR	3
64	MCA	3
64	AGG	3
64	ACW	2
64	TTA	2
64	AMA	2
64	GTA	2
64	MTG	2
65	GAA	24141
65	GAC	14207
65	GAG	1930
65	AAC	853
65	GAT	514
65	GGC	43
65	AAA	10
65	AAT	3
65	RAC	3
65	GAR	2
65	RAA	2
65	GGA	2
65	GAY	2
66	ATG	28016
66	ATA	13502
66	ACA	75
66	GTG	46
66	ATT	23
66	ATR	13
66	ACG	11
66	CTG	9
66	TTG	8
66	GTA	5
66	WTG	2
67	GTT	22719
67	ATC	15417
67	ATT	3249
67	GTC	235
67	ATA	66
67	GTA	9
67	ATY	5
67	RTT	4
67	RTY	2
67	GCT	2
67	GTY	2
68	CCG	20032
68	CCA	15497
68	CCT	6105
68	CCC	76
68	CCR	3
68	ACG	2
69	GAG	38826
69	GAA	2860
69	GAT	15
69	AAG	4
69	GAR	4
69	RAG	2
69	GGG	2
70	AGA	24835
70	AGG	16617
70	CGA	172
70	AAA	31
70	CGG	30
70	AAG	13
70	ARA	5
70	AGR	5
70	ATG	2
71	AAT	41529
71	AAC	177
71	AAY	2
71	AWT	2
71	GAT	2
71	RAT	2
72	GAA	39878
72	GAG	1803
72	GAR	14
72	AAA	6
72	GAC	5
72	GAM	3
72	GRA	2
73	CAA	41157
73	CAG	458
73	CAT	52
73	CAC	13
73	AAA	10
73	MAA	5
73	CAR	5
73	CRA	4
73	CAM	3
73	CGA	3
73	CTA	2
74	GGA	38496
74	GGT	1592
74	GGG	1465
74	GGC	119
74	RGT	11
74	GAA	10
74	GGR	7
74	AGA	5
74	AGG	4
74	RGG	2
75	CAA	39671
75	CAG	2025
75	CAR	5
75	CAC	4
75	AAA	3
75	CGA	2
75	CAT	2
76	ACT	23589
76	ACC	16817
76	ACA	662
76	ACG	442
76	ATT	71
76	GCC	32
76	GCT	19
76	ATC	18
76	AAT	17
76	ATA	12
76	ATG	8
76	AAC	5
76	CCT	5
76	AGT	5
76	AMT	2
76	ACR	2
77	CTA	21469
77	CTC	16282
77	CTG	2103
77	CTT	1673
77	TTA	170
77	TTG	8
77	CTY	3
77	CTM	2
78	TGG	41703
78	CGG	6
78	YGG	5
79	AGT	21300
79	AGC	20300
79	ATC	67
79	AAC	16
79	ATT	7
79	AKC	6
79	GGT	5
79	GGC	4
79	RGT	3
79	AGY	2
79	TGC	2
80	AAA	38936
80	AAG	2133
80	AGA	533
80	AGG	89
80	AAR	5
80	ACA	3
80	RAA	3
80	AAW	3
80	AAT	2
80	AAK	2
81	ATG	23509
81	ACA	14978
81	ATA	2756
81	ACG	303
81	GTG	112
81	GCA	31
81	ACT	8
81	GCG	3
81	GTA	3
81	ATT	3
81	RTG	2
82	AGT	23272
82	AAC	15266
82	AAT	2949
82	AGC	77
82	ACC	62
82	ACT	24
82	AAK	14
82	GGT	12
82	ATT	10
82	AAA	8
82	CAT	5
82	AAY	5
82	GAC	2
82	CAC	2
82	TAT	2
83	GAT	41602
83	GAC	110
83	RAT	2
84	GCT	40788
84	GCC	682
84	GCA	191
84	GCG	31
84	RCT	5
84	GMT	5
84	ACT	5
84	GTT	3
84	GYT	2
85	GGA	39657
85	GGG	1970
85	GGC	44
85	GGT	36
85	GGR	5
86	TCA	40101
86	TCG	1574
86	TCT	24
86	TCR	4
86	ACA	4
86	YCA	3
86	TCW	2
87	GAT	22017
87	GAC	19615
87	AAC	29
87	GAA	19
87	GGC	7
87	AAT	7
87	GRC	6
87	GAG	5
87	GGT	4
87	GAY	3
87	GAM	2
88	AGA	25178
88	CGA	14729
88	AGG	1017
88	CGT	548
88	CGC	136
88	CGG	48
88	AAA	39
88	AGR	10
88	ARA	3
88	MGA	3
89	GTG	40402
89	GTA	1176
89	ATG	69
89	GTT	27
89	GTR	9
89	TTG	8
89	GCG	6
89	RTG	3
89	GTK	3
89	KTG	3
89	ATT	2
89	GCA	2
90	ATG	41631
90	GTG	50
90	ATA	14
90	ACG	6
90	ATT	6
90	RTG	4
90	TTG	3
91	GTA	39811
91	GTG	1784
91	ATA	73
91	GCA	16
91	GTT	9
91	GTC	8
91	GYA	4
91	GTR	4
91	GTM	3
91	RTA	3
92	TCA	39987
92	TCG	737
92	TCC	618
92	TCT	363
92	YCA	2
92	ACA	2
92	TCR	2
93	CCT	39579
93	CCC	2026
93	CCG	23
93	ACT	23
93	CCA	22
93	TCT	17
93	CTT	9
93	TCC	3
93	CAT	3
93	YCT	3
93	CCM	2
93	CMT	2
94	TTG	23602
94	CTG	16595
94	CTA	1260
94	TTA	186
94	CTT	42
94	TCG	10
94	ATG	4
94	TYG	4
94	CTR	4
94	GTG	2
95	GCT	26317
95	GCC	12327
95	GCA	2970
95	GCG	78
95	GCY	8
95	RCT	5
95	RCC	2
95	GCW	2
96	GTA	39284
96	GTG	2237
96	ATA	162
96	GTT	11
96	GTC	8
96	GTR	7
96	RTA	4
97	ACA	39382
97	ACG	1127
97	ACT	1005
97	ACC	191
97	TCA	4
97	ACM	3
97	ACR	2
98	TGG	41713
99	TGG	41710
99	TGS	3
100	AAT	39976
100	AAC	1725
100	AAY	4
100	ART	4
100	AGT	2
101	AGG	39566
101	AGA	2135
101	AGR	8
101	GGG	4
101	CGG	2
102	AAT	41330
102	AGT	170
102	AAC	160
102	AAA	16
102	GAT	10
102	AAG	10
102	ART	5
102	ACT	4
102	TAT	3
102	AAY	3
102	CAT	2
103	GGA	24696
103	GGC	12466
103	GGT	2718
103	GGG	1824
103	GGM	4
103	GGY	2
103	GCC	2
103	RGC	2
104	CCC	23050
104	CCA	17243
104	CCG	832
104	CCT	569
104	CCM	3
104	ACC	2
104	TCG	2
104	CCR	2
104	CCS	2
105	GTG	23356
105	ACA	15910
105	ACG	1675
105	GCA	215
105	GTA	186
105	ATG	124
105	GCG	73
105	ATA	49
105	AAG	30
105	GCT	24
105	TTG	22
105	GTR	8
105	GTT	8
105	RTG	6
105	AAA	6
105	ACT	5
105	TCA	3
105	ACC	3
105	RCA	3
105	GTK	2
105	GAG	2
106	ACA	40766
106	GCA	784
106	ACG	76
106	ACT	32
106	ATA	18
106	TCA	16
106	GCC	4
106	RCA	4
106	AAA	4
106	ACC	3
106	ACR	3
106	AMA	2
107	AGT	34603
107	AAT	4652
107	AGC	1497
107	GAT	871
107	GGT	29
107	AAC	27
107	ART	16
107	ACT	6
107	GAC	5
107	RGT	3
107	AGY	2
108	ACG	22803
108	ACA	17929
108	ACT	713
108	GCA	168
108	ACC	62
108	ATG	9
108	ACR	5
108	GCC	5
108	ACK	4
108	GCG	3
108	GTA	3
108	TCA	2
108	ATA	2
108	AYG	2
109	GTC	24771
109	GTT	16329
109	ATC	177
109	ATT	167
109	GTG	142
109	GTA	51
109	TTC	29
109	GCC	19
109	TTT	7
109	RTC	6
109	GTY	5
109	GCT	4
109	CTC	3
110	CAT	39873
110	CAC	1825
110	TAT	6
110	AAT	4
110	CTT	3
110	CAA	2
111	TAC	38809
111	TAT	2896
111	TAY	5
111	TTC	2
112	CCA	26225
112	CCT	15067
112	CCC	222
112	CCG	155
112	TCA	12
112	CAA	7
112	CTT	5
112	CTA	4
112	YCA	3
112	ACA	3
112	MCA	2
112	CAT	2
112	TCT	2
113	AAA	24111
113	AAG	17264
113	CAG	281
113	AGA	35
113	CAA	9
113	AAR	3
113	AAT	3
113	ACA	3
113	AGG	2
114	GTG	23807
114	GTA	15377
114	GTC	1517
114	GTT	806
114	ATC	182
114	ATA	15
114	GTR	6
114	GCG	2
115	TAC	25943
115	TAT	15769
116	AAA	40969
116	AAG	712
116	AGA	22
116	AAR	5
116	AAC	3
117	ACT	38763
117	ACC	1495
117	ACA	1142
117	ACG	253
117	ATT	14
117	CCC	11
117	AAT	7
117	GCT	6
117	CCT	4
117	ACY	3
117	RCT	3
117	ATC	2
117	GCA	2
117	MCC	2
118	TAT	39502
118	TAC	2201
118	TTT	6
118	TAY	3
118	CAC	2
119	TTC	38731
119	TTT	2975
119	TTY	5
119	TYC	2
120	GAC	23310
120	GAA	17025
120	GAG	1133
120	GAT	179
120	GGG	41
120	AAC	6
120	GAY	5
120	GGA	5
120	AAA	4
120	RAC	2
121	AAA	25073
121	AAG	16545
121	AGA	86
121	AGG	6
121	AAR	4
122	GTC	38721
122	GTT	2415
122	ATC	224
122	GTA	175
122	GCC	115
122	ATT	29
122	GTM	8
122	GCT	4
122	RTC	4
122	ATA	3
122	GYC	3
122	TTT	3
122	GTY	3
122	TTC	3
122	CTC	2
123	GAA	41420
123	GAG	137
123	AAA	64
123	GAC	48
123	GGA	22
123	CAA	15
123	RAA	6
124	AGG	40463
124	AGA	1222
124	CGG	24
124	AGR	3
125	TTA	25794
125	TTG	15082
125	CTA	640
125	CTG	175
125	ATG	12
125	TTR	8
126	AAA	40918
126	AAG	710
126	AGA	75
126	ARA	3
126	AAR	3
127	CAT	41097
127	CAC	452
127	TAT	56
127	CAA	50
127	AAT	27
127	CGT	18
127	CAG	5
127	AAC	4
127	YAT	3
127	CTT	2
128	GGA	25854
128	GGT	14472
128	GGC	698
128	GGG	677
128	GGR	7
128	GGY	3
128	RGA	2
129	ACC	39795
129	ACT	1016
129	ACA	749
129	ATC	68
129	AAC	50
129	GCC	11
129	AAT	9
129	ACG	7
129	ACY	3
129	AYC	2
129	TCC	2
130	TTT	25497
130	TTC	16207
130	TAT	5
130	TAC	3
130	TTY	3
131	GGC	33948
131	GGT	7614
131	GGG	119
131	GGY	17
131	GGA	15
132	CCT	39615
132	CCC	1953
132	CCG	94
132	CCA	46
132	CCY	4
133	GTC	38668
133	GTT	2472
133	GTA	535
133	ATC	20
133	GTY	11
133	GTG	5
133	ATT	3
134	CAT	25335
134	CAC	16281
134	CAA	48
134	CGT	33
134	CGC	9
134	TAT	5
134	TAC	2
135	TTT	23780
135	TTC	17920
135	TTY	11
136	AGA	39117
136	CGA	1967
136	CGG	468
136	AGG	110
136	AAA	13
136	CGT	12
136	CAA	9
136	GGA	4
136	CGC	4
136	ARA	4
136	MGA	2
136	RGA	2
137	AAT	39773
137	AAC	1824
137	AGT	107
137	AGC	5
137	ART	2
138	CAA	40674
138	CAG	1002
138	CGA	30
138	CAR	7
139	GTC	24620
139	GTT	16945
139	ATT	95
139	ATC	25
139	GTA	20
139	RTT	4
139	GTG	3
139	GTY	2
140	AAG	23028
140	AAA	18666
140	AAR	10
140	AGA	9
141	ATA	41688
141	ACA	7
141	ATT	7
141	ATC	6
141	AYA	4
141	GTA	2
142	CGC	23446
142	AGG	14702
142	CGA	2032
142	CGT	977
142	AGA	543
142	CGG	7
142	AGR	4
142	CAC	2
142	CGY	2
143	AGA	23335
143	AGG	15213
143	CGC	2505
143	CGA	292
143	CGG	194
143	CGT	144
143	AAG	12
143	AAA	11
143	ARG	2
143	AGR	2
144	AGA	38673
144	AGG	2052
144	CGA	890
144	CGG	63
144	AAA	18
144	AAG	6
144	AGR	6
144	ARA	5
145	GTA	23484
145	GTT	17333
145	GTC	793
145	GTG	96
145	GTY	5
145	ATT	2
146	GAC	25260
146	GAT	16437
146	GAY	6
146	GAG	6
146	GTT	2
147	ATA	25381
147	ACA	15935
147	GTG	183
147	GTA	144
147	TTA	13
147	ACG	12
147	ATG	8
147	ATR	5
147	ATT	5
147	ACR	4
147	AYA	4
147	ATC	4
147	GCA	4
147	WTA	3
147	RTA	3
147	ACC	3
147	ACT	2
148	AAC	40161
148	AAT	1539
148	ACC	6
148	AAY	2
148	ARC	2
148	AMC	2
149	CCT	39611
149	CCG	1065
149	CCA	891
149	CCC	145
150	GGT	24534
150	GGC	16983
150	GGA	165
150	GGG	15
150	GGY	8
150	AGT	3
150	GGM	2
151	CAT	41259
151	CAC	445
151	MAT	5
151	TAT	4
152	GCA	41065
152	GCG	388
152	GCT	141
152	TCA	61
152	ACA	24
152	GCC	9
152	GTA	8
152	RCA	7
152	GCR	5
152	GTG	2
153	GAC	24247
153	GAT	17444
153	GGT	13
153	GAY	5
153	RAC	2
153	AAC	2
154	CTC	40801
154	CTT	801
154	CTA	84
154	ATC	26
154	CTY	2
155	AGT	41384
155	AAT	154
155	AGC	109
155	GGT	41
155	ART	9
155	ACT	7
155	TGT	6
155	AGY	3
156	GCC	39266
156	GCT	2076
156	GCG	177
156	GCA	76
156	ACC	41
156	GTC	28
156	TCT	16
156	TCC	10
156	GTT	7
156	ACT	7
156	RCC	4
156	GCY	3
156	GYC	2
157	AAA	26850
157	AAG	14678
157	AGA	122
157	CAG	21
157	AGG	13
157	AAR	8
157	GGG	6
157	ACG	3
157	CAA	3
157	ATA	2
157	AMG	2
157	AAT	2
158	GAG	38226
158	GAA	3458
158	GAT	16
158	GAR	4
158	GGA	3
158	GAC	2
158	RAA	2
158	SAG	2
159	GCA	41507
159	GCG	177
159	GCT	23
159	GCC	5
159	GCR	2
160	CAA	26031
160	CAG	15678
160	CAR	3
160	AAA	2
161	GAT	41547
161	GAC	149
161	AAT	13
161	GAG	2
161	GAA	2
162	GTA	23709
162	GTG	14523
162	GTC	2464
162	GTT	1000
162	ATA	7
162	ATC	4
162	GTR	2
162	RTA	2
163	ATT	38023
163	ATC	3430
163	ATA	254
163	GTT	5
163	ATY	2
164	ATG	41694
164	MTG	18
164	ATA	2
165	GAA	39262
165	GAG	2450
165	GAR	2
166	GTT	39714
166	GTC	1734
166	GTA	196
166	GTG	36
166	ATT	21
166	GTY	6
166	ATC	2
166	RTT	2
166	KTT	2
167	GTT	40432
167	GTA	622
167	GTC	596
167	GTG	60
167	ATT	4
168	TTT	23565
168	TTC	18134
168	TAC	8
168	TTY	7
169	CCC	23427
169	CCA	17974
169	CCT	264
169	CCG	45
169	CCY	3
170	AAT	40470
170	AAC	1235
170	AAY	7
171	GAA	40987
171	GAG	719
171	GAR	8
172	GTG	39639
172	GTT	1609
172	GTA	339
172	GTC	120
172	ATG	3
172	GTK	2
173	GGA	26307
173	GGG	15325
173	GGC	77
173	GGT	5
174	GCC	25250
174	GCA	15260
174	GCT	1066
174	GCG	131
174	TCC	3
174	GCY	2
175	AGA	40039
175	AGG	1217
175	AAA	396
175	CGA	35
175	AAG	8
175	AGR	6
175	ARA	4
175	ATA	2
175	CGG	2
175	GGA	2
175	AGT	2
176	ATA	41642
176	ATT	28
176	GTA	13
176	CTA	9
176	ACA	9
176	ATC	9
176	ATG	2
177	CTA	23701
177	CTG	15434
177	TTG	2084
177	TTA	380
177	CTT	76
177	CTC	24
177	ATA	4
177	YTG	3
177	YTA	3
177	CTR	2
178	ACA	40487
178	ACT	993
178	ACG	126
178	GCT	68
178	ACC	18
178	GCA	15
178	TCA	3
178	TCC	2
179	TCA	40849
179	TCG	811
179	TCT	27
179	TCC	16
179	GCA	5
179	TTA	3
179	TCR	3
180	GAA	24181
180	GAG	17521
180	GAR	8
180	GAT	2
181	TCA	40469
181	TCG	1056
181	TCT	159
181	TCC	20
181	TCR	5
181	GCA	2
182	CAG	37446
182	CAA	4253
182	CAR	13
183	CTA	23280
183	CTG	15083
183	TTA	1698
183	TTG	1359
183	ATG	244
183	ATA	13
183	CTT	11
183	CTR	6
183	YTA	5
183	ACG	3
183	CAA	3
183	CAG	2
183	TCA	2
184	ACA	26672
184	GCA	13970
184	ACG	908
184	ATG	46
184	GCG	25
184	AYA	18
184	TCA	18
184	ATA	11
184	GCT	9
184	GAA	9
184	GTA	8
184	AMA	5
184	ACT	4
184	GCR	3
184	RCA	2
184	ACR	2
184	AAA	2
185	ATA	41461
185	ATT	132
185	ATC	88
185	GTA	23
185	ATG	3
185	ACA	2
185	GTC	2
186	ACT	23140
186	ACA	16814
186	ACC	1215
186	ACG	529
186	ATG	7
186	ACW	2
186	ACY	2
186	ATA	2
187	AAA	39981
187	AAG	1655
187	AGG	37
187	AGA	25
187	GAA	5
187	AAC	4
187	CAA	3
187	AMA	2
188	GAG	39090
188	GAA	2533
188	AAA	30
188	AAG	15
188	GGA	13
188	GGG	9
188	GAT	9
188	AGA	8
188	GAR	3
188	GRA	2
189	AAA	23853
189	AAG	17856
189	AAR	3
190	AAA	40001
190	AAG	1685
190	AGG	12
190	AGA	11
190	AAR	6
191	GAA	40215
191	GAG	1153
191	AAA	180
191	AAG	140
191	GGA	11
191	GAC	7
191	RAA	3
191	GAT	2
192	GAA	22651
192	GAG	18982
192	GAT	25
192	GGG	19
192	GRG	15
192	GAR	10
192	AAG	8
192	GGA	2
193	CTC	36137
193	CTA	4620
193	CTT	923
193	CTM	12
193	ATC	8
193	TTC	3
193	ATA	3
193	CTY	3
193	CTG	2
193	ATT	2
193	TTA	2
194	CGA	23094
194	CAG	17067
194	CAA	1131
194	CGG	320
194	AAG	46
194	AGA	21
194	CAT	15
194	AAA	8
194	CAR	2
194	MGA	2
194	CTG	2
194	CAK	2
194	CRA	2
195	GAT	25693
195	AAT	13875
195	GAC	1937
195	AAC	73
195	GGT	73
195	GAA	25
195	GGC	12
195	AGT	10
195	RAT	5
195	GAY	3
195	AAA	2
196	TGC	24604
196	TGT	17104
196	TGY	4
196	TTT	2
197	AAA	39623
197	AAG	1890
197	AGA	123
197	AGG	55
197	AAC	7
197	AAT	7
197	AAR	3
197	ACA	3
197	ARA	2
198	ATT	41015
198	ATA	345
198	ATC	344
198	GTT	5
198	ATY	3
198	ATG	2
199	TCT	23530
199	GCT	16972
199	GCC	949
199	TCC	157
199	GCG	46
199	TCA	23
199	ACT	17
199	GCA	8
199	GAT	3
199	RCT	3
199	ACC	2
200	CCC	39660
200	CCT	1744
200	CCA	290
200	CCY	15
200	CCM	2
201	TTG	35354
201	TTA	6101
201	CTG	121
201	CTA	113
201	TTR	18
201	ATA	5
202	ATG	41652
202	ATA	50
202	RTG	3
202	ATK	3
202	ACG	2
203	GTC	21788
203	GTG	16827
203	GTT	2715
203	GTA	251
203	ATC	114
203	ATG	4
203	GTR	4
203	GTY	3
203	RTC	2
203	ATT	2
203	ATA	2
204	GCA	26823
204	GCG	14344
204	GCT	449
204	GCC	95
204	GCR	3
205	TAC	41252
205	TAT	458
205	CAC	2
206	ATG	41710
207	CTA	20189
207	TTA	18489
207	TTG	2772
207	CTG	245
207	YTA	9
207	CTR	3
207	CTT	3
207	TTR	2
208	GAG	24340
208	GAA	17365
208	GAC	9
209	AGA	40209
209	AGG	1454
209	AAA	34
209	CGA	15
209	AGR	2
210	GAA	40895
210	GAG	817
211	CTT	23626
211	TTG	15077
211	CTG	2289
211	CTA	598
211	TTA	100
211	CTC	21
211	ATG	3
212	GTG	23008
212	GTC	15957
212	GTT	2287
212	GTA	432
212	ATC	21
212	GTR	3
212	ATG	3
213	CGG	17117
213	CGT	15008
213	CGA	6576
213	CGC	2959
213	AGG	40
213	AGA	5
213	CGR	3
213	CGM	2
213	MGG	2
214	AAA	40553
214	AAG	1126
214	AGA	27
214	ARA	3
214	GAA	2
215	ACA	38849
215	ACC	1546
215	ACG	938
215	ACT	372
215	GCA	3
215	ACR	2
216	AGA	26124
216	AGG	15563
216	AAA	9
216	AAG	7
216	CGG	5
216	CGA	4
216	AGR	2
217	TTT	39178
217	TTC	2535
217	TTY	2
218	CTC	37934
218	CTA	2480
218	CTT	1005
218	TTA	206
218	CTG	74
218	TTG	12
218	ATC	2
219	CCA	27176
219	CCG	14409
219	CCT	97
219	CCC	24
219	CCR	8
220	GTT	23890
220	GTA	16460
220	GTG	1287
220	GTC	29
220	ATA	25
220	ATT	18
220	GTY	2
220	RTA	2
221	GCT	25515
221	GCC	14361
221	GCA	1077
221	GTT	356
221	ACC	125
221	ACA	75
221	ACT	66
221	TCC	57
221	TCT	33
221	GTC	17
221	GCG	8
221	GTA	7
221	GCM	4
221	RCC	4
221	TCA	3
221	RCT	2
222	GGC	24975
222	GGT	15963
222	GGA	740
222	GGG	26
222	GGY	6
222	GGM	5
223	GGA	26203
223	GGG	15053
223	GGC	355
223	GGT	92
223	GGR	12
224	ACA	41480
224	ACG	105
224	ACT	64
224	ACC	47
224	ATA	9
224	GCA	5
224	ACR	4
225	AGC	29614
225	GGC	11903
225	AGT	148
225	GGT	36
225	RGC	6
225	GGA	5
225	AGY	3
226	AGT	38210
226	AGC	3493
226	AGY	7
226	ACT	2
227	ATA	23454
227	GTT	15037
227	GTG	2406
227	GTA	513
227	ATT	113
227	GTC	108
227	ATC	54
227	ATG	9
227	GCA	5
227	GCT	4
227	GTK	4
227	GTR	2
227	ATW	2
228	TAC	24890
228	TAT	16820
228	CAT	2
228	TAY	2
229	ATT	39887
229	ATC	1558
229	ATA	223
229	GTT	30
229	GTC	7
229	ATY	3
229	RTT	2
229	ATM	2
230	GAA	26107
230	GAG	15594
230	GAR	13
231	GTT	23629
231	GTG	16473
231	GTA	1483
231	GTC	114
231	ATT	5
231	GTR	4
231	RTG	2
232	TTA	22483
232	TTG	17725
232	CTG	1097
232	CTA	388
232	TTR	12
232	YTG	6
232	CTT	3
233	CAT	26487
233	CAC	15223
233	CAY	5
234	TTG	35065
234	TTA	5711
234	CTG	911
234	TTR	9
234	CTA	7
234	YTG	6
234	TTT	4
235	ACT	25929
235	ACC	15653
235	ACA	111
235	ACG	12
235	GCT	5
235	ACY	2
236	CAA	40328
236	CAG	1376
236	CAR	6
236	CAT	4
237	GGA	25872
237	GGG	15836
237	GGT	4
237	GGR	3
238	ACG	34195
238	ACA	4732
238	ACC	2313
238	ACT	435
238	ACR	11
238	GCG	11
238	ATG	9
238	AYG	4
239	TGT	23761
239	TGC	17949
239	TGY	2
240	TGG	41715
241	GAA	24647
241	GAG	17062
241	GCA	3
241	GAR	2
242	CAA	25961
242	CAG	15752
242	CAR	2
243	ATG	41636
243	TTG	52
243	ATA	7
243	CTA	6
243	CTG	6
243	GTG	3
243	MTG	3
244	TAC	41490
244	TAT	221
244	TAY	3
245	ACT	39461
245	ACA	1389
245	ACC	792
245	ACG	38
245	ATG	18
245	AAT	7
245	ACY	5
245	ATT	2
245	GCT	2
246	CCA	36557
246	CCT	4007
246	CCG	1110
246	CCC	37
246	CCR	2
246	CYA	2
247	GGT	23621
247	GGA	16185
247	GGG	979
247	GGC	922
247	GAA	3
248	GGA	39546
248	GGG	2015
248	GGT	131
248	GGR	15
248	GGC	4
248	GAA	3
249	GGA	19097
249	GAA	17404
249	GGT	4277
249	GAG	694
249	AAA	99
249	GGG	91
249	GAT	25
249	AAG	9
249	AGA	4
249	GGC	3
249	GTA	2
249	GRT	2
249	GRA	2
249	AGT	2
249	GAC	2
250	GTG	39968
250	GTA	1589
250	GTT	138
250	GTC	8
250	GTR	4
250	ATG	4
250	GCG	2
251	AGG	23729
251	AGA	17604
251	AAA	225
251	AAG	123
251	CGG	7
251	GGG	6
251	GGA	5
251	ATA	4
251	AGR	3
251	TGG	2
251	ATG	2
252	AAT	41406
252	AAC	302
252	AGT	4
252	AAY	2
253	GAC	24417
253	GAT	17281
253	GAY	6
253	AAT	5
253	RAC	2
254	GAT	41317
254	GAC	369
254	GAA	18
254	TAT	9
255	GTT	39962
255	ATT	1309
255	GTC	210
255	GTA	169
255	CTT	26
255	ATA	11
255	RTT	7
255	GTG	7
255	GCT	5
255	TTT	5
255	ATC	2
256	GAC	39773
256	GAT	1919
256	AAC	8
256	GAY	5
256	GRT	3
256	RAC	3
257	CAA	38874
257	CAG	2829
257	CGA	4
257	CTG	4
258	AGC	35456
258	AGT	6246
258	AGY	6
258	ACT	3
258	ATT	2
259	CTA	22548
259	TTG	16532
259	TTA	2399
259	CTG	200
259	CTT	22
259	TTR	3
259	YTA	3
259	ATA	3
259	TGG	2
260	ATT	39077
260	ATC	2501
260	GTT	99
260	ATA	19
260	GTC	15
260	RTT	2
261	ATT	26954
261	ATC	14416
261	ATA	271
261	GTT	34
261	GTC	14
261	ACC	9
261	ATY	5
261	ACT	5
261	RTC	3
261	ATG	2
262	GCG	23184
262	GCT	17616
262	GCC	564
262	GCA	337
262	GCR	4
262	RCT	2
262	ACT	2
263	GCC	24699
263	GCT	16951
263	GCA	43
263	TCT	6
263	TCC	4
263	GCG	3
263	ACT	2
263	RCT	2
264	AGG	22713
264	AGA	18653
264	CGA	328
264	AGR	14
264	CGG	7
265	AAC	39906
265	AAT	1189
265	AGC	600
265	CAT	7
265	AAY	6
265	AGT	5
265	ARC	2
266	ATA	38908
266	ATT	2579
266	ATC	206
266	GTA	14
266	ATG	3
266	ATW	3
267	GTA	36855
267	GTG	2323
267	GTT	1959
267	GTC	544
267	ATA	22
267	GTR	4
267	GTY	3
267	ATT	2
268	AGA	40099
268	AGG	1577
268	CGA	35
268	AGR	3
269	AGA	41195
269	AGG	486
269	CGA	34
270	GCC	22628
270	GCA	17932
270	GCT	1062
270	TCA	58
270	GCG	23
270	GCY	5
270	GCM	2
270	TCT	2
271	GCA	38731
271	ACA	1744
271	ACG	960
271	ATA	143
271	GCG	32
271	TCA	29
271	ATG	27
271	GCT	19
271	GCC	13
271	ACT	5
271	RCA	3
271	ACR	3
271	GTA	2
272	GTG	37176
272	GTA	4518
272	GTT	8
272	GTR	5
272	GTC	5
272	GTK	2
273	TCA	41278
273	TCG	260
273	TCT	155
273	TCC	16
273	TCR	3
273	GCA	2
274	GCA	40425
274	GCG	832
274	GCT	215
274	ACA	197
274	TCA	22
274	GCC	13
274	RCA	4
274	TCG	2
274	GTA	2
275	GAT	24818
275	GAC	16890
275	GAY	6
276	CCA	40354
276	CCG	1297
276	CCT	46
276	CCC	14
276	CCR	3
277	CTA	18399
277	TTA	15499
277	CTC	4533
277	TTG	1859
277	CTT	959
277	CTG	447
277	CTM	10
277	TTR	3
277	CTR	2
278	GCA	40136
278	GCT	1153
278	GCG	208
278	GCC	193
278	TCA	7
278	GTA	5
278	GTT	4
278	GTC	3
278	GYA	2
279	TCT	38536
279	TCA	1741
279	TCG	1295
279	TCC	115
279	GCA	12
279	TAT	3
279	TCY	3
279	GCG	3
279	TTT	2
280	TTA	23749
280	CTC	15949
280	CTT	831
280	CTG	778
280	CTA	353
280	TTG	48
280	TTR	3
280	CTM	2
281	TTG	39839
281	CTG	1610
281	TTA	214
281	CTA	34
281	YTG	8
281	KTG	5
281	ATA	2
282	GAG	25501
282	GAA	16199
282	GAT	6
282	GAR	3
282	GAC	2
282	GGA	2
283	ATG	41698
283	ATA	5
283	TTG	3
283	CTG	2
283	GTG	2
283	ACG	2
284	TGC	40030
284	TGT	1679
284	TGY	6
285	CAC	39950
285	CAT	1744
285	CAA	12
285	TAC	6
285	AAC	2
286	AGC	40024
286	AGT	1655
286	GGC	12
286	GGT	12
286	AAC	7
287	ACG	22976
287	ACA	18561
287	ACT	171
287	ACR	3
287	ACC	3
288	CAA	25826
288	CAG	15553
288	CTA	263
288	TTA	24
288	AAA	14
288	CAR	6
288	GAA	5
288	CAT	5
288	CGA	4
288	CTG	4
288	CRA	3
289	ATT	41555
289	ATC	110
289	GTT	32
289	ATA	13
289	RTT	2
290	GGC	22318
290	GGA	15290
290	GGT	3962
290	GGG	122
290	GGY	5
290	GGM	4
290	AGT	4
290	RGC	3
290	GGR	2
291	GGA	24910
291	GGT	13812
291	GGG	2967
291	AGA	11
291	GGR	5
291	GGC	4
291	RGT	2
291	AGG	2
292	ACA	23717
292	GTG	13698
292	ATA	2330
292	GTA	896
292	GTT	660
292	ATT	189
292	ATG	112
292	GCA	49
292	ACG	36
292	GCG	6
292	AAA	5
292	ACC	3
292	CTG	3
292	RTG	2
293	AGG	26559
293	AAG	13698
293	AGA	680
293	CGG	284
293	AAA	264
293	CGA	128
293	TGG	38
293	GGG	18
293	ATG	15
293	AAT	6
293	AGR	5
293	CTG	5
293	ARG	4
293	AAR	3
293	RGG	2
293	ACG	2
293	CAG	2
294	ATG	41516
294	TTG	124
294	ATA	68
294	ATT	3
295	GTG	37514
295	GTA	3194
295	GTT	648
295	ATG	176
295	ATA	111
295	GCT	32
295	GTC	10
295	GTR	8
295	GCG	4
295	RTA	4
295	RTG	3
295	TTG	2
295	GGG	2
296	GAC	41334
296	GAT	252
296	AAC	90
296	GAA	23
296	GGC	5
296	GAY	4
296	RAC	3
296	GRC	2
297	ATT	24015
297	ATC	17573
297	ATA	55
297	GTT	40
297	GTC	15
297	CTC	6
297	ACC	3
297	TTC	2
297	RTC	2
298	CTT	41017
298	CTC	640
298	ATT	32
298	CTY	8
298	CTG	8
298	CTA	3
298	TTC	2
298	MTT	2
298	ATC	2
299	AAA	24684
299	AGA	14999
299	AGG	1756
299	AAG	184
299	CGG	65
299	ARA	9
299	ATA	9
299	GGA	2
299	ARG	2
300	CAG	38249
300	CAA	3439
300	CAT	13
300	CAR	5
300	CAK	2
300	CTG	2
300	CGA	2
301	AAC	25818
301	AAT	15880
301	AAY	7
301	ACC	6
302	CCG	22807
302	CCA	18689
302	CCC	138
302	CCT	56
302	CCR	7
302	CTG	3
302	CAA	3
302	TCA	2
302	CAG	2
302	YCG	2
303	ACT	38724
303	ACA	2181
303	ACG	680
303	ACC	76
303	ATT	36
303	GCT	12
303	ACY	3
303	AYT	2
304	GAA	25720
304	GAG	15982
304	GAT	6
304	GAR	4
304	GAC	3
305	GAA	27804
305	GAG	13901
305	GAR	9
306	CAA	40763
306	CAG	948
306	CAR	3
307	GCT	26539
307	GCC	15013
307	GCA	144
307	GCG	10
307	GCY	6
307	TCT	2
308	GTG	25419
308	GTA	15430
308	GTT	792
308	ATA	62
308	GTR	5
308	GTC	3
308	GTK	2
309	GAT	26029
309	GAC	15620
309	GAA	23
309	AAT	14
309	GGT	6
309	GGC	6
309	GAY	5
309	GAG	4
309	AAC	2
309	RAT	2
309	GRC	2
310	ATA	41689
310	ATT	11
310	ATC	8
310	ATG	3
311	TGC	41095
311	TGT	616
311	TGY	2
312	AAG	35439
312	AAA	5827
312	AGA	413
312	AAR	17
312	AGG	17
313	GCT	23977
313	GCA	17492
313	GCC	209
313	GCG	36
314	GCA	40849
314	GCC	692
314	GCG	133
314	GCT	24
314	TCA	13
315	ATG	27189
315	ATA	14467
315	GTG	27
315	TTG	11
315	GTA	7
315	CTG	5
315	ACA	3
315	RTA	2
315	ATR	2
316	GGA	23872
316	GGG	15023
316	GGT	2261
316	GGC	551
316	GGR	3
316	GGS	2
317	TTG	38461
317	CTG	1594
317	CTA	999
317	TTA	305
317	CTC	161
317	ATG	160
317	CTT	11
317	TTR	8
317	CTW	6
317	YTG	5
317	GTG	2
318	AGA	21737
318	AGG	19615
318	AAA	237
318	AAG	116
318	AGR	3
318	ARA	3
318	CGG	2
319	ATC	39753
319	ATT	1803
319	GTC	79
319	GTT	44
319	ATA	28
319	ATY	5
319	RTC	2
320	AGC	39336
320	AGT	2356
320	AGY	8
320	GGT	7
320	AAC	3
320	AGA	2
320	ARC	2
321	TCA	40708
321	TCC	696
321	TCG	161
321	TCT	137
321	CCA	8
321	TCR	2
322	TCT	20725
322	TCC	20602
322	TCA	334
322	TCG	41
322	TCY	10
322	TCK	2
323	TTC	39877
323	TTT	1825
323	TTY	9
323	TTG	2
324	AGC	26109
324	AGT	15595
324	AGY	8
325	TTT	41540
325	TTC	172
326	GGT	38764
326	GGA	2424
326	GGG	345
326	GGC	175
326	GGR	3
326	GGW	2
326	GGY	2
327	GGC	23393
327	GGG	14788
327	GGT	2523
327	GGA	968
327	AGC	22
327	GAG	4
327	GGR	3
327	AAC	3
327	GGM	2
327	GGY	2
327	AGT	2
328	TTT	21587
328	TTC	20110
328	TTY	10
328	TAC	5
328	CTT	2
329	ACA	23621
329	ACT	17114
329	ACC	913
329	ATT	32
329	ACG	24
329	GCA	3
329	ACM	2
329	ACW	2
329	AAT	2
330	TTT	23612
330	TTC	18027
330	TTY	70
330	CTT	3
331	AAA	41194
331	AAG	519
331	AAR	2
332	AGA	24803
332	AGG	16818
332	CGA	41
332	AAA	22
332	AAG	19
332	AGR	5
332	ARG	3
333	ACA	37448
333	ACG	4205
333	ACT	35
333	ACC	12
333	ACR	11
333	ACK	2
334	AGC	38975
334	AGT	2716
334	AAG	6
334	AAC	4
334	AAT	4
334	AGY	3
334	GGT	2
334	GGC	2
334	TGT	2
335	GGG	25453
335	GGA	15947
335	GGT	292
335	GGR	12
335	GGC	10
336	TCG	23464
336	TCA	17748
336	TCT	405
336	ACG	46
336	TCC	26
336	GCA	10
336	TTG	9
336	TCR	4
337	TCA	38317
337	TCT	2459
337	TCC	858
337	TCG	74
337	GCA	2
337	TCY	2
338	GTC	38872
338	ATC	1126
338	GTT	906
338	GTA	417
338	ATT	202
338	GTG	66
338	GCC	61
338	TTC	21
338	ATA	16
338	ACT	6
338	GTY	5
338	ACC	5
338	RTC	4
338	GAC	3
338	GCT	2
339	AAA	25385
339	AAG	15452
339	ACG	678
339	ATG	42
339	AGG	30
339	AGA	29
339	GCG	22
339	AAT	18
339	ACA	18
339	ATA	12
339	AAR	6
339	AAC	5
339	TTT	5
339	ACT	5
339	GAA	2
339	ARA	2
340	AAA	32299
340	AGA	7095
340	AAG	1793
340	AGG	452
340	AAT	21
340	ARA	11
340	ACA	9
340	GAA	7
340	CGA	5
340	AAC	4
340	ATA	4
340	AAR	3
340	AGT	3
340	CAA	2
340	AMA	2
340	GGA	2
341	GAA	36070
341	GAG	5588
341	GAC	20
341	GAT	13
341	GAR	13
341	GGA	5
341	AAA	4
342	GAA	40226
342	GAG	1475
342	GAC	4
342	GAR	3
342	RAA	2
342	GGA	2
343	GAG	23310
343	GAA	18364
343	GAR	16
343	GGA	11
343	GAT	8
343	GAC	2
344	GTT	21300
344	ATG	13932
344	GTG	6173
344	GTC	128
344	GTA	76
344	ATT	54
344	ATA	18
344	TTG	8
344	CTG	6
344	TTT	4
344	RTG	4
344	GTY	3
344	GTK	3
344	RTT	2
344	KTT	2
345	CTT	20542
345	CTA	14441
345	CTC	6628
345	CTG	46
345	TTA	23
345	CTY	13
345	ATT	5
345	CTW	3
345	MTC	3
345	TTT	3
345	YTC	2
346	ACA	25526
346	ACG	16034
346	ACT	84
346	ACC	64
346	ACR	2
346	ACM	2
346	ACK	2
347	GGC	41422
347	GGA	219
347	GGT	66
347	GGG	4
347	GGM	2
348	AAT	24399
348	AAC	17313
348	AAY	2
349	CTC	41192
349	CTT	418
349	CTG	70
349	CTA	22
349	TTG	11
349	CTY	2
350	CAA	38918
350	CAG	2793
350	CAR	4
351	ACA	41550
351	ACG	87
351	GCA	58
351	ACT	8
351	AAA	3
351	ACC	3
351	ACR	2
351	RCA	2
352	TTG	25890
352	CTG	15253
352	TTA	435
352	CTA	67
352	ATG	45
352	CTT	16
352	YTG	4
352	TTR	2
353	AGA	23270
353	AAA	18014
353	AAG	317
353	AGG	103
353	ACA	5
353	AAR	2
353	CGG	2
354	ATA	27373
354	TTA	13772
354	ATG	270
354	CTA	141
354	TTG	105
354	GTA	40
354	WTA	3
354	ATT	2
354	YTA	2
354	TTR	2
354	ATC	2
354	RTA	2
355	AGA	41067
355	AAA	332
355	AGG	142
355	ACT	64
355	AAG	40
355	ACC	15
355	GGA	15
355	ATA	12
355	AGT	12
355	CGA	8
355	ARA	4
355	AAT	2
356	GTA	39736
356	GTG	1688
356	ATA	239
356	GTC	22
356	GTR	10
356	GTT	9
356	ATG	4
356	TTT	3
357	CAT	41136
357	CAC	491
357	TAT	62
357	TAC	21
357	AAT	3
358	GAG	24707
358	GAA	16976
358	AAG	8
358	GAR	5
358	RAA	4
358	AAA	3
358	GGA	3
358	GTG	3
358	GRA	2
359	GGG	36896
359	GGA	4786
359	GGT	17
359	GGC	7
359	GGR	6
359	GGM	2
360	TAT	41360
360	TAC	277
360	TCT	58
360	TTT	13
360	YAT	2
360	TAY	2
360	TGT	2
361	GAG	25640
361	GAA	16054
361	GAR	16
361	GAK	3
362	GAG	23426
362	GAA	18287
363	TTC	41639
363	TTT	62
363	CTC	6
363	TTA	6
363	TTY	2
364	ACA	41549
364	ACT	57
364	ACG	50
364	ACC	46
364	GCA	6
364	TCA	2
364	ACR	2
365	ATG	41508
365	ATA	162
365	ATT	23
365	TTG	8
365	GTG	6
365	CTG	5
365	WTG	2
366	GTG	23370
366	GTT	16682
366	GTC	1450
366	GTA	138
366	ATC	40
366	ATT	11
366	GCT	5
366	RTT	4
366	GCC	4
366	GTY	2
366	GTR	2
366	ATG	2
366	RTC	2
366	RTG	2
367	GGG	41150
367	GGA	534
367	GGC	13
367	GGR	9
367	GGT	8
368	AAA	23782
368	AGA	15244
368	CGA	1437
368	CAG	607
368	CGG	366
368	CAA	130
368	AGG	92
368	AAG	36
368	GGA	8
368	AGR	4
368	MGA	2
369	AGA	40515
369	AGG	1051
369	AAA	74
369	AAG	38
369	GGA	11
369	CGA	8
369	ARA	5
369	AGT	5
369	AGR	4
370	GCA	41433
370	GCT	213
370	GCG	49
370	GCC	8
370	ACA	4
370	TCA	4
371	ACA	40910
371	ACT	683
371	ACG	113
371	ACC	5
371	ATA	2
372	GCT	39509
372	GCC	1638
372	GCA	506
372	GCG	47
372	ACT	6
372	GCY	3
372	GCK	2
372	TCT	2
373	ATA	23686
373	ATT	16664
373	ATC	1316
373	ATG	15
373	CTT	11
373	GTT	10
373	ATY	4
373	GTA	3
373	ATM	2
373	ACA	2
374	CTA	24886
374	CTC	15384
374	CTG	887
374	TTG	300
374	TTA	137
374	CTT	51
374	TTC	33
374	ATA	27
374	ATC	3
375	AGA	38672
375	AGG	2861
375	CGA	128
375	AAA	29
375	CGG	10
375	AGR	7
375	ARA	3
375	AKA	2
376	AAA	26760
376	AAG	14950
376	AAR	3
376	AGA	2
377	GCA	41508
377	GCT	110
377	GCC	44
377	GCG	35
377	TCA	6
377	GGA	4
377	ACA	4
377	RCA	2
378	ACC	40651
378	ACT	1024
378	ACA	19
378	ACY	13
378	ACM	3
378	RCC	2
379	AGA	25610
379	AGG	15989
379	CGA	79
379	AAA	14
379	AAG	7
379	CGG	6
379	AGR	6
379	AGT	2
380	AGA	39039
380	AGG	2655
380	AGR	11
380	CGA	5
380	CGG	2
381	TTG	30878
381	CTG	10581
381	CTA	147
381	TTA	71
381	YTG	12
381	ATG	11
381	CTT	11
381	CTK	2
382	GTT	21969
382	ATC	15999
382	ATT	2006
382	GTC	1700
382	ATA	15
382	GTA	7
382	GTY	6
382	RTT	6
382	ATY	3
382	GTW	2
383	CAA	39231
383	CAG	2477
383	CAR	5
384	CTC	23378
384	TTA	14584
384	TTG	2156
384	CTG	1205
384	CTA	256
384	CTT	62
384	TTC	48
384	TTR	7
384	YTC	3
384	YTG	3
384	ATG	3
384	ATC	3
384	TTT	2
384	MTG	2
385	ATA	41627
385	ATT	53
385	ATC	26
385	GTA	5
385	RTA	2
386	GTG	24691
386	GTA	16634
386	GTT	279
386	GTC	48
386	GCA	33
386	ATA	13
386	GTR	7
386	RTA	2
386	GCG	2
387	AGT	26476
387	AGC	15220
387	AAC	5
387	TGT	4
387	GGT	3
387	TGC	2
388	GGA	24035
388	GGG	17668
388	GGT	9
389	AGA	39784
389	AAA	1533
389	AGG	331
389	CGA	25
389	AAG	23
389	GGA	6
389	ARA	6
389	AAR	2
389	AKA	2
390	GAC	40280
390	AAC	650
390	GAT	612
390	AAT	147
390	RAC	7
390	GAA	6
390	GAY	5
390	GGC	4
390	GAM	2
391	GAA	25200
391	GAG	15753
391	GAT	561
391	GAC	168
391	CAA	10
391	GGG	5
391	GAM	4
391	GGA	4
391	AAT	4
391	GRA	3
392	CAG	39010
392	CAA	2641
392	CAT	50
392	CCG	4
392	CTG	3
392	CAK	3
393	TCA	41519
393	TCG	169
393	TCC	13
393	TCT	5
393	GCA	5
393	ACA	2
394	ATA	33016
394	ATT	6586
394	ATC	1834
394	GTA	128
394	GTT	81
394	GTC	26
394	ACA	16
394	ATG	6
394	ATW	6
394	ATY	4
394	AYA	3
394	ACC	2
394	RTC	2
395	GCC	24152
395	GCT	17121
395	GCA	242
395	GTC	78
395	GCG	56
395	TCC	25
395	ACC	15
395	ACT	8
395	TCT	7
395	GTT	3
395	GYT	2
395	GYC	2
396	GAA	38724
396	GAG	2963
396	GAR	5
396	GGA	5
396	GAC	4
396	AAA	4
396	CAA	3
396	GRA	3
396	GAT	2
397	GCA	40942
397	GCG	658
397	GTA	62
397	GCT	27
397	ACA	10
397	TCA	4
397	GCC	4
397	GTG	3
397	GYA	2
398	ATA	38897
398	ATC	2253
398	ATT	276
398	ATG	157
398	GTA	35
398	CTC	29
398	ACA	27
398	GTC	18
398	AYA	12
398	RTA	4
398	ACC	4
398	TTA	2
399	ATC	23541
399	ATT	16399
399	ATA	1687
399	GTT	70
399	GTC	10
399	ACC	4
399	ATM	2
400	GTG	39637
400	GTA	1996
400	GTT	41
400	GCG	17
400	ATT	11
400	GCA	5
400	GTR	3
400	ATA	2
401	GCC	38632
401	GCA	2371
401	GCG	573
401	GCT	131
401	TCC	4
401	GTC	2
402	ATG	41684
402	ATA	22
402	ATT	5
402	ATR	3
403	GTG	25026
403	GTA	16395
403	GTT	273
403	GTR	10
403	GTC	7
403	GTW	2
404	TTT	24431
404	TTC	17274
404	CTC	9
405	TCA	41368
405	TCG	262
405	TCC	65
405	ACA	10
405	TCT	7
405	GCA	2
406	CAA	40410
406	CAG	1299
406	CAR	4
407	GAA	23963
407	GAG	17731
407	GAT	20
408	GAT	40836
408	GAC	864
408	AAT	5
408	GAG	3
408	GAY	2
409	TGC	40236
409	TGT	1396
409	CGC	46
409	AGC	19
409	CGT	10
409	TCT	4
409	TGY	2
410	ATG	39846
410	GTG	1861
410	GTA	3
410	RTG	2
411	ATA	26093
411	ATC	15039
411	GTA	230
411	ATT	141
411	GTG	139
411	ATG	28
411	GTC	17
411	CTA	13
411	ATM	5
411	CTC	3
411	RTA	3
411	ATY	2
412	AAA	33770
412	AAG	7927
412	AGG	9
412	AAR	7
412	AGA	2
413	GCA	41469
413	GCT	144
413	GCC	47
413	GCG	45
413	TCA	6
413	GCW	2
414	GTT	39163
414	GTC	1274
414	GTG	969
414	GTA	291
414	ATT	13
414	RTC	3
415	AGA	23806
415	AGG	15918
415	CGA	1797
415	CGG	142
415	CGT	44
415	CGC	4
415	AGR	3
416	GGT	25274
416	GGC	16088
416	GGA	337
416	AGC	5
416	AGT	4
416	GGY	2
416	TGT	2
416	GGG	2
417	GAC	23750
417	GAT	17958
417	AAT	4
417	GAY	2
418	CTG	39051
418	TTG	1466
418	CTA	1098
418	TTA	74
418	CTT	21
418	YTG	2
418	CTR	2
419	AAT	25782
419	AAC	15931
419	AAY	2
420	TTT	39762
420	TTC	1947
420	GTC	5
421	GTC	39666
421	GTA	1397
421	GTT	364
421	GTG	274
421	CTG	5
421	ATC	4
421	GTM	3
422	AAC	26003
422	AAT	15705
422	AAY	4
422	ACT	2
423	AGA	25827
423	AGG	15875
423	AGR	9
423	CGA	3
424	GCA	40808
424	GCG	861
424	GCT	22
424	GCC	16
424	GCR	4
424	GCM	2
424	GTA	2
425	AAT	24203
425	AAC	17505
425	AAY	7
426	CAG	39710
426	CAA	1995
426	CAR	10
427	CGG	25120
427	AGA	14711
427	CGA	1672
427	AGG	125
427	CGC	69
427	CGT	8
427	MGA	6
428	TTG	23634
428	CTG	15842
428	CTA	1159
428	TTA	1029
428	CTC	33
428	CTT	12
428	TTR	5
429	AAC	25465
429	AAT	16238
429	AAY	9
429	AGT	2
430	CCC	40779
430	CCT	632
430	CCA	203
430	ACC	68
430	CCY	14
430	TCC	9
430	ACT	4
430	ACA	2
430	MCC	2
431	ATG	41713
431	CTG	2
432	CAT	26222
432	CAC	15480
432	TAC	6
432	CAY	4
433	CAG	24009
433	CAA	17704
433	CAR	2
434	CTT	24024
434	CTC	17545
434	CTA	113
434	CTG	25
434	CTY	2
434	TTA	2
435	TTA	22949
435	TTG	15973
435	CTG	2494
435	CTA	243
435	CTT	41
435	TTR	5
435	ATG	4
435	YTG	2
436	AGG	40056
436	AGA	1649
436	CGA	5
436	CGG	4
437	CAT	40996
437	CAC	719
438	TTT	24224
438	TTC	17488
438	TTY	3
439	CAG	24152
439	CAA	17558
439	CAR	4
440	AAA	38240
440	AAG	3183
440	AGG	232
440	AGA	55
440	AAR	3
441	GAT	40643
441	GAC	935
441	AAC	64
441	AAT	48
441	GGT	11
441	GAY	6
441	GAG	2
442	GCG	23663
442	GCA	17616
442	GCC	286
442	GCT	124
442	TCA	9
442	GCR	3
442	TCG	2
442	GTG	2
442	ACG	2
443	AAA	39540
443	AAG	2090
443	AGA	50
443	ARA	18
443	AAR	13
443	AGG	2
444	GTG	30993
444	GTA	9408
444	ATA	584
444	GTC	464
444	GTT	174
444	ATG	27
444	CTC	25
444	GTR	11
444	GTY	9
444	CTG	6
444	GCA	4
444	TTG	2
445	CTC	23053
445	CTT	15691
445	CTG	1266
445	CTA	999
445	TTA	409
445	TTG	287
445	MTT	3
445	CTW	2
445	CTY	2
446	TTT	25869
446	TTC	15814
446	CTT	21
446	TTA	6
446	TTY	4
447	CAA	25425
447	CAG	16135
447	TTA	77
447	CAT	49
447	CAR	8
447	CGG	4
447	AAG	3
447	CAC	3
447	CTA	2
447	CGA	2
447	CRG	2
447	CTG	2
448	AAT	25133
448	AAC	16509
448	AGC	49
448	AGT	12
448	AAA	6
448	GAC	2
448	AMC	2
449	TGG	41713
449	TGR	2
450	GGA	40692
450	GGG	1005
450	GGT	7
450	GGC	4
450	GGR	4
450	GAA	2
451	GTT	23954
451	ATT	16996
451	CTT	223
451	ATC	204
451	ACT	175
451	ATA	120
451	GTG	12
451	GTC	11
451	RTT	9
451	GYT	2
451	GTA	2
451	TTT	2
452	GAA	40798
452	GAG	912
452	GAR	3
453	CAC	23455
453	ACC	12746
453	CCC	3401
453	TCC	1424
453	CCT	265
453	CCA	118
453	CAT	65
453	ACT	59
453	AAC	43
453	TCT	32
453	CAA	21
453	GCC	17
453	CGC	16
453	ATC	14
453	CCG	6
453	TCA	6
453	TAC	4
453	CAG	4
453	WCC	3
453	CTC	3
453	ACA	3
453	CCY	3
453	AYC	2
454	ATC	38732
454	ATT	2670
454	ATA	290
454	ATY	8
454	ACC	5
454	ATM	4
454	GTC	4
455	GAC	40661
455	GAT	1044
455	GAA	5
455	GAY	4
456	AGT	24142
456	AAT	17393
456	GAT	87
456	AAC	33
456	CAT	22
456	AGC	19
456	ATT	7
456	RAT	4
456	ART	2
456	TAT	2
456	CGT	2
457	GTG	33310
457	GTA	6329
457	GTC	1711
457	GTT	270
457	ATC	39
457	ATA	22
457	ATT	15
457	GTR	10
457	ATG	4
457	GTS	2
458	ATG	41709
458	ATR	2
459	GGA	38801
459	GGG	2889
459	GGT	13
459	GGR	8
459	GGC	2
460	ATG	41684
460	ATA	21
460	GTG	4
460	ACG	3
460	CTG	2
461	GTT	23166
461	ATC	16664
461	ATT	1074
461	ATA	519
461	GTC	180
461	GTG	40
461	GTA	31
461	ATY	14
461	ACC	10
461	RTT	7
461	GCT	4
461	CTT	4
462	GGA	39012
462	GGG	2667
462	GGT	14
462	GGC	12
462	GGR	9
463	GTA	19464
463	ATA	18186
463	GTG	3960
463	ATG	52
463	TTA	21
463	ATT	10
463	CTA	6
463	ATC	5
463	GTT	4
463	GTC	4
463	ATR	2
464	TTA	24432
464	CTG	14451
464	TTG	2082
464	CTA	685
464	CTT	22
464	ATG	16
464	TTR	14
464	CTC	5
464	CTR	4
464	CAG	2
465	CCA	23553
465	CCC	14945
465	CCT	3159
465	TCC	18
465	CCG	15
465	CCY	6
465	TCA	5
465	CCW	4
465	YCC	3
465	CCR	3
466	GAT	24447
466	GAC	17240
466	GGC	9
466	AAC	8
466	GAY	6
466	AAT	3
467	ATG	41659
467	TTG	22
467	ATA	15
467	ATT	6
467	TTA	6
467	CTG	4
467	ATK	2
468	ACT	24705
468	ACC	16837
468	ACA	57
468	GCC	52
468	GCT	48
468	AGT	5
468	ACY	3
468	TCT	2
468	ATT	2
469	CCA	39104
469	CCC	2498
469	CCT	56
469	CCG	55
470	AGC	39542
470	AGT	1929
470	AAC	231
470	AGY	6
470	AAT	3
470	TGC	2
471	ACA	25871
471	ACG	15152
471	ATG	164
471	ACT	137
471	TCA	126
471	ACC	105
471	ATC	81
471	ATA	33
471	CCA	12
471	GCG	6
471	AAA	6
471	GCA	6
471	AYG	4
471	TCG	3
471	ACR	2
471	AYM	2
471	CCG	2
472	GAG	39427
472	GAA	2188
472	GAT	61
472	AAG	10
472	GGG	9
472	GAR	6
472	GGA	6
472	RAG	5
473	ATG	40732
473	CTG	403
473	ACG	157
473	GTG	149
473	ATA	130
473	TTG	73
473	CTA	19
473	ACA	10
473	TTA	8
473	AAA	6
473	AGG	6
473	ATT	6
473	AAG	5
473	ATC	4
473	ATR	4
473	AYG	2
474	TCA	38991
474	TCG	2651
474	TCC	51
474	TCT	17
474	TCR	3
475	ATG	23798
475	CTG	16141
475	TTG	959
475	CTA	561
475	TTA	228
475	CTT	10
475	ATA	5
475	CTR	4
475	MTG	3
475	ATT	2
476	AGA	40780
476	AGG	898
476	CGA	15
476	AAA	15
476	AGR	3
476	ARA	2
476	CGG	2
477	GGA	38553
477	GGG	2435
477	GGT	689
477	AGA	21
477	GGR	8
477	GGC	6
477	RGA	3
478	ATA	38620
478	GTG	2317
478	GTA	752
478	RTA	6
478	ATT	4
478	TTA	4
478	ATC	4
478	GTT	3
478	GTR	2
479	AGA	41530
479	AGG	146
479	CGA	28
479	AAA	9
480	GTC	37874
480	GTT	1892
480	ATC	1358
480	GTA	478
480	ATT	68
480	GTG	23
480	GCC	7
480	RTC	6
480	ATA	6
481	AGC	39609
481	AGT	2101
481	AGY	3
482	AAA	27672
482	AAG	13934
482	AGA	86
482	AGG	6
482	AAR	6
482	AAT	5
482	GAG	2
482	ARG	2
483	ATG	41546
483	ACG	103
483	GTG	23
483	ATA	19
483	ACA	11
483	ATR	6
483	AAG	2
483	RTG	2
484	GGT	23620
484	GGA	17377
484	GGG	660
484	GGC	52
484	CGA	2
485	GTG	24433
485	GTA	17065
485	GTT	208
485	GTR	4
486	GAT	41450
486	GAC	263
487	GAA	41310
487	GAG	382
487	GGA	13
487	GRA	7
487	GAR	2
488	TAC	38239
488	TAT	3454
488	CAC	11
488	TAY	4
488	YAC	2
488	CAT	2
489	TCC	40348
489	TCT	968
489	TCA	379
489	TCY	6
489	CCC	4
489	TAC	3
489	TTC	3
489	TGT	2
490	AGT	25267
490	AGC	16121
490	AAC	181
490	AAT	115
490	AGA	5
490	ARC	5
490	GGC	4
490	ART	3
490	GGT	3
490	CGC	3
490	AGY	2
490	TGC	2
490	TGT	2
491	ACA	23583
491	ACG	15139
491	ACT	2807
491	GCT	81
491	ACC	58
491	GCG	20
491	GCA	6
491	ACK	4
491	AYG	3
491	ATT	3
491	ATG	2
491	AYA	2
491	ACR	2
492	GAG	40676
492	GAA	1023
492	GAR	7
492	GAT	5
492	GGG	2
493	AGG	23255
493	AGA	18353
493	AAG	33
493	CGG	29
493	CGA	25
493	AAA	9
493	AGR	7
493	ARG	2
494	GTG	40448
494	GTA	1112
494	ATA	120
494	GTT	24
494	RTG	4
494	ATG	3
494	GCG	2
495	GTG	23878
495	GTA	15007
495	GTC	1366
495	GTT	1112
495	GCA	173
495	ATA	64
495	CTC	29
495	ATT	16
495	GCC	13
495	ATC	12
495	GCG	10
495	ATG	9
495	GCT	7
495	RTG	4
495	TCA	4
495	STA	2
495	RTA	2
495	GTK	2
496	GTT	23491
496	GTG	16651
496	GTA	1498
496	GTC	55
496	GCA	7
496	GTY	5
496	GCT	2
496	GTR	2
497	AGC	26045
497	AGT	15207
497	AAC	326
497	AAT	105
497	AGY	10
497	AGA	4
497	ACT	3
497	ART	3
497	GGC	2
497	ATC	2
497	CAT	2
497	GGT	2
498	ATT	41503
498	ATC	156
498	ATA	47
498	GTT	7
499	GAT	25134
499	GAC	16578
499	GAY	2
500	CGG	23705
500	CGA	15274
500	CGT	1866
500	CGC	671
500	AGA	133
500	AGG	42
500	CAA	11
500	CGR	6
500	CRA	2
500	CAG	2
501	TTT	39110
501	TTC	2562
501	TAT	35
501	YTT	2
501	GTT	2
501	TTY	2
502	TTG	39127
502	TTA	1845
502	CTG	403
502	CTA	314
502	TTR	18
502	CTT	4
502	YTG	3
503	AGA	25112
503	AGG	16514
503	CGT	34
503	CGA	32
503	CGG	18
503	CGC	2
504	GTT	39769
504	GTC	1623
504	GTA	283
504	ATC	21
504	GTG	8
504	ATT	6
504	RTT	3
505	CGA	26134
505	AGA	14435
505	CGG	977
505	AGG	95
505	AAA	50
505	CGT	7
505	CGC	4
505	CAT	3
505	CGR	2
506	GAC	23603
506	GAT	18097
506	GAY	9
506	AAT	2
506	AAC	2
507	CAA	39199
507	CAG	2495
507	CAT	7
507	CCA	6
507	CAK	2
507	CAC	2
507	CAR	2
508	CGT	23022
508	AGA	14829
508	CGG	1333
508	AGG	1304
508	CGA	831
508	CAA	202
508	AAG	43
508	CAG	24
508	TGT	22
508	CAT	22
508	CGC	19
508	AGT	12
508	CTA	9
508	CTT	8
508	AAA	7
508	ATA	6
508	ARG	5
508	MGT	3
508	GGG	3
508	CTG	2
509	GGG	29710
509	GGA	11975
509	GGR	15
509	GGT	8
509	GAA	6
510	AAT	25085
510	AAC	16584
510	GAC	19
510	GAT	11
510	AGT	4
510	AGC	3
510	AAY	3
510	AAA	2
510	RAT	2
511	GTA	40249
511	GTG	931
511	ATA	502
511	RTA	8
511	GTT	8
511	GTR	6
511	TTA	4
511	GTC	2
511	GCA	2
512	TTA	23789
512	CTA	14666
512	CTC	2634
512	CTG	456
512	CTT	98
512	TTG	57
512	TTR	5
512	YTA	4
512	ATA	3
513	TTA	24937
513	TTG	15639
513	CTG	773
513	CTA	295
513	CTT	41
513	ATA	13
513	TTR	6
513	CTC	3
513	TCA	2
514	TCT	40343
514	TCC	1260
514	TCA	63
514	TCG	27
514	ACT	15
514	TCY	4
514	WCT	2
515	CCT	24559
515	CCC	16249
515	CCA	606
515	CCG	281
515	CCY	8
515	TCC	4
515	ACC	4
515	TCT	2
516	GAG	23823
516	GAA	17885
516	GAR	6
517	GAG	24086
517	GAA	17625
517	GAR	2
518	GTC	38572
518	GTT	3000
518	GTA	81
518	GTG	35
518	ATC	27
519	AGT	40004
519	AGC	1707
519	AGY	2
520	GAA	40765
520	GAG	948
521	ACA	27105
521	ACG	13691
521	ACC	832
521	ACT	61
521	ACR	6
521	GCC	5
521	GCA	5
521	AAC	3
521	AMG	3
522	CAG	25278
522	CAA	16420
522	CAR	9
522	CTG	5
522	CGG	2
523	GGA	40302
523	GGG	1348
523	GGT	55
523	GGC	6
523	GGR	3
524	ACT	37526
524	ACA	2512
524	AAT	670
524	ACG	665
524	ACC	151
524	ATT	90
524	GCT	37
524	RCT	13
524	ATA	13
524	GCA	12
524	ATG	7
524	AYA	4
524	AYT	4
524	GCG	4
524	AAC	2
525	GAA	22942
525	GAG	18768
525	GAR	4
526	AGA	23147
526	AAG	16304
526	AAA	1644
526	AGG	572
526	CGA	38
526	AAR	4
526	ARG	3
526	ARA	2
527	CTG	24894
527	TTG	16120
527	TTA	608
527	CTA	74
527	CTT	6
527	CTR	5
527	YTG	3
527	TTR	3
528	ACA	34445
528	ACC	5529
528	ACG	1007
528	ACT	689
528	GCA	33
528	ACM	9
528	ACR	2
529	ATA	41667
529	ATC	21
529	GTA	15
529	ATT	10
530	ACT	38929
530	ACA	2456
530	ACC	301
530	ACG	12
530	ATA	7
530	GCT	3
530	ACY	2
530	ATT	2
531	TAT	39507
531	TAC	2203
531	TAY	4
532	TCA	25700
532	TCG	15533
532	TCT	351
532	TTG	92
532	TTT	19
532	GCG	8
532	TTA	6
532	TCC	2
533	TCA	22991
533	TCG	18688
533	TCT	14
533	TCR	14
533	TCC	5
534	TCG	23284
534	TCA	16575
534	TCC	1420
534	TCT	367
534	CCA	39
534	TCR	7
534	GCA	7
534	GCG	4
534	CCG	3
534	TYC	3
534	CCC	2
535	ATG	41647
535	CTG	31
535	TTG	26
535	ATA	4
535	MTG	3
535	GTG	3
536	ATG	41696
536	TTG	11
536	CTG	3
536	ATA	2
537	TGG	41715
538	GAG	38921
538	GAA	2788
538	GAR	6
539	ATT	24102
539	ATC	17348
539	ATA	233
539	GTC	11
539	GTT	5
539	RTC	4
539	ACC	4
539	AYC	2
539	ATY	2
540	AAC	32851
540	AAT	8814
540	AGT	33
540	AAY	10
540	AGC	3
541	GGT	27069
541	GGC	14573
541	GGG	54
541	GGA	13
541	GGY	5
542	CCT	38322
542	CCC	1602
542	CCG	1219
542	CCA	565
542	MCT	3
542	CMT	2
543	GAG	38945
543	GAA	2761
543	GAR	6
543	GAT	3
544	TCG	23573
544	TCA	18076
544	TCT	50
544	TCC	7
544	TCR	6
545	GTT	22939
545	GTG	17473
545	GTC	611
545	GTA	439
545	ATT	243
545	ATC	4
545	ATA	3
545	GTR	2
546	TTG	23723
546	CTA	15281
546	CTG	1159
546	CTT	935
546	TTA	527
546	CTC	75
546	ATG	7
546	TTR	2
546	YTA	2
547	GTC	40088
547	GTT	1132
547	ATC	406
547	GTG	46
547	GTA	31
547	ATT	4
547	GTY	3
547	GTM	2
548	AAT	23873
548	AAC	17840
549	ACC	24628
549	ACT	15244
549	ACA	1808
549	ACG	28
549	ACY	5
550	TAT	39676
550	TAC	2032
550	TAY	7
551	CAA	40662
551	CAG	1046
551	CRA	2
551	CAR	2
552	TGG	41713
553	ATC	26488
553	ATA	14589
553	ATT	513
553	GTC	70
553	GTA	37
553	ACC	6
553	TTA	3
553	RTA	3
553	ATM	2
554	ATC	38691
554	ATT	1907
554	ATA	723
554	GTC	359
554	ACC	23
554	GTA	4
554	GCC	2
555	AGG	24103
555	AGA	17538
555	AAA	22
555	AAG	21
555	CGG	13
555	CGA	8
555	AGR	5
555	ARG	2
556	AAT	25482
556	AAC	16193
556	AGT	17
556	AGC	8
556	AAA	5
556	AAY	3
556	GAT	2
557	TGG	41713
558	GAA	40824
558	GAG	889
559	GCT	23303
559	ATT	14001
559	ACT	2480
559	AGC	583
559	TTT	368
559	ACC	317
559	AAT	237
559	AGT	173
559	GTT	152
559	GCA	42
559	GCC	13
559	TCT	12
559	ATC	11
559	RCT	3
559	ATG	3
559	ACG	2
559	AAY	2
559	ATY	2
559	GCW	2
559	AYT	2
559	AAC	2
559	ACA	2
560	GTC	22485
560	GTG	16058
560	GTA	969
560	GTT	790
560	TTG	581
560	ATC	408
560	ATA	227
560	TTA	127
560	ATT	36
560	ATG	10
560	GTY	8
560	RTC	3
560	TTC	2
561	AAA	39435
561	AAG	2274
561	AAR	5
562	ATT	40745
562	ATC	569
562	ATG	353
562	ATA	26
562	GTT	8
562	CTT	5
562	ATY	4
563	CAA	40833
563	CAG	787
563	CGG	73
563	AAA	8
563	CGA	6
563	CAC	2
563	CAR	2
564	TGG	41713
565	TCT	24266
565	TCA	15253
565	TCC	2157
565	TCG	25
565	TCY	5
565	TAT	4
565	ACT	2
566	CAG	24938
566	CAA	16760
566	CAT	11
566	CAR	3
567	AAT	19304
567	GAC	15576
567	AAC	4360
567	GAT	2406
567	AGT	13
567	AAY	12
567	AAG	11
567	GAA	8
567	GGC	7
567	GGT	4
567	GAY	3
567	GCC	2
567	RAC	2
568	CCT	25106
568	CCC	16429
568	CCA	151
568	CCG	19
568	CCY	8
569	GCA	23373
569	ACA	16274
569	ACG	1583
569	ACT	293
569	ACC	84
569	GCG	72
569	GCT	12
569	TCA	7
569	GCC	5
569	ACR	3
569	GAA	2
570	ATG	41198
570	ATA	446
570	ATT	20
570	GTG	12
570	ACG	12
570	ATR	7
570	GTA	5
570	AAG	3
570	AGG	3
570	CTG	3
570	CTA	2
571	TTG	23633
571	TTA	15405
571	CTA	1482
571	CTG	1131
571	CTT	31
571	YTA	17
571	YTG	4
571	ATA	4
572	TAC	41190
572	TAT	521
573	AAC	37298
573	AAT	4407
573	AAY	6
573	ACC	2
573	ARC	2
574	AAA	38989
574	AAG	2603
574	AGA	100
574	AGG	12
574	AAR	5
574	ARA	2
574	ARG	2
574	AAW	2
575	ATG	41153
575	TTG	448
575	ATA	64
575	GTG	25
575	CTG	13
575	ATT	4
575	TTA	2
575	ACG	2
575	ATR	2
576	GAA	40195
576	GAG	1511
576	GTA	4
576	GAR	2
576	GAC	2
577	TTT	40817
577	TTC	888
577	TTY	5
577	CTT	2
578	GAA	40043
578	GAG	1663
578	GGA	5
578	GAR	2
578	GGG	2
579	CCA	34594
579	CCG	5312
579	CCC	1361
579	CCT	430
579	CCR	10
579	TCA	4
579	CCY	4
580	TTT	39410
580	TTC	2298
580	TTY	6
581	CAA	25830
581	CAG	15880
581	CAR	4
582	TCT	39144
582	TCC	2287
582	TCA	212
582	TCG	61
582	TCY	5
582	GCT	3
582	TTT	2
583	TTA	23835
583	CTT	15159
583	TTG	1776
583	CTA	818
583	CTG	113
583	TTR	5
583	CTC	4
583	ATT	3
584	GTC	35929
584	GTT	2852
584	GTA	1470
584	GTG	1244
584	ATA	107
584	ATC	101
584	GTY	8
584	RTT	2
585	CCC	23838
585	CCT	17827
585	CCA	34
585	CCY	9
585	CCG	5
586	AAG	39415
586	AAA	2156
586	AGG	112
586	AGA	16
586	AAR	8
586	CAG	4
586	AAT	2
587	GCC	23675
587	GCA	15135
587	GCT	2617
587	GCG	285
587	GCY	2
588	ACT	21231
588	ACC	15218
588	ATT	2152
588	GCC	1852
588	GTC	353
588	GTT	350
588	ATC	223
588	GCT	195
588	ACA	37
588	AAC	24
588	GCA	21
588	AAT	11
588	TCC	11
588	TCT	10
588	ACY	9
588	AYC	6
588	AYT	4
588	RYY	2
589	AGA	41248
589	AGG	442
589	CGA	15
589	AAA	3
589	AGR	3
589	CGG	2
589	AGC	2
590	AGC	34770
590	AGT	3722
590	GGC	1717
590	GGT	1245
590	AAC	122
590	GGA	102
590	TGT	9
590	GGG	6
590	TGC	3
590	ARC	3
590	ACC	3
590	GCC	3
590	AGG	2
590	RGC	2
591	CAA	25643
591	CGG	14150
591	CAG	775
591	CGT	683
591	CGA	249
591	AAG	141
591	AGG	38
591	CAC	9
591	CAR	7
591	CTA	4
591	AAA	4
591	MAA	3
591	ARG	2
592	TAC	39359
592	TAT	2351
592	TAY	5
593	AGT	41608
593	AGC	106
594	GGG	24597
594	GGA	16810
594	GGC	277
594	GGT	23
594	GGR	3
594	RGG	2
595	TTT	25687
595	TTC	16018
595	TGT	6
595	TTG	2
596	GTC	23462
596	GTA	15257
596	GTG	2817
596	GTT	169
596	ATA	3
596	GTR	3
597	AGA	24906
597	AGG	16779
597	CGA	18
597	AGR	8
597	CGG	3
598	ACT	23693
598	ACA	16784
598	GTT	604
598	ACG	411
598	ACC	57
598	ATT	44
598	GCA	44
598	GTC	26
598	ATG	17
598	GCT	14
598	RCA	5
598	GCG	3
598	ACW	3
598	ATA	2
598	RCT	2
598	AYT	2
599	CTA	25035
599	CTG	15231
599	TTA	1307
599	TTG	109
599	CTT	19
599	CTC	5
599	CTR	4
599	YTR	2
599	YTG	2
600	TTC	40796
600	TTT	910
600	TTY	8
601	CAA	25109
601	CAG	16600
601	CAR	5
602	CAA	40129
602	CAG	1581
603	ATG	41705
603	ATC	2
603	ACG	2
603	ATR	2
604	AGA	23497
604	AGG	9525
604	CGG	5828
604	CGT	2634
604	CGC	113
604	CGA	95
604	MGG	7
604	AGR	6
604	GGT	4
605	GAC	24254
605	GAT	17454
605	GAY	6
606	GTA	25121
606	GTG	16293
606	GTT	221
606	GTC	41
606	ATA	27
606	GTR	4
606	RTA	3
606	ATT	2
607	CTT	38812
607	CTG	1745
607	CTA	476
607	TTA	295
607	TTG	202
607	ATT	74
607	YTG	70
607	CTC	30
607	MTT	4
607	CTK	3
607	ATA	2
608	GGG	35199
608	GGA	6467
608	GGT	34
608	GGC	8
608	GGR	5
609	ACA	41294
609	ACG	156
609	ACT	138
609	ACC	125
610	TTT	41448
610	TTC	261
610	CTT	3
610	TTY	2
611	GAC	39674
611	GAT	1969
611	GAA	45
611	AAC	8
611	RAC	7
611	GAY	4
611	KAC	3
611	TAC	2
612	ACT	40503
612	ACC	641
612	ACA	535
612	ACG	19
612	ATT	7
612	TCT	3
612	ACY	3
613	GCC	23330
613	GTC	16758
613	GTT	1019
613	ACC	168
613	ATC	104
613	GCA	88
613	GCT	75
613	ACT	70
613	GTG	39
613	ATT	26
613	GTA	10
613	TCC	10
613	TTT	4
613	GYC	3
613	RCC	2
613	GCY	2
613	GCM	2
614	CAG	25121
614	CAA	16586
614	CAR	6
614	CAT	2
615	ATA	41602
615	GTA	74
615	ATT	11
615	ACA	8
615	ATC	6
615	ATG	5
615	ATR	3
615	RTA	2
616	ATA	41654
616	GTA	35
616	ATC	10
616	AYA	5
616	ATT	4
616	RTA	2
616	ATR	2
616	ATG	2
617	AAG	25773
617	AAA	15934
617	AAR	4
617	GAG	3
618	CTT	38809
618	CTG	1367
618	CTA	1131
618	CTC	307
618	ATG	83
618	TTA	11
618	CTY	3
618	TTG	2
619	CTC	38393
619	CTA	1895
619	CTT	538
619	TTA	525
619	TTG	248
619	CTG	106
619	CTY	3
619	MTC	2
619	CTW	2
620	CCT	23539
620	CCC	15344
620	CCA	2648
620	CCG	168
620	CCY	15
621	TTT	41520
621	TTC	189
621	TAT	3
622	GCA	26349
622	GCT	15268
622	GCG	48
622	GCC	23
622	ACA	10
622	ACT	6
622	TCA	5
622	GTT	3
623	GCT	38514
623	GCA	2686
623	GCC	461
623	GCG	38
623	TCT	8
623	GCY	5
624	GCT	38879
624	GCC	1913
624	GCA	877
624	TCT	22
624	GCG	7
624	GCY	6
624	TCC	4
624	ACC	2
624	GCM	2
625	CCA	40906
625	CCG	583
625	CCT	181
625	CCC	43
626	CCG	25057
626	CCA	15844
626	CCT	733
626	CCC	70
626	CCR	6
627	AAG	23418
627	GAA	15879
627	GAG	1720
627	AAA	617
627	GTG	32
627	RAG	16
627	RAA	13
627	GWG	6
627	AGG	6
627	AAR	3
627	GTA	2
628	CAA	24019
628	CAG	17658
628	CAT	10
628	CTG	6
628	YAG	5
628	CAR	5
628	CTA	5
628	AAA	4
628	CGG	2
629	AGC	38436
629	AGT	3171
629	AAT	60
629	AAC	31
629	AGY	6
629	GGC	5
629	GGT	4
630	AGA	25310
630	AGG	16327
630	AAA	50
630	AAG	13
630	AGR	7
630	CGG	3
630	CGA	2
631	ATG	41587
631	CTG	89
631	GTG	24
631	ATA	10
631	MTG	2
632	CAG	26424
632	CAA	15288
632	CAR	3
633	TTC	25839
633	TTT	15863
633	TTY	8
634	TCT	39319
634	TCC	2127
634	TCG	241
634	TCA	17
634	TCY	6
634	ACT	3
635	TCA	38261
635	TCT	2457
635	TCG	861
635	TCC	128
635	TCW	3
635	TCR	2
636	CTG	19677
636	TTG	19306
636	CTA	1961
636	CTT	359
636	TTA	283
636	TTT	88
636	YTG	20
636	ATG	8
636	CTC	5
636	YTA	2
636	CTR	2
637	ACT	41311
637	ACA	147
637	ACG	91
637	ATT	65
637	ACC	62
637	GCT	28
637	ACY	3
637	AAT	3
637	RCT	2
637	TCT	2
638	GTG	35872
638	GTA	5763
638	GTT	54
638	GTR	17
638	TTG	3
638	GTK	2
639	AAT	40956
639	AAC	748
639	AGT	8
640	GTG	40395
640	GTA	1119
640	GTT	152
640	GTC	39
640	ATG	5
640	ATA	4
641	AGG	24602
641	AGA	16904
641	CGA	133
641	CGG	66
641	AGR	6
641	CGT	3
642	GGA	38339
642	GGT	1336
642	GGC	1106
642	GGG	927
642	GGM	3
642	GGR	3
643	TCA	40859
643	TCG	311
643	TCT	283
643	TCC	131
643	ACA	105
643	TTA	12
643	ACG	4
643	GCA	2
643	TCR	2
644	GGG	38026
644	GGA	3649
644	GGC	19
644	GGT	10
644	GGR	7
644	CGA	2
645	ATG	26566
645	TTA	12837
645	TTG	1692
645	CTG	584
645	CTA	18
645	TTR	5
645	GTG	4
645	ATA	4
646	AGA	26105
646	AGG	15459
646	CGG	96
646	CGA	43
646	AGR	4
646	AGT	3
647	ATA	41584
647	ATC	45
647	GTA	32
647	ATT	24
647	GTG	15
647	RTA	4
647	ATR	3
647	ATG	3
647	TTA	2
648	CTT	24547
648	CTG	15292
648	CTC	854
648	GTT	629
648	CCC	100
648	ATG	96
648	TTG	77
648	CTA	65
648	ATT	28
648	TTC	9
648	GTG	6
648	CTY	2
648	MTT	2
648	ATC	2
649	GTA	39649
649	GTG	1741
649	ATA	281
649	ATC	13
649	GCA	7
649	GTT	6
649	RTA	5
649	GTR	4
649	GTC	4
650	AGG	24887
650	AGA	16800
650	CGA	11
650	CGG	10
650	AGR	4
651	GGC	40758
651	GGT	660
651	GGA	278
651	GGG	5
651	GGM	4
651	GGY	4
651	RGC	2
652	AAT	40396
652	AAC	1303
652	AGT	12
653	TCT	39758
653	TCC	1881
653	TCA	68
653	TCG	4
653	TCY	3
654	CCT	26152
654	CCA	15364
654	CCG	81
654	CCC	81
654	CAT	18
654	CAA	7
654	TCT	7
654	CCW	2
655	GTA	37275
655	GTG	4066
655	GTT	190
655	GCA	50
655	GTC	43
655	ATA	37
655	TTA	12
655	GTR	9
655	RTA	5
655	ATG	5
655	RTG	4
655	GAG	4
655	GCG	4
655	CTG	3
655	GYA	3
656	TTC	40860
656	TTT	842
656	TTY	7
656	TAC	5
657	AAC	25689
657	AAT	16015
657	AAY	4
657	AGC	3
658	TAC	40428
658	TAT	1230
658	CAT	31
658	TAY	14
658	YAC	5
658	CAC	4
659	AAC	40316
659	AAT	1206
659	AGC	133
659	AAY	33
659	AWC	10
659	ATC	8
659	AGT	5
659	ARC	2
660	AAG	40034
660	AAA	1226
660	AGG	407
660	AGA	37
660	AAR	8
660	AAT	2
661	ACC	23440
661	GCA	17476
661	TCA	205
661	GCC	204
661	ACA	180
661	ACT	90
661	GCG	47
661	GTA	22
661	ATC	11
661	GCT	9
661	AYC	5
661	AGC	5
661	ACM	4
661	RCA	3
661	GYA	3
661	ACG	3
661	GAA	3
661	AAC	2
662	ACT	23709
662	ACC	17559
662	ACA	278
662	ACG	86
662	AAC	46
662	GCT	6
662	AAT	6
662	AYC	4
662	AGC	4
662	ATC	3
662	RCC	3
662	TCC	2
662	AMT	2
662	TCT	2
663	AAA	40084
663	AAG	1588
663	AGA	34
663	AAR	3
663	AAC	2
664	AGG	25332
664	CGA	14126
664	AGA	1911
664	CGG	298
664	AAG	29
664	CGT	4
664	AGR	3
664	CGR	3
664	AKG	3
665	CTA	23254
665	CTT	17142
665	CTC	959
665	CTG	165
665	TTA	162
665	CWT	8
665	ATT	8
665	MTA	4
665	ATA	4
665	CTY	4
665	CTR	2
666	ACA	26698
666	ACG	13923
666	ACC	740
666	ACT	144
666	GCC	104
666	ATG	75
666	GCA	7
666	GCG	6
666	ACR	5
666	ATA	3
666	TCA	3
666	AYA	2
667	ATT	26337
667	GTT	13081
667	GTC	1050
667	GTG	608
667	ATC	545
667	GTA	71
667	ATA	10
667	ATY	4
667	RTT	3
667	GTR	2
667	GTY	2
668	CTT	36439
668	CTC	5203
668	ATT	31
668	CTA	22
668	CTY	9
668	MTT	4
668	YTT	3
668	ATC	2
669	GGA	39830
669	GGG	1842
669	GGT	27
669	GGR	11
669	GRA	2
670	AAA	24630
670	AAG	17060
670	AGG	10
670	AAR	5
670	AGA	4
670	AAS	2
670	AAW	2
671	GAT	40771
671	GAC	889
671	AAT	35
671	GGT	4
671	KAT	4
671	GAW	4
671	GAY	4
671	GAA	3
672	GCC	23280
672	GCA	17938
672	GCT	381
672	GCG	99
672	GCY	4
672	SCC	3
672	GCM	2
672	TCC	2
672	GYC	2
673	GGC	23600
673	GGT	17748
673	GGA	350
673	GGG	8
673	GGY	5
673	GKC	3
674	ACT	23546
674	GCA	17483
674	GCT	259
674	GCG	101
674	GCC	87
674	TCA	77
674	GAA	44
674	ATT	35
674	ACC	26
674	GTA	15
674	ACA	12
674	AAT	7
674	ACW	5
674	TCT	4
674	RCA	4
674	AYT	3
674	TCG	2
675	TTA	23870
675	TTG	17062
675	CTG	453
675	CTT	162
675	CTA	134
675	ATG	12
675	YTA	8
675	CTC	5
675	TTR	2
675	WTG	2
676	ATT	23415
676	ACT	15146
676	ACA	1620
676	ATG	504
676	GCA	241
676	ACC	221
676	GTG	171
676	AAT	91
676	ATA	48
676	ATC	47
676	GCC	45
676	ACG	43
676	GTA	39
676	GCT	37
676	GTT	13
676	AYT	9
676	AGT	6
676	RTG	4
676	AYY	3
676	CAA	3
676	ACY	2
676	AAA	2
677	GAA	40114
677	GAG	994
677	GAC	439
677	GGA	94
677	AAA	39
677	GAT	10
677	GGG	8
677	AAC	4
677	GAW	3
677	GCA	2
677	GTA	2
677	GRA	2
677	RAA	2
678	GAC	24773
678	GAT	16721
678	AAT	168
678	GAG	16
678	GAA	15
678	KAT	7
678	GAY	6
678	GGT	3
679	CCA	41252
679	CCG	286
679	CCC	125
679	CCT	22
679	ACA	9
679	CAA	5
679	CCR	4
679	TCA	4
679	CYA	2
679	CCW	2
679	CCM	2
680	GAT	40253
680	GAC	1092
680	AAT	261
680	GAG	38
680	GAA	32
680	AAC	20
680	GGT	9
680	GAY	4
680	RAT	2
681	GAA	38843
681	GAG	2848
681	GAT	14
681	GAR	3
681	GAW	3
682	AGC	23519
682	GGC	15234
682	GGA	1710
682	GGG	1077
682	GGT	80
682	AAC	47
682	AGT	30
682	KGC	6
682	TGC	4
682	RGC	2
683	ACA	41022
683	AAA	230
683	ACC	183
683	ACG	136
683	GCA	81
683	ACT	23
683	ATA	12
683	TCA	9
683	AAG	7
683	ACR	3
683	AGA	3
683	AMA	3
684	TCC	23353
684	TCT	14534
684	GCA	1777
684	GCT	1010
684	GCC	855
684	ACA	52
684	TCA	51
684	GCG	25
684	ACC	24
684	TCY	7
684	CCT	7
684	TCM	5
684	GGT	5
684	GAA	2
684	TCG	2
685	GGA	27166
685	GGG	14471
685	GGT	29
685	GAA	11
685	GGR	9
685	AGA	8
685	GGC	6
685	GTA	5
685	GAG	3
685	GRA	3
686	GTG	41104
686	GTA	503
686	GTT	83
686	ATG	10
686	ATA	5
686	GTR	5
686	GWG	2
687	GAG	38801
687	GAA	2904
687	GAR	8
688	TCC	23122
688	TCT	18438
688	TCA	130
688	TCG	18
688	TCY	3
688	GCT	2
689	GCC	23330
689	GCT	15743
689	GCA	1897
689	GCG	728
689	GCY	10
689	GCR	4
690	GTC	38219
690	GTA	2697
690	GTT	599
690	GTG	183
690	GTY	7
690	ATC	2
690	GKC	2
690	GTM	2
691	TTG	21818
691	CTG	18842
691	TTA	776
691	CTA	228
691	CTT	36
691	CTR	5
691	CTC	3
691	TTR	3
691	YTG	2
692	AGA	38926
692	AGG	2773
692	AAA	5
692	AGR	5
692	AKA	3
692	CGA	2
693	GGG	23554
693	GGA	17947
693	GGT	137
693	GGC	63
693	GGR	11
693	GGK	2
694	TTC	34331
694	TTT	7373
694	TTY	6
694	TAC	4
695	CTC	38855
695	CTA	1571
695	CTG	681
695	TTA	460
695	CTT	80
695	TTG	60
695	CTM	3
696	ATT	41191
696	ATC	477
696	ATA	37
696	AYT	4
696	ATY	3
696	GTT	2
697	ATA	23497
697	TTA	13915
697	CTA	1531
697	TTG	1399
697	CTG	1324
697	CTC	11
697	ATT	8
697	WTA	6
697	TTR	5
697	ATC	4
697	CTT	3
697	RTA	2
697	ATG	2
697	GTA	2
698	GGT	24656
698	GGC	16757
698	GGA	251
698	GGG	23
698	AGC	12
698	RGT	3
698	AGT	2
698	GAC	2
698	RGC	2
698	GGY	2
699	AAA	38670
699	AAG	2866
699	AGA	157
699	AGG	10
699	AAR	8
699	CAA	2
699	AAT	2
700	GAA	39834
700	GAG	1866
700	GGA	3
700	KAA	3
700	GAR	3
700	RAA	2
701	GAC	41330
701	GAT	285
701	AAC	44
701	GAA	28
701	RAC	22
701	AAT	3
702	AGA	23531
702	AAG	15580
702	AAA	2119
702	AGG	431
702	CAA	14
702	AAT	13
702	AGC	12
702	AGT	3
702	ARA	2
702	ATA	2
703	AGA	40401
703	AGG	1234
703	CGG	31
703	CGA	19
703	AAA	12
703	AGR	11
703	RGG	2
703	ARA	2
704	TAC	23346
704	TAT	18297
704	TTC	49
704	TAY	9
704	TTT	4
704	CAT	4
704	CAC	2
705	GGA	24076
705	GGC	14285
705	GGG	2390
705	GGT	954
705	GGR	6
705	GGM	2
706	CCA	41188
706	CCG	323
706	CCT	175
706	CAA	21
706	CCC	3
706	TCA	2
707	GCA	41285
707	TCA	255
707	GCG	85
707	CCA	50
707	GCT	14
707	GCC	12
707	TCG	4
707	GCR	2
707	ACA	2
707	KCA	2
708	TTA	38330
708	TTG	2491
708	CTA	611
708	CTG	268
708	TTR	6
708	WTA	2
708	TYA	2
708	YTG	2
709	AGC	41607
709	AGT	66
709	AAC	13
709	ATC	11
709	AGY	6
709	TGC	5
709	GGC	5
710	ATC	41284
710	ATT	297
710	ATA	125
710	ATY	4
710	GTC	2
710	AYC	2
711	AAT	40022
711	AAC	1569
711	AGT	55
711	ACT	22
711	GAC	17
711	GAT	15
711	AAY	7
711	ART	4
711	AGC	3
712	GAA	41167
712	GAG	545
712	GAR	2
713	CTG	39166
713	TTG	2038
713	CTA	445
713	TTA	21
713	YTG	16
713	ATG	15
713	CTT	6
713	CTR	3
713	MTG	2
714	AGT	23481
714	AGC	18165
714	AAC	17
714	GGT	16
714	GGC	15
714	AAT	6
714	ATC	3
714	AGY	3
714	AGA	2
714	TGC	2
715	AAC	23724
715	AAT	17864
715	AGT	96
715	CAT	13
715	AAG	4
715	ACT	4
715	AAY	3
715	ART	2
715	AAA	2
716	CTT	41397
716	CTC	296
716	TTT	9
716	CTY	6
716	CTA	5
717	GCA	35336
717	GCT	4566
717	GCG	1558
717	ACA	140
717	GCC	24
717	ACG	21
717	TCA	18
717	ACT	18
717	GTA	9
717	GTT	7
717	GCR	5
717	GYA	4
717	RCA	4
717	GTG	3
718	AAA	38192
718	AAG	3406
718	AGA	59
718	AGG	46
718	ARA	5
718	AAR	4
718	ARG	3
719	GGG	24783
719	GGA	16902
719	GGT	18
719	GGR	6
719	GGC	4
720	GAA	23805
720	GAG	17905
720	GAR	2
721	AAG	25982
721	AAA	15711
721	AAR	10
721	AGG	7
721	ARG	2
722	GCT	41532
722	GCC	120
722	ACT	22
722	GCA	17
722	TCT	9
722	GTT	5
722	KCT	3
722	GCG	2
722	RCT	2
723	AAT	41535
723	AAC	177
724	GTG	36467
724	GTT	4903
724	GTA	320
724	GTK	14
724	GTR	6
724	GCG	4
725	CTA	38795
725	TTG	1717
725	CTG	1041
725	TTA	102
725	CTT	36
725	CTC	10
725	YTA	4
725	CYA	3
725	CTR	2
726	ATT	37553
726	ATA	2782
726	ATC	1366
726	ATY	8
726	GTA	3
727	GGG	41037
727	GGA	655
727	GGC	11
727	GGT	9
727	GGR	2
728	CAA	27953
728	CAG	13751
728	CAR	10
729	GGA	27356
729	GGG	14345
729	GGT	8
729	GGR	3
729	GGC	2
730	GAC	40873
730	GAT	828
730	GAY	12
731	GTG	25871
731	ATA	13831
731	GTA	1540
731	GTT	254
731	GCG	161
731	GCA	22
731	ATG	10
731	ACA	7
731	GTK	5
731	RTA	4
731	GTR	3
731	ATT	2
732	GTG	41543
732	GTA	88
732	GTT	62
732	ATG	6
732	GTR	6
732	GTC	3
732	GYG	2
732	RTG	2
733	TTG	40873
733	TTA	729
733	CTG	109
734	GTA	41092
734	GTG	588
734	GTC	14
734	ATA	13
734	GTT	3
734	GTR	2
734	GCA	2
735	ATG	41706
735	CTG	2
735	ATR	2
735	TTG	2
736	AAA	41700
736	AGA	9
736	AGG	3
736	ARA	2
737	CGA	32444
737	CGG	9253
737	CGR	11
737	AGA	2
738	AAA	41641
738	AAG	65
738	AGA	4
738	AAR	3
739	CGG	41255
739	CGA	233
739	AGG	212
739	CGT	7
739	CGR	3
739	MGG	2
739	AGA	2
740	GAC	41522
740	AAC	112
740	GAA	50
740	GAT	16
740	RAC	11
741	TCT	41637
741	TCC	66
741	TCA	9
741	TCG	2
742	AGT	22340
742	AGC	19358
742	AGY	8
742	MGC	3
742	CGC	2
743	ATA	41708
743	GTA	2
743	RTA	2
744	CTT	41711
745	ACT	41661
745	ACC	50
746	GAC	41072
746	GAT	636
746	GAY	2
747	AGC	40912
747	AGT	790
747	AGY	5
747	AAC	2
748	CAG	41708
748	CAA	3
749	ACA	41708
750	GCG	41691
750	GCA	8
750	GCT	8
751	ACC	41707
752	AAA	41707
753	AGA	40048
753	AGG	1620
753	CGA	20
753	MGA	8
753	AGR	6
753	RGA	3
753	ASA	2
754	ATT	41675
754	ATC	12
754	CTT	8
754	GTT	6
754	TTT	6
755	CGG	40790
755	CGA	702
755	CGT	208
755	CGR	4
756	ATG	41659
756	GTG	17
756	TTG	16
756	ACG	4
757	GCC	41676
757	GTC	13
758	ATC	41520
758	ACC	128
758	ATT	35
758	AAC	2
758	AYC	2
759	AAT	41547
759	AAG	123
759	GAT	5
759	AAA	4
759	AAC	2
759	AAW	2
760	TAA	24092
760	TAG	17529
760	TGA	18
760	TAR	2

#NL219|NA
1	ATG	107
2	AAT	107
3	CCA	105
3	CCT	2
4	AAT	107
5	CAG	105
5	CAA	2
6	AAA	107
7	CTA	101
7	TTA	5
8	TTT	106
9	GCA	107
10	TTA	100
10	CTA	5
11	TCT	105
11	TCC	2
12	GGA	104
12	GGG	2
13	GTG	104
14	GCA	106
15	ATA	107
16	GCA	103
16	TCA	2
17	CTT	101
17	CTC	4
17	CTA	2
18	AGT	105
19	GTA	98
19	GTG	6
19	ATA	2
20	CTG	104
21	AAC	106
22	TTA	97
22	CTA	6
22	TTG	3
23	TTG	94
23	TTA	8
23	CTG	3
24	ATA	105
24	ATC	2
25	GGA	106
26	ATC	103
26	CTC	2
26	ATA	2
27	TCA	105
27	TCC	2
28	AAC	86
28	AAT	21
29	GTC	105
30	GGA	105
31	TTG	104
31	CTG	2
32	AAC	87
32	AAT	20
33	GTA	101
33	GTG	3
34	TCT	102
34	TCC	4
35	CTA	106
36	CAT	98
36	CAC	8
37	CTA	99
37	TTA	6
38	AAG	101
38	AAA	6
39	GAA	97
39	GGA	6
39	GGG	3
40	AAA	98
40	GAA	5
40	AAG	3
41	GGA	97
41	AAA	3
41	GGG	2
41	GAG	2
42	CCC	100
42	ACA	3
42	ACC	2
43	AAA	101
43	GAA	3
44	CAG	97
44	CAA	9
45	GAG	96
45	GAA	9
46	GAG	105
47	AAT	105
47	AAC	2
48	TTA	100
48	TCA	3
48	TTG	2
49	ACA	107
50	TGC	102
50	TGT	5
51	ACG	101
51	ACA	6
52	ACC	105
53	ATT	105
54	AAT	102
54	AAC	4
55	CAA	103
55	CAG	4
56	AAC	106
57	AAC	106
58	ACT	104
58	ACC	2
59	ACT	103
59	ACG	3
60	GTA	98
60	GTT	4
60	ATA	3
61	GTA	102
61	GTG	4
62	GAA	106
63	AAC	107
64	ACA	107
65	TAT	74
65	TAC	33
66	GTA	102
66	ATA	3
67	AAT	102
67	AAC	5
68	AAT	104
68	AAC	3
69	ACA	105
70	ACA	106
71	ATA	103
71	ATG	3
72	ATT	106
73	ACC	104
74	AAG	100
74	AAA	4
74	CAA	3
75	GGA	88
75	GAA	13
75	GAG	5
76	ACT	100
76	GCA	3
76	AAT	2
76	ACA	2
77	GAT	97
77	GAA	4
77	AGT	2
78	TTG	100
78	TGG	4
79	AAA	102
79	AAG	2
80	ACA	98
80	ACT	5
80	CCA	2
81	CCA	96
81	TCA	6
81	CCG	3
82	AGC	102
82	AAT	3
83	TAT	107
84	CTG	106
85	CTG	104
86	TTG	100
86	CTG	7
87	AAC	107
88	AAG	102
88	AAA	5
89	AGC	106
90	CTG	86
90	CTA	20
91	TGC	107
92	AAT	105
93	GTT	106
94	GAA	107
95	GGG	101
95	GGA	5
96	TGG	107
97	GTC	100
97	GTT	5
97	GTA	2
98	GTG	103
98	GTA	4
99	ATA	106
100	GCA	106
101	AAA	103
101	AAG	4
102	GAC	107
103	AAT	106
104	GCA	105
105	GTA	98
105	GTG	5
105	ATA	3
106	AGA	105
106	AGG	2
107	TTT	102
107	TTC	5
108	GGG	101
108	GGA	5
109	GAA	103
109	GAG	4
110	AGT	106
111	GAA	104
111	GAG	3
112	CAA	102
112	CAG	5
113	ATC	106
114	ATT	105
115	GTT	105
116	ACC	105
117	AGG	104
117	AGA	3
118	GAG	104
118	GAA	3
119	CCA	104
119	CCG	2
120	TAT	106
121	GTA	100
121	GTG	6
122	TCA	105
122	TCG	2
123	TGC	100
123	TGT	7
124	GAC	100
124	GAT	5
124	GGC	2
125	CCA	106
126	ACA	100
126	GCA	2
126	ATA	2
127	GGA	102
127	GGG	4
128	TGC	106
129	AAA	104
129	AAG	2
130	ATG	107
131	TAT	107
132	GCC	105
133	TTG	99
133	CTG	4
133	CTA	4
134	CAC	105
134	CAT	2
135	CAA	105
135	CAG	2
136	GGG	101
136	GGA	5
137	ACT	100
137	ACC	6
138	ACC	103
138	ACT	3
139	ATT	106
140	AGG	97
140	AGA	10
141	AAC	107
142	AAA	105
142	AAG	2
143	CAT	107
144	TCA	107
145	AAT	107
146	GGA	100
146	GGG	6
147	ACG	98
147	ACA	5
147	ACT	3
148	ATT	102
148	GTA	3
149	CAT	99
149	CAC	8
150	GAC	105
150	GAT	2
151	AGA	107
152	ACA	104
152	ACC	2
153	GCT	104
153	GCC	3
154	TTC	106
155	AGA	105
155	CGA	2
156	GGT	105
157	CTC	106
158	ATC	100
158	ATA	6
159	TCC	105
160	ACT	105
160	ACC	2
161	CCA	105
162	TTG	105
163	GGC	99
163	GGA	4
163	GGG	3
164	ACT	102
164	ACC	3
164	AGC	2
165	CCA	103
165	CCG	2
166	CCA	105
167	ACC	105
168	GTA	105
169	AGT	103
169	AGC	3
170	AAC	106
171	AGT	107
172	GAC	103
172	GAT	2
173	TTT	103
173	TTC	4
174	ATG	102
174	ATA	4
175	TGT	106
176	GTT	106
177	GGA	104
177	GGG	3
178	TGG	107
179	TCA	106
180	AGC	106
181	ACA	103
181	ACG	4
182	ACT	105
183	TGC	106
184	CAT	107
185	GAT	106
186	GGG	102
186	GGT	5
187	ATT	101
187	ATC	5
188	GCT	85
188	GGC	18
188	GGT	3
189	AGG	92
189	AGA	14
190	ATG	107
191	ACT	101
191	ACC	4
192	ATC	100
192	ATT	7
193	TGT	106
194	ATA	102
194	GTA	4
195	CAA	103
195	CAG	4
196	GGA	102
196	GGG	5
197	AAT	92
197	AAC	13
197	GAC	2
198	AAT	104
198	AAC	3
199	GAC	102
199	AAC	2
199	GAT	2
200	AAT	94
200	AAC	13
201	GCT	101
201	GCC	5
202	ACA	106
203	GCA	105
204	ACG	104
204	ACA	3
205	GTT	104
205	GTG	2
206	TAT	106
207	TAC	90
207	TAT	17
208	AAC	104
208	AAT	2
209	AGA	98
209	GGA	7
210	AGG	102
210	AGA	5
211	CTG	103
211	TTG	2
212	ACC	105
212	ACA	2
213	ACT	103
213	ACC	4
214	ACC	105
215	ATT	106
216	AAG	104
216	AAA	2
217	ACC	101
217	ACT	4
217	ACA	2
218	TGG	107
219	GCC	100
219	GCA	6
220	AGA	98
220	AAA	5
220	AGG	4
221	AAC	107
222	ATT	106
223	CTG	103
223	CTA	2
224	AGG	104
224	AGA	3
225	ACT	103
225	ACC	3
226	CAA	106
227	GAA	88
227	GAG	18
228	TCA	105
229	GAA	102
229	GAG	5
230	TGT	107
231	GTG	102
231	GTA	4
232	TGC	104
232	TGT	3
233	CAC	105
233	CAT	2
234	AAT	104
234	AAC	3
235	GGC	101
235	GGT	3
235	GGA	2
236	ACA	103
236	ACG	2
236	ACT	2
237	TGT	105
237	TGC	2
238	GCA	102
238	GCG	3
238	GTA	2
239	GTT	105
240	GTA	102
240	GTC	3
240	GTG	2
241	ATG	107
242	ACC	94
242	ACT	13
243	GAC	101
243	GAT	6
244	GGA	103
244	GGG	4
245	TCG	103
245	TCA	2
246	GCT	105
246	GCA	2
247	AGT	106
248	AGT	103
248	AAT	2
249	CAA	106
250	GCC	106
251	TAT	100
251	TAC	5
252	ACA	104
252	ACT	2
253	AAA	100
253	AAG	7
254	GTA	100
254	ATA	3
254	GTG	3
255	ATG	102
255	ATA	4
256	TAT	106
257	TTC	105
257	TTT	2
258	CAC	100
258	CAT	7
259	AAG	105
259	AAA	2
260	GGA	93
260	GGG	14
261	TTA	96
261	TTG	7
261	CTA	3
262	GTA	101
262	ATA	4
262	GTG	2
263	GTT	96
263	ATT	6
263	ATA	5
264	AAG	100
264	AAA	5
264	AAR	2
265	GAG	100
265	GAA	7
266	GAG	104
266	GAA	3
267	GAG	85
267	GCA	13
267	GCG	3
267	GAA	3
268	TTA	105
269	AGG	86
269	AAG	19
269	AAA	2
270	GGA	105
271	TCA	107
272	GCC	104
272	GCT	3
273	AGA	102
273	AAA	4
274	CAT	100
274	CAC	7
275	ATT	101
275	ATC	3
275	ATA	3
276	GAG	106
277	GAA	104
277	GAG	3
278	TGC	105
278	TGT	2
279	TCC	102
279	TCT	4
280	TGT	100
280	TGC	7
281	TAT	93
281	TAC	14
282	GGA	100
282	GGG	6
283	CAC	102
283	CAT	5
284	AAT	87
284	AGT	14
284	ATT	2
284	AAC	2
285	CAA	106
286	AAG	100
286	AAA	3
286	ACG	2
287	GTG	102
287	GTA	5
288	ACC	102
288	ACT	4
289	TGT	107
290	GTG	101
290	GTC	3
290	GTA	3
291	TGC	102
291	TGT	5
292	AGA	101
292	AGG	6
293	GAT	103
293	GAC	4
294	AAC	105
294	AAT	2
295	TGG	107
296	CAG	105
296	CAA	2
297	GGA	102
297	GGC	3
298	GCA	106
299	AAC	95
299	AAT	12
300	AGG	102
300	AGA	5
301	CCT	99
301	CCC	4
301	CCA	4
302	ATT	103
302	ATA	3
303	ATA	106
304	GAA	105
304	GAG	2
305	ATT	105
306	GAT	98
306	GAC	9
307	ATG	107
308	AGC	72
308	AAC	33
308	AAT	2
309	ACA	105
310	TTG	105
311	GAG	97
311	GAA	10
312	CAC	106
313	ACA	107
314	AGT	107
315	AGA	98
315	AGG	8
316	TAC	106
317	GTG	101
317	TTA	3
317	GTA	2
318	TGC	107
319	ACT	101
319	ACC	4
319	ACA	2
320	GGA	105
320	GGG	2
321	ATT	95
321	ATC	10
322	CTC	106
323	ACA	104
323	ACC	2
324	GAC	105
324	GAT	2
325	ACC	105
325	ACA	2
326	AGC	104
326	AGT	3
327	AGA	106
328	CCT	105
329	GGG	100
329	GGA	3
329	GGT	2
330	GAC	106
331	AAA	104
331	AGA	3
332	TCT	100
332	CTT	3
333	AGT	99
333	AAT	3
333	ATT	2
334	GGT	105
334	GGG	2
335	GAT	99
335	GAC	7
336	TGT	106
337	TCC	100
337	TCA	3
337	TCT	2
338	AAT	106
339	CCA	102
339	CCG	4
340	ATA	101
340	ATC	5
341	ACT	106
342	GGG	97
342	GGA	10
343	AGT	103
343	AGC	3
344	CCC	95
344	CCT	11
345	GGC	100
345	AGT	3
345	GGT	2
346	GTT	72
346	GCT	33
347	CCG	97
347	CCA	8
348	GGA	101
348	GGG	6
349	GTG	99
349	GTT	3
349	GTA	3
350	AAG	104
350	AAA	3
351	GGA	104
351	GGG	2
352	TTC	105
352	TTT	2
353	GGG	100
353	GGA	7
354	TTT	105
354	TTC	2
355	CTA	106
356	AAT	106
357	GGG	101
357	GGA	4
358	GAT	103
358	GAC	3
359	AAC	104
359	AAT	3
360	ACA	106
361	TGG	107
362	CTT	105
363	GGT	105
364	AGG	100
364	AGA	6
365	ACC	102
365	ACA	5
366	ATC	102
366	ATT	3
367	AGC	99
367	AGT	8
368	CCC	104
368	CCA	2
369	AGA	99
369	AGG	5
370	TCA	103
370	TCG	2
371	AGA	103
371	AGG	4
372	AGT	106
373	GGA	106
374	TTC	100
374	TTT	7
375	GAA	107
376	ATG	107
377	TTG	102
377	YTG	2
377	TTA	2
378	AAA	105
378	AAG	2
379	ATA	105
379	ATT	2
380	CCT	103
380	CCC	4
381	AAT	107
382	GCA	103
382	GCT	2
382	GCG	2
383	GGT	104
384	ACT	104
385	GAT	105
385	GAC	2
386	CCC	100
386	CCA	4
386	CCT	3
387	AAT	102
387	AAC	4
388	TCT	106
389	AGA	104
389	AGG	2
390	ATA	104
390	GTA	2
391	GCA	105
392	GAA	107
393	CGA	99
393	AGA	4
393	CGC	2
394	CAG	97
394	CAA	10
395	GAA	106
396	ATT	104
396	ATA	3
397	GTC	105
397	GTT	2
398	GAC	106
399	AAT	107
400	AAC	101
400	AAT	3
400	AGC	2
401	AAT	107
402	TGG	107
403	TCA	105
404	GGC	103
404	GGT	3
405	TAT	106
406	TCC	99
406	TCA	7
407	GGA	104
407	GGG	3
408	AGC	105
408	AGT	2
409	TTT	98
409	TTC	9
410	ATT	104
410	ATC	2
411	GAC	103
411	GAT	4
412	TAT	101
412	TAC	6
413	TGG	107
414	AAT	105
415	GAT	102
415	GAC	3
416	AAC	101
416	AAT	3
416	GAC	2
417	AGT	107
418	GAA	88
418	GAG	19
419	TGC	103
419	TGT	4
420	TAC	106
421	AAT	107
422	CCA	99
422	CCG	7
423	TGC	105
423	TGT	2
424	TTT	104
424	TTC	3
425	TAC	104
425	TAT	3
426	GTA	102
426	GTG	4
427	GAG	104
427	GAA	3
428	TTA	104
428	TTG	3
429	ATT	105
430	AGA	107
431	GGA	104
431	GGG	3
432	AGA	101
432	AGG	6
433	CCC	105
434	GAA	107
435	GAG	102
435	GAA	5
436	GCT	98
436	GCC	8
437	AAA	107
438	TAC	100
438	TAT	7
439	GTA	104
439	GTT	2
440	TGG	106
441	TGG	107
442	GCA	72
442	ACA	33
443	AGT	106
444	AAC	102
444	AAT	5
445	AGT	103
445	AGC	4
446	CTA	102
446	TTG	3
446	TTA	2
447	ATT	101
447	GTT	4
447	ATC	2
448	GCC	102
448	GCT	3
448	GCA	2
449	CTA	107
450	TGT	104
450	TGC	3
451	GGA	102
451	GGG	5
452	AGC	107
453	CCA	94
453	CCG	13
454	TTC	104
455	CCA	104
455	TCA	3
456	GTT	106
457	GGG	107
458	TCT	73
458	TCC	21
458	CCT	13
459	GGT	106
460	TCC	105
461	TTC	107
462	CCC	106
463	GAT	107
464	GGG	107
465	GCA	107
466	CAA	100
466	CAG	7
467	ATC	107
468	CAA	106
469	TAC	107
470	TTT	107
471	TCG	107
472	TAA	107

#PHUKET3073|BM2
1	ATG	14474
2	TTT	7164
2	CTC	7105
2	CTT	167
2	CTA	17
2	ATC	7
2	TTC	7
2	CCC	2
2	TAT	2
3	GAA	14402
3	GAG	50
3	GGA	19
3	GRA	2
4	CCA	14394
4	TCA	48
4	ACA	16
4	CCG	12
4	CAA	2
4	CCC	2
5	TTC	7272
5	TTT	7182
5	CTC	10
5	CTT	9
6	CAG	14460
6	CAA	12
6	CAT	2
7	ATT	14170
7	GTT	284
7	ATC	20
8	CTT	14457
8	CTC	14
8	TTT	2
8	ATT	2
9	ACA	6976
9	TCA	6489
9	TCG	970
9	GCA	20
9	TCT	5
9	RCA	4
9	ACG	4
9	TCC	4
9	ACC	2
10	ATT	14434
10	ATC	37
10	GTT	3
11	TGT	14459
11	TGC	14
11	TTT	2
12	TCT	14436
12	TCC	29
12	TCA	6
12	TGT	3
13	TTT	14341
13	TTC	134
14	ATT	7332
14	ATC	7028
14	GTT	97
14	GTC	11
14	ATA	5
15	TTA	10567
15	CTA	3584
15	TTG	322
15	TTR	2
16	TCA	14429
16	TCG	43
17	GCT	14306
17	GCC	149
17	ACT	9
17	GTT	5
17	RCT	2
17	TCT	2
18	CTC	14438
18	CTT	29
18	ATC	4
19	CAT	14429
19	CAC	45
20	TTC	14438
20	TTT	26
20	CTC	5
20	TTA	4
21	ATG	14411
21	ATA	25
21	GTG	24
21	ACG	11
21	AYG	2
22	GCT	14352
22	GCC	86
22	ACT	13
22	GCA	13
22	GTT	6
22	RCT	2
23	TGG	14475
24	ACA	14291
24	GCA	138
24	ATA	22
24	ACG	10
24	RCA	6
24	ACC	3
24	ACT	3
25	ATA	14374
25	ATG	45
25	ATT	40
25	GTA	13
25	ATR	2
26	GGA	7409
26	GGG	7011
26	AGG	22
26	AGA	11
26	GAA	11
26	GAG	9
26	GGT	2
27	CAT	14387
27	CGT	60
27	CAC	26
27	CAG	2
28	TTA	7273
28	TTG	7172
28	CTA	17
28	CTG	5
28	TTR	4
28	TTT	3
29	AAT	14413
29	AAC	33
29	AGT	19
29	AAA	6
30	CAA	14450
30	CAG	13
30	CGA	4
30	AAA	3
30	CAR	2
31	ATA	14463
31	ATG	6
31	GTA	3
32	AAA	14452
32	AGA	12
32	AAG	10
33	AGA	14379
33	GGA	70
33	AAA	15
33	AGG	7
33	RGA	2
34	GGA	13455
34	AGA	919
34	GAA	75
34	GGG	24
35	GTA	7340
35	ATA	7055
35	GTG	42
35	GCA	21
35	ATG	7
35	ATT	5
35	GYA	2
36	AAC	12489
36	AAT	1961
36	AGC	8
36	GAC	6
36	AGT	4
36	AAY	3
37	ATG	14458
37	CTG	15
37	ACG	2
38	AAA	14376
38	AAG	37
38	AAC	35
38	AGA	26
39	ATA	14473
40	AGA	7240
40	CGA	7050
40	AGG	105
40	CGG	69
40	AAA	7
40	AGR	2
41	ATA	14464
41	GTA	8
41	ATG	3
42	AAG	7373
42	AAA	7081
42	AGA	16
42	AAR	2
42	AGG	2
43	GGG	7197
43	GGT	6964
43	AGG	188
43	AGT	69
43	GGC	22
43	AAT	15
43	GGA	13
43	GAG	4
44	CCA	14328
44	CCC	142
44	CCG	2
44	CTA	2
45	AAT	7405
45	AAC	7061
45	GAT	4
46	AAA	14400
46	AAG	59
46	AGA	11
46	GAA	3
47	GAG	14391
47	GAT	56
47	GAA	21
47	GAR	3
47	AAG	3
48	ACA	14268
48	AAA	115
48	ACG	62
48	GCA	20
48	AMA	4
48	ACC	2
48	RCA	2
49	ATA	14469
49	ATG	3
49	TTA	2
50	AAC	13078
50	ACC	1338
50	AAT	34
50	GAC	15
50	ACT	5
50	AYC	2
51	AGA	14454
51	AGG	21
52	GAG	14128
52	GAA	344
52	GAR	3
53	GTA	14407
53	GTG	46
53	ATA	12
53	GTT	7
54	TCA	14455
54	TCG	20
55	ATT	14423
55	ATC	36
55	ATA	11
55	TTT	3
55	GTT	2
56	TTG	14333
56	TTA	124
56	CTG	13
56	TTR	3
56	YTG	2
57	AGA	14266
57	AGG	209
58	CAC	14422
58	CAT	37
58	CGC	10
58	CAG	2
59	AGT	14356
59	AAT	95
59	AGC	17
59	TGT	4
59	WGT	2
60	TAC	14090
60	TAT	382
60	TAY	3
61	CAA	14429
61	CAG	46
62	AAA	14444
62	AAG	22
62	AGA	6
63	GAA	14398
63	GAG	76
64	ATT	7378
64	ATC	7076
64	GTT	14
64	GTC	2
64	RTC	2
64	ACT	2
65	CAG	14363
65	CAA	102
65	CGG	4
65	CAR	2
65	CTG	2
66	GCT	7273
66	GCC	7180
66	GCG	11
66	GCA	4
66	ACC	2
67	AAA	9511
67	AAG	4951
67	CAA	4
67	AGG	2
67	AGA	2
68	GAA	14405
68	AAA	46
68	GAG	19
68	RAA	4
69	GCA	7363
69	ACA	7063
69	ATA	17
69	GTA	16
69	GCG	8
69	GCT	3
69	ACG	2
70	ATG	14433
70	ATA	41
71	AAG	14385
71	AAA	73
71	AGG	8
71	GAG	4
71	AAT	2
72	GAA	14372
72	GAG	75
72	AAA	14
72	GGA	13
73	GTA	7487
73	GTG	6962
73	GCA	8
73	ATA	5
73	GTR	5
73	GYA	2
73	GTC	2
74	CTC	14118
74	CTA	208
74	CTT	141
74	ATC	7
75	TCT	14439
75	TCC	28
75	TAT	4
75	TCG	2
76	GAC	13584
76	GGC	407
76	AAC	400
76	GAT	57
76	GAA	17
76	AAA	6
76	CAC	2
77	AAC	14411
77	AAT	32
77	AAA	27
77	AGC	4
78	ATG	14421
78	TTG	29
78	ATA	15
78	ATT	3
78	AGG	3
78	CTG	2
78	ATR	2
79	GAA	8120
79	GAG	6250
79	AAG	49
79	AAA	22
79	GGG	17
79	GGA	11
79	GAC	3
80	GTA	14305
80	ATA	93
80	GTG	38
80	GCA	12
80	GTT	10
80	GTC	8
80	RTA	4
80	GTR	3
81	TTG	14337
81	TTA	84
81	CTG	52
81	TTR	2
82	AGT	7421
82	AAT	7022
82	GGT	16
82	AAC	4
82	AGC	4
82	TGT	3
82	ACT	3
83	GAC	14426
83	GAT	36
83	AAC	10
83	GGC	2
84	CAC	14409
84	CAT	46
84	TAC	18
85	ATA	14447
85	ATG	12
85	GTA	8
85	ATC	5
85	ATR	3
86	GTA	7310
86	ATA	7086
86	GTG	61
86	ATG	7
86	RTA	5
86	GTT	2
86	GTR	2
87	ATT	14447
87	GTT	12
87	ATC	6
87	ATA	5
87	ACT	3
88	GAG	14246
88	GAA	215
88	GAT	9
88	GAK	2
89	GGG	14137
89	GGA	326
89	GGT	7
89	GGR	4
90	CTT	14464
90	CTC	10
91	TCT	12822
91	TCC	1646
91	TCA	4
92	GCC	7292
92	GCT	7072
92	GCA	84
92	ACC	10
92	GTC	5
92	GTT	4
92	GYC	2
92	ACT	2
92	GCY	2
93	GAA	14443
93	GAG	26
93	GGA	2
93	GAC	2
94	GAG	14456
94	GAA	19
95	ATA	14463
95	GTA	10
96	ATA	14424
96	ATG	40
96	GTA	4
96	ATT	3
96	ATC	2
97	AAA	14362
97	ACA	31
97	AGA	29
97	AAG	24
97	GAA	21
97	AGG	4
97	CAA	2
98	ATG	14472
98	ATA	3
99	GGT	14398
99	GGC	35
99	GGA	30
99	AGT	10
100	GAA	14413
100	GAG	35
100	AAA	16
100	GGA	9
101	ACA	14435
101	GCA	17
101	ACT	17
101	ACG	4
101	ACC	2
102	GTT	14231
102	ATT	201
102	GTC	43
103	TTG	14371
103	TTA	91
103	CTG	9
103	TTR	2
104	GAG	14133
104	GAA	319
104	AAG	14
104	GGG	3
104	AAT	2
104	GAT	2
105	GTA	7460
105	ATA	6975
105	GTG	30
105	ATG	8
106	GAA	14322
106	GAG	51
106	GGA	51
106	AAA	44
106	GAC	4
107	GAA	14224
107	GAG	122
107	AAA	85
107	GGA	25
107	GAC	12
107	RAA	3
107	GAT	2
108	TCG	7029
108	TTG	6909
108	TTA	256
108	TCA	222
108	CTG	15
108	TAG	14
108	TCT	8
108	ATG	7
108	CCG	3
108	YCG	3
108	TTR	3
108	ACG	2
108	TCR	2
109	CAT	14110
109	AAT	285
109	CAC	21
109	CAG	16
109	CGT	13
109	TAT	10
109	CAY	3
110	TAA	14296
110	TGA	145
110	TAG	16

#PHUKET3073|HA
1	GAT	9104
1	GAC	3568
2	CGA	12608
2	AGA	46
2	CGG	15
2	CGT	3
3	ATC	12647
3	ATT	11
3	ATA	8
3	GTC	7
4	TGC	12657
4	TGT	15
5	ACT	12630
5	ACC	27
5	ACA	13
5	ACY	2
6	GGG	12264
6	GGA	204
6	GGT	203
6	GGC	2
7	ATA	12669
7	GTA	4
8	ACA	12654
8	ACG	15
8	ACT	3
9	TCT	9028
9	TCG	3572
9	TCC	47
9	TCA	24
10	TCA	12656
10	TCG	11
10	GCA	4
11	AAC	12538
11	AAT	103
11	AAA	15
11	AGC	14
11	GAC	2
12	TCA	12653
12	TCG	12
12	TCC	6
13	CCT	9075
13	CCA	3525
13	CCC	67
13	MCT	3
14	CAT	12580
14	CAC	89
14	TAT	4
15	GTG	8998
15	GTC	3517
15	GTA	136
15	GTT	11
15	TTG	3
15	GTR	3
15	GCC	2
15	ATG	2
16	GTC	12578
16	GTA	73
16	ATC	11
16	GTT	11
17	AAA	12659
17	AAG	11
18	ACA	9126
18	ACT	3530
18	ACG	16
19	GCT	12388
19	GCC	274
19	GTT	9
20	ACT	12507
20	ACA	95
20	ACC	69
20	ACG	2
21	CAA	12666
21	CAG	7
22	GGG	12355
22	GGA	317
23	GAG	12477
23	GAA	184
23	GAT	10
23	GAR	2
24	GTC	12621
24	GTT	33
24	ATC	8
24	GTA	5
24	RTC	5
25	AAT	10673
25	AAC	1999
26	GTG	12585
26	GTA	82
26	GTT	3
26	GTR	2
27	ACT	9040
27	ACC	3611
27	ACA	11
27	ACG	7
28	GGC	8118
28	GGT	4534
28	GGA	18
29	GTG	8902
29	GTA	3651
29	GCG	100
29	GCA	9
29	GTR	5
29	GTT	4
30	ATA	12671
31	CCA	12641
31	CAA	12
31	CCG	10
31	TCA	5
32	CTG	11576
32	CTA	673
32	CTT	266
32	TTG	153
32	YTG	2
33	ACA	12656
33	ACG	11
33	AMA	2
33	TCA	2
33	ACT	2
34	ACA	12613
34	ATA	27
34	GCA	25
34	ACG	6
35	ACA	12623
35	ACG	26
35	GCA	15
35	ACT	4
35	ATA	2
35	ACC	2
36	CCA	9120
36	CCC	3521
36	CCT	18
36	CCG	11
37	ACA	9051
37	ACC	3508
37	GCA	43
37	ACG	39
37	ATC	14
37	ACT	9
37	ATA	3
37	GCC	3
38	AAA	12595
38	AAG	59
38	AGA	18
39	TCT	12648
39	TCC	23
40	TAT	8964
40	CAT	3619
40	TAC	86
40	CAC	3
41	TTT	12672
42	GCA	12661
42	GCG	5
42	GCT	3
42	RCA	2
42	TCA	2
43	AAT	12401
43	AAC	256
43	CAT	8
43	AGT	6
43	ACT	2
44	CTC	12656
44	CTT	13
44	CTA	2
45	AAA	12634
45	AAG	21
45	AGA	18
46	GGA	12645
46	GGG	27
47	ACA	12657
47	ATA	7
47	GCA	4
47	ACG	3
48	AGG	8348
48	GAA	3516
48	AAG	720
48	AGA	64
48	CAG	10
48	GAG	4
48	AAA	4
48	AGT	3
49	ACC	12632
49	ACA	26
49	ACT	15
50	AGA	9147
50	AGG	3525
51	GGG	12613
51	GGA	55
51	GGT	4
52	AAA	12635
52	AAC	22
52	AAG	10
52	AGA	5
53	CTA	12581
53	TTA	54
53	CTG	37
54	TGC	12577
54	TGT	95
55	CCG	8249
55	CCA	4404
55	CCT	18
56	GAC	9019
56	AAA	3516
56	ACC	63
56	GAT	33
56	AAC	15
56	GAA	8
56	AAG	4
56	GGC	4
56	AGA	3
56	GCT	3
57	TGT	8966
57	TGC	3707
58	CTC	12551
58	CTT	53
58	TTC	28
58	ATC	17
58	CTA	15
58	CAC	5
58	YTC	2
59	AAC	12116
59	AAT	555
59	AAY	2
60	TGT	8940
60	TGC	3731
60	TGY	2
61	ACA	12654
61	ACC	10
61	ACG	7
61	ACT	2
62	GAT	12656
62	GAC	17
63	CTG	12549
63	CTA	58
63	TTG	56
63	CTT	8
64	GAT	12649
64	GAC	23
65	GTG	8964
65	GTA	3699
65	GTT	9
66	GCC	12454
66	GCT	174
66	GCA	40
66	GCY	2
66	ACC	2
67	TTG	12485
67	CTG	128
67	TTA	56
67	TTR	2
68	GGC	12580
68	GGT	83
68	GGA	5
68	AGC	5
69	AGG	8843
69	AGA	3764
69	CGA	29
69	ATG	14
69	AGT	14
69	AAG	3
69	GGG	3
69	AGR	2
70	CCA	12666
70	CCG	5
71	ATG	9044
71	AAA	3524
71	ACG	96
71	AAG	8
72	TGT	9160
72	TGC	3512
73	GTG	9036
73	ACA	3515
73	ATG	49
73	GTA	33
73	TTG	17
73	GTT	8
73	ATA	5
73	GCA	3
73	GAG	3
73	ACG	3
74	GGG	11977
74	GGA	676
74	GAG	13
74	GGT	4
74	GGR	3
75	ACC	8404
75	AAA	3516
75	ACT	499
75	AAC	148
75	ATC	76
75	GCC	12
75	GAA	6
75	CCC	3
75	GTC	2
75	ACA	2
75	AAT	2
76	ACA	9101
76	ATA	3549
76	ACG	14
76	ACC	5
76	ACM	2
77	CCT	9083
77	CCC	3583
77	CCG	4
78	TCT	12373
78	TCG	214
78	TCA	40
78	CCT	23
78	TCC	21
79	GCT	8213
79	GCA	3647
79	GCG	748
79	GCC	64
80	AAA	9101
80	AGG	3510
80	AAG	41
80	GAA	8
80	AGA	6
80	ACA	3
80	ATG	3
81	GCT	9047
81	GTT	3528
81	GCC	91
81	GTC	2
82	TCA	12519
82	TCG	152
83	ATA	12666
83	ATC	4
83	GTA	2
84	CTC	12094
84	CTT	495
84	CTA	81
84	ATC	2
85	CAT	11270
85	CAC	1389
85	TAT	9
85	TAC	4
86	GAG	7815
86	GAA	4858
87	GTC	12490
87	GCC	64
87	ATC	58
87	GTA	49
87	GTT	9
87	RTC	2
88	AGA	12605
88	AAA	47
88	AGG	16
88	ARA	4
89	CCT	12665
89	CCC	8
90	GTT	12228
90	GTC	382
90	ATT	28
90	GCT	26
90	GTA	3
90	GTG	2
91	ACA	12641
91	ACG	27
91	ACT	3
91	ACC	2
92	TCC	9016
92	TCT	3591
92	TCA	56
92	TCG	8
92	TCY	2
93	GGG	12452
93	GGA	210
93	GGT	11
94	TGC	12547
94	TGT	125
95	TTT	11790
95	TTC	881
96	CCT	12620
96	CCC	51
97	ATA	12671
98	ATG	12671
98	ATA	2
99	CAC	12453
99	CAT	219
100	GAC	9135
100	GAT	3535
100	AAC	2
101	AGA	12638
101	AGG	22
101	CGA	10
102	ACA	12657
102	ACG	12
102	ACT	4
103	AAA	12636
103	AAG	37
104	ATC	9128
104	ATT	3536
104	ATA	8
105	AGA	8282
105	AGG	4386
105	AGR	4
106	CAA	9059
106	CAG	3613
107	CTA	9104
107	CTG	3553
107	TTA	13
107	TTG	3
108	CCC	8562
108	CCT	3529
108	GCC	571
108	GCT	5
108	TCT	2
108	CCA	2
109	AAT	9148
109	AAC	3521
109	AAY	4
110	CTT	12648
110	CTC	16
110	TTT	8
111	CTC	12647
111	CTT	18
111	CTA	8
112	AGA	9134
112	CGA	3519
112	AGG	12
112	CGG	4
112	AAA	2
113	GGA	12623
113	GGG	45
113	GGT	3
114	TAT	9087
114	TAC	3585
115	GAA	12654
115	GAG	19
116	AAG	7621
116	CAT	3479
116	AAT	1286
116	AGG	134
116	AAA	132
116	CAC	16
116	AAR	2
117	ATC	9135
117	GTC	3514
117	ATT	11
117	ATA	10
118	AGG	12460
118	AGA	188
118	AAG	13
118	AGR	6
118	ARG	3
118	GGG	2
119	TTA	12487
119	CTA	114
119	TTG	72
120	TCA	12611
120	ACA	53
120	TTA	7
121	ACC	8976
121	ACT	3610
121	TCC	34
121	GCC	17
121	ATC	16
121	AAT	5
121	AAC	4
121	ATT	3
121	ACY	2
121	GCT	2
122	CAA	8835
122	CAC	3488
122	CAG	153
122	AAA	118
122	CAT	31
122	AAG	30
122	CGT	8
122	CGA	5
122	AAC	3
123	AAC	12536
123	AAT	91
123	ACC	15
123	AGC	11
123	AAA	9
123	GAC	5
123	ATC	2
124	GTT	12461
124	GTC	186
124	GCT	19
124	GTA	2
124	GYT	2
124	GCC	2
125	ATC	12536
125	ATT	111
125	GTC	22
125	ATA	3
126	GAT	9030
126	AAT	3538
126	AAC	59
126	GAC	19
126	AAA	9
126	AGT	7
126	AAG	4
126	RAT	2
126	GAY	2
126	GAA	2
127	GCA	12507
127	GCG	101
127	ACA	48
127	ATA	7
127	GTA	4
127	GCT	3
128	GAA	11979
128	AAA	677
128	GAG	12
128	RAA	3
129	AAA	8621
129	GAT	2109
129	GGT	1338
129	AAG	483
129	AAT	75
129	GAC	26
129	ACG	9
129	TAT	2
129	AGT	2
129	AGA	2
129	GAW	2
129	GAG	2
130	GCA	12664
130	GCG	6
131	CCA	12496
131	CCT	135
131	CCG	30
131	CTA	6
131	TCA	5
132	GGA	12623
132	GGG	50
133	GGA	10784
133	AGA	1809
133	AGG	38
133	GGG	26
133	AAA	8
133	GGC	7
134	CCC	12616
134	CCT	24
134	CCA	12
134	CCG	9
134	CTC	9
135	TAC	12641
135	TAT	30
136	AGA	9068
136	GAA	2063
136	AAA	1445
136	AGG	61
136	GAG	11
136	RAA	6
136	ATA	6
136	AAG	5
136	ACA	4
136	GAC	2
137	CTT	9130
137	ATT	3525
137	GTT	11
137	CTC	3
138	GGA	12591
138	GGG	80
138	GGR	2
139	ACC	12555
139	ACT	104
139	ACA	5
139	AAC	5
140	TCA	12645
140	TCG	24
140	TCT	2
141	GGA	9003
141	GGG	3580
141	AGA	76
141	RGA	8
141	AGG	2
142	TCT	12637
142	TCC	35
143	TGC	12659
143	TGT	14
144	CCT	12486
144	CCC	176
144	CTT	4
144	CCA	2
144	CTC	2
144	TCT	2
145	AAC	12294
145	AAT	370
145	AAY	3
145	ACC	3
146	GCT	9060
146	ATT	3519
146	ACT	50
146	GCC	12
146	TCT	12
146	GTT	10
146	GAT	4
146	GYT	2
147	ACC	12554
147	ACT	105
147	ACA	7
147	ACY	3
147	GCC	2
148	AGT	9078
148	AAT	3517
148	AGC	53
148	AAC	14
148	GGT	4
148	AAA	3
148	AGY	2
149	AAA	8963
149	GGA	3503
149	AAG	160
149	GGG	28
149	AGA	14
149	GAA	4
150	ATT	4736
150	AAC	3439
150	ATC	3426
150	AGC	817
150	AAA	77
150	GTC	62
150	GTT	48
150	AGT	18
150	AAT	16
150	AAM	10
150	ATA	9
150	ACT	6
150	TTC	2
150	ATG	2
150	CAC	2
151	GGA	12626
151	GGG	25
151	GGT	19
152	TTT	9053
152	TTC	3620
153	TTT	7737
153	TTC	4936
154	GCA	12580
154	GAA	22
154	ACA	20
154	TCA	19
154	GCT	11
154	GTA	5
154	KCA	4
154	GCG	4
154	RCA	3
154	GCC	2
154	GYA	2
155	ACA	12635
155	GCA	17
155	ACG	16
155	ACT	4
156	ATG	12671
157	GCT	12661
157	GCC	11
158	TGG	12673
159	GCT	9158
159	GCC	3502
159	ACT	8
159	GCG	2
160	GTC	7838
160	GTT	4830
160	GTA	2
160	GTG	2
161	CCA	11044
161	CCG	1619
161	CCT	6
161	CCR	3
162	AAG	9062
162	AGG	67
162	AAA	16
163	GAC	10457
163	GAT	26
163	AAC	23
163	GGC	10
163	GAA	9
163	GTC	2
164	AAC	9056
164	AAA	3546
164	AAT	53
164	AGC	8
164	AAG	2
164	ACA	2
165	TAC	7839
165	AAC	4350
165	TAT	473
165	CAC	8
166	AAA	12672
167	AAT	9040
167	ACA	3595
167	AAC	33
167	ACG	2
168	GCA	12659
168	ACA	11
168	GCG	2
169	ACG	9075
169	ACA	3588
169	ATA	3
169	ACR	3
169	ATG	2
169	ACT	2
170	AAC	9022
170	AAT	3635
170	GAT	9
170	GAC	2
171	CCA	12638
171	CCC	9
171	TCA	8
171	CTA	6
171	CAA	6
171	CCG	4
171	CYA	2
172	CAA	7546
172	TTA	3943
172	CTA	1084
172	TTG	51
172	CAG	38
172	CTG	6
172	ATA	2
173	ACA	12657
173	ACT	14
173	ACG	2
174	GTG	7780
174	ATA	3531
174	GTA	1342
174	TTG	15
174	GTT	3
175	GAA	12574
175	GAG	96
175	GRA	2
176	GTA	12187
176	ATA	295
176	GTG	189
177	CCA	12658
177	CCG	14
178	TAC	12558
178	CAC	72
178	TAT	34
178	AAC	4
178	TAY	3
178	YAC	2
179	ATT	9423
179	ATC	1788
179	GTT	1347
179	ACT	58
179	GTC	51
179	GTG	5
180	TGT	12633
180	TGC	38
180	TGY	2
181	ACA	11971
181	GCA	568
181	AAA	99
181	ACG	17
181	ATA	8
181	GTA	4
181	ACT	2
182	GAA	12532
182	AAA	106
182	GGA	19
182	GAG	9
182	RAA	3
183	GGG	8683
183	GGA	3804
183	GAA	134
183	GAG	35
183	AGA	7
183	AGG	6
183	GGT	2
184	GAA	12662
184	GAG	10
185	GAC	12644
185	GAT	28
186	CAA	12521
186	CAG	152
187	ATT	12474
187	ATC	196
187	ATA	2
188	ACT	9092
188	ACC	3491
188	ACA	59
188	GCT	28
189	GTT	12623
189	ATT	31
189	GTC	17
189	RTT	2
190	TGG	12673
191	GGG	12511
191	GGT	81
191	GGA	80
192	TTC	9019
192	TTT	3653
193	CAT	9833
193	CAC	2837
193	CAY	2
194	TCG	7700
194	TCT	3592
194	TCA	1370
194	TCC	10
195	GAT	9103
195	GAC	3570
196	AAC	11799
196	AAT	528
196	GAC	173
196	ARC	37
196	AGC	28
196	RAC	27
196	AAA	22
196	AAM	16
196	ACC	9
196	AMC	8
196	AWC	7
196	ATC	6
196	RRC	4
196	TAC	3
196	RAM	2
196	CAC	2
197	AAA	9127
197	GAG	3465
197	AAG	47
197	GAA	13
197	GGG	12
197	AGA	5
197	ACA	2
198	ACC	12329
198	ATC	74
198	AYC	60
198	RCC	39
198	GCC	39
198	ACT	38
198	AAC	35
198	AMC	17
198	CCC	14
198	MCC	12
198	RYC	8
198	ACA	3
199	CAA	12574
199	CAG	79
199	CMA	8
199	CCA	5
199	CGA	3
199	AAA	2
200	ATG	12670
200	ACG	3
201	AAG	9021
201	GCA	3406
201	AAA	117
201	ACA	40
201	GCG	39
201	ATA	29
201	GTA	12
201	GCC	3
201	AGG	2
201	GGA	2
202	AGC	7853
202	AAG	3511
202	AAC	1245
202	AGT	21
202	AAA	13
202	ACC	8
202	ATA	5
202	AGG	4
202	AGM	3
202	AAT	3
202	ATC	3
202	AGA	3
203	CTC	12613
203	CTA	42
203	CTT	14
203	CTY	2
204	TAT	12656
204	TAC	17
205	GGA	9123
205	GGG	3548
205	GGT	2
206	GAC	12606
206	GAT	64
206	GAY	3
207	TCA	12649
207	TCG	12
207	CCA	8
207	ACA	3
208	AAT	9072
208	AAG	3466
208	AAC	99
208	GAT	20
208	AAA	7
208	AGT	4
208	ACT	3
209	CCT	9080
209	CCC	3588
209	CCA	3
209	CCG	2
210	CAA	9142
210	CAG	3530
211	AAG	11819
211	AGG	554
211	AAA	290
211	GAG	3
211	AAR	3
211	AGA	2
212	TTC	12653
212	TTT	19
213	ACC	12532
213	ACT	109
213	ACA	30
214	TCA	12344
214	TCG	190
214	TCT	132
214	TCC	4
214	TCR	3
215	TCT	12627
215	TCC	28
215	TAT	5
215	TCG	4
215	TTT	4
215	TCA	3
215	TTC	2
216	GCT	7351
216	GCC	5281
216	TCC	21
216	GTT	7
216	TCT	4
216	GCG	3
216	RCC	2
217	AAT	9101
217	AAC	3522
217	GAT	35
217	AGT	9
217	GAC	2
217	ART	2
217	AAY	2
218	GGA	12578
218	GGG	78
218	GGT	16
219	GTG	8276
219	GTA	4235
219	ATA	127
219	ATG	15
219	GCG	11
219	GTC	3
219	GCA	2
220	ACC	12601
220	ACA	51
220	ACT	11
220	GCC	6
220	ATC	3
221	ACA	12532
221	ACT	82
221	ACG	42
221	GCA	10
221	ATA	5
222	CAT	12550
222	CAC	116
222	AAT	6
223	TAT	9156
223	TAC	3507
223	CAC	5
223	CAT	2
223	TAY	2
224	GTT	12622
224	GTC	42
224	ATT	6
224	RTT	3
225	TCT	9146
225	TCA	3522
225	TCC	3
226	CAG	12609
226	CAA	63
227	ATT	12657
227	ATC	13
227	GTT	2
228	GGC	9010
228	GGT	3607
228	GGG	22
228	GGA	20
228	AGC	8
228	GAT	2
228	GAC	2
229	GAC	7785
229	GGC	4223
229	AAC	514
229	AGC	113
229	GGT	25
229	GAT	10
230	TTC	12637
230	TTT	35
231	CCA	12252
231	CCG	409
231	CCC	6
231	CCT	5
232	GAT	8459
232	AAT	3951
232	GAC	111
232	GCT	44
232	AGT	35
232	AAA	26
232	AAC	25
232	GAA	7
232	GGT	5
232	GTT	3
232	ACT	2
232	AAG	2
233	CAA	12667
233	CAG	6
234	ACA	12351
234	AAA	249
234	AGA	43
234	GCA	9
234	ACG	8
234	ATA	8
234	AAG	2
235	GAA	12638
235	GAG	33
235	GAR	2
236	GAC	12642
236	GAT	29
236	GAY	2
237	GGA	12443
237	GGG	209
237	GAA	10
237	GGT	4
237	RGA	3
238	GGA	11663
238	GGG	1004
238	AGA	2
238	RGA	2
239	CTA	12607
239	CTG	30
239	TTA	29
239	YTA	4
240	CCA	12628
240	CCC	12
240	CCG	11
240	CAA	9
240	AAA	7
240	TCA	2
241	CAA	12667
241	CAG	5
242	AGC	9023
242	AGT	3650
243	GGC	12305
243	GGT	360
243	GGA	8
244	AGA	12559
244	AGG	112
245	ATT	12654
245	CTT	7
245	ATC	6
245	GTT	4
246	GTT	11760
246	GTC	575
246	GTA	331
246	ATT	5
246	RTT	2
247	GTT	12661
247	GTC	5
247	GTG	4
247	ATT	2
248	GAT	12665
248	GAC	8
249	TAC	12665
249	TAT	8
250	ATG	12658
250	ATA	13
251	GTG	10345
251	ATG	2150
251	ATT	79
251	GTA	49
251	ATA	38
251	AAG	6
251	TTG	3
251	GTT	2
252	CAA	10829
252	CAG	1828
252	CAT	15
253	AAA	12615
253	AGA	19
253	AAG	16
253	AAC	11
253	AGC	11
254	CCT	9111
254	TCT	3531
254	CCC	11
254	ACT	6
254	CCA	4
254	TCG	2
254	CAT	2
254	TTT	2
255	GGG	8929
255	GGA	3540
255	GGT	83
255	GAG	52
255	AGG	37
255	AGA	14
255	GAA	12
255	RGG	2
255	GRG	2
256	AAA	12620
256	AGA	37
256	AAG	16
257	ACA	12652
257	CCA	9
257	GCA	6
257	ACG	2
257	ACT	2
258	GGA	12631
258	GGG	41
259	ACA	12662
259	ATA	4
259	ACG	3
259	GCA	3
260	ATT	12651
260	ATC	15
260	CTT	3
260	ATY	2
261	GTC	9128
261	ACC	3520
261	GTT	7
261	GCC	6
261	ATC	4
261	ACT	3
261	GTY	3
261	GTA	2
262	TAT	12511
262	TAC	161
263	CAA	12637
263	CAG	36
264	AGG	7125
264	AGA	5540
264	CGA	7
265	GGT	12527
265	GGC	97
265	GGG	48
266	GTT	9044
266	ATT	3609
266	GTC	12
266	ATC	5
267	TTG	8916
267	TTA	3667
267	CTG	79
267	CTA	10
268	TTG	12516
268	TTA	78
268	CTG	40
268	TTT	36
268	CTA	2
269	CCT	12653
269	CCC	16
269	CCA	4
270	CAA	12646
270	CAG	26
271	AAG	12555
271	AAA	80
271	AGG	36
272	GTG	12587
272	GTA	64
272	GTT	20
272	GTR	2
273	TGG	12673
274	TGC	12604
274	TGT	64
274	TGY	4
275	GCG	8898
275	GCA	3716
275	GTG	20
275	GCT	16
275	ACA	9
275	GTA	5
275	ACG	4
275	RCA	2
275	GCR	2
276	AGT	12583
276	AGC	62
276	AAT	15
276	AGG	10
276	GGT	2
277	GGC	12622
277	GGT	47
277	GGY	2
278	AGG	11094
278	CGG	1395
278	AAG	93
278	AGA	75
278	CGA	13
279	AGC	12653
279	AGT	18
279	AGY	2
280	AAA	9252
280	AAG	3409
280	AGG	7
280	AAT	3
281	GTA	12564
281	GTG	106
282	ATA	12670
283	AAA	12573
283	AAG	97
283	AGA	3
284	GGG	9100
284	GGA	3567
284	GGT	3
284	GGR	2
285	TCA	8268
285	TCC	4348
285	GCA	25
285	TCT	9
285	TTC	8
285	GCC	5
285	ACA	5
285	TCG	3
286	TTG	12568
286	TTA	94
286	CTG	10
287	CCT	10594
287	CCC	2078
288	TTA	12645
288	TTG	23
288	CTA	4
289	ATT	12654
289	ATC	10
289	GTT	7
290	GGT	9129
290	GGA	3521
290	GGC	20
290	GGG	2
291	GAA	12658
291	GAG	15
292	GCA	12640
292	GCC	11
292	GCT	11
292	GCG	10
293	GAT	12656
293	GAC	16
294	TGC	12629
294	TGT	44
295	CTT	9119
295	CTC	3552
296	CAT	12583
296	CAC	90
297	GAA	12571
297	GAG	102
298	GAA	7792
298	AAA	4837
298	GAG	31
298	AAG	10
298	AGA	2
299	TAC	11166
299	TAT	1507
300	GGT	12664
300	GGC	8
301	GGA	12625
301	GGG	43
301	GGT	2
301	GCA	2
302	TTA	11873
302	TTG	719
302	CTA	74
302	ATA	3
302	TTT	2
303	AAC	12631
303	AAT	42
304	AAA	12657
304	AAG	16
305	AGC	12583
305	AGT	85
305	ACC	4
306	AAG	12626
306	AAA	39
306	AGG	7
307	CCT	12572
307	CCC	101
308	TAC	12646
308	TAT	27
309	TAC	12656
309	TAT	15
309	TAY	2
310	ACA	12645
310	ACG	22
310	ACT	3
310	ACC	2
311	GGA	9115
311	GGG	3553
311	GGT	3
311	GGR	2
312	AAA	7813
312	GAA	4835
312	GAG	12
312	AAG	8
312	AGA	3
313	CAT	12663
313	CAC	5
313	AAT	3
314	GCA	12652
314	GCG	19
315	AAA	9152
315	AAG	3521
316	GCC	12531
316	GCT	130
316	GCA	7
316	ACC	3
317	ATA	12659
317	ATC	6
317	GTA	4
317	ATT	3
318	GGA	12586
318	GGG	73
318	GGC	8
318	GGT	3
318	GGR	2
319	AAT	12512
319	AAC	149
319	GAT	9
319	AGT	2
320	TGC	12653
320	TGT	17
320	TGY	2
321	CCA	12649
321	CCG	23
322	ATA	12664
322	ACA	3
322	ATC	2
323	TGG	12672
324	GTA	8282
324	GTG	4388
325	AAA	12638
325	AAG	20
325	AGA	12
326	ACA	12653
326	ACG	8
326	ACC	7
326	GCA	2
327	CCT	9176
327	CCC	3480
327	TCT	8
327	CCA	3
328	TTG	12628
328	TTA	29
328	CTG	10
328	TTR	3
329	AAG	12535
329	AAA	105
329	AAT	11
329	GAG	6
329	AAR	6
329	ACG	5
329	AGG	3
330	CTT	9131
330	CTG	3522
330	CTC	8
330	CTA	6
330	TTG	3
331	GCC	11504
331	GCT	1151
331	GCA	13
331	GTC	2
332	AAT	12657
332	AAC	14
333	GGA	12544
333	GGG	125
334	ACC	12646
334	ACT	22
334	ACA	2
335	AAA	12659
335	AAG	12
336	TAT	12504
336	TAC	165
336	TAY	2
337	AGA	12656
337	AGG	12
338	CCT	10780
338	CCC	1871
338	CCG	10
338	GCT	6
338	TCT	2
339	CCT	12609
339	CCC	42
339	CCG	12
339	CCA	5
339	SCT	2
340	GCA	12638
340	GCG	11
340	GCC	10
340	GTA	4
340	RCA	3
340	GCT	2
341	AAA	12564
341	AAG	97
341	AGA	6
341	AAR	2
342	CTA	12611
342	TTA	43
342	CTG	15
343	TTG	7848
343	TTA	4592
343	CTA	195
343	CTG	30
343	YTA	2
343	TTR	2
344	AAG	10765
344	AAA	1890
344	AGG	13
344	CAG	2
345	GAA	12652
345	GAG	15
345	GAR	2
345	GGA	2
346	AGG	10522
346	AGA	2130
346	AAG	14
346	AAA	2
346	ARG	2
347	GGT	12545
347	GGC	38
347	GGG	11
348	TTC	12559
348	TTT	27
348	CTC	3
349	TTC	12491
349	TTT	96
350	GGA	12204
350	GGG	375
350	GGT	4
351	GCT	10478
351	GCC	2100
352	ATT	12530
352	ATA	23
352	ATC	22
352	TTG	2
353	GCT	12473
353	GCC	100
353	GCG	2
354	GGT	12550
354	GGC	18
354	GGG	8
355	TTC	12549
355	TTT	16
355	ATC	5
356	CTA	8966
356	TTA	3556
356	TTG	30
356	CTG	7
356	ATA	3
356	MTA	2
357	GAA	9072
357	GAG	3491
357	GAR	3
358	GGA	12521
358	GGG	42
359	GGA	12529
359	GGG	36
360	TGG	12566
361	GAA	12413
361	GAG	151
361	GAR	2
362	GGA	12509
362	GGG	54
362	GGT	2
363	ATG	12566
364	ATT	12542
364	GTT	22
365	GCA	12547
365	GCG	6
365	GCT	4
365	GAA	3
365	RCA	3
365	ACA	2
366	GGT	12418
366	GGC	148
367	TGG	12566
368	CAC	12520
368	CAT	46
369	GGA	12507
369	GGG	58
370	TAC	12532
370	TAT	33
371	ACA	12554
371	ACG	8
371	ATA	3
372	TCT	8983
372	TCC	3582
373	CAC	8981
373	CAT	3575
373	CGT	3
373	CAY	3
374	GGA	9055
374	GGG	3509
375	GCA	12548
375	GCG	12
375	ACA	2
376	CAT	12462
376	CAC	104
377	GGA	12536
377	GGG	30
378	GTG	9028
378	GTA	3505
378	ATA	12
378	GTT	8
378	CTA	7
378	TTG	3
378	GTR	2
379	GCA	8934
379	GCG	3489
379	GCT	142
380	GTG	11947
380	GTT	576
380	GTA	41
380	ATT	2
381	GCG	8210
381	GCA	3826
381	GCT	528
381	GCR	2
382	GCA	8930
382	GCT	3525
382	GCG	106
382	GCC	4
383	GAC	12514
383	GAT	51
384	CTT	12520
384	CTC	35
384	CTA	5
384	CTY	2
384	CWT	2
385	AAG	8958
385	AAA	3602
385	AGG	3
386	AGT	8493
386	AGC	4070
387	ACA	8865
387	ACT	3523
387	ACG	176
387	ACC	2
388	CAA	12515
388	CAG	51
389	GAA	9009
389	GAG	3552
389	AAA	2
390	GCT	7853
390	GCC	4648
390	GCA	62
390	GCY	2
391	ATA	12551
391	GTA	15
392	AAC	8011
392	AAT	4545
392	ACC	5
392	GAT	2
393	AAG	12489
393	AAA	72
393	AGG	3
393	AAR	2
394	ATA	12563
395	ACA	12555
395	ACC	5
395	ACG	3
396	AAA	12516
396	AAG	26
396	CAA	17
396	GAA	4
396	AGA	3
397	AAT	12547
397	AAC	18
398	CTC	12530
398	CTT	19
398	CTA	16
399	AAT	8423
399	AAC	4143
400	TCT	12502
400	TCG	33
400	TCC	17
400	TTT	8
400	TCA	3
400	GCT	2
401	TTG	12460
401	CTG	70
401	TTA	36
402	AGT	12552
402	AGC	14
403	GAA	7749
403	GAG	4814
403	GAT	3
404	CTA	9008
404	CTG	3537
404	TTA	14
404	ATA	6
405	GAA	12557
405	GAG	9
406	GTA	12534
406	GTG	15
406	ATA	13
406	GYA	2
407	AAG	12423
407	AAA	136
407	AGG	3
408	AAC	8299
408	AAT	4266
409	CTT	12534
409	CTC	30
410	CAA	12460
410	CAG	102
410	CAR	2
411	AGA	12069
411	AGG	496
412	CTA	12541
412	TTA	12
412	CTG	10
413	AGT	9023
413	AGC	3540
413	ART	2
414	GGT	12486
414	GGC	33
414	GGW	24
414	AGT	14
414	GGA	7
415	GCC	12491
415	GCT	48
415	GCA	27
416	ATG	12558
416	ATT	2
416	GTG	2
416	TTG	2
417	GAT	12550
417	AAT	7
417	GGT	6
417	RAT	2
418	GAA	12548
418	GAG	18
419	CTC	12523
419	CTT	25
419	CTA	12
419	ATC	4
419	TTC	2
420	CAC	12461
420	CAT	102
420	CAY	2
421	AAC	12233
421	AAT	227
421	AGC	81
421	GAC	16
421	ACC	4
421	CAC	3
422	GAA	12551
422	GAG	14
423	ATA	12547
423	ATC	12
423	GTA	6
424	CTC	5377
424	CTT	3631
424	CTA	3535
424	ATT	9
424	ATC	5
424	CTG	3
424	TTC	2
424	ATA	2
425	GAG	8956
425	GAA	3609
426	CTG	8865
426	CTA	3687
426	TTG	9
426	CTT	3
427	GAT	12551
427	GAC	14
428	GAA	7750
428	GAG	4813
429	AAA	12441
429	AAG	124
430	GTG	12543
430	GTA	20
430	GTT	2
431	GAT	12550
431	GAC	15
432	GAT	7453
432	GAC	5113
433	CTC	12528
433	CTT	22
433	CTA	14
434	AGA	12541
434	AGG	21
434	ARA	3
435	GCT	12559
435	GCC	3
435	GCG	2
436	GAC	9680
436	GAT	2884
436	GAY	2
437	ACT	7611
437	ACA	3569
437	ACC	1382
437	ACG	3
438	ATA	12552
438	ATG	4
438	ATC	4
438	GTA	3
439	AGC	12061
439	AGT	504
440	TCA	12444
440	TCG	113
440	TCC	9
441	CAA	12557
441	CAG	9
442	ATA	12564
443	GAA	12521
443	GAG	44
444	CTT	9051
444	CTC	3503
444	CTA	7
444	MTT	3
445	GCA	12540
445	GCT	10
445	GCG	7
445	GCC	4
445	GAA	2
446	GTC	12445
446	GTA	62
446	GTT	54
446	GTG	3
447	TTG	9050
447	CTG	3445
447	CTA	45
447	TTA	18
447	YTG	3
447	GTG	2
447	CTR	2
448	CTT	12532
448	CTC	30
448	CTG	3
449	TCC	12442
449	TCT	116
449	TCA	8
450	AAC	8887
450	AAT	3678
451	GAA	12430
451	GAG	136
452	GGA	12532
452	GGG	30
452	AGA	2
453	ATA	12551
453	ATC	15
454	ATA	12564
454	ATT	2
455	AAC	12533
455	AAT	31
456	AGT	11334
456	AGC	1230
457	GAA	12440
457	GAG	124
457	GAR	2
458	GAT	8906
458	GAC	3652
458	RAC	4
458	GAM	2
459	GAG	9022
459	GAA	3542
460	CAT	12548
460	CAC	17
461	CTA	8961
461	CTC	3520
461	TTA	48
461	CTG	21
461	CTT	13
462	TTG	12347
462	TTA	197
462	CTG	19
462	YTG	2
463	GCA	9036
463	GCG	3432
463	GCT	93
463	RCA	2
463	GCC	2
464	CTT	12525
464	CTC	34
464	CTA	5
465	GAG	8904
465	GAA	3661
466	AGA	12496
466	AGG	36
466	AAA	33
467	AAA	9019
467	AAG	3547
468	CTA	8964
468	CTG	3546
468	TTG	26
468	TTA	23
468	CTT	4
468	CTR	2
469	AAG	12561
469	AAA	4
470	AAA	12477
470	AAG	84
470	ARA	2
470	AGA	2
471	ATG	12563
471	ATA	3
472	CTG	12425
472	CTA	98
472	TTG	30
472	CTT	8
472	CTR	2
473	GGT	8717
473	GGC	3845
473	GGG	2
474	CCC	12502
474	CCT	57
474	CCY	3
474	CCA	2
475	TCT	12552
475	TCC	8
475	TCA	5
476	GCT	12549
476	GCC	13
476	GCA	3
477	GTA	12492
477	GTG	41
477	ATA	27
477	GTT	3
478	GAC	8917
478	GAG	3615
478	GAT	22
478	GAA	11
479	ATA	12556
479	GTA	5
479	ATG	2
479	ATT	2
480	GGA	8913
480	GGG	3650
480	GGT	2
481	AAC	7826
481	AAT	4738
482	GGA	12528
482	GGG	38
483	TGC	12510
483	TGT	55
484	TTC	8890
484	TTT	3676
485	GAA	12557
485	GAG	6
486	ACC	12540
486	ACT	16
486	ACA	9
487	AAA	12548
487	AGA	9
487	AAG	8
488	CAC	12516
488	CAT	50
489	AAA	8885
489	AAG	3665
489	CAA	6
489	AGA	4
489	AGG	2
490	TGC	12555
490	TGT	11
491	AAC	12553
491	AAT	11
492	CAG	12511
492	CAA	55
493	ACC	12435
493	ACT	126
493	ACA	2
493	GCC	2
494	TGC	9079
494	TGT	3486
495	TTA	8990
495	CTC	2108
495	CTT	1413
495	TTG	34
495	CTA	18
496	GAC	12543
496	GAT	15
496	RAC	4
496	AAC	4
497	AGG	8961
497	AGA	2181
497	AAA	1383
497	AAG	40
498	ATA	12537
498	ATT	27
498	ATC	2
499	GCT	12544
499	GCC	12
499	GCA	10
500	GCT	12522
500	GCC	32
500	GCA	8
500	GCG	2
501	GGC	8910
501	GGT	3614
501	GGA	40
501	GGY	2
502	ACC	12509
502	ACT	51
502	ACA	5
503	TTT	12336
503	TTC	229
504	AAT	8971
504	GAT	3547
504	AAC	25
504	AGT	17
504	GAC	3
504	RAT	2
505	GCA	12552
505	GCG	10
505	GCT	3
506	GGA	12522
506	GGG	19
506	AGA	15
506	GAA	7
506	RGA	3
507	GAA	12319
507	GAG	242
507	GAT	4
508	TTT	12528
508	TTC	26
508	TAT	11
509	TCT	12479
509	TCC	77
509	TTT	9
510	CTC	12500
510	CTT	62
510	CTA	4
511	CCC	12062
511	CCT	498
511	CCA	4
512	ACT	9094
512	ACC	3464
512	ACY	3
512	ACA	3
512	ACG	2
513	TTT	12563
513	TTC	2
514	GAT	7754
514	GAC	4808
515	TCA	12546
515	TCG	15
515	ACA	4
516	TTG	8827
516	CTG	3602
516	CTA	66
516	TTA	58
516	CTT	4
516	YTG	2
516	TTR	2
517	AAC	9020
517	AAT	3543
517	AAY	3
518	ATT	12419
518	ATC	146
519	ACT	12538
519	ACC	16
519	TCT	6
519	AMT	2
519	ACG	2
520	GCT	12553
520	GCC	6
520	GCA	3
520	RCT	3
521	GCA	12551
521	GCG	12
522	TCT	12511
522	TCC	28
522	TCA	12
522	TCG	10
522	TCY	2
523	TTA	12507
523	TTG	32
523	CTA	24
523	TCA	2
524	AAT	12513
524	AAC	19
524	AGT	15
524	AAY	6
524	GAT	6
525	GAT	9011
525	GAC	3444
525	GAA	32
525	AAC	26
525	GGC	20
525	AAT	14
525	GGT	12
525	GAG	3
525	GAY	2
526	GAT	10717
526	GAC	1835
526	AAT	4
526	GGT	2
526	GAA	2
526	TAT	2
526	GAY	2
527	GGA	12487
527	GGG	49
527	GAA	18
527	GGT	5
527	AGA	2
527	GTA	2
528	TTG	12355
528	CTG	108
528	TTA	98
528	TTR	4
529	GAT	10304
529	GAC	2252
529	AAT	5
530	AAC	8951
530	AAT	3573
530	GAC	18
530	RAT	7
530	AGC	6
530	AAY	4
530	RAC	2
530	AGT	2
531	CAT	12412
531	CAC	143
531	CAY	5
531	AAT	5
532	ACT	12478
532	ACC	53
532	ATT	24
532	GCT	5
532	AYT	2
532	RCT	2
533	ATA	12550
533	GTA	10
533	ATC	5
534	CTG	12489
534	TTG	31
534	CTA	25
534	CTT	17
534	ATG	2
535	CTC	9056
535	CTT	3499
535	CTA	8
535	CTY	2
536	TAT	8838
536	TAC	3726
536	TAY	2
537	TAC	12504
537	TAT	61
538	TCA	12563
538	TCG	2
539	ACT	12540
539	ACC	18
539	GCT	4
539	ACY	2
540	GCT	12519
540	GCC	33
540	GTT	11
540	GCA	2
541	GCT	9017
541	GCC	3535
541	GCA	7
541	GCY	2
541	GCG	2
541	GTC	2
542	TCT	9026
542	TCC	3533
542	TCA	4
542	TCY	3
543	AGT	12526
543	AGC	39
544	TTG	12530
544	TTA	26
544	CTG	10
545	GCT	12535
545	GCC	16
545	GCA	10
545	GCG	3
546	GTA	12480
546	GTG	77
546	ATA	6
546	RTA	2
547	ACA	12469
547	GCA	52
547	ACG	38
547	ATA	5
548	TTA	8266
548	CTG	3508
548	TTG	781
548	CTA	5
548	YTG	4
548	CTR	2
549	ATG	12565
550	CTA	8961
550	ATA	3570
550	TTA	15
550	CTG	14
550	ATG	2
550	MTA	2
551	GCT	12433
551	GCC	131
551	GCA	2
552	ATT	8995
552	ATC	3537
552	CTT	21
552	GTT	5
552	WTT	2
552	ATY	2
553	TTT	12536
553	TTC	23
553	TGT	4
553	CTT	3
554	ATT	9052
554	GTT	3502
554	ATC	7
554	GCT	2
554	RTT	2
555	GTT	12476
555	GTG	78
555	GTC	8
555	ATT	4
556	TAT	12519
556	TAC	47
557	ATG	12554
557	GTG	4
557	ACG	3
557	RTG	2
557	ATA	2
558	GTC	12460
558	ATC	68
558	GTA	16
558	GTT	14
558	RTC	5
558	GCC	2
559	TCC	12535
559	TCT	19
559	TCA	5
559	TCY	3
559	TAC	3
560	AGA	12518
560	AAA	11
560	AGG	9
561	GAC	12520
561	AAC	7
561	GAT	6
561	GGC	4
562	AAC	8611
562	AAT	3910
562	AGT	6
562	AAY	4
562	CAC	3
562	AGC	2
563	GTT	12475
563	ATT	48
563	GTG	8
563	GTC	6
564	TCA	8852
564	TCT	3541
564	TCG	103
564	TCC	37
564	TCR	2
565	TGC	12500
565	TGT	39
566	TCC	12504
566	TCT	29
566	TCA	6
567	ATC	8944
567	ATT	3585
567	ATA	4
567	GTC	3
568	TGT	12479
568	TGC	60
569	CTA	12529
569	CTG	8
570	TAA	12494
570	TAG	34
570	TGA	10

#PHUKET3073|HA-signal
1	ATG	18036
2	AAG	17937
2	AAA	69
2	GAG	19
2	AAT	5
2	RAG	2
2	AGG	2
3	GCA	17938
3	ACA	55
3	GCG	15
3	GAA	11
3	GTA	8
3	GCT	3
3	GCV	2
4	ATA	17997
4	GTA	21
4	ACA	8
4	ATG	4
4	CTA	4
5	ATT	18015
5	GTT	8
5	ACT	6
5	ATC	3
5	CTT	2
6	GTA	17999
6	GCA	14
6	ATA	14
6	KTA	3
6	GYA	2
6	GTG	2
7	CTA	18036
8	CTC	17889
8	CTA	135
8	CTT	11
9	ATG	18032
9	ACG	2
9	ATA	2
10	GTA	18010
10	GCA	14
10	ATA	6
10	TTA	2
10	RTA	2
11	GTA	17948
11	GCA	44
11	GTG	35
11	ATA	7
12	ACA	17797
12	ATG	170
12	ACG	50
12	GCA	14
12	RCA	2
13	TCC	17963
13	TCT	60
13	TCA	10
13	ACC	2
14	AAT	17203
14	AGT	517
14	GAT	255
14	AAC	41
14	AAA	12
14	AAG	2
14	AAK	2
14	ACT	2
15	GCA	18010
15	GCG	16
15	GCT	9

#PHUKET3073|HA1
1	GAT	9159
1	GAC	3569
2	CGA	12664
2	AGA	46
2	CGG	15
2	CGT	3
3	ATC	12702
3	ATT	11
3	ATA	8
3	GTC	7
4	TGC	12713
4	TGT	15
5	ACT	12686
5	ACC	27
5	ACA	13
5	ACY	2
6	GGG	12320
6	GGA	204
6	GGT	203
6	GGC	2
7	ATA	12725
7	GTA	4
8	ACA	12710
8	ACG	15
8	ACT	3
9	TCT	9064
9	TCG	3591
9	TCC	47
9	TCA	24
10	TCA	12711
10	TCG	12
10	GCA	4
11	AAC	12594
11	AAT	103
11	AAA	15
11	AGC	14
11	GAC	2
12	TCA	12709
12	TCG	12
12	TCC	6
13	CCT	9131
13	CCA	3525
13	CCC	67
13	MCT	3
14	CAT	12635
14	CAC	89
14	TAT	4
15	GTG	9053
15	GTC	3517
15	GTA	137
15	GTT	11
15	TTG	3
15	GTR	3
15	GCC	2
15	ATG	2
16	GTC	12634
16	GTA	73
16	GTT	11
16	ATC	11
17	AAA	12715
17	AAG	11
18	ACA	9182
18	ACT	3530
18	ACG	16
19	GCT	12438
19	GCC	279
19	GTT	9
20	ACT	12563
20	ACA	95
20	ACC	69
20	ACG	2
21	CAA	12720
21	CAG	9
22	GGG	12411
22	GGA	317
23	GAG	12531
23	GAA	186
23	GAT	10
23	GAR	2
24	GTC	12677
24	GTT	33
24	ATC	8
24	GTA	5
24	RTC	5
25	AAT	10729
25	AAC	1999
26	GTG	12640
26	GTA	83
26	GTT	3
26	GTR	2
27	ACT	9096
27	ACC	3611
27	ACA	11
27	ACG	7
28	GGC	8118
28	GGT	4590
28	GGA	18
29	GTG	8941
29	GTA	3657
29	GCG	111
29	GCA	9
29	GTR	5
29	GTT	4
30	ATA	12727
31	CCA	12697
31	CAA	12
31	CCG	10
31	TCA	5
32	CTG	11630
32	CTA	675
32	CTT	266
32	TTG	153
32	YTG	2
33	ACA	12712
33	ACG	11
33	TCA	2
33	AMA	2
33	ACT	2
34	ACA	12667
34	ATA	28
34	GCA	25
34	ACG	7
35	ACA	12675
35	ACG	26
35	GCA	15
35	ACT	7
35	ACC	3
35	ATA	2
36	CCA	9176
36	CCC	3521
36	CCT	18
36	CCG	11
37	ACA	9107
37	ACC	3508
37	GCA	43
37	ACG	39
37	ATC	14
37	ACT	9
37	GCC	3
37	ATA	3
38	AAA	12651
38	AAG	59
38	AGA	18
39	TCT	12704
39	TCC	23
40	TAT	8994
40	CAT	3645
40	TAC	86
40	CAC	3
41	TTT	12728
42	GCA	12716
42	GCG	5
42	GCT	3
42	TCA	3
42	RCA	2
43	AAT	12457
43	AAC	256
43	CAT	8
43	AGT	6
43	ACT	2
44	CTC	12712
44	CTT	13
44	CTA	2
45	AAA	12690
45	AAG	21
45	AGA	18
46	GGA	12701
46	GGG	27
47	ACA	12713
47	ATA	7
47	GCA	4
47	ACG	3
48	AGG	8389
48	GAA	3516
48	AAG	733
48	AGA	66
48	CAG	10
48	GAG	4
48	AAA	4
48	AGT	3
49	ACC	12687
49	ACA	26
49	ACT	16
50	AGA	9203
50	AGG	3525
51	GGG	12666
51	GGA	58
51	GGT	4
52	AAA	12690
52	AAC	23
52	AAG	10
52	AGA	5
53	CTA	12634
53	TTA	56
53	CTG	38
54	TGC	12625
54	TGT	103
55	CCG	8250
55	CCA	4459
55	CCT	18
56	GAC	9059
56	AAA	3516
56	ACC	76
56	GAT	36
56	AAC	15
56	GAA	8
56	GGC	4
56	AAG	4
56	GCT	3
56	AGA	3
57	TGT	9020
57	TGC	3709
58	CTC	12605
58	CTT	53
58	TTC	30
58	ATC	17
58	CTA	15
58	CAC	5
58	YTC	2
59	AAC	12172
59	AAT	555
59	AAY	2
60	TGT	8970
60	TGC	3757
60	TGY	2
61	ACA	12708
61	ACC	12
61	ACG	7
61	ACT	2
62	GAT	12712
62	GAC	17
63	CTG	12598
63	CTA	63
63	TTG	58
63	CTT	8
64	GAT	12705
64	GAC	23
65	GTG	9019
65	GTA	3700
65	GTT	9
66	GCC	12510
66	GCT	174
66	GCA	40
66	ACC	2
66	GCY	2
67	TTG	12539
67	CTG	128
67	TTA	57
67	TTR	3
68	GGC	12635
68	GGT	83
68	GGA	6
68	AGC	5
69	AGG	8851
69	AGA	3809
69	CGA	29
69	AGT	15
69	ATG	14
69	GGG	3
69	AAG	3
69	ATA	2
69	AGR	2
70	CCA	12721
70	CCG	6
71	ATG	9100
71	AAA	3524
71	ACG	96
71	AAG	8
72	TGT	9215
72	TGC	3513
73	GTG	9092
73	ACA	3515
73	ATG	49
73	GTA	33
73	TTG	17
73	GTT	8
73	ATA	5
73	GAG	3
73	ACG	3
73	GCA	3
74	GGG	12031
74	GGA	678
74	GAG	13
74	GGT	4
74	GGR	3
75	ACC	8447
75	AAA	3516
75	ACT	499
75	AAC	148
75	ATC	88
75	GCC	12
75	GAA	6
75	GTC	3
75	CCC	3
75	ACA	2
75	AAT	2
76	ACA	9157
76	ATA	3549
76	ACG	14
76	ACC	5
76	ACM	2
77	CCT	9138
77	CCC	3584
77	CCG	4
78	TCT	12385
78	TCG	253
78	TCA	45
78	CCT	23
78	TCC	21
79	GCT	8213
79	GCA	3691
79	GCG	760
79	GCC	64
80	AAA	9157
80	AGG	3510
80	AAG	41
80	GAA	8
80	AGA	6
80	ACA	3
80	ATG	3
81	GCT	9102
81	GTT	3528
81	GCC	92
81	GTC	2
82	TCA	12575
82	TCG	152
83	ATA	12722
83	ATC	4
83	GTA	2
84	CTC	12150
84	CTT	495
84	CTA	81
84	ATC	2
85	CAT	11270
85	CAC	1445
85	TAT	9
85	TAC	4
86	GAG	7815
86	GAA	4914
87	GTC	12544
87	GCC	64
87	ATC	60
87	GTA	49
87	GTT	9
87	RTC	2
88	AGA	12660
88	AAA	47
88	AGG	17
88	ARA	4
89	CCT	12721
89	CCC	8
90	GTT	12284
90	GTC	382
90	ATT	28
90	GCT	26
90	GTA	3
90	GTG	2
91	ACA	12697
91	ACG	27
91	ACT	3
91	ACC	2
92	TCC	9068
92	TCT	3595
92	TCA	56
92	TCG	8
92	TCY	2
93	GGG	12493
93	GGA	225
93	GGT	11
94	TGC	12603
94	TGT	125
95	TTT	11845
95	TTC	882
96	CCT	12676
96	CCC	51
97	ATA	12727
98	ATG	12727
98	ATA	2
99	CAC	12509
99	CAT	219
100	GAC	9190
100	GAT	3536
100	AAC	2
101	AGA	12694
101	AGG	22
101	CGA	10
102	ACA	12712
102	ACG	13
102	ACT	4
103	AAA	12692
103	AAG	37
104	ATC	9183
104	ATT	3536
104	ATA	8
105	AGA	8326
105	AGG	4398
105	AGR	4
106	CAA	9102
106	CAG	3626
107	CTA	9160
107	CTG	3553
107	TTA	13
107	TTG	3
108	CCC	8613
108	CCT	3530
108	GCC	575
108	GCT	5
108	TCT	2
108	CCA	2
109	AAT	9204
109	AAC	3521
109	AAY	4
110	CTT	12703
110	CTC	16
110	TTT	9
111	CTC	12702
111	CTT	19
111	CTA	8
112	AGA	9190
112	CGA	3519
112	AGG	12
112	CGG	4
112	AAA	2
113	GGA	12679
113	GGG	45
113	GGT	3
114	TAT	9143
114	TAC	3585
115	GAA	12710
115	GAG	19
116	AAG	7621
116	CAT	3481
116	AAT	1327
116	AAA	145
116	AGG	134
116	CAC	16
116	AAR	2
117	ATC	9191
117	GTC	3514
117	ATT	11
117	ATA	10
118	AGG	12495
118	AGA	209
118	AAG	13
118	AGR	6
118	ARG	3
118	GGG	2
119	TTA	12543
119	CTA	114
119	TTG	72
120	TCA	12667
120	ACA	53
120	TTA	7
121	ACC	9028
121	ACT	3612
121	TCC	34
121	GCC	17
121	ATC	16
121	AAT	5
121	AAC	5
121	ATT	3
121	ACA	2
121	GCT	2
121	ACY	2
122	CAA	8891
122	CAC	3488
122	CAG	153
122	AAA	118
122	CAT	31
122	AAG	30
122	CGT	8
122	CGA	5
122	AAC	3
123	AAC	12589
123	AAT	93
123	ACC	15
123	AGC	11
123	AAA	9
123	GAC	5
123	ATC	3
124	GTT	12517
124	GTC	186
124	GCT	19
124	GYT	2
124	GTA	2
124	GCC	2
125	ATC	12592
125	ATT	111
125	GTC	22
125	ATA	3
126	GAT	9070
126	AAT	3541
126	AAC	69
126	GAC	22
126	AAA	9
126	AGT	7
126	AAG	4
126	GAY	2
126	RAT	2
126	GAA	2
127	GCA	12562
127	GCG	101
127	ACA	48
127	ATA	8
127	GTA	4
127	GCT	3
128	GAA	12035
128	AAA	677
128	GAG	12
128	RAA	3
129	AAA	8622
129	GAT	2109
129	GGT	1338
129	AAG	530
129	AAT	83
129	GAC	26
129	ACG	9
129	GAG	2
129	GAW	2
129	AGT	2
129	AGA	2
129	TAT	2
130	GCA	12720
130	GCG	6
131	CCA	12546
131	CCT	135
131	CCG	30
131	CTA	12
131	TCA	5
132	GGA	12679
132	GGG	50
133	GGA	10840
133	AGA	1809
133	AGG	38
133	GGG	26
133	AAA	8
133	GGC	7
134	CCC	12672
134	CCT	24
134	CCA	12
134	CTC	9
134	CCG	9
135	TAC	12697
135	TAT	30
136	AGA	9124
136	GAA	2063
136	AAA	1445
136	AGG	61
136	GAG	11
136	RAA	6
136	ATA	6
136	AAG	5
136	ACA	4
136	GAC	2
137	CTT	9185
137	ATT	3526
137	GTT	11
137	CTC	3
138	GGA	12647
138	GGG	80
138	GGR	2
139	ACC	12600
139	ACT	115
139	AAC	5
139	ACA	5
140	TCA	12701
140	TCG	24
140	TCT	2
141	GGA	9057
141	GGG	3581
141	AGA	77
141	RGA	8
141	AGG	2
142	TCT	12692
142	TCC	36
143	TGC	12715
143	TGT	14
144	CCT	12540
144	CCC	178
144	CTT	4
144	TCT	2
144	CTC	2
144	CCA	2
145	AAC	12348
145	AAT	372
145	AAY	3
145	ACC	3
146	GCT	9116
146	ATT	3519
146	ACT	50
146	GCC	12
146	TCT	12
146	GTT	10
146	GAT	4
146	GYT	2
147	ACC	12608
147	ACT	106
147	ACA	7
147	ACY	3
147	AAC	2
147	GCC	2
148	AGT	9132
148	AAT	3517
148	AGC	55
148	AAC	14
148	GGT	4
148	AAA	3
148	AGY	2
149	AAA	9018
149	GGA	3503
149	AAG	160
149	GGG	28
149	AGA	15
149	GAA	4
150	ATT	4736
150	AAC	3439
150	ATC	3426
150	AGC	871
150	AAA	77
150	GTC	62
150	GTT	48
150	AGT	20
150	AAT	16
150	AAM	10
150	ATA	9
150	ACT	6
150	CAC	2
150	ATG	2
150	TTC	2
151	GGA	12678
151	GGG	29
151	GGT	19
152	TTT	9106
152	TTC	3623
153	TTT	7737
153	TTC	4992
154	GCA	12631
154	TCA	24
154	GAA	22
154	ACA	20
154	GCT	11
154	GTA	5
154	GCG	4
154	KCA	4
154	RCA	3
154	GYA	2
154	GCC	2
155	ACA	12691
155	GCA	17
155	ACG	16
155	ACT	4
156	ATG	12727
157	GCT	12717
157	GCC	11
158	TGG	12729
159	GCT	9214
159	GCC	3502
159	ACT	8
159	GCG	2
160	GTC	7893
160	GTT	4831
160	GTA	2
160	GTG	2
161	CCA	11099
161	CCG	1620
161	CCT	6
161	CCR	3
162	AAG	9106
162	AGG	79
162	AAA	16
163	GAC	10511
163	GAT	27
163	AAC	23
163	GGC	10
163	GAA	10
163	GTC	2
164	AAC	9111
164	AAA	3546
164	AAT	54
164	AGC	8
164	ACA	2
164	AAG	2
165	TAC	7840
165	AAC	4405
165	TAT	473
165	CAC	8
166	AAA	12728
167	AAT	9083
167	ACA	3608
167	AAC	33
167	ACG	2
168	GCA	12715
168	ACA	11
168	GCG	2
169	ACG	9131
169	ACA	3588
169	ACR	3
169	ATA	3
169	ACT	2
169	ATG	2
170	AAC	9064
170	AAT	3649
170	GAT	9
170	GAC	2
171	CCA	12694
171	CCC	9
171	TCA	8
171	CTA	6
171	CAA	6
171	CCG	4
171	CYA	2
172	CAA	7548
172	TTA	3943
172	CTA	1137
172	TTG	51
172	CAG	38
172	CTG	7
172	ATA	2
173	ACA	12713
173	ACT	14
173	ACG	2
174	GTG	7780
174	ATA	3535
174	GTA	1393
174	TTG	15
174	GTT	3
175	GAA	12630
175	GAG	96
175	GRA	2
176	GTA	12242
176	ATA	296
176	GTG	189
177	CCA	12713
177	CCG	14
178	TAC	12597
178	CAC	89
178	TAT	34
178	AAC	4
178	TAY	3
178	YAC	2
179	ATT	9441
179	ATC	1801
179	GTT	1372
179	ACT	58
179	GTC	51
179	GTG	5
180	TGT	12689
180	TGC	38
180	TGY	2
181	ACA	12021
181	GCA	568
181	AAA	101
181	ACG	21
181	ATA	8
181	GTA	4
181	ACT	2
182	GAA	12575
182	AAA	118
182	GGA	20
182	GAG	9
182	RAA	3
183	GGG	8724
183	GGA	3806
183	GAA	147
183	GAG	35
183	AGA	7
183	AGG	6
183	GGT	2
184	GAA	12718
184	GAG	10
185	GAC	12700
185	GAT	28
186	CAA	12577
186	CAG	152
187	ATT	12530
187	ATC	196
187	ATA	2
188	ACT	9148
188	ACC	3491
188	ACA	59
188	GCT	28
189	GTT	12679
189	ATT	31
189	GTC	17
189	RTT	2
190	TGG	12729
191	GGG	12565
191	GGT	83
191	GGA	80
192	TTC	9075
192	TTT	3653
193	CAT	9889
193	CAC	2837
193	CAY	2
194	TCG	7700
194	TCT	3605
194	TCA	1413
194	TCC	10
195	GAT	9159
195	GAC	3570
196	AAC	11846
196	AAT	529
196	GAC	176
196	ARC	37
196	AGC	30
196	RAC	27
196	AAA	23
196	AAM	18
196	ACC	9
196	AMC	8
196	AWC	7
196	ATC	6
196	RRC	4
196	TAC	3
196	CAC	2
196	RAM	2
197	AAA	9183
197	GAG	3465
197	AAG	47
197	GAA	13
197	GGG	12
197	AGA	5
197	ACA	2
198	ACC	12371
198	ATC	78
198	AYC	61
198	GCC	44
198	ACT	40
198	RCC	39
198	AAC	35
198	AMC	17
198	CCC	16
198	MCC	12
198	RYC	8
198	ACA	3
199	CAA	12630
199	CAG	79
199	CMA	8
199	CCA	5
199	CGA	3
199	AAA	2
200	ATG	12726
200	ACG	3
201	AAG	9051
201	GCA	3406
201	AAA	143
201	ACA	40
201	GCG	39
201	ATA	29
201	GTA	12
201	GCC	3
201	GGA	2
201	AGG	2
202	AGC	7853
202	AAG	3511
202	AAC	1299
202	AGT	21
202	AAA	13
202	ACC	9
202	ATA	5
202	AAT	4
202	AGG	4
202	AGM	3
202	ATC	3
202	AGA	3
203	CTC	12669
203	CTA	42
203	CTT	14
203	CTY	2
204	TAT	12712
204	TAC	17
205	GGA	9175
205	GGG	3552
205	GGT	2
206	GAC	12662
206	GAT	64
206	GAY	3
207	TCA	12705
207	TCG	12
207	CCA	8
207	ACA	3
208	AAT	9127
208	AAG	3466
208	AAC	100
208	GAT	20
208	AAA	7
208	AGT	4
208	ACT	3
209	CCT	9135
209	CCC	3589
209	CCA	3
209	CCG	2
210	CAA	9198
210	CAG	3530
211	AAG	11875
211	AGG	554
211	AAA	290
211	GAG	3
211	AAR	3
211	AGA	2
212	TTC	12709
212	TTT	19
213	ACC	12588
213	ACT	109
213	ACA	30
214	TCA	12396
214	TCG	194
214	TCT	132
214	TCC	4
214	TCR	3
215	TCT	12683
215	TCC	28
215	TAT	5
215	TTT	4
215	TCG	4
215	TCA	3
215	TTC	2
216	GCT	7405
216	GCC	5283
216	TCC	21
216	GTT	7
216	TCT	4
216	GCG	3
216	RCC	2
217	AAT	9157
217	AAC	3522
217	GAT	35
217	AGT	9
217	GAC	2
217	ART	2
217	AAY	2
218	GGA	12634
218	GGG	78
218	GGT	16
219	GTG	8276
219	GTA	4280
219	ATA	138
219	ATG	15
219	GCG	11
219	GTC	3
219	GCA	2
220	ACC	12656
220	ACA	51
220	ACT	12
220	GCC	6
220	ATC	3
221	ACA	12588
221	ACT	82
221	ACG	42
221	GCA	10
221	ATA	5
222	CAT	12606
222	CAC	116
222	AAT	6
223	TAT	9212
223	TAC	3507
223	CAC	5
223	CAT	2
223	TAY	2
224	GTT	12678
224	GTC	42
224	ATT	6
224	RTT	3
225	TCT	9202
225	TCA	3522
225	TCC	3
226	CAG	12665
226	CAA	63
227	ATT	12712
227	ATC	14
227	GTT	2
228	GGC	9055
228	GGT	3608
228	GGG	30
228	GGA	20
228	AGC	10
228	GAC	2
228	GAT	2
229	GAC	7788
229	GGC	4276
229	AAC	514
229	AGC	113
229	GGT	25
229	GAT	10
230	TTC	12692
230	TTT	36
231	CCA	12295
231	CCG	421
231	CCT	6
231	CCC	6
232	GAT	8495
232	AAT	3951
232	GAC	122
232	GCT	52
232	AGT	35
232	AAC	26
232	AAA	26
232	GAA	7
232	GGT	5
232	GTT	3
232	AAG	2
232	ACT	2
233	CAA	12723
233	CAG	6
234	ACA	12407
234	AAA	249
234	AGA	43
234	GCA	9
234	ATA	8
234	ACG	8
234	AAG	2
235	GAA	12693
235	GAG	34
235	GAR	2
236	GAC	12697
236	GAT	30
236	GAY	2
237	GGA	12499
237	GGG	209
237	GAA	10
237	GGT	4
237	RGA	3
238	GGA	11705
238	GGG	1017
238	AGA	2
238	RGA	2
239	CTA	12662
239	CTG	31
239	TTA	29
239	YTA	4
240	CCA	12684
240	CCC	12
240	CCG	11
240	CAA	9
240	AAA	7
240	TCA	2
241	CAA	12723
241	CAG	5
242	AGC	9078
242	AGT	3651
243	GGC	12360
243	GGT	361
243	GGA	8
244	AGA	12615
244	AGG	112
245	ATT	12710
245	CTT	7
245	ATC	6
245	GTT	4
246	GTT	11815
246	GTC	576
246	GTA	331
246	ATT	5
246	RTT	2
247	GTT	12717
247	GTC	5
247	GTG	4
247	ATT	2
248	GAT	12721
248	GAC	8
249	TAC	12721
249	TAT	8
250	ATG	12714
250	ATA	13
251	GTG	10389
251	ATG	2162
251	ATT	79
251	GTA	49
251	ATA	38
251	AAG	6
251	TTG	3
251	GTT	2
252	CAA	10885
252	CAG	1828
252	CAT	15
253	AAA	12671
253	AGA	19
253	AAG	16
253	AGC	11
253	AAC	11
254	CCT	9167
254	TCT	3531
254	CCC	11
254	ACT	6
254	CCA	4
254	TTT	2
254	TCG	2
254	CAT	2
255	GGG	8976
255	GGA	3541
255	GGT	83
255	GAG	52
255	AGG	45
255	AGA	14
255	GAA	12
255	GRG	2
255	RGG	2
256	AAA	12676
256	AGA	37
256	AAG	16
257	ACA	12708
257	CCA	9
257	GCA	6
257	ACT	2
257	ACG	2
258	GGA	12687
258	GGG	41
259	ACA	12717
259	ATA	4
259	ACG	4
259	GCA	3
260	ATT	12707
260	ATC	15
260	CTT	3
260	ATY	2
261	GTC	9184
261	ACC	3520
261	GTT	7
261	GCC	6
261	ATC	4
261	ACT	3
261	GTY	3
261	GTA	2
262	TAT	12567
262	TAC	161
263	CAA	12693
263	CAG	36
264	AGG	7125
264	AGA	5596
264	CGA	7
265	GGT	12572
265	GGC	97
265	GGG	59
266	GTT	9087
266	ATT	3622
266	GTC	12
266	ATC	5
267	TTG	8972
267	TTA	3667
267	CTG	79
267	CTA	10
268	TTG	12572
268	TTA	78
268	CTG	40
268	TTT	36
268	CTA	2
269	CCT	12709
269	CCC	16
269	CCA	4
270	CAA	12702
270	CAG	26
271	AAG	12610
271	AAA	81
271	AGG	36
272	GTG	12643
272	GTA	64
272	GTT	20
272	GTR	2
273	TGG	12729
274	TGC	12659
274	TGT	65
274	TGY	4
275	GCG	8954
275	GCA	3716
275	GTG	20
275	GCT	16
275	ACA	9
275	GTA	5
275	ACG	4
275	GCR	2
275	RCA	2
276	AGT	12639
276	AGC	62
276	AAT	15
276	AGG	10
276	GGT	2
277	GGC	12678
277	GGT	47
277	GGY	2
278	AGG	11150
278	CGG	1395
278	AAG	93
278	AGA	75
278	CGA	13
279	AGC	12709
279	AGT	18
279	AGY	2
280	AAA	9307
280	AAG	3410
280	AGG	7
280	AAT	3
281	GTA	12620
281	GTG	106
282	ATA	12726
283	AAA	12629
283	AAG	97
283	AGA	3
284	GGG	9155
284	GGA	3568
284	GGT	3
284	GGR	2
285	TCA	8268
285	TCC	4400
285	GCA	25
285	TTC	11
285	TCT	9
285	GCC	6
285	ACA	5
285	TCG	3
286	TTG	12624
286	TTA	94
286	CTG	10
287	CCT	10646
287	CCC	2082
288	TTA	12701
288	TTG	23
288	CTA	4
289	ATT	12710
289	ATC	10
289	GTT	7
290	GGT	9185
290	GGA	3521
290	GGC	20
290	GGG	2
291	GAA	12714
291	GAG	15
292	GCA	12693
292	GCT	14
292	GCC	11
292	GCG	10
293	GAT	12712
293	GAC	16
294	TGC	12685
294	TGT	44
295	CTT	9175
295	CTC	3552
296	CAT	12626
296	CAC	103
297	GAA	12627
297	GAG	102
298	GAA	7792
298	AAA	4893
298	GAG	31
298	AAG	10
298	AGA	2
299	TAC	11220
299	TAT	1509
300	GGT	12720
300	GGC	8
301	GGA	12675
301	GGG	49
301	GGT	2
301	GCA	2
302	TTA	11929
302	TTG	719
302	CTA	74
302	ATA	3
302	TTT	2
303	AAC	12686
303	AAT	43
304	AAA	12713
304	AAG	16
305	AGC	12639
305	AGT	85
305	ACC	4
306	AAG	12682
306	AAA	39
306	AGG	7
307	CCT	12628
307	CCC	101
308	TAC	12701
308	TAT	28
309	TAC	12712
309	TAT	15
309	TAY	2
310	ACA	12701
310	ACG	22
310	ACT	3
310	ACC	2
311	GGA	9170
311	GGG	3554
311	GGT	3
311	GGR	2
312	AAA	7813
312	GAA	4891
312	GAG	12
312	AAG	8
312	AGA	3
313	CAT	12719
313	CAC	5
313	AAT	3
314	GCA	12708
314	GCG	19
315	AAA	9208
315	AAG	3521
316	GCC	12587
316	GCT	130
316	GCA	7
316	ACC	3
317	ATA	12715
317	ATC	6
317	GTA	4
317	ATT	3
318	GGA	12632
318	GGG	83
318	GGC	8
318	GGT	3
318	GGR	2
319	AAT	12568
319	AAC	149
319	GAT	9
319	AGT	2
320	TGC	12709
320	TGT	17
320	TGY	2
321	CCA	12705
321	CCG	23
322	ATA	12720
322	ACA	3
322	ATC	2
323	TGG	12728
324	GTA	8283
324	GTG	4443
325	AAA	12692
325	AAG	22
325	AGA	12
326	ACA	12709
326	ACG	8
326	ACC	7
326	GCA	2
327	CCT	9232
327	CCC	3480
327	TCT	8
327	CCA	3
328	TTG	12684
328	TTA	29
328	CTG	10
328	TTR	3
329	AAG	12588
329	AAA	108
329	AAT	11
329	AAR	6
329	GAG	6
329	ACG	5
329	AGG	3
330	CTT	9187
330	CTG	3522
330	CTC	8
330	CTA	6
330	TTG	3
331	GCC	11559
331	GCT	1152
331	GCA	13
331	GTC	2
332	AAT	12713
332	AAC	14
333	GGA	12600
333	GGG	125
334	ACC	12702
334	ACT	22
334	ACA	2
335	AAA	12715
335	AAG	12
336	TAT	12559
336	TAC	166
336	TAY	2
337	AGA	12712
337	AGG	12
338	CCT	10836
338	CCC	1871
338	CCG	10
338	GCT	6
338	TCT	2
339	CCT	12661
339	CCC	42
339	CCG	16
339	CCA	5
339	SCT	2
340	GCA	12694
340	GCG	11
340	GCC	10
340	GTA	4
340	RCA	3
340	GCT	2
341	AAA	12620
341	AAG	97
341	AGA	6
341	AAR	2
342	CTA	12666
342	TTA	43
342	CTG	16
343	TTG	7849
343	TTA	4647
343	CTA	195
343	CTG	30
343	TTR	2
343	YTA	2
344	AAG	10820
344	AAA	1891
344	AGG	13
344	CAG	2
345	GAA	12708
345	GAG	15
345	GAR	2
345	GGA	2
346	AGG	10576
346	AGA	2132
346	AAG	14
346	ARG	2
346	AAA	2

#PHUKET3073|M1
1	ATG	14477
2	TCG	14393
2	TCA	82
2	TCR	2
3	CTG	14404
3	TTG	37
3	CTT	23
3	CTA	11
4	TTT	14462
4	TTC	15
5	GGA	14477
6	GAC	14477
7	ACA	14467
7	ACG	9
8	ATT	14477
9	GCC	14477
10	TAC	14464
10	TAT	13
11	CTG	7550
11	TTG	6925
12	CTT	14469
12	CTC	7
13	TCA	14475
14	TTG	10768
14	TTA	3650
14	CTG	39
14	CTA	18
15	ACA	14398
15	ATA	75
15	ACG	3
16	GAA	14455
16	GAG	21
17	GAT	14453
17	GAC	16
17	AAT	4
17	GAY	3
18	GGA	14461
18	GGG	16
19	GAA	14431
19	GAG	45
20	GGC	14435
20	GGA	27
20	AGC	11
20	GAC	3
21	AAA	14473
21	AAG	3
22	GCA	14437
22	GCG	27
22	GTA	7
22	GCC	2
22	ACA	2
23	GAA	14448
23	GAG	23
23	RAA	3
23	GAR	2
24	CTA	14064
24	TTA	389
24	CTG	17
24	CTR	2
24	YTA	2
25	GCA	14441
25	GCG	27
25	GCT	7
25	GCR	2
26	GAA	14456
26	GAG	20
27	AAA	7533
27	AAG	6944
28	TTA	14362
28	CTA	64
28	TTG	51
29	CAC	14411
29	CAT	66
30	TGT	14397
30	TGC	74
30	TAT	3
30	CGT	2
31	TGG	14477
32	TTC	7428
32	TTT	7047
33	GGT	14452
33	GGC	18
33	GGA	4
33	GGG	2
34	GGG	14276
34	GGA	198
34	GGT	2
35	AAA	14426
35	AAG	42
35	AGA	6
35	ARA	2
36	GAA	14429
36	GAG	45
37	TTT	14438
37	TTC	37
37	WTT	2
38	GAC	14396
38	GAT	81
39	CTA	14318
39	CTG	133
39	TTA	24
40	GAC	14441
40	GAT	34
41	TCT	7861
41	TCA	6596
41	TCG	12
41	TCC	6
42	GCC	14404
42	GCT	53
42	GCA	15
42	GCY	2
42	TCC	2
43	TTG	14347
43	TTA	91
43	CTG	38
44	GAA	14356
44	GAG	121
45	TGG	14477
46	ATA	14427
46	GTA	46
46	ATT	2
47	AAA	14440
47	AAG	36
48	AAC	14465
48	AAT	9
49	AAA	14466
49	AAG	7
49	RAA	2
49	AGA	2
50	AGA	14390
50	AGG	79
50	AAA	5
50	CGA	2
51	TGC	14460
51	TGT	10
51	TAC	4
52	TTA	14274
52	TTG	162
52	CTA	38
52	TTR	2
53	ACT	14446
53	ACA	24
53	ACC	3
54	GAT	14441
54	GAC	34
55	ATA	14452
55	GTA	12
55	ATG	7
55	ATT	2
55	ACA	2
56	CAG	7404
56	CAA	7060
56	MAA	6
56	CAR	4
56	AAA	3
57	AAA	14438
57	AAG	39
58	GCA	14469
58	GCG	7
59	CTA	14387
59	CTG	46
59	TTA	40
60	ATT	14460
60	GTT	9
60	ATC	5
60	RTT	2
61	GGT	14424
61	GGC	48
61	GGA	3
62	GCC	14301
62	GCA	127
62	GCT	45
62	GCY	2
63	TCT	14439
63	TCC	34
63	TCA	2
64	ATC	7408
64	ATA	7049
64	ATT	15
64	GTC	2
65	TGC	14462
65	TGT	15
66	TTT	14446
66	TTC	31
67	TTA	14107
67	TTG	250
67	CTA	118
67	YTA	2
68	AAA	14447
68	AAG	30
69	CCC	14455
69	CCT	11
69	CCA	11
70	AAA	14432
70	AAG	44
71	GAC	14451
71	GAT	22
71	GAA	2
72	CAG	14330
72	CAA	145
72	CAR	2
73	GAA	14396
73	GAG	39
73	GRA	36
73	GGA	4
74	AGA	14406
74	AGG	70
75	AAA	14442
75	AAG	31
75	AGA	2
76	AGA	14458
76	AGG	19
77	AGA	14237
77	AGG	116
77	AAA	115
77	AAG	8
78	TTC	14418
78	TTT	59
79	ATC	14441
79	ATT	28
79	ATA	7
80	ACA	14448
80	ACG	19
80	ACC	4
80	ACT	4
81	GAG	14329
81	GAA	146
82	CCC	14450
82	CCT	15
82	CCA	9
82	CCM	2
83	TTA	14232
83	CTA	179
83	TTG	47
83	CTG	18
84	TCG	7258
84	TCA	7207
84	TCT	9
85	GGA	14413
85	GGG	61
85	GGC	2
86	ATG	14470
86	ACG	3
86	GTG	3
87	GGA	14433
87	GGG	41
87	GGR	2
88	ACA	14439
88	ACC	28
88	ACG	8
89	ACA	14373
89	ASA	46
89	ACC	41
89	ACG	10
89	ACT	4
89	ACR	2
90	GCA	14447
90	GCG	16
90	ACA	6
90	GTA	3
90	GCT	3
90	RCA	2
91	ACA	14458
91	ACG	19
92	AAA	14168
92	AAG	309
93	AAG	14473
93	AGG	2
93	ARG	2
94	AAG	7256
94	AAA	7220
95	GGC	14412
95	GGT	23
95	GGA	21
95	KGC	20
96	CTG	14405
96	TTG	35
96	CTA	26
96	CTT	10
97	ATT	14401
97	MTT	26
97	ACT	22
97	ATC	19
97	GTT	3
97	ATA	3
98	CTG	14204
98	CTA	200
98	CTT	37
98	TTG	28
98	CTC	3
98	CTR	2
99	GCT	14465
99	GCC	9
99	GCG	3
100	GAG	14371
100	GAA	104
100	GAR	2
101	AGA	14429
101	AAA	23
101	ARA	11
101	AGG	11
101	AGR	2
102	AAA	14472
102	AAG	5
103	ATG	14474
104	AGA	14456
104	AGG	17
104	AAA	3
105	AAA	7347
105	AGA	7078
105	AAG	34
105	AGG	15
105	CGA	2
106	TGT	14469
106	TGC	7
107	GTG	12193
107	GTT	2190
107	GTA	87
107	ATG	2
108	AGC	14445
108	AGT	31
109	TTT	14133
109	TTC	342
109	TTY	2
110	CAT	14225
110	CAC	245
110	TAT	4
110	AAT	2
111	GAA	14425
111	GAG	51
112	GCA	14424
112	GCG	48
112	TCA	2
112	GCR	2
113	TTT	14459
113	TTC	18
114	GAA	14449
114	GAG	27
115	ATA	14474
115	GTA	2
116	GCA	14451
116	GCG	17
116	GCC	5
116	GCT	4
117	GAA	14364
117	GAG	113
118	GGC	14432
118	GGT	26
118	GGA	15
118	GGG	4
119	CAT	14452
119	CAC	18
119	YAT	6
120	GAA	14456
120	GAG	20
121	AGC	14423
121	AGT	47
121	AGY	6
122	TCA	14456
122	TCC	10
122	TCT	6
122	TCG	3
123	GCG	14139
123	GCA	256
123	GTG	46
123	GCT	30
123	GCR	3
123	ACG	2
124	CTA	14135
124	CTC	222
124	TTA	96
124	CTG	20
124	TTG	2
125	CTA	14319
125	CTG	87
125	TTA	48
125	CTC	14
125	CTT	8
126	TAT	7506
126	TAC	6970
127	TGT	14374
127	TGC	103
128	CTC	14214
128	CTA	234
128	CTT	18
128	ATC	5
128	MTC	3
128	CTM	2
129	ATG	14477
130	GTC	14431
130	GTT	21
130	GTA	20
130	GTM	2
130	ATC	2
131	ATG	14477
132	TAC	14401
132	TAT	74
132	TAY	2
133	CTG	14407
133	CTA	49
133	TTG	8
133	CTT	5
133	ATG	3
133	YTG	2
133	CTR	2
134	AAT	14381
134	AAC	95
135	CCT	14463
135	CCC	6
135	CCA	4
135	CCG	3
136	GGA	14443
136	GGG	30
137	AAT	14461
137	AAC	14
137	AGT	2
138	TAT	14402
138	TAC	74
139	TCA	11454
139	TCG	3013
139	CCA	3
139	TCT	2
139	TCR	2
140	ATG	14453
140	GTG	16
140	ACG	4
140	ATR	2
141	CAA	14466
141	CAG	11
142	GTA	14252
142	GTG	217
142	GTT	7
143	AAA	14458
143	AAG	17
143	AAR	2
144	CTA	14382
144	CTG	68
144	TTA	24
145	GGA	14411
145	GGG	65
146	ACG	9530
146	ACA	4913
146	GCG	21
146	GCA	5
146	ACR	3
146	ACT	3
147	CTC	14428
147	CTT	37
147	CTA	8
147	CTY	3
148	TGT	14333
148	TGC	144
149	GCT	14452
149	GCC	21
149	GCA	4
150	TTG	7763
150	TTA	6679
150	CTA	27
150	CTG	7
151	TGC	12557
151	TGT	1918
152	GAA	7435
152	GAG	7042
153	AAA	14450
153	AAG	22
153	AAR	2
153	ARA	2
154	CAA	14463
154	CAG	12
154	CAR	2
155	GCA	14446
155	GCG	21
155	GCT	8
155	GCC	2
156	TCA	14465
156	TCG	6
156	TCC	3
157	CAT	14453
157	CAC	20
157	TAT	4
158	TCA	14435
158	TCG	27
158	TTA	13
159	CAC	14310
159	CAG	63
159	CAA	51
159	CAT	45
159	TAC	6
160	AGA	7375
160	AGG	7088
160	CGA	9
160	AAG	4
161	GCT	14432
161	GCC	44
162	CAT	14402
162	CAC	71
162	CAY	4
163	AGC	14421
163	AGT	51
163	AAC	2
164	AGA	14194
164	AGG	282
165	GCA	14404
165	GCG	39
165	GCT	32
166	GCG	14244
166	GCA	212
166	GCT	7
166	GTG	4
166	TCG	3
166	GCR	3
166	ACG	3
167	AGA	14427
167	AAA	33
167	AGG	17
168	TCT	7270
168	TCC	7203
168	TCA	3
169	TCA	14397
169	TCG	48
169	TCT	22
169	GCA	7
170	GTG	12119
170	GTA	2345
170	GTT	8
170	GTC	4
171	CCA	7181
171	CCT	7053
171	CCC	229
171	CCG	13
172	GGA	14435
172	GGG	31
172	GAA	10
173	GTG	14362
173	GTA	80
173	GTT	33
173	GTR	2
174	AGA	14372
174	AGG	101
174	AAA	2
174	AGR	2
175	CGG	7308
175	CGA	7052
175	AGA	106
175	AGG	9
176	GAA	14459
176	GAG	18
177	ATG	14464
177	ATA	10
177	ATR	3
178	CAG	14339
178	CAA	134
178	CAR	2
179	ATG	14475
179	ATA	2
180	GTC	14443
180	GTT	32
181	TCA	14426
181	TCG	37
181	TCT	11
181	TYA	2
182	GCT	14466
182	GCC	7
182	GCA	2
182	GCY	2
183	ATG	14468
183	GTG	9
184	AAC	14440
184	AAT	34
184	AGC	3
185	ACA	14462
185	ACT	7
185	ACG	5
185	ACC	2
186	GCA	14423
186	GCC	39
186	GCG	13
186	GTA	2
187	AAA	14452
187	AAG	15
187	AGA	8
188	ACA	14369
188	ACG	63
188	GCA	42
188	ACT	2
189	ATG	14472
189	ATA	4
190	AAT	14464
190	AAC	12
191	GGA	14421
191	GGG	52
191	AGA	2
192	ATG	14459
192	ATA	10
192	ATR	3
192	GTG	3
192	ATT	2
193	GGA	13592
193	GGG	884
194	AAA	14374
194	AAG	94
194	AGA	7
195	GGA	14439
195	GGG	35
196	GAA	14453
196	GAG	23
197	GAC	14340
197	GAT	135
198	GTC	14304
198	GTT	134
198	ATC	33
198	RTC	3
198	GYC	2
199	CAA	14446
199	CAG	27
199	CGA	4
200	AAA	7481
200	AAG	6983
200	AGG	6
200	AGA	3
201	CTG	14288
201	CTA	149
201	TTG	27
201	CTT	9
201	YTG	2
202	GCA	14448
202	GCG	22
202	GCT	3
202	GCW	2
202	TCA	2
203	GAA	14448
203	GAG	26
204	GAA	7618
204	GAG	6858
205	CTG	7576
205	TTG	6833
205	TTA	61
205	CTA	6
206	CAA	14452
206	CAG	25
207	AGC	14352
207	AAC	116
207	AGT	4
207	ACC	2
208	AAC	14431
208	AAT	40
208	AAY	3
208	AGC	2
209	ATT	13142
209	ATC	1297
209	ATA	36
209	ATM	2
210	GGA	14454
210	GGG	15
210	GGT	4
210	AGA	3
211	GTA	7505
211	GTG	6968
211	RTA	2
212	TTG	7401
212	CTG	7043
212	CTA	15
212	TTA	13
212	CTT	4
213	AGA	14458
213	AGG	15
213	CGA	4
214	TCC	7298
214	TCT	7175
214	TCA	3
215	CTT	14386
215	CTG	82
215	ATT	4
215	CTC	3
216	GGG	14354
216	GGA	113
216	GGT	7
216	GGR	3
217	GCA	14440
217	GCG	34
217	ACA	2
218	AGT	14183
218	AGC	250
218	AAT	24
218	GGT	16
218	ART	3
219	CAA	7238
219	CAG	7237
220	AAG	14284
220	AAA	170
220	AGG	19
220	AAR	2
221	AAT	11730
221	AAC	2719
221	AGT	12
221	AGC	9
221	ACT	3
221	AAY	2
221	GAC	2
222	GGG	12538
222	GGA	1920
222	GAG	9
222	AGG	5
222	GGR	4
223	GAA	14468
223	GAG	5
223	GAC	2
224	GGA	7325
224	GGG	7150
225	ATT	14474
225	ATC	2
226	GCA	14444
226	GCG	22
226	GCC	7
226	GCT	2
227	AAG	12751
227	AAA	1699
227	AGG	21
227	RAG	4
228	GAT	14458
228	GAC	19
229	GTA	14311
229	GTG	126
229	KTA	29
229	GTT	5
229	GCA	3
229	ATA	2
230	ATG	14472
230	ATA	3
231	GAA	14471
231	GAG	2
232	GTG	14325
232	GTA	135
232	GCG	12
232	ATG	2
233	CTA	14409
233	CTG	41
233	TTA	25
234	AAG	14281
234	AAA	189
234	AGG	6
235	CAG	14473
235	CAS	2
236	AGC	14477
237	TCT	7426
237	TCC	7036
237	TCA	9
237	TCY	3
237	TCG	2
238	ATG	14474
238	GTG	3
239	GGA	14463
239	GGG	13
240	AAT	14402
240	AAC	69
240	AGT	3
241	TCA	14468
241	TCG	6
242	GCT	14477
243	CTT	14466
243	CTC	10
244	GTG	14415
244	GTA	52
244	ATG	3
244	GTT	3
244	RTG	2
244	GTR	2
245	AAG	14415
245	AAA	51
245	AGG	9
246	AAA	14462
246	AAG	14
247	TAC	7419
247	TAT	7056
248	CTA	14440
248	TTA	18
248	CTG	16
248	YTA	2
249	TAA	14416
249	TGA	61

#PHUKET3073|NA
1	ATG	17638
2	CTA	17628
2	CTG	3
2	TTA	3
2	ATA	2
3	CCT	17450
3	CCC	160
3	TCT	18
3	CTT	5
4	TCA	17595
4	ACA	31
4	TYA	3
4	CCA	3
4	TTA	2
4	YCA	2
5	ACT	17602
5	ACC	30
5	GCT	2
5	ACY	2
6	ATA	17573
6	ACA	26
6	GTA	24
6	ATG	10
6	AYA	2
6	ATT	2
7	CAA	17580
7	CAG	56
8	ACG	17150
8	ATG	346
8	ACA	122
8	GCG	13
8	ACR	4
9	TTA	17556
9	TTG	47
9	CTA	28
9	TTR	3
10	ACC	17604
10	ACT	16
10	ATC	10
10	ACA	5
11	CTA	9690
11	TTA	7932
11	CTG	6
11	TTG	6
12	TTT	17179
12	CTT	367
12	TTC	57
12	GTT	29
12	YTT	2
13	CTC	17585
13	CTT	28
13	CTA	13
13	ATC	6
13	GTC	3
13	YTC	2
14	ACA	17603
14	ACC	13
14	ACT	10
14	ACG	9
15	TCA	17492
15	TTA	96
15	TCG	34
15	TCT	5
15	ACA	5
15	GCA	3
16	GGG	17435
16	GGA	201
17	GGA	17593
17	GGG	25
17	GAA	12
17	GGR	3
17	GRA	2
17	GGT	2
18	GTA	9211
18	GTG	8392
18	ATG	11
18	GTT	8
18	ATA	5
18	GCA	4
18	GCG	4
19	TTA	12495
19	CTA	5045
19	TTG	91
19	ATA	3
19	CTG	3
20	TTA	17503
20	TTG	112
20	CTA	21
21	TCA	17599
21	TTA	24
21	TCG	14
22	CTA	17550
22	CTG	54
22	TTA	26
22	ATA	5
23	TAT	17637
24	GTG	17488
24	GTA	98
24	ATG	29
24	GCG	14
24	TTG	5
24	GTT	3
25	TCA	17617
25	TCG	11
25	TCT	5
25	GCA	2
25	TCR	2
26	GCT	17182
26	GCC	392
26	GTT	53
26	GYT	4
26	ACT	2
27	TCA	17454
27	TTA	145
27	TCG	32
27	TCT	3
28	TTA	8813
28	TTG	8731
28	CTG	58
28	CTA	33
28	TTR	2
29	TCA	17569
29	TCG	65
29	TCC	2
30	TAC	17588
30	TAT	49
31	TTA	17537
31	TTG	99
31	CTA	2
32	CTA	17503
32	TTA	75
32	CTG	43
32	ATA	8
32	TTG	4
32	CTT	3
32	YTA	2
33	TAT	16212
33	TAC	1421
33	TTT	2
34	TCG	17520
34	TTG	65
34	TCA	35
34	TSG	9
34	TYG	4
34	TCT	3
35	GAT	17565
35	GGT	41
35	AAT	17
35	GAC	10
35	GAA	4
36	ATA	17438
36	ATG	129
36	GTA	45
36	ACA	23
37	TTG	17541
37	TTA	76
37	CTG	10
37	TCG	5
37	TTR	3
37	TTT	2
38	CTA	17490
38	CCA	62
38	TTA	50
38	CAA	16
38	CTG	10
38	YTA	3
38	ATA	2
38	CYA	2
39	AAA	17576
39	AGA	29
39	AAG	28
39	AAT	5
40	TTC	8951
40	TTT	8610
40	CTC	42
40	CTT	15
40	TCC	8
40	TCT	4
40	TTA	3
40	TTY	3
41	TCA	17393
41	CCA	169
41	TTA	53
41	TCG	18
42	CCA	8866
42	CGA	7867
42	CAG	429
42	CAA	224
42	TCA	148
42	CTA	27
42	ACA	23
42	CGG	14
42	CCG	10
42	CCC	9
42	AGA	8
42	TTA	6
43	ACA	17532
43	ATA	55
43	ACG	14
43	CCA	12
43	GCA	12
43	AAA	12
44	GAA	17446
44	AAA	82
44	GAG	77
44	GGA	21
44	GAC	7
44	RAA	3
44	GTA	2
45	ATA	9554
45	GTA	7388
45	ACA	428
45	ATT	160
45	ATG	48
45	GCA	25
45	GTG	20
45	GGA	4
45	CTA	3
45	GTC	2
46	ACT	17416
46	ATT	117
46	AAT	27
46	ACC	26
46	GCT	26
46	AGT	9
46	ACA	7
46	CCT	4
46	ACG	2
47	GCA	17518
47	ACA	74
47	GCG	25
47	GTA	13
47	RCA	3
47	GCT	3
48	CCA	17557
48	TCA	53
48	CTA	8
48	CAA	7
48	CCG	5
48	ACA	4
49	ACA	9319
49	ATA	4525
49	ATG	3728
49	GCA	39
49	ACG	9
49	AAA	4
49	GTA	4
49	ACT	2
49	ATT	2
49	ATR	2
50	ATG	17057
50	GTG	332
50	ATA	165
50	ACG	23
50	AGG	21
50	AAG	13
50	CTG	5
50	GTA	4
50	ATT	4
50	TTG	3
50	ATR	2
50	AWG	2
50	RTG	2
50	ACA	2
51	CCA	17403
51	TCA	157
51	CCG	43
51	CTA	16
51	CCT	6
51	TCG	5
51	CAA	3
51	ACA	2
52	TTG	17488
52	TTA	106
52	CTG	21
52	TCG	11
52	GTG	8
52	TTR	2
53	GAT	17479
53	AAT	69
53	GGT	47
53	GAC	38
53	GAG	2
54	TGT	17397
54	TAT	208
54	TGC	18
54	CGT	3
54	GGT	3
54	TRT	3
54	TCC	3
55	GCA	17388
55	ACA	171
55	GTA	52
55	GCG	23
55	TCA	2
56	AAC	17360
56	AAT	247
56	GAC	12
56	AGC	9
56	ACC	4
56	AMC	2
56	AAY	2
57	GCA	17509
57	ACA	46
57	GCG	37
57	GTA	20
57	TCA	14
57	GCT	5
57	GAA	3
57	RCA	3
58	TCA	17492
58	TCG	128
58	CCA	11
58	YCA	4
58	TTA	2
59	AAT	17405
59	AAC	205
59	GAT	18
59	AGT	6
59	AAG	3
60	GTT	12722
60	GTC	4621
60	GCC	175
60	GCT	64
60	ATC	19
60	TTT	12
60	ATT	8
60	CTT	5
60	ACT	5
61	CAG	17077
61	CAT	348
61	CAA	209
62	GCT	17499
62	ACT	71
62	GTT	20
62	GAT	18
62	GCC	10
62	GCG	5
62	GCA	5
62	RCT	3
63	GTG	17342
63	GTA	155
63	ATG	83
63	GCG	29
63	CTG	9
63	RTG	7
63	TTG	4
63	GGG	3
64	AAC	17072
64	AAT	556
64	GAC	7
64	AGC	2
65	CGT	15230
65	CAT	2116
65	CGC	126
65	CTT	73
65	AGT	32
65	TGT	25
65	CAC	24
65	CRT	4
65	CGA	3
65	TAT	2
66	TCT	17568
66	TCA	31
66	TCC	24
66	CCT	6
66	TTT	3
66	TYT	2
67	GCA	16588
67	GTA	944
67	ACA	85
67	GCG	12
67	GCC	4
67	TCA	2
67	GAA	2
68	ACA	16338
68	GCA	1255
68	ACG	18
68	ATA	18
68	ACC	3
68	AYA	3
68	AMA	2
69	AAA	17591
69	GAA	32
69	AAG	12
69	AGA	2
70	GGG	17445
70	GGA	77
70	GAG	61
70	AGG	38
70	GTG	14
70	RGG	2
71	GTG	17057
71	TTG	295
71	GTA	112
71	ATG	93
71	GCG	47
71	GGG	24
71	GTT	3
71	KTG	3
72	ACA	17206
72	ATA	254
72	GCA	107
72	AAA	36
72	ACG	19
72	GAA	4
72	RCA	4
72	GTA	3
73	CTT	9204
73	CCT	7428
73	TTT	863
73	TTC	47
73	ACT	28
73	CAT	27
73	TCT	14
73	CTC	13
73	YTT	6
73	ATT	5
74	CTT	17463
74	CCT	75
74	CTC	61
74	TTT	18
74	ATT	6
74	YTT	4
74	CTA	3
74	CYT	3
74	CGT	2
74	CCC	2
75	CTC	17493
75	TTC	59
75	CTT	35
75	CTA	16
75	ATC	15
75	CCC	9
75	CAC	8
76	CCA	17413
76	CTA	121
76	TCA	70
76	CCG	14
76	CAA	12
76	CYA	3
76	ACA	3
77	GAA	17184
77	GAG	369
77	GGA	47
77	AAA	27
77	RAA	8
77	GAR	2
78	CCG	17390
78	CCA	89
78	CAG	65
78	CTG	43
78	CCC	16
78	TCG	13
78	GCG	6
78	ACG	4
78	CGG	4
78	CYG	3
78	CCK	2
78	CCR	2
79	GAG	17379
79	GAA	202
79	AAG	24
79	GGG	21
79	GTG	7
79	GAT	4
80	TGG	17638
81	ACA	9696
81	ACG	7820
81	ATG	79
81	GCA	15
81	ACT	9
81	GCG	7
81	ATA	7
81	AYG	3
81	AYA	2
82	TAC	17577
82	TAT	50
82	CAC	6
82	TRC	2
82	TAY	2
83	CCG	8999
83	CCT	8478
83	CCC	122
83	CCA	35
83	CCR	3
84	CGT	17536
84	CGC	73
84	CAT	14
84	CTT	9
84	CRT	2
84	CGG	2
85	TTA	17582
85	TTG	42
85	CTA	6
85	TCA	4
85	CCA	2
86	TCT	17617
86	TCC	19
87	TGC	17627
87	TGT	10
88	CCG	17468
88	CCA	61
88	CTG	44
88	CAG	31
88	TCG	12
88	CCT	11
88	CGG	3
89	GGC	17050
89	GGA	521
89	GGT	61
89	GGY	2
89	GGG	2
90	TCA	17580
90	TCG	32
90	TTA	13
90	TCC	4
90	ACA	4
90	TCR	3
90	TYA	2
91	ACC	17470
91	ATC	68
91	ACT	64
91	GCC	17
91	ACA	9
91	AAC	4
91	AYC	3
91	TCC	2
92	TTT	17584
92	TTC	49
92	CTT	3
92	TTY	2
93	CAG	17593
93	CAA	42
93	CAR	2
94	AAA	17540
94	AGA	48
94	AAG	48
95	GCA	17610
95	ACA	11
95	GCG	7
95	GTA	6
96	CTC	15649
96	CTT	1947
96	CTA	23
96	ATC	11
96	CTG	3
96	MTT	2
97	CTA	17586
97	TTA	26
97	CTG	25
98	ATT	17568
98	ATC	49
98	GTT	19
99	AGC	17545
99	AGT	72
99	AAC	16
99	AGY	2
100	CCT	9077
100	CCC	8499
100	TCC	42
100	TCT	12
100	CCY	4
100	CAT	2
101	CAT	17601
101	CAC	37
102	AGA	17577
102	AGG	60
103	TTC	17574
103	TTT	64
104	GGA	17585
104	GGG	45
104	GGR	3
104	RGA	2
104	GGC	2
105	GAA	17468
105	GAG	154
105	RAA	6
105	GAC	5
105	GRA	2
105	AAA	2
106	ACC	16667
106	ATC	829
106	GCC	51
106	AAC	35
106	ACT	33
106	ACA	13
106	ATT	2
106	RCC	2
107	AAA	17526
107	AAG	32
107	AAT	28
107	AGA	22
107	CAA	15
107	AAR	4
107	GAA	4
107	AAC	3
108	GGA	17566
108	GGG	71
109	AAC	17512
109	AAT	84
109	CAC	20
109	AAA	19
109	AAM	2
110	TCA	17629
110	TCC	3
110	TCG	2
110	GCA	2
111	GCT	17383
111	GCC	244
111	GCA	8
111	GCY	2
112	CCC	17587
112	CCT	36
112	CTC	8
112	CCA	6
113	TTG	12464
113	TTA	5144
113	CTG	21
113	TTR	5
113	ATG	2
113	CTA	2
114	ATA	17625
114	GTA	10
114	AYA	2
115	ATA	17531
115	GTA	55
115	ATG	33
115	ACA	14
115	CTA	4
116	AGG	17598
116	AGA	39
117	GAA	17612
117	GAG	18
117	GGA	4
117	GWA	2
118	CCT	17587
118	CCC	32
118	MCT	8
118	ACT	8
118	CCG	3
119	TTT	17599
119	TTC	36
119	TTY	2
120	ATT	10145
120	GTT	5518
120	GTA	1265
120	GTG	654
120	GCT	42
120	ATC	7
120	ATA	2
120	RTT	2
121	GCT	17521
121	GCG	82
121	GCC	24
121	GTT	5
121	TCT	5
122	TGT	17605
122	TGC	30
122	TGY	3
123	GGA	17416
123	GGG	191
123	GAA	19
123	GGT	10
124	CCA	17591
124	TCA	19
124	CCG	9
124	CCC	7
124	ACA	7
124	CTA	5
125	AAT	8775
125	AAG	8099
125	ACG	615
125	AAC	83
125	AAA	39
125	ATG	6
125	GAG	5
125	AGG	4
125	GAT	4
125	AGT	3
125	ACA	2
126	GAA	17492
126	GAG	113
126	GGA	27
126	GAC	3
127	TGC	17447
127	TGT	191
128	AAA	17548
128	AGA	71
128	AAG	15
128	AAC	2
129	CAC	9602
129	CAT	8025
129	TAC	5
129	CAY	2
129	TAT	2
130	TTT	17598
130	TTC	38
130	CTT	2
131	GCT	17595
131	GCC	25
131	TCT	7
131	GCG	7
131	GCA	2
132	CTA	10543
132	TTA	7052
132	CTG	30
132	TTG	8
132	ATA	3
133	ACC	17157
133	ACT	476
133	ACA	2
133	RCC	2
134	CAT	17340
134	CAC	223
134	AAT	64
134	YAT	5
134	CAY	2
134	TAT	2
135	TAT	17593
135	TAC	44
136	GCA	14917
136	GCT	2654
136	GCG	33
136	GCC	22
136	ACA	6
136	GYT	2
136	TCA	2
137	GCC	9073
137	GCT	8542
137	GCA	6
137	ACC	4
137	GCY	3
137	TCC	3
137	ACT	2
138	CAA	17588
138	CAG	39
138	CRA	4
138	MAA	2
138	CAC	2
138	CAR	2
139	CCA	17621
139	CCG	8
139	CCT	6
139	YCA	2
140	GGG	17598
140	GGA	35
140	GGT	2
141	GGA	17346
141	GGG	243
141	GAA	24
141	AGA	16
141	GGT	3
141	GGR	3
141	RGA	2
142	TAC	17147
142	TAT	487
142	TAY	3
143	TAC	15771
143	TAT	1866
144	AAT	17617
144	AAC	14
144	TAT	3
144	AAA	2
145	GGA	17556
145	GGG	56
145	RGA	14
145	GGT	4
145	GAA	3
145	AGA	3
145	GRA	2
146	ACA	17604
146	ACG	11
146	AMA	7
146	AYA	5
146	RCA	4
146	AAA	3
147	AGA	13919
147	AGG	3714
148	GGA	8988
148	GAA	8594
148	GAG	18
148	GGG	15
148	GRA	6
148	AGA	5
148	AAA	5
148	AAG	4
149	GAC	17582
149	RAC	35
149	GAT	12
149	GRC	5
149	AAC	2
150	AGA	17616
150	AGG	19
151	AAC	17568
151	AAT	57
151	AGC	5
151	ACC	5
151	AMC	2
152	AAG	17505
152	AAA	106
152	AGG	19
152	AAT	4
152	AAR	2
153	CTG	17366
153	CTA	195
153	TTG	64
153	ATG	5
153	CTT	5
153	CTR	3
154	AGG	17596
154	AGA	37
154	AAG	4
155	CAT	17581
155	CAC	56
156	CTA	17563
156	CTG	42
156	TTA	27
156	YTA	2
157	ATT	17585
157	ATC	36
157	GTT	8
157	ACT	8
158	TCA	17628
158	TCG	7
158	TCT	2
159	GTC	17573
159	GTT	38
159	GCC	10
159	GTA	7
159	ATC	6
159	GTY	3
160	AAA	17591
160	AGA	15
160	AAG	10
160	AAC	8
160	GAA	7
160	ACA	4
160	AAT	2
161	TTG	17540
161	CTG	36
161	ATG	30
161	TTA	28
161	TTR	2
162	GGC	17346
162	GGA	190
162	GGT	80
162	GGG	18
163	AAA	17590
163	AAG	27
163	AGA	15
163	AAR	2
163	GAA	2
164	ATC	17492
164	ATA	69
164	ATT	53
164	GTC	21
164	WTC	2
165	CCA	17560
165	CCG	38
165	CTA	30
165	TCA	3
165	CAA	3
165	CCC	2
166	ACA	17278
166	ACG	215
166	ACT	127
166	ACC	12
166	ATA	4
167	GTA	17605
167	GTG	28
167	GTC	2
167	GTR	2
168	GAA	10352
168	GAG	7278
168	GGA	5
168	GAC	2
169	AAC	17546
169	AAT	71
169	ACC	13
169	AGC	7
170	TCC	9748
170	TCT	7881
170	TCA	5
171	ATT	13981
171	ATG	3527
171	ATA	43
171	GTG	42
171	ATC	26
171	GTT	10
171	AAT	4
172	TTC	17514
172	TTT	107
172	CTC	13
173	CAC	17454
173	CAT	184
174	ATG	17627
174	ATA	8
175	GCA	17481
175	ACA	112
175	GCG	26
175	GCC	6
175	TCA	5
175	GYA	3
175	GCT	2
175	RCA	2
176	GCA	9053
176	GCT	8527
176	GCC	48
176	GCG	7
176	GCW	2
177	TGG	17638
178	AGC	17491
178	AGT	143
178	AGY	3
179	GGG	17561
179	GGA	73
179	GGT	2
180	TCC	17519
180	TCT	97
180	TCA	20
181	GCA	9552
181	GCG	8026
181	GCT	49
181	GCR	8
182	TGC	17380
182	TGT	252
182	TGY	6
183	CAT	17576
183	CAC	57
183	AAT	4
184	GAT	17616
184	GAC	20
185	GGT	17562
185	GGC	64
185	GGG	8
185	GGA	4
186	AAG	8848
186	AGA	7930
186	AAA	787
186	AGG	61
186	AAT	3
186	AAR	2
186	GAG	2
186	AGR	2
187	GAA	17535
187	GAG	93
187	AAA	3
187	GRA	2
187	GGA	2
188	TGG	17637
189	ACA	9705
189	ACT	7895
189	ATA	16
189	ACG	9
189	ACC	7
189	ATT	4
190	TAT	9972
190	TAC	7663
191	ATC	17296
191	ATT	165
191	ATA	109
191	GTC	61
191	ACC	3
191	RTC	2
192	GGA	17518
192	GGG	95
192	GGC	21
192	GGT	3
193	GTT	17579
193	ATT	44
193	GTC	9
193	GTG	5
194	GAT	17611
194	GAC	24
194	GAA	2
195	GGC	17279
195	GGT	318
195	GGG	21
195	GGA	18
195	GGY	2
196	CCT	9070
196	CCA	7499
196	CCC	1028
196	TCT	11
196	CAT	6
196	TCA	5
196	CCY	3
196	TCC	3
196	CAA	3
196	CYT	2
196	CCG	2
197	GAC	17545
197	AAC	47
197	GAT	33
197	GAA	11
197	KAC	2
198	AAT	9113
198	AGT	8402
198	AGC	82
198	AAC	20
198	CAT	5
198	ATT	5
198	ART	3
198	CGT	3
198	GGT	2
199	AAT	17439
199	GAT	154
199	AGT	19
199	AAC	13
199	AAA	7
199	RAT	2
200	GCA	17599
200	GCG	17
200	GCT	7
200	ACA	5
200	TCA	3
200	GCR	2
200	RCA	2
201	TTG	17471
201	TTA	111
201	CTG	45
201	TTT	2
201	TTR	2
201	YTG	2
202	CTC	17597
202	CTT	22
202	ATC	15
202	CTA	3
203	AAA	17623
203	AAG	13
204	ATA	9299
204	GTA	8329
204	GTG	6
204	RTA	2
205	AAA	17558
205	AAG	76
205	AGA	3
206	TAT	17615
206	TAC	23
207	GGA	17515
207	GGG	119
207	GGT	2
208	GAA	17392
208	GAG	240
209	GCA	17586
209	ACA	25
209	GCG	15
209	GTA	7
209	RCA	2
210	TAT	17554
210	TAC	53
210	TTT	27
210	TAY	2
210	CAT	2
211	ACT	17599
211	ACC	15
211	ACA	11
211	ATT	9
211	GCT	4
212	GAC	17576
212	GAT	57
212	GAA	2
213	ACA	17125
213	ACG	350
213	GCA	151
213	ACT	3
213	ATA	3
213	AMA	2
214	TAC	17293
214	TAT	334
214	CAC	8
215	CAT	17564
215	CAC	38
215	TAT	11
215	CGT	10
215	YAT	4
215	CTT	3
215	CCT	2
215	AAT	2
215	CAG	2
216	TCC	17584
216	TCT	47
216	TCA	4
216	TCY	2
217	TAT	17620
217	TAC	16
217	TTT	2
218	GCA	16912
218	GCT	653
218	GAA	45
218	GCG	13
218	TCA	9
218	GTA	2
218	GMA	2
219	AAC	9042
219	AAA	8550
219	AAT	28
219	AAG	5
219	AGA	4
219	ACC	3
219	GAC	2
220	AAC	15930
220	AAA	1662
220	AAT	19
220	AAG	10
220	AGC	6
220	AAM	3
220	GAA	3
220	AAY	2
220	GAC	2
221	ATC	17496
221	ATT	73
221	GTC	28
221	ATA	20
221	ACC	14
221	ATM	3
221	ATY	2
221	GTT	2
222	CTA	17465
222	TTA	156
222	CTG	15
223	AGA	9110
223	AGG	8524
223	CGA	2
224	ACA	17614
224	ACG	21
224	ACT	2
225	CAA	17628
225	CAG	10
226	GAA	17549
226	GAG	89
227	AGT	17620
227	AGC	18
228	GCC	17111
228	GCA	301
228	GCS	129
228	GCT	87
228	ACC	3
228	RCC	2
228	GTC	2
229	TGC	17550
229	TGT	85
229	TGY	3
230	AAT	17587
230	AAC	33
230	AGT	17
231	TGC	17607
231	TGT	30
232	ATC	17437
232	ATT	117
232	ATA	60
232	CTC	10
232	GTC	7
232	ATG	5
232	ATM	2
233	GGG	17205
233	GGA	228
233	AGG	151
233	GAG	20
233	GGR	13
233	TGG	9
233	RGG	7
233	AGA	4
234	GGA	17550
234	GGG	50
234	GGT	37
235	AAT	9018
235	GAT	8539
235	AAC	52
235	GAC	16
235	RAT	5
235	AGT	4
235	ACT	3
236	TGT	17612
236	TGC	23
236	TGY	3
237	TAT	16737
237	TAC	900
238	CTA	7908
238	CTG	7353
238	CTT	2290
238	TTG	37
238	TTA	34
238	CTC	10
238	CTR	2
239	ATG	17637
240	ATA	17526
240	GTA	104
240	RTA	3
240	ACA	2
241	ACT	17623
241	ACA	11
241	ACC	4
242	GAT	17623
242	GAC	13
242	GAY	2
243	GGC	17549
243	GGA	48
243	GGT	39
244	TCA	9063
244	CCA	8545
244	TCG	14
244	CCG	4
244	TTA	3
244	CTA	3
244	ACA	2
245	GCT	17594
245	GCC	24
245	GCG	11
245	TCT	6
245	ACT	2
246	TCA	17435
246	ACA	161
246	TCT	25
246	TTA	7
246	TCG	4
246	GCA	2
246	YCA	2
247	GGT	9031
247	GGG	8527
247	GGA	50
247	GAT	13
247	AGT	6
247	GRT	3
247	GGC	3
247	RGT	2
248	GTT	9718
248	ATT	7758
248	GTG	131
248	ATC	9
248	GTC	7
248	ACT	5
248	GTA	3
248	AYT	2
249	AGT	17598
249	AGC	34
249	AAT	5
250	GAA	17401
250	GAG	209
250	AAA	18
250	GAC	4
250	RAA	2
250	AGA	2
251	TGC	17602
251	TGT	35
252	AGA	17527
252	AGG	87
252	AAA	18
252	ARA	4
252	CGA	2
253	TTT	9135
253	TTC	8500
254	CTT	17491
254	CTC	126
254	ATT	12
254	CTA	7
255	AAG	17465
255	AAA	172
256	ATT	17588
256	ATC	37
256	GTT	7
256	ACT	3
257	CGA	17113
257	CGG	405
257	AGA	76
257	CAA	32
257	CGT	5
257	MGA	3
257	CRA	2
257	CTA	2
258	GAG	17131
258	GAA	497
258	AAG	4
258	GAR	3
258	RAG	2
259	GGC	17547
259	GGT	75
259	GGA	9
259	GGG	7
260	CGA	17003
260	AGA	603
260	CGG	17
260	CAA	7
260	CTA	4
260	MGA	2
261	ATA	17617
261	GTA	15
261	ATC	3
262	ATA	17409
262	GTA	145
262	ATG	53
262	ACA	25
262	RTA	3
263	AAA	17608
263	AGA	25
263	ACA	2
263	ARA	2
264	GAA	17591
264	GAG	43
264	GTA	2
265	ATA	17622
265	ATT	8
265	GTA	4
265	ATC	4
266	TTT	17564
266	TTC	37
266	CTT	18
266	TCT	10
266	GTT	5
266	TAT	2
267	CCA	17580
267	CCG	49
267	CCT	7
267	CTA	2
268	ACA	17522
268	ATA	41
268	AAA	26
268	GCA	19
268	ACG	19
268	ACT	5
268	RCA	2
268	AYA	2
269	GGA	17496
269	GGG	142
270	AGA	17587
270	AGG	44
270	CGA	5
271	GTA	17417
271	ATA	136
271	ACA	38
271	GTG	35
271	GTT	7
271	GCA	2
272	AAA	17337
272	AAG	200
272	CAA	69
272	GAG	12
272	GAA	12
272	AGA	4
272	ACA	3
273	CAT	9055
273	CAC	8556
273	TAT	9
273	AAT	5
273	CAY	3
273	CAA	3
273	TAC	2
273	AAC	2
273	YAT	2
274	ACT	17586
274	ACG	29
274	ACA	14
274	ACC	8
275	GAG	17330
275	GAA	308
276	GAA	15493
276	GAG	2143
277	TGC	17573
277	TGT	65
278	ACA	17626
278	ACG	5
278	ACC	4
279	TGC	17538
279	TGT	95
279	TGY	5
280	GGA	17586
280	GGG	49
280	GGC	2
281	TTT	17619
281	TTC	12
281	CTT	5
282	GCC	17378
282	GCT	245
282	GCA	11
283	AGC	16676
283	GGC	762
283	AGT	147
283	AAC	47
283	GAC	3
284	AAT	9035
284	AAC	8592
284	AGT	6
284	ART	2
285	AAA	17574
285	AAG	26
285	GAA	25
285	AGA	8
285	AAR	2
286	ACC	17489
286	ACA	102
286	ACT	24
286	ATC	15
286	GCC	2
286	ACM	2
287	ATA	17605
287	GTA	11
287	ATT	11
287	CTA	6
287	ATG	3
288	GAA	17585
288	GAG	52
289	TGT	17618
289	TGC	18
290	GCC	16810
290	GCT	731
290	GTC	33
290	GCA	33
290	ACC	26
290	GYC	2
291	TGT	17532
291	TGC	104
292	AGA	17627
292	AGG	9
293	GAT	9695
293	GAC	7941
294	AAC	17584
294	AAT	50
294	AGC	3
295	AGT	8621
295	AGG	7724
295	CGT	1021
295	AAG	117
295	AGA	73
295	AAT	40
295	CAT	15
295	AGC	13
295	ATT	3
295	AGR	2
295	ATG	2
295	GGT	2
295	CGC	2
296	TAC	17607
296	TAT	24
296	CAC	3
296	TTC	2
297	ACA	17608
297	ACC	19
297	ACG	7
298	GCA	17611
298	GCC	9
298	GCG	7
298	GCT	6
298	TCA	2
299	AAA	17590
299	AAG	45
299	AGA	2
300	AGA	17516
300	AGG	120
301	CCC	9202
301	CCT	8428
301	CCY	3
301	CCG	2
302	TTT	17613
302	TTC	24
303	GTC	17573
303	GCC	31
303	GTT	16
303	GTA	11
303	ATC	6
304	AAA	17623
304	AAG	13
305	TTA	17404
305	CTA	158
305	TTG	73
306	AAC	8915
306	AAT	8675
306	AGC	29
306	GAC	9
306	AGT	4
306	GAT	2
306	AAA	2
307	GTG	17585
307	ATG	17
307	GTA	16
307	GTT	8
307	TTG	6
307	RTG	3
308	GAG	17146
308	GAA	416
308	GAT	58
308	AAG	8
308	RAG	4
308	GAR	2
309	ACT	17559
309	ACC	27
309	GCT	13
309	ATT	13
309	TCT	11
309	ACA	7
309	AAT	3
309	AYT	2
310	GAT	17390
310	GAC	246
311	ACA	17534
311	ACG	38
311	GCA	22
311	TCA	18
311	AAA	11
311	ATA	8
311	ACT	3
312	GCA	9202
312	GCG	8405
312	GCT	18
312	GCC	5
312	TCA	4
312	GCR	2
313	GAA	17589
313	GAG	38
313	AAA	3
313	GAC	2
314	ATA	17634
314	GTA	2
315	AGA	11222
315	AGG	6273
315	AAA	92
315	GGA	17
315	AAG	15
315	CGA	10
315	AGR	3
315	ARA	2
316	TTG	17420
316	TTA	146
316	CTG	66
316	TTR	3
316	YTG	2
317	ATG	17636
318	TGC	17283
318	TGT	353
319	ACA	17604
319	ACG	25
319	ACT	6
320	GAT	8507
320	AAG	7465
320	GAG	1268
320	GAC	324
320	AAA	40
320	AAT	14
320	AGG	8
320	GAA	5
320	RAT	2
321	ACT	16225
321	ACC	1403
321	ACG	4
321	ACA	3
322	TAT	17612
322	TAC	25
323	TTG	17582
323	TTA	39
323	CTG	11
323	TTR	5
324	GAC	17616
324	GAT	21
325	ACC	17243
325	ACT	278
325	AAC	107
325	ACA	6
326	CCC	17229
326	CCT	403
326	CCA	4
327	AGA	17522
327	AGG	112
328	CCA	17616
328	CCG	17
328	CCT	2
329	AAT	16590
329	GAT	890
329	AAC	106
329	AGT	24
329	GAG	11
329	AAA	7
329	RAT	3
330	GAT	17631
330	GAC	6
331	GGA	17460
331	GGG	169
331	RGA	3
331	GGT	2
332	AGC	17549
332	AGT	77
332	GGC	7
332	ARC	3
333	ATA	17586
333	ACA	36
333	GTA	7
333	AYA	4
333	ATG	2
333	ATC	2
334	ACA	17536
334	GCA	28
334	ATA	23
334	ACT	19
334	ACG	12
334	AAA	11
334	AAG	3
334	AYA	2
335	GGC	8782
335	GGG	8768
335	GGT	67
335	GGA	17
336	CCT	17540
336	CCC	62
336	TCT	17
336	CTT	7
336	YCT	3
336	CAT	3
336	ACT	2
337	TGT	9233
337	TGC	8403
338	GAA	17557
338	GAG	29
338	GGA	26
338	GAC	12
338	GAT	9
338	AAA	2
339	TCT	17561
339	TCC	36
339	TAT	13
339	TTT	9
339	TCA	8
339	ACT	5
339	GCT	3
339	TYT	2
340	GAT	15989
340	AAT	1591
340	GAC	28
340	AAC	13
340	RAT	7
340	GAA	5
340	GAG	2
341	GGG	12570
341	GGA	5066
342	GAC	10974
342	AAA	3613
342	AAC	2667
342	GGC	125
342	GAA	85
342	AAT	63
342	AGC	44
342	GAT	41
342	TAC	6
342	ACC	5
342	RAC	5
342	AGG	3
343	AAA	9572
343	GAA	7945
343	AAG	63
343	GAG	42
343	AAC	3
343	AGA	3
343	GGA	3
343	RAA	2
344	GGG	17331
344	GGA	295
344	TGG	2
344	RGA	2
344	GGT	2
344	RGG	2
345	AGT	17407
345	AAT	171
345	GGT	34
345	AGC	11
345	CTT	4
345	CGT	3
345	ART	2
345	GGG	2
346	GGA	17480
346	GGG	66
346	GAA	42
346	AGA	41
346	GRA	3
346	GGC	3
346	GGT	2
347	GGC	17606
347	GGT	18
347	GGA	12
348	ATC	17363
348	ATA	192
348	GTC	41
348	ATT	37
348	ACC	3
349	AAG	17463
349	AAA	170
349	AAR	4
350	GGA	17617
350	GGG	17
351	GGA	17382
351	GGG	233
351	GGC	16
351	GGT	5
352	TTT	17627
352	TTC	6
352	CTT	2
352	YTT	2
353	GTT	17427
353	GTC	202
353	GTA	3
353	GCT	2
354	CAT	9743
354	CAC	7892
354	CAY	2
355	CAA	17624
355	CAG	12
356	AGA	17522
356	AGG	115
357	ATG	17581
357	ATA	21
357	ACG	15
357	CTG	10
357	GTG	4
357	AGG	2
357	ACA	2
358	GCA	9077
358	AAA	7885
358	GAA	505
358	ACA	68
358	GTA	57
358	GCG	15
358	AGA	7
358	GCT	6
358	AAG	4
358	GCC	4
358	GMA	3
358	RCA	2
359	TCC	17504
359	TCT	49
359	CCC	31
359	TCA	24
359	TTC	18
359	ACC	6
359	GCC	4
360	AAG	17449
360	AAA	131
360	AAT	19
360	AGG	13
360	GAG	13
360	CAG	7
360	ACG	2
361	ATT	17598
361	GTT	24
361	ATC	8
361	ACT	5
361	AYT	2
362	GGA	17067
362	GGG	562
362	GCA	3
362	GGR	2
362	GGT	2
363	AGG	17455
363	AGA	180
363	AGR	2
364	TGG	17637
365	TAC	17605
365	TAT	32
366	TCT	17250
366	TCC	386
367	CGA	10148
367	CGG	7420
367	AGG	36
367	AGA	31
368	ACG	17328
368	ACA	274
368	ACT	26
368	ACR	8
369	ATG	17374
369	ATA	167
369	GTG	56
369	ATT	19
369	ACG	14
369	TTG	3
370	TCT	17344
370	TCC	251
370	TCA	36
370	TCY	3
371	AAA	16102
371	CAA	1208
371	AAG	268
371	GAA	38
371	AGA	10
371	CAG	4
371	AGG	3
372	ACT	17034
372	ACC	484
372	AAT	73
372	ATT	16
372	GCT	9
372	ACA	7
372	ACG	7
372	ACY	4
372	AMT	2
373	GAA	9014
373	CAA	4789
373	AAA	3786
373	CAG	27
373	GAG	7
373	GGA	6
373	AGA	5
373	ACA	2
374	AGG	8973
374	AGA	8652
374	CGG	6
374	AGR	2
375	ATG	17124
375	AAG	450
375	AGG	32
375	ATA	18
375	GTG	6
375	RTG	2
375	AAA	2
376	GGG	17479
376	GGA	155
376	GGR	2
377	ATG	17636
378	GGA	17168
378	GAA	241
378	GGG	217
378	AGA	4
378	GGC	2
379	CTG	17319
379	CTA	225
379	TTG	77
379	CTT	6
379	YTG	5
379	CTR	3
380	TAT	17607
380	TAC	25
380	TTT	3
381	GTC	8873
381	GTA	8660
381	TTC	49
381	GTG	30
381	GTT	9
381	ATC	7
381	ATA	3
381	GTM	3
382	AAG	17420
382	AAA	191
382	AGG	19
382	AAR	5
383	TAT	17613
383	TAC	17
383	CAT	5
383	TWT	2
384	GAT	10928
384	GGT	6593
384	AAT	71
384	GAC	34
384	RAT	4
384	GGC	3
384	GRT	2
385	GGA	17594
385	GGG	38
385	GGT	2
385	GRA	2
386	GAC	17559
386	AAC	42
386	GAT	30
386	GAY	2
386	GAA	2
387	CCA	17623
387	CCG	6
387	CCT	4
387	CCC	3
388	TGG	17637
389	ACT	8822
389	GCT	8366
389	GCC	205
389	GCA	131
389	ATT	42
389	ACG	24
389	GTT	17
389	ACC	12
389	GCG	5
389	ACA	4
389	GAT	3
389	RCT	2
389	AAT	2
390	GAC	17463
390	GAA	58
390	GAT	55
390	GAM	45
390	AAC	15
391	AGT	17522
391	AGC	74
391	AAT	34
391	ACT	2
391	ART	2
391	GGT	2
392	GAT	8888
392	GAA	8533
392	GGT	137
392	GAC	34
392	GGA	21
392	AAT	11
392	GAG	8
392	RAT	2
392	AAA	2
393	GCC	17575
393	GCA	27
393	GCT	21
393	TCC	7
393	ACC	4
393	GTC	2
394	CTT	9110
394	CTA	8477
394	TTA	22
394	CTC	18
394	CTG	7
394	CTW	2
395	GCT	13695
395	ACT	2288
395	TCT	1151
395	GTT	327
395	GAT	123
395	GCC	21
395	ATT	17
395	ACC	4
395	AAT	2
395	TCC	2
395	RCT	2
396	TTT	8998
396	CTT	8580
396	TTC	21
396	CCT	13
396	CTC	9
396	CTA	4
396	CTG	3
396	TTA	3
396	TTG	2
397	AGT	16992
397	AGG	267
397	CGT	199
397	AAT	69
397	GGT	50
397	AGC	28
397	ATT	18
397	CAT	7
397	ART	3
397	ACT	2
398	GGA	17577
398	GGG	57
398	GGR	2
399	GTA	17130
399	ATA	365
399	GTG	115
399	GTT	10
399	GCA	10
399	GTC	4
400	ATG	17629
400	ATR	2
400	ATA	2
400	MTG	2
401	GTT	16388
401	ATT	1170
401	GTC	48
401	ATC	20
401	GCT	6
401	GTY	3
401	RTT	2
402	TCA	15832
402	CCA	1678
402	TCG	95
402	TCT	13
402	TTA	8
402	TCC	4
402	CCG	3
402	TYA	2
403	ATG	17335
403	ATA	233
403	GTG	43
403	ACG	11
403	AAG	5
403	ATT	3
403	AGG	3
403	TTG	2
404	AAA	8937
404	GAA	8613
404	GGA	27
404	GAG	21
404	AGA	13
404	AAC	8
404	GAC	8
404	AAG	5
404	AAT	2
405	GAA	17541
405	GAG	92
405	RAA	2
406	CCT	17596
406	CCC	21
406	TCT	7
406	CAT	4
406	CCA	3
406	ACT	2
406	CMT	2
407	GGT	17577
407	GGC	45
407	AGT	9
407	GGG	3
407	RGT	2
408	TGG	17637
409	TAT	15866
409	TAC	1770
410	TCC	17476
410	TCT	143
410	TCA	14
410	TCY	2
411	TTT	17623
411	TTC	13
412	GGC	17465
412	GGT	125
412	GGA	43
412	GGY	3
413	TTC	17555
413	TTT	81
414	GAA	17619
414	GAG	14
414	RAA	4
415	ATA	17595
415	ATG	29
415	GTA	10
416	AAA	17542
416	AGA	62
416	AAG	30
416	AGG	2
417	GAT	17398
417	GAC	221
417	AAT	14
417	RAT	2
418	AAG	17468
418	AAA	152
418	AAR	5
418	AGG	4
418	AAT	4
419	AAA	17558
419	AGA	31
419	AAG	19
419	GAA	18
419	AAT	4
419	AAC	3
419	RAA	2
420	TGC	8823
420	TGT	8813
421	GAT	17629
421	GAC	8
422	GTC	17518
422	GTT	93
422	ATC	21
422	GTA	2
423	CCC	17569
423	CCT	53
423	CCA	11
423	CCY	2
424	TGT	17543
424	TGC	89
424	TGY	5
425	ATT	17557
425	ATC	36
425	ATA	36
425	GTT	6
426	GGG	17560
426	GGA	73
426	GGT	3
427	ATA	17441
427	ATT	126
427	GTA	62
427	ATG	4
427	TTA	2
428	GAG	9073
428	GAA	8564
429	ATG	17628
429	ATA	5
429	ATT	2
430	GTA	17527
430	GTG	100
430	GCA	5
430	GTR	2
431	CAT	17607
431	CAC	23
431	MAT	5
431	AAT	2
432	GAT	17581
432	GAC	45
432	GRT	4
432	RAT	2
432	AAT	2
432	GGT	2
433	GGT	17571
433	GGC	33
433	GGG	9
433	GAT	9
433	AGT	9
433	TGT	2
433	GGK	2
433	RGT	2
434	GGA	8938
434	GGG	8685
434	GAA	3
434	GAG	3
434	AGA	3
434	GGC	2
435	AAA	17293
435	AAG	268
435	AGA	61
435	AGG	4
435	GAA	4
435	ARA	2
435	AAC	2
436	GAG	9037
436	ACG	8420
436	ACA	68
436	ACT	27
436	ATG	26
436	AAG	19
436	GAA	12
436	GCG	7
436	GGG	5
436	RAG	3
436	RCG	3
436	MCG	2
436	CCG	2
436	TCG	2
436	GAR	2
437	ACT	17488
437	ACC	124
437	ATT	12
437	ACG	7
437	GCT	3
438	TGG	17637
439	CAC	17586
439	CAT	47
439	CGC	2
440	TCA	17581
440	TCG	39
440	TCC	14
440	TYA	2
441	GCA	10231
441	GCG	7375
441	GCT	13
441	TCG	4
441	ACG	4
441	GCK	2
441	ACA	2
441	GYG	2
441	GCR	2
442	GCA	17445
442	GCT	163
442	GCG	19
442	ACA	5
442	RCA	2
442	GCC	2
443	ACA	17606
443	ACG	17
443	ATA	6
443	ACT	4
443	ACC	2
444	GCC	17556
444	GTC	25
444	ACC	20
444	GCT	16
444	GCA	8
444	TCC	6
444	RCC	3
444	GCM	2
445	ATT	17486
445	ATC	88
445	GTT	55
445	ATA	3
445	TTT	2
446	TAC	17102
446	TAT	533
447	TGT	17596
447	TGC	41
448	TTA	17529
448	TTG	93
448	CTA	14
449	ATG	17622
449	GTG	8
449	RTG	2
450	GGC	17584
450	GGA	26
450	GGT	20
450	GGM	3
450	GGG	2
451	TCA	17606
451	TCG	18
451	TCT	5
451	ACA	3
451	YCA	2
452	GGA	17561
452	GGG	36
452	GAA	27
452	AGA	6
452	GGC	3
452	GGT	2
453	CAG	8984
453	CAA	8624
453	CAT	11
453	CGA	9
453	CGG	7
454	CTG	16617
454	TTG	834
454	CTA	154
454	ATG	11
454	TTA	9
454	CCG	3
454	CTT	2
454	YTG	2
454	CTC	2
455	CTG	17439
455	CTA	91
455	TTG	83
455	ATG	9
455	CTT	5
455	CAG	3
455	CTR	2
455	YTG	2
456	TGG	17631
456	GGG	4
457	GAC	17589
457	AAC	34
457	RAC	10
457	GAT	2
458	ACT	17334
458	ACA	282
458	ACC	14
458	GCT	3
458	ACG	2
459	GTC	17541
459	GTT	39
459	ATC	34
459	GCC	15
459	GYC	5
459	CTC	2
460	ACA	17576
460	ACG	31
460	ACT	12
460	ACC	7
460	GCA	6
460	GCG	4
461	GGT	17551
461	GGC	81
461	GGA	2
462	GTT	17292
462	GTC	332
462	ATT	4
462	GTA	3
462	RTT	3
462	GTY	2
463	GAC	8649
463	AAT	8009
463	GAT	733
463	AAC	233
463	RAT	4
463	GRC	2
463	TAT	2
464	ATG	17487
464	ATA	134
464	ATR	5
464	AYG	4
464	RTG	3
464	ACG	2
465	GCT	9629
465	ACT	7942
465	GTT	28
465	ACC	19
465	AAT	4
465	GMT	3
465	RCT	3
465	GAT	2
465	TCT	2
465	ATT	2
466	CTG	17238
466	CTA	297
466	TTG	75
466	CAG	17
466	ATG	5
466	CTR	2
466	CTT	2
467	TAA	17524
467	TGA	65
467	TAG	12

#PHUKET3073|NB
1	ATG	15338
1	ACG	2
2	AAC	15332
2	GAC	8
3	AAT	15339
3	GAT	2
4	GCT	15337
4	GTT	2
5	ACC	15315
5	ATC	16
5	ACT	5
6	TTC	15244
6	CTC	55
6	TAC	31
6	TTY	3
6	TCC	3
6	TYC	2
7	AAC	15337
7	AGC	2
8	TAT	15266
8	TAC	24
8	TGT	23
8	CAT	23
8	CAC	2
9	ACA	15328
9	GCA	9
9	TCA	2
10	AAC	15241
10	GAC	54
10	AAT	29
10	AGC	13
11	GTT	15194
11	ATT	114
11	GCT	26
11	RTT	4
12	AAC	15290
12	GAC	36
12	AAT	9
12	RAC	3
13	CCT	7841
13	CTT	7482
13	TCT	14
13	ATT	2
14	ATT	14930
14	ACT	367
14	AGT	29
14	GTT	10
14	AYT	2
15	TCT	15298
15	CCT	33
15	TAT	4
15	TGT	2
16	CAC	15305
16	TAC	23
16	AAC	11
17	ATC	15239
17	ATT	62
17	CTC	13
17	TTC	10
17	GTC	9
17	AAC	3
17	AGC	2
18	AGG	15304
18	GGG	30
18	TGG	4
19	GGG	15149
19	AGG	177
19	GGA	10
20	AGT	15287
20	GGT	25
20	AAT	14
20	AGC	8
20	RGT	3
20	TGT	2
21	ATT	7746
21	GCT	4625
21	GTT	2809
21	ACT	151
21	TTT	5
21	AAT	3
22	ATT	15270
22	GTT	47
22	ACT	20
23	ATC	15206
23	GTC	110
23	ATT	23
24	ACT	15306
24	ATT	16
24	GCT	12
24	AAT	4
25	ATA	15311
25	GTA	29
26	TGT	15299
26	TAT	27
26	TGC	12
27	GTC	15250
27	ATC	87
27	GGC	2
28	AGC	15287
28	AGT	27
28	GGC	10
28	TGC	5
28	AGY	4
28	AAC	2
28	RGC	2
29	TTC	14897
29	CTC	381
29	TTT	55
29	CTT	4
30	ATT	15267
30	ACT	37
30	GTT	31
30	TTT	3
31	GTC	7675
31	ATC	7663
32	ATA	15274
32	GTA	62
32	CTA	2
33	CTT	15296
33	TTT	43
34	ACT	15180
34	GCT	91
34	ATT	60
34	AAT	8
35	ATA	15301
35	GTA	32
35	TTA	3
35	ATT	2
36	TTC	13892
36	CTC	1411
36	TTT	33
36	TTY	2
37	GGA	15267
37	AGA	32
37	GGG	23
37	GAA	14
37	TGA	3
38	TAT	15263
38	TGT	41
38	TAC	18
38	CAT	9
38	AAT	4
39	ATT	15197
39	GTT	123
39	ACT	10
39	ATC	4
40	GCT	15149
40	GCC	61
40	ACT	57
40	GTT	45
40	GCA	14
40	GYT	2
40	RCT	2
40	TCT	2
40	GAT	2
41	AAA	15309
41	AAG	17
41	GAA	10
42	ATT	15245
42	ACT	49
42	GTT	25
42	ATC	11
42	TTT	5
43	CTC	7644
43	TTC	7619
43	CCC	31
43	TTT	21
43	CTT	10
43	TCC	8
43	YTC	3
44	ACC	7617
44	ACG	7431
44	ACA	176
44	ATC	38
44	ACT	27
44	AAC	14
44	GCC	13
44	AAG	7
44	GCG	6
44	ATT	4
45	AAC	15094
45	GAC	164
45	AAT	55
45	AGC	10
45	ACC	5
45	AAA	4
45	CAC	2
46	AGA	15237
46	AAA	65
46	AGG	16
46	GGA	14
46	ARA	3
46	AGT	2
47	AAT	7526
47	AGT	7331
47	AAC	366
47	GGT	70
47	AGC	25
47	CGT	6
47	AGG	4
47	GAT	3
48	AAC	15084
48	AAT	102
48	GAC	61
48	TAC	27
48	AAA	22
48	AGC	21
48	AAG	9
48	ACC	3
48	CAC	3
49	TGC	15230
49	TAC	73
49	CGC	14
49	TGT	9
49	AGC	6
49	TRC	3
50	ACC	15250
50	ATC	48
50	GCC	20
50	ACA	7
50	ACT	6
50	AAC	3
51	AAC	7981
51	AAT	7338
51	AGC	5
51	GAT	4
51	AGT	4
52	AAT	11291
52	GAT	3649
52	AGT	285
52	GGT	46
52	AAC	15
52	GAA	11
52	GAG	10
52	AAG	7
52	GTT	3
52	GCT	3
52	RAT	3
52	GAC	3
52	ART	2
52	TAT	2
52	AAA	2
53	GCC	15124
53	ACC	158
53	GTC	27
53	GCT	13
53	TCC	4
53	GCA	3
53	GAC	2
53	RCC	2
54	ATT	15275
54	GTT	32
54	ACT	14
54	TTT	6
54	AGT	4
54	ATC	2
55	GGA	15195
55	GAA	62
55	AGA	38
55	GGG	38
56	TTG	15106
56	TTA	184
56	CTG	33
56	TGG	3
56	TCG	3
56	TTR	3
56	GTG	2
57	TGC	15263
57	TAC	33
57	TGT	27
57	CGC	11
58	AAA	15305
58	GAA	11
58	AGA	9
58	AAG	5
58	AAM	2
58	AAC	2
59	CGC	15061
59	TGC	191
59	CAC	41
59	CGT	18
59	CTC	14
59	CGA	3
59	CRC	3
59	YGC	2
60	ATC	15281
60	GTC	35
60	ACC	11
60	TTC	4
60	ATT	2
60	AYC	2
61	AAA	15195
61	GAA	127
61	AGA	10
61	AAG	2
62	TGT	14860
62	TGC	231
62	CGT	194
62	TAT	23
62	TTT	8
62	TAC	5
62	TCT	5
62	GGT	3
62	CAT	2
63	TCA	10523
63	CCA	4807
64	GGC	15019
64	AGC	197
64	GAC	64
64	GGT	18
64	GGA	17
64	TGC	10
64	TAC	2
65	TGT	15200
65	TAT	69
65	TGC	27
65	TCT	9
65	TRT	7
65	AGT	4
65	CGT	3
65	TGG	3
65	GGT	3
65	TTT	2
66	GAA	15199
66	AAA	125
66	GGA	6
66	GAG	2
67	CCG	13032
67	CCA	1945
67	TCG	199
67	CCT	71
67	TCA	30
67	CAG	30
67	CTG	22
67	CCR	4
68	TTC	15185
68	CTC	133
68	TCC	5
68	ATC	3
68	TTT	3
68	TTY	2
69	TGC	14270
69	TGT	937
69	TAC	67
69	AGC	31
69	CGC	24
69	TTC	2
70	AAC	14510
70	AGC	790
70	AAT	18
70	CAC	4
70	GAC	3
70	AAY	3
70	AAM	2
71	AAA	15281
71	AGA	29
71	GAA	17
71	CAA	3
71	AAG	2
72	AGG	15231
72	AGA	46
72	AAG	28
72	AGT	14
72	GGG	12
73	GGT	14839
73	GTT	287
73	GAT	72
73	AGT	59
73	GGC	47
73	GGG	21
73	GKT	3
74	GAC	14928
74	GAT	159
74	GGC	91
74	AAT	77
74	AAC	31
74	GAA	30
74	GGA	4
74	GGT	3
74	GRC	3
74	TAC	2
75	ACT	7491
75	ACC	7370
75	ATT	386
75	AAC	28
75	ACA	27
75	ATC	13
75	AYT	5
75	AAT	4
75	GCC	3
75	GCT	2
76	TCT	15173
76	TCC	72
76	CCT	56
76	TTT	17
76	TAT	5
76	TYT	4
76	TCY	3
76	TCG	2
77	TCT	15200
77	TTT	56
77	CCT	53
77	TCA	8
77	TAT	6
77	TCC	4
77	ACT	3
78	CCC	15083
78	CCT	121
78	CTC	67
78	TCC	28
78	ACC	16
78	CCA	11
78	CAC	3
78	CCY	2
79	AGA	15240
79	AGG	46
79	AAA	27
79	GGA	9
79	ARA	7
80	ACC	14841
80	GCC	362
80	ACA	64
80	ACT	34
80	ATC	12
80	AGC	6
80	ACG	4
80	ACY	3
80	AAC	3
81	GGA	15198
81	AGA	72
81	GAA	19
81	CGA	16
81	GGG	15
81	GGT	6
81	RGA	2
82	GTG	15227
82	ATG	99
82	TTG	4
83	GAC	15237
83	GAT	69
83	GGC	19
83	GAY	5
84	ATA	7887
84	GTA	7426
84	TTA	9
84	ACA	3
84	GCA	2
85	CCC	15294
85	TCC	35
86	TCG	7631
86	GCG	7624
86	ACG	31
86	CCG	14
86	GCA	13
86	GCT	7
86	RCG	3
86	TCT	2
86	TCR	2
87	TTT	15252
87	CTT	66
87	TCT	5
87	TTC	4
87	TCC	2
88	ATC	15288
88	GTC	39
89	TTG	15314
89	CTG	16
90	CCC	15245
90	CCT	36
90	CCA	23
90	CTC	12
90	TCC	6
90	CCG	3
91	GGG	15265
91	AGG	52
91	TGG	10
92	CTC	14766
92	ATC	492
92	TTC	53
92	CTT	11
92	GTC	2
92	YTC	2
92	CAC	2
93	AAC	15221
93	AAT	46
93	GAC	29
93	AGC	17
93	AAA	4
93	CAC	4
93	AAY	3
93	RAC	3
93	ATC	2
94	CTT	15260
94	TTT	59
94	ATT	8
94	CCT	3
95	TCA	15283
95	CCA	45
95	YCA	2
96	GAA	15271
96	AAA	36
96	GAG	23
97	AGC	15270
97	GGC	40
97	AAC	11
97	AGT	6
98	ACT	15308
98	AAT	11
98	GCT	7
98	AMT	2
99	CCT	13348
99	TCT	1936
99	ACT	22
99	CTT	15
99	TTT	5
99	GCT	3
100	AAT	15287
100	GAT	23
100	AGT	19
101	TAG	15269
101	CAG	42
101	TAA	16

#PHUKET3073|NEP
1	ATG	8627
2	GCG	8477
2	GCA	98
2	ACG	24
2	GAG	13
2	GCT	6
2	GTG	5
3	GAC	8459
3	AAC	159
3	GGC	4
3	GAT	3
4	AAT	7743
4	AAC	871
4	AGT	6
4	AAY	2
5	ATG	8402
5	ATA	204
5	ATT	13
5	ACG	3
5	ACA	3
6	ACC	8614
6	ATC	10
6	ACA	2
7	ACA	8464
7	ACG	158
7	ATA	4
8	ACA	8601
8	GCA	23
8	AAA	2
9	CAA	8625
9	CAG	2
10	ATT	8617
10	ATC	9
11	GAG	8625
12	TGG	8627
13	AGG	8620
13	AAG	6
14	ATG	8623
14	ATA	3
15	AAG	8600
15	AAA	21
15	GAG	5
16	AAG	8556
16	AGG	68
16	ATG	2
17	ATG	8627
18	GCC	8534
18	GCT	72
18	GTC	16
18	GCA	2
19	ATC	8616
19	ATA	10
20	GGA	8613
20	GAA	10
20	GGG	3
21	TCC	8564
21	TCT	58
21	TTC	4
22	TCA	8623
22	TCG	4
23	ATT	8367
23	ACT	259
24	CAC	8624
24	CGC	3
25	TCT	8621
25	TTT	4
26	TCG	8622
26	TCA	2
26	TTG	2
27	AGC	8539
27	AAC	76
27	GGC	8
28	GTC	8525
28	GTT	70
28	GCC	25
28	GTA	5
29	TTA	8384
29	TCA	222
29	TTG	19
30	ATG	8610
30	ACG	7
30	ATA	5
30	GTG	4
31	AAG	8587
31	GAG	20
31	AAA	12
31	AGG	6
32	GAC	8617
32	GAA	3
32	AAC	2
32	GAT	2
32	GGC	2
33	ATT	8453
33	ATC	169
33	GTT	3
34	CAA	8626
35	AGC	8440
35	AGA	138
35	AAC	33
35	GGC	9
35	AGT	5
35	TGC	2
36	CAA	8588
36	CAG	37
37	TTC	8627
38	GAG	8623
38	AAG	2
38	GGG	2
39	CAG	8616
39	CAA	5
39	CAT	2
39	CTG	2
40	CTG	8618
40	CTA	5
40	CTR	2
40	MTG	2
41	AAA	8619
41	AGA	6
41	AAG	2
42	CTG	8618
42	TTG	9
43	CGG	8160
43	CGA	443
43	CAG	14
43	CGT	4
43	CAA	2
43	CRG	2
44	TGG	8627
45	GAG	8618
45	GAT	4
45	GGG	3
46	TCT	8199
46	TCC	415
46	TTT	6
46	TAT	4
46	TCY	2
47	TAT	8627
48	CCC	8625
48	TCC	2
49	AAT	8625
49	ATT	2
50	TTG	8621
50	TTA	2
50	TTR	2
50	TCG	2
51	GTC	8627
52	AAG	8611
52	AAA	15
53	AGC	8613
53	AGT	11
53	AAC	3
54	ACC	8566
54	ACA	49
54	ATC	11
55	GAT	8578
55	GAC	47
55	AAT	2
56	TAT	8623
56	TRT	3
57	CAC	8614
57	CAT	10
58	CAG	8614
58	CAA	10
58	CAR	2
59	AAG	8579
59	AGG	38
59	AAA	6
59	AAT	2
59	AAR	2
60	AGG	8609
60	AGA	16
60	ARG	2
61	GAG	8622
61	GAA	4
62	ACA	8581
62	ACG	37
62	ACT	6
62	GCA	2
63	ATT	8627
64	AGA	8543
64	AAA	67
64	AGG	17
65	CTG	8183
65	CTA	416
65	TTG	21
65	CTT	4
65	ATG	2
66	GTC	8483
66	GCC	76
66	GTT	55
66	ATC	5
66	GTA	4
66	GYC	3
67	ACG	8063
67	ACA	554
67	ACT	5
67	ATG	3
68	GAA	8599
68	AAA	17
68	GGA	6
68	GAG	5
69	GAA	8610
69	GAG	16
70	CTT	8620
70	CTC	6
71	TAT	8547
71	TAC	70
71	CAT	8
72	CTT	8602
72	CTC	20
72	TTT	3
73	TTA	8352
73	TTG	270
73	CTA	5
74	AGT	8580
74	AGC	32
74	AAT	11
74	GGT	2
75	AAA	8611
75	AAG	11
75	AGA	3
76	AGA	8609
76	AGG	13
76	RGA	2
77	ATT	8616
77	ATC	4
77	GTT	4
78	GAT	8613
78	GAC	13
79	GAT	8387
79	GAC	197
79	GAG	36
79	AAT	3
79	RAT	2
80	AAC	8351
80	AGC	251
80	AAT	22
80	AAA	2
81	ATA	8627
82	TTG	8531
82	TTA	51
82	CTA	19
82	CTG	14
82	TCG	6
82	TTT	4
83	TTC	8292
83	TTT	326
83	CTC	5
83	TTY	2
84	CAC	8609
84	CAT	14
84	TAC	2
85	AAA	8609
85	AAG	12
85	AGA	4
86	ACA	8203
86	ACG	391
86	ACC	17
86	GCA	9
86	ACT	2
86	AGA	2
86	AAA	2
87	GTA	8062
87	ATA	433
87	GTG	119
87	ATG	7
87	TTA	3
88	ATA	8619
88	ATG	5
89	GCT	8422
89	GCA	169
89	GCC	34
90	AAC	8618
90	GAC	4
90	AAT	3
91	AGC	8626
92	TCC	8536
92	TCT	60
92	TCA	20
92	TTC	6
92	CCC	2
92	TCY	2
93	ATA	8607
93	ATG	14
94	ATA	8550
94	ATT	67
94	ATG	10
95	GCT	8561
95	GCC	66
96	GAC	8604
96	GAT	21
97	ATG	8627
98	GTT	8571
98	ATT	47
98	GTC	8
99	GTA	8616
99	GTG	8
99	GTC	2
100	TCA	8610
100	TCT	16
101	TTA	8561
101	TTG	60
101	CTA	4
101	TTR	2
102	TCA	8611
102	TCG	16
103	TTA	8580
103	TTG	30
103	CTA	14
103	TTC	3
104	TTA	8539
104	TTG	58
104	CTA	28
105	GAA	8625
105	GAG	2
106	ACA	8623
106	ACG	2
107	TTG	8605
107	TTA	12
107	CTG	7
107	YTG	2
108	TAT	8626
109	GAA	8610
109	GAG	15
109	GAR	2
110	ATG	8624
110	ATR	2
111	AAG	8563
111	AAA	52
111	AGG	10
111	AAR	2
112	GAT	8620
112	GAC	6
113	GTG	8470
113	GTA	127
113	ATG	19
113	GTT	10
114	GTT	8273
114	ATT	254
114	GTC	96
114	GTG	2
115	GAA	8621
115	GAG	6
116	GTG	8519
116	GTA	58
116	GCG	36
116	ATG	7
116	GTT	3
116	GKA	2
117	TAC	8615
117	TAT	12
118	AGC	8621
118	AGT	4
119	AGG	8619
119	AGA	3
119	AAG	3
120	CAG	8602
120	CAA	24
121	TGC	8623
121	TGT	3
122	TTG	8606
122	TTA	18
122	TTT	2
123	TGA	8610
123	TAA	16

#PHUKET3073|NP
1	ATG	14300
2	TCC	14286
2	TCT	12
2	TCA	2
3	AAC	14265
3	AAT	34
4	ATG	14300
5	GAT	14283
5	GAC	15
5	GAY	2
6	ATT	7231
6	ATC	7047
6	ATA	19
6	GTT	2
7	GAC	14126
7	GAT	173
8	GGT	14186
8	AGT	63
8	GGC	46
8	GGG	2
8	GGA	2
9	ATG	7115
9	ATA	6851
9	ATC	142
9	GTG	136
9	GTA	40
9	ACA	4
9	ATT	4
9	AYA	3
9	RTG	2
10	AAC	9707
10	AAT	4545
10	AGC	30
10	AGT	11
10	ACC	2
10	AAY	2
11	ACT	14196
11	ATT	51
11	GCT	18
11	ACC	17
11	ACA	5
11	CCT	4
11	AAT	3
11	ACG	2
12	GGG	13942
12	GGA	344
12	GAG	6
12	GAA	4
12	AGG	2
13	ACA	14205
13	GCA	42
13	ATA	23
13	ACT	21
13	ACG	7
14	ATT	7906
14	ATC	6360
14	ACT	10
14	ACC	9
14	GTC	6
14	GTT	4
14	ATA	3
15	GAC	14209
15	GAT	46
15	AAC	21
15	GAA	10
15	GGC	10
15	GAG	2
15	GAY	2
16	AAA	14265
16	AGA	23
16	AAG	7
16	CAA	2
16	GAA	2
17	ACA	14161
17	GCA	82
17	CCA	22
17	ACG	15
17	ATA	13
17	AAA	3
17	ACT	2
18	CCG	13887
18	CCA	232
18	CTG	77
18	TCG	45
18	CAG	31
18	ACG	13
18	CCT	11
18	CCR	2
19	GAA	14282
19	GAG	11
19	GGA	4
19	RAA	2
20	GAA	14279
20	GAG	16
20	GGA	3
20	AAA	2
21	ATA	14194
21	ACA	45
21	ATC	27
21	ATG	24
21	GTA	5
21	CTA	3
22	ACT	14049
22	ACC	175
22	ATT	55
22	AAT	13
22	GCT	3
22	ACG	2
23	TCT	14244
23	TCC	19
23	CCT	15
23	ACT	13
23	TTT	3
23	TCA	2
23	TAT	2
24	GGA	14213
24	GGG	70
24	GAA	5
24	AGA	4
24	GRA	3
24	GTA	2
25	ACC	14122
25	GCC	146
25	ATC	12
25	AAC	11
25	ACT	5
25	AYC	2
26	AGT	14249
26	AAT	34
26	AGC	11
26	GGT	3
27	GGG	14124
27	GGA	164
27	GGT	5
27	GAG	3
27	GGR	2
28	ACA	14219
28	GCA	54
28	ATA	22
28	ACG	3
29	ACC	14107
29	GCC	106
29	ACT	74
29	ACA	7
29	AAC	3
29	ATC	3
30	AGA	14271
30	AGG	22
30	AAA	6
31	CCA	14261
31	CCG	27
31	TCA	8
31	CCC	2
32	ATC	14210
32	ATA	52
32	ATT	31
32	GTC	4
32	TTC	2
33	ATT	14150
33	ATC	144
33	GTT	2
33	ATY	2
34	AGA	14245
34	AGG	37
34	AAA	15
35	CCA	14289
35	CCG	9
36	GCA	14273
36	GCG	23
36	GCT	2
37	ACC	14267
37	ACT	16
37	ATC	9
37	AAC	3
37	ACA	2
38	CTT	14141
38	CTC	149
38	CTA	9
39	GCC	13813
39	GCT	462
39	CCC	7
39	GCA	6
39	ACC	4
39	RCC	2
39	ACT	2
40	CCA	14178
40	CCG	98
40	CCC	17
40	TCA	5
41	CCA	14281
41	CCG	5
41	TCA	4
41	YCA	3
41	CCT	3
41	CAA	2
42	AGC	14244
42	AAC	29
42	AGT	24
43	AAC	14257
43	AAT	32
43	AGC	9
43	AAY	2
44	AAA	14281
44	AAG	17
45	CGA	14235
45	CGG	44
45	AGA	17
45	CGR	4
46	ACC	14163
46	ACT	115
46	ATC	14
46	AAC	3
46	ACA	3
47	CGT	13888
47	CGC	347
47	CGG	44
47	CGA	14
47	CGY	4
47	CRT	2
48	AAC	14070
48	AAT	220
48	AAA	4
48	GAC	3
48	AAY	2
49	CCA	14287
49	CCG	10
49	CCC	2
50	TCC	8816
50	TCA	5389
50	TCT	89
50	TCG	4
51	CCG	12036
51	CCA	2143
51	CCT	62
51	CCC	20
51	CTG	12
51	CYG	6
51	CCR	4
51	TCG	4
51	TCA	3
51	YCG	3
51	CYA	2
51	CCK	2
52	GAA	14051
52	GAC	227
52	GAG	15
52	GAR	2
52	AAA	2
53	AGA	14206
53	AAA	41
53	AGG	33
53	CGA	12
53	GGA	3
53	RGA	2
53	CAA	2
54	GCA	14220
54	ACA	39
54	GCG	17
54	GCC	12
54	TCA	5
54	GCT	5
54	RCA	2
55	ACC	14157
55	ACT	92
55	ACA	23
55	GCC	23
55	ACY	3
55	AAC	2
56	ACA	14267
56	ATA	10
56	GCA	6
56	AAA	5
56	ACG	5
56	ACT	4
57	AGC	14141
57	AGT	108
57	ATC	26
57	AAC	14
57	GGC	8
57	ARC	2
58	AGT	13912
58	AAT	247
58	AGC	109
58	GGT	22
58	ATT	4
58	AGG	2
59	GAA	14257
59	GAG	19
59	AAA	11
59	GGA	8
59	RAA	4
60	GAT	14172
60	GCT	70
60	AAT	31
60	GAC	14
60	GGT	8
60	RAT	2
61	GAT	14231
61	AAT	34
61	GGT	9
61	GAC	9
61	GAA	6
61	GAG	4
61	RAT	3
62	GTC	12290
62	GCC	1592
62	GTT	231
62	GTA	80
62	ATC	56
62	GTG	21
62	GCT	11
62	TTC	5
62	ATA	4
62	GTM	2
62	GCA	2
63	GGA	14054
63	GGG	141
63	AGA	78
63	GAA	21
63	GRA	2
64	AGG	14126
64	AGA	103
64	AAG	67
64	GGG	2
65	AAA	14257
65	AGA	29
65	AAG	10
65	AAT	2
66	ACC	7421
66	GCC	6805
66	ACT	23
66	CCC	14
66	ATC	10
66	GTC	8
66	AAC	6
66	TCC	5
66	GCT	3
66	ACA	2
67	CAA	14259
67	CCA	24
67	CAG	13
68	AAG	14242
68	AGG	49
68	AAT	5
68	ARG	2
69	AAA	7155
69	AAG	7139
69	AGG	4
70	CAG	14245
70	CAA	53
71	ACC	12987
71	ACG	1199
71	ACT	58
71	ACA	52
72	CCG	13959
72	CCA	256
72	CCT	77
72	CCR	6
73	ACA	14284
73	ACG	8
73	ACC	5
74	GAG	14253
74	GAA	45
74	GAR	2
75	ATA	14300
76	AAG	14238
76	AAA	61
77	AAG	14136
77	AAA	148
77	AGG	12
77	AAR	4
78	AGC	14214
78	AGT	72
78	AAC	12
79	GTC	14255
79	GTT	35
79	GTA	9
80	TAC	14287
80	TAT	11
80	CAC	2
81	AAC	14175
81	AAT	79
81	AGC	38
81	TAC	3
81	AAA	3
82	ATG	14300
83	GTG	13613
83	GTA	651
83	GTT	32
83	GTR	3
84	GTG	14097
84	GTA	168
84	GTT	22
84	ATG	7
84	GTR	2
84	GCG	2
85	AAA	14274
85	AAG	18
85	AGA	7
86	CTG	12823
86	TTG	1368
86	CTA	103
86	CTT	3
86	TTA	2
87	GGC	14082
87	GGT	161
87	GGA	57
88	GAA	14189
88	GAG	111
89	TTC	14141
89	TTT	157
90	TAT	7375
90	TAC	6924
91	AAC	14271
91	AAT	27
92	CAG	14253
92	CAA	46
93	ATG	14295
93	GTG	3
93	ATR	2
94	ATG	14299
95	GTC	7449
95	GTT	6801
95	GTG	23
95	ATC	14
95	ATT	12
96	AAA	14270
96	AAG	28
97	GCT	14281
97	GCC	15
98	GGA	14209
98	GGG	89
99	CTC	14248
99	CTT	38
99	CTA	13
100	AAT	14217
100	AAC	83
101	GAT	14193
101	GAC	93
101	AAT	8
101	RAT	4
101	GAW	2
102	GAC	14274
102	GAT	26
103	ATG	14300
104	GAG	13957
104	GAA	341
105	AGA	14215
105	AGG	83
106	AAT	7255
106	AAC	7043
107	CTA	13621
107	CTG	665
107	TTA	9
107	CTT	3
108	ATC	14219
108	ATT	68
108	ATA	7
108	GTC	6
109	CAA	14290
109	CAG	10
110	AAT	14291
110	AAC	9
111	GCG	12740
111	GCA	1542
111	GCT	8
111	TCG	4
111	GCR	3
112	CAT	7447
112	TAT	6808
112	CAC	26
112	CAG	8
112	TAC	4
112	YAT	3
113	GCC	14019
113	GCT	146
113	GCA	95
113	ACC	25
113	GCG	8
113	GCY	2
113	GTC	2
114	GTG	13947
114	GTT	277
114	GTA	65
114	GCG	9
115	GAA	12309
115	GAG	1990
116	AGA	14279
116	AGG	15
116	AAA	2
116	AGR	2
117	ATT	14280
117	ATC	16
117	ATY	2
118	CTA	7364
118	TTA	6916
118	CTG	14
118	TTG	4
119	TTG	14073
119	CTG	192
119	TTA	35
120	GCT	14275
120	GCC	12
120	GCA	5
120	ACT	5
121	GCC	13903
121	GCT	361
121	GCA	29
121	TCC	6
122	ACT	14291
122	ACC	7
123	GAT	14279
123	GAC	20
124	GAC	13721
124	GAT	575
125	AAG	14295
125	AAA	3
126	AAA	14292
126	AAG	7
127	ACC	14056
127	ACT	179
127	ACA	63
127	ACY	2
128	GAG	13820
128	GAT	344
128	GAA	131
129	TTC	14238
129	TTT	58
129	TTY	3
130	CAG	14202
130	CAA	98
131	AAG	14295
131	AGG	3
132	AAA	14234
132	AAG	63
132	AGA	3
133	AAG	14285
133	AGG	11
133	AAA	3
134	AAT	14255
134	AAC	43
134	AGT	2
135	GCC	14250
135	GCT	26
135	GCA	13
135	ACC	9
135	GCY	2
136	AGA	14266
136	AAA	20
136	AGG	8
136	CGA	5
137	GAT	14283
137	GAC	14
138	GTC	14272
138	GTT	11
138	GTA	5
138	GCC	3
138	ATC	3
138	TTC	2
138	GTM	2
139	AAA	14294
139	AAG	6
140	GAA	14282
140	GAG	10
140	GAC	4
140	GGA	2
141	GGG	14159
141	GGA	133
141	GGT	4
141	GGR	2
141	AGG	2
142	AAG	7162
142	AAA	7117
142	AGG	19
143	GAA	14265
143	GAG	32
144	GAA	14269
144	GAG	28
144	AAA	2
145	ATA	14277
145	GTA	19
145	ATT	3
146	GAT	14243
146	GAC	51
146	AAT	4
147	CAC	14221
147	CAT	77
148	AAC	14292
148	AGC	4
148	AAT	3
149	AAA	14271
149	AAG	21
149	AGA	7
150	ACA	14290
150	ACT	4
150	ACG	2
150	ACC	2
151	GGA	14234
151	GGG	59
151	GGR	5
151	GGT	2
152	GGC	14239
152	AGC	28
152	GGT	21
152	GGA	11
153	ACC	14164
153	ACT	121
153	ACA	12
153	ACY	2
154	TTT	14275
154	TTC	22
154	CTT	2
155	TAC	14270
155	TAT	30
156	AAG	14277
156	AAA	12
156	AGG	8
156	AAR	2
157	ATG	14296
157	ATA	4
158	GTA	14251
158	ATA	26
158	GTG	20
158	RTA	2
159	AGA	14023
159	AAA	234
159	AGG	42
160	GAT	14236
160	GAC	62
160	AAT	2
161	GAT	13810
161	GAC	468
161	GAA	18
161	GAG	4
162	AAA	10769
162	AAG	3528
162	GGG	2
163	ACC	14131
163	ACT	145
163	ACA	15
163	GCC	6
163	ACY	2
164	ATC	14278
164	ATA	12
164	ATT	10
165	TAT	7233
165	TAC	7064
165	TAY	3
166	TTC	14053
166	TAC	227
166	TTT	19
167	AGC	14218
167	AGT	69
167	ATC	9
167	AAC	3
168	CCT	14274
168	CCC	16
168	CCG	7
168	CCA	2
169	ATA	14186
169	ATG	54
169	TTA	32
169	ACA	11
169	CTA	10
169	GTA	5
170	AGA	14276
170	AGG	15
170	AAA	3
170	AGR	3
170	CGA	2
171	ATT	14142
171	ATC	87
171	GTT	27
171	GTC	24
171	ATA	18
172	ACC	14199
172	ACT	78
172	GCC	10
172	ATC	5
172	ACA	4
172	ACY	2
173	TTT	14268
173	TTC	29
173	CTT	2
174	TTA	9614
174	TTG	4634
174	CTG	38
174	CTA	8
174	TTR	2
174	GTA	2
175	AAA	14274
175	AAG	26
176	GAA	14294
176	GAG	5
177	GAG	13948
177	GAA	349
177	GAR	2
178	GTG	14114
178	GTA	178
178	GTT	5
178	GTR	2
179	AAA	14282
179	AAG	16
179	AAR	2
180	ACA	14296
180	ACG	3
181	ATG	14298
181	GTG	2
182	TAC	14286
182	TAT	14
183	AAA	14282
183	AAG	10
183	AGA	8
184	ACC	13903
184	ACA	360
184	ACT	34
184	GCC	2
185	ACC	14183
185	ACA	72
185	ACT	43
186	ATG	14300
187	GGG	14015
187	GGA	280
187	GGR	3
187	AGG	2
188	AGT	14273
188	AGC	13
188	TGT	10
188	AAT	3
189	GAT	14287
189	GAC	10
189	GAY	3
190	GGC	14067
190	GGT	198
190	GGA	33
190	GGY	2
191	TTC	14292
191	TTT	5
191	TTY	2
192	AGT	14174
192	AGC	110
192	AAT	14
193	GGA	14203
193	GGG	94
193	GGR	2
194	CTA	7298
194	TTA	6961
194	CTG	33
194	TTG	7
195	AAT	14060
195	AAC	240
196	CAC	14261
196	CAT	38
197	ATA	14256
197	ATT	26
197	ATC	14
198	ATG	14300
199	ATT	14266
199	ATC	24
199	GTT	7
199	ATY	2
200	GGG	14235
200	GGA	65
201	CAT	14262
201	CAC	34
202	TCA	14221
202	TCG	77
203	CAG	14186
203	CAA	113
204	ATG	14256
204	ATA	30
204	ACG	7
204	ATT	4
204	ATR	2
205	AAT	14226
205	AAC	73
206	GAT	14175
206	GAC	125
207	GTC	14270
207	GTT	19
207	GCC	5
207	GTA	4
207	GTY	2
208	TGT	14283
208	TGC	14
208	TGY	3
209	TTC	14199
209	TTT	100
210	CAA	14229
210	CAG	71
211	AGA	14220
211	AGG	80
212	TCA	14278
212	TCG	13
212	TCC	6
212	ACA	3
213	AAG	14163
213	AAA	136
214	GCA	14254
214	GCG	44
214	GCR	2
215	CTA	14228
215	TTA	61
215	CTG	11
216	AAA	14273
216	AAG	22
216	AGA	4
217	AGA	14269
217	AGG	30
218	GTT	14218
218	GTG	65
218	GTC	6
218	ATT	6
218	GCT	4
219	GGA	14209
219	GGG	90
220	CTT	14298
221	GAT	14027
221	GAC	265
221	GAA	3
221	GAY	2
221	RAT	2
222	CCT	14237
222	CCA	36
222	CCC	17
222	TCT	6
222	CTT	2
223	TCA	14262
223	TCG	26
223	TCC	12
224	TTA	14192
224	TTG	63
224	CTA	44
225	ATC	14226
225	ATT	72
226	AGT	7385
226	AGC	6915
227	ACC	9813
227	ACT	4473
227	ACA	6
227	ATC	5
227	ACM	2
228	TTT	14298
228	TTC	2
229	GCG	13940
229	GCA	327
229	GCT	27
229	GCR	5
230	GGA	14273
230	GGG	26
231	AGC	14220
231	AGT	78
231	AGY	2
232	ACA	14268
232	ACG	17
232	ACT	13
233	GTC	14007
233	ATC	233
233	CTC	44
233	GTT	10
233	GTA	3
234	CCC	14250
234	CCT	32
234	CCA	14
234	CCY	2
234	CCM	2
235	AGA	14285
235	AGG	13
235	CGA	2
236	AGA	14275
236	AGG	21
236	AAA	3
237	TCA	14282
237	TCG	12
237	TCC	3
238	GGT	14162
238	GGC	136
239	GCG	13856
239	GCA	377
239	ACG	27
239	GCT	18
239	GTG	11
239	ACA	4
239	TCG	3
239	GCR	2
240	ACT	14229
240	ACC	61
240	ACA	5
240	ACG	4
241	GGT	14237
241	GGC	57
241	GGG	5
242	GTT	13973
242	ACT	152
242	ATT	113
242	GTC	52
242	GTA	5
242	RTT	2
242	GYT	2
243	GCA	14220
243	GCG	61
243	ACA	7
243	RCA	3
243	GCT	3
243	TCA	3
243	GCC	2
244	ATC	14191
244	ATT	77
244	ATA	16
244	GTC	9
244	ACC	4
244	ATY	2
245	AAA	14259
245	AAG	41
246	GGA	14244
246	GGG	51
246	GGT	3
247	GGT	7441
247	GGC	6851
247	GGA	4
247	GGG	2
247	GGY	2
248	GGA	14267
248	GGG	33
249	ACC	7241
249	ACT	7055
249	ACA	2
250	TTA	14024
250	CTA	138
250	TTG	136
251	GTG	14108
251	GTA	122
251	GTT	66
251	GCG	4
252	GCT	14254
252	GCC	24
252	GCA	15
252	GCG	3
252	GCK	3
253	GAA	14289
253	GAG	11
254	GCC	14278
254	GCT	19
254	GCA	3
255	ATT	14288
255	ATC	12
256	CGA	14195
256	CGG	58
256	AGA	39
256	CGT	7
257	TTT	14257
257	TTC	41
257	TTY	2
258	ATA	14291
258	ATT	5
258	GTA	3
259	GGA	14221
259	GGG	78
260	AGA	14082
260	AGG	186
260	CGA	32
261	GCA	14278
261	GCG	20
262	ATG	14299
263	GCA	14278
263	ACA	12
263	GCT	4
263	GCG	4
264	GAC	7735
264	GAT	6564
265	AGA	14252
265	AGG	41
265	CGA	5
265	AGR	2
266	GGG	14173
266	GGA	126
267	CTA	14260
267	TTA	21
267	CTG	17
267	CTC	2
268	TTG	14202
268	CTG	58
268	TTA	39
269	AGA	14267
269	AGG	32
270	GAC	14289
270	GAT	11
271	ATC	14278
271	GTC	9
271	ATT	6
271	ATA	4
271	CTC	2
272	AAA	14263
272	AGA	22
272	AAG	13
272	ARA	2
273	GCC	14293
273	GCA	3
273	GCT	3
274	AAG	14162
274	AAA	133
274	AGG	3
275	ACT	14194
275	AAT	67
275	ACG	15
275	ACC	14
275	ACA	6
276	GCC	14238
276	GCT	27
276	GCG	25
276	GCA	9
277	TAT	14285
277	TAC	15
278	GAA	14215
278	GAG	85
279	AAG	14243
279	AAA	53
279	AGG	3
280	ATT	14263
280	ATC	34
280	GTT	2
281	CTT	14239
281	CTC	59
282	CTG	14241
282	CTA	26
282	TTG	26
282	ATG	4
282	CTT	2
283	AAT	14291
283	AAC	9
284	CTA	13065
284	CTG	1219
284	TTA	6
284	CTT	5
284	YTA	2
284	TTG	2
285	AAG	7291
285	AAA	7008
286	AAC	14238
286	AAT	57
286	AAY	2
286	AGC	2
287	AAA	14218
287	AAG	81
288	TGC	13940
288	TGT	360
289	TCT	14261
289	TCC	26
289	TCA	7
289	TCG	3
289	CCT	3
290	GCG	14022
290	GCA	183
290	GCT	94
291	CCC	13662
291	CCT	630
291	CCA	6
292	CAA	14284
292	CAG	16
293	CAA	14234
293	CAG	66
294	AAG	14185
294	AAA	114
295	GCT	14272
295	GCC	22
295	GCA	5
296	CTA	14215
296	CTG	68
296	TTA	13
296	ATA	3
297	GTT	14281
297	GTG	8
297	ATT	5
297	GTC	5
298	GAT	14282
298	GAC	18
299	CAA	14127
299	CAG	172
300	GTG	14249
300	GTA	41
300	GTT	10
301	ATC	13976
301	ATT	303
301	ATA	15
301	GTC	4
302	GGA	14238
302	GGG	61
303	AGC	14216
303	AGT	82
304	AGA	14280
304	AGG	19
305	AAT	14207
305	AAC	83
305	AGT	7
305	ACT	2
306	CCG	8931
306	CCA	5361
306	CCT	7
307	GGG	14163
307	GGA	126
307	GGT	9
308	ATT	14245
308	ATA	39
308	ATC	13
308	ATY	2
309	GCA	14286
309	GCG	5
309	GCT	4
309	GCW	3
310	GAC	14223
310	GAT	77
311	ATT	14269
311	ATA	28
311	ATC	3
312	GAA	14285
312	GAG	15
313	GAT	8802
313	GAC	5497
314	CTA	14254
314	CTG	21
314	TTA	18
314	CTC	5
315	ACC	14255
315	ACT	41
315	ACA	2
316	CTG	14198
316	CTA	72
316	TTG	22
316	CTT	7
317	CTT	14279
317	CTC	14
317	CTA	6
318	GCT	14228
318	GCC	60
318	ACT	9
318	RCT	2
319	CGT	14263
319	CGC	22
319	CGA	14
320	AGT	14244
320	AGC	56
321	ATG	14300
322	GTC	14098
322	GTT	170
322	ATC	16
322	GTA	13
322	GTY	2
323	GTT	14246
323	ATT	36
323	GTC	13
323	RTT	5
324	GTT	14157
324	GTC	132
324	RTT	4
324	GTG	3
324	GTA	2
325	AGG	14184
325	AGA	108
325	AAG	5
325	ARG	3
326	CCC	14241
326	CCT	26
326	CCG	26
326	CCA	7
327	TCT	14143
327	TCC	124
327	TCG	29
327	TCA	3
328	GTG	14160
328	GTA	114
328	GTT	20
328	ATG	3
328	RTG	2
329	GCA	14133
329	GCG	164
329	GCT	3
330	AGC	14274
330	AGT	24
331	AAA	14226
331	AAG	74
332	GTG	13951
332	GTA	343
332	GTT	2
332	GTR	2
333	GTG	14123
333	GTT	125
333	GTA	49
333	GTR	2
334	CTT	14226
334	CTC	74
335	CCC	14237
335	CCT	44
335	CCA	19
336	ATA	14286
336	GTA	5
336	ATG	4
336	ATT	2
337	AGC	14283
337	AGT	8
337	AAC	5
337	AGY	3
338	ATT	14215
338	ATC	80
338	GTT	4
339	TAC	14164
339	TAT	135
340	GCC	14233
340	GCT	44
340	GCA	10
340	TCC	10
341	AAA	14287
341	AAG	13
342	ATA	14253
342	ATC	39
342	ATG	5
342	GTA	2
343	CCT	14232
343	CCC	41
343	CTT	12
343	CCA	8
343	TCT	4
344	CAA	14283
344	CAG	9
344	MAA	2
344	CAC	2
344	AAA	2
345	CTA	14224
345	CTG	45
345	TTA	22
345	CTT	5
345	YTA	2
346	GGG	14198
346	GGA	73
346	GGT	25
346	AGG	2
347	TTC	14271
347	TTT	23
347	CTC	4
348	AAT	14239
348	AAC	37
348	AGT	13
348	GAT	4
348	AAY	2
349	GTT	14199
349	GTA	40
349	ATT	29
349	GTC	16
349	GCT	11
349	GCC	3
350	GAA	14239
350	GAG	58
350	RAA	2
351	GAG	14143
351	GAA	157
352	TAC	14287
352	TAT	13
353	TCT	14211
353	TCC	88
354	ATG	14300
355	GTT	14296
355	GTC	3
356	GGG	14195
356	GGA	96
356	GGT	8
357	TAC	7339
357	TAT	6959
358	GAA	14272
358	GAG	28
359	GCC	14223
359	GCT	58
359	GCA	14
359	AGC	2
360	ATG	14295
360	GTG	4
361	GCT	14245
361	GCC	51
362	CTT	14293
362	CTC	4
362	CTA	3
363	TAC	14206
363	TAT	93
364	AAT	14246
364	AAC	54
365	ATG	14297
365	GTG	2
366	GCA	14269
366	GCG	25
366	GCT	2
367	ACA	14272
367	ACG	27
368	CCT	14277
368	CCA	11
368	CCC	8
368	CCG	3
369	GTT	7344
369	GTG	6921
369	GTA	28
369	GTC	6
370	TCC	14274
370	TCT	20
370	TCA	5
371	ATA	14297
371	GTA	2
372	TTA	14147
372	CTG	63
372	TTG	48
372	CTA	42
373	AGA	14287
373	AGG	11
373	CGG	2
374	ATG	14082
374	GTG	124
374	ATA	73
374	ACG	6
374	CTG	5
374	ATT	4
374	RTG	2
374	GTA	2
375	GGA	7354
375	GGG	6941
375	RGG	2
376	GAT	14201
376	GAC	99
377	GAT	14283
377	GAC	10
377	AAT	5
377	RAT	2
378	GCA	14248
378	GCG	49
378	GCT	2
379	AAG	7171
379	AAA	7083
379	AGA	29
379	AGG	10
379	RAG	5
379	AAR	2
380	GAT	14163
380	GAC	136
381	AAA	14236
381	AAG	58
381	WAA	6
382	TCG	14148
382	TCA	142
382	TCT	8
382	TCR	2
383	CAA	14229
383	CAG	71
384	TTA	14178
384	CTA	61
384	TTG	60
385	TTC	14271
385	TTT	28
386	TTC	14293
386	TTT	7
387	ATG	14300
388	TCT	14251
388	TCC	41
388	TCG	6
388	TCA	2
389	TGC	14182
389	TGT	117
390	TTC	14159
390	TTT	138
390	TTY	3
391	GGA	14188
391	GGG	108
391	GGT	3
392	GCT	14280
392	GCC	17
392	GCA	2
393	GCC	14177
393	GCT	111
393	GCA	11
394	TAT	14251
394	TAC	47
394	YAT	2
395	GAA	14283
395	GAG	17
396	GAC	14250
396	GAT	47
396	AAC	2
397	CTG	14234
397	CTA	40
397	TTG	14
397	CTT	4
397	ATG	3
397	CTR	3
397	CTK	2
398	AGA	14274
398	AGG	26
399	GTT	14233
399	GTC	43
399	ATT	15
399	GTG	6
399	GTA	3
400	TTG	13545
400	TTA	678
400	CTG	74
400	TTR	2
401	TCT	14270
401	TCC	22
401	TCA	6
401	TCG	2
402	GCA	14284
402	GCG	13
403	TTA	14134
403	CTA	109
403	TTG	52
403	CTG	5
404	ACA	14274
404	ACG	15
404	ACC	7
404	ACT	3
405	GGC	14260
405	GGT	19
405	GGA	10
405	AGC	8
405	GGY	2
406	ACA	14214
406	ACT	47
406	ACC	17
406	ATA	11
406	GCA	6
406	ACG	3
406	ACR	2
407	GAA	14256
407	GAG	37
407	GAT	4
407	GAR	2
408	TTC	14280
408	TTT	13
408	CTC	5
408	TTA	2
409	AAG	14269
409	AAA	28
409	AGG	3
410	CCT	14257
410	CCC	28
410	CAT	8
410	CCW	2
410	CCA	2
411	AGA	14249
411	AGG	50
412	TCA	14269
412	TCG	26
412	CCA	2
412	TCR	2
413	GCA	14202
413	GCG	88
413	ACA	4
413	GCT	3
413	GCR	2
414	TTA	14284
414	CTA	9
414	TTG	6
415	AAA	14259
415	AAG	39
416	TGC	14143
416	TGT	156
417	AAG	14048
417	AAA	248
417	AAR	2
418	GGT	14255
418	AGT	24
418	GGC	20
419	TTC	14243
419	TTT	57
420	CAT	14274
420	CAC	25
421	GTT	14239
421	GTC	30
421	ATT	18
421	GTG	12
422	CCA	14271
422	CCG	24
422	CCT	5
423	GCA	14158
423	TCA	67
423	GCG	43
423	ACA	14
423	GTA	13
423	GCT	2
424	AAG	14256
424	AAA	38
424	AAR	2
424	ACG	2
425	GAA	14266
425	GAG	34
426	CAG	14125
426	CAA	172
426	CAR	2
427	GTA	14105
427	GTG	117
427	ATA	71
427	RTA	3
427	TTA	2
427	GCA	2
428	GAA	14270
428	GAG	30
429	GGA	14271
429	GGG	29
430	ATG	14300
431	GGA	14105
431	GGG	190
431	GGT	4
432	GCA	14188
432	GCG	94
432	GCT	17
433	GCT	14278
433	GCA	11
433	GCC	10
434	CTG	14218
434	CTA	53
434	TTG	18
434	CTT	11
435	ATG	14300
436	TCC	14258
436	TCT	30
436	TCA	12
437	ATC	14236
437	GTC	27
437	ATT	15
437	ATA	14
437	ACC	6
438	AAG	14283
438	AAA	17
439	CTC	14239
439	CTA	33
439	CTT	27
440	CAG	14144
440	CAA	153
441	TTT	14246
441	TTC	50
441	TAT	2
442	TGG	14300
443	GCT	14237
443	GCC	57
443	GCG	2
443	GTT	2
444	CCG	13922
444	CCA	346
444	CCT	28
444	CCR	3
445	ATG	14295
445	CTG	2
446	ACC	14175
446	ACT	77
446	ACA	47
447	AGA	12455
447	AGG	1841
447	CGA	3
448	TCT	14276
448	TCC	20
448	TCA	3
449	GGG	14160
449	GGA	132
449	GGT	6
449	GGR	2
450	GGG	12769
450	GGA	1528
450	GGR	2
451	AAC	13944
451	ARC	236
451	AAT	120
452	GAA	14296
452	GAG	2
453	GCA	8778
453	GTA	5427
453	ATG	33
453	ATA	29
453	ACA	10
453	GTT	7
453	GCG	4
453	GYA	3
453	GCR	3
453	GTG	2
454	GGT	14159
454	GGC	82
454	AGT	50
454	GGG	4
454	RGT	2
454	AGC	2
455	GGA	14258
455	GGG	36
455	AGA	5
456	GAC	12825
456	GAT	1404
456	GAA	63
456	RAC	2
456	GAY	2
457	GGA	14244
457	GGG	54
458	GGG	14114
458	GGA	184
459	TCT	14228
459	TCC	56
459	TTT	5
459	TAT	4
459	TCA	3
460	GGC	14197
460	GGT	90
460	GGA	7
460	AGC	2
461	CAA	14291
461	CAG	9
462	ATA	14291
462	ATC	4
462	GTA	3
463	AGC	14183
463	AGT	108
463	GGC	4
463	ARC	2
464	TGC	14272
464	TGT	26
465	AGC	7406
465	AGT	6892
466	CCA	14205
466	CCG	50
466	CCC	39
466	CCT	6
467	GTG	14229
467	GTA	58
467	GTT	10
467	GTK	2
468	TTT	14232
468	TTC	68
469	GCA	14265
469	GCG	18
469	GCT	14
469	GCC	2
470	GTG	14177
470	GTA	112
470	ATG	4
470	GTT	3
470	TTG	2
471	GAA	7444
471	GAG	6855
472	AGA	14290
472	AGG	7
472	AGR	2
473	CCT	14222
473	CCC	68
473	CCA	4
473	CCY	3
474	ATT	14288
474	GTT	4
474	ATA	4
474	ATC	2
475	GCT	14288
475	GCC	10
476	CTA	14193
476	CTG	59
476	TTA	32
476	ATA	8
476	CTT	5
476	YTA	2
477	AGC	14273
477	AGT	25
477	AGY	2
478	AAG	13519
478	AAA	776
478	AGG	2
479	CAA	14274
479	CAG	21
479	CAC	2
480	GCT	14241
480	GCC	37
480	GCA	13
480	ACT	5
480	GTT	2
481	GTA	14264
481	GTG	25
481	ATA	7
481	GTT	2
482	AGA	14278
482	AGG	21
483	AGA	14158
483	AAA	79
483	AGG	58
483	AGR	3
483	GGA	2
484	ATG	14296
484	ATA	3
485	CTG	14252
485	CTA	26
485	TTG	11
485	CTT	8
485	CTR	2
486	TCA	14284
486	TCG	13
486	TCT	2
487	ATG	14170
487	ATA	118
487	ATT	5
487	ATR	3
487	RTG	2
488	AAT	14218
488	AAC	78
488	AGT	2
489	ATT	14254
489	GTT	34
489	ATC	10
489	ATA	2
490	GAG	14205
490	GAA	94
491	GGA	7451
491	GGG	6846
491	GGR	2
492	CGT	14295
492	CGC	3
493	GAT	14289
493	GAC	8
493	GAY	2
494	GCA	14287
494	GCG	6
494	GCT	4
494	GCC	2
495	GAT	14225
495	GAC	75
496	GTC	14190
496	GTT	66
496	GTA	23
496	ATC	21
497	AAA	14287
497	AAG	13
498	GGA	14221
498	GGG	71
498	GGT	7
499	AAT	14188
499	AAC	96
499	AGT	13
499	GAT	2
500	CTA	14184
500	TTA	90
500	CTG	21
500	ATA	2
500	CTR	2
501	CTC	14261
501	CTT	34
501	CTA	5
502	AAG	14222
502	AAA	61
502	AGG	13
502	AAR	3
503	ATG	14299
504	ATG	14300
505	AAT	14271
505	AAC	20
505	ART	5
505	AGT	4
506	GAC	14194
506	GAT	98
506	GGC	4
506	GAA	2
507	TCA	14271
507	TCG	26
507	GCA	2
508	ATG	14293
508	ACG	4
509	GCT	14149
509	GCC	86
509	GTT	41
509	ACT	16
509	GCG	2
509	RCT	2
509	GCA	2
510	AAG	14264
510	AAA	30
510	AGG	4
511	AAA	10783
511	AAG	3499
511	AGA	14
511	AGG	2
512	ACC	14245
512	ATC	19
512	ACT	15
512	GCC	8
512	ACA	4
512	AAC	4
512	RCC	2
513	AGT	14109
513	AAT	172
513	AGC	12
513	ACT	2
513	ART	2
513	GGT	2
514	GGA	14222
514	GGG	78
515	AAT	14277
515	AAC	10
515	AGT	10
516	GCT	14288
516	GCG	5
516	GCA	2
516	ACT	2
517	TTC	14281
517	TTT	19
518	ATT	14261
518	ATC	23
518	GTT	16
519	GGG	14226
519	GGA	73
520	AAG	14292
520	AGG	8
521	AAA	14269
521	AAG	25
521	AGA	3
521	CAA	3
522	ATG	14295
522	ATA	3
522	GTG	2
523	TTT	14249
523	TTC	50
524	CAA	14271
524	CAG	28
525	ATA	14231
525	ATG	65
525	ATR	2
526	TCA	14282
526	TCG	12
526	ACA	4
527	GAC	14272
527	GAT	28
528	AAA	14293
528	AAG	4
528	AGA	2
529	AAC	14271
529	AAT	21
529	ACC	6
530	AAA	14279
530	AAG	21
531	ACC	14204
531	GCC	39
531	ACT	22
531	ATC	16
531	AAC	14
532	AAT	14233
532	AAC	34
532	AGT	28
532	GAT	2
533	CCC	14201
533	CCA	57
533	CCT	40
534	ATT	14170
534	GTT	115
534	ATA	9
534	CTT	2
534	ATC	2
535	GAA	14254
535	GAG	40
535	GAC	3
536	ATT	14249
536	GTT	25
536	ATC	22
537	CCA	14248
537	CCG	28
537	TCA	19
537	CCT	2
538	ATT	14206
538	ATC	86
538	ACT	2
538	GTT	2
538	CTT	2
539	AAG	14279
539	AAA	17
539	AGG	4
540	CAG	13999
540	CAA	299
541	ACC	14293
541	GCC	4
541	ACT	2
542	ATC	14289
542	ATT	8
542	GTC	3
543	CCC	14300
544	AAT	14238
544	AGT	57
544	AAC	4
545	TTC	14271
545	TTT	24
545	TTY	3
546	TTC	14279
546	TTT	20
547	TTT	14300
548	GGG	14296
548	GGA	3
549	AGG	14249
549	RGG	47
549	AGA	4
550	GAC	14209
550	GAT	90
551	ACA	14296
552	GCA	14280
552	GCT	14
552	GCG	4
553	GAG	14298
553	SAG	2
554	GAT	14300
555	TAT	14285
555	TAC	13
556	GAT	14240
556	GAC	57
557	GAC	14299
558	CTC	14300
559	GAT	14255
559	GAC	33
559	AAT	9
559	RAT	2
560	TAT	14283
560	TAC	16
561	TAA	14211
561	TGA	69
561	TAG	19

#PHUKET3073|NS1
1	ATG	8628
2	GCG	8478
2	GCA	99
2	ACG	24
2	GAG	12
2	GCT	6
2	GTG	5
3	GAC	8460
3	AAC	159
3	GGC	4
3	GAT	3
4	AAT	7743
4	AAC	872
4	AGT	6
4	AAY	2
5	ATG	8403
5	ATA	204
5	ATT	13
5	ACA	3
5	ACG	3
6	ACC	8616
6	ATC	9
6	ACA	2
7	ACA	8465
7	ACG	158
7	ATA	4
8	ACA	8602
8	GCA	23
8	AAA	2
9	CAA	8626
9	CAG	2
10	ATT	8618
10	ATC	9
11	GAG	8626
12	GTG	8600
12	GTA	28
13	GGT	8604
13	AGT	20
13	GGC	4
14	CCG	8582
14	CCA	35
14	CCT	3
14	TCG	3
15	GGA	8513
15	GGG	104
15	GAA	9
15	AGA	2
16	GCA	8624
16	GCG	2
17	ACC	8624
17	ACT	3
18	AAT	8616
18	AAC	11
19	GCC	8597
19	GCA	16
19	GCT	10
19	ACC	5
20	ACC	8584
20	ACT	28
20	ACA	16
21	ATA	8623
21	GTA	3
22	AAC	8607
22	AAT	21
23	TTC	7312
23	TTT	1305
23	CTC	8
23	TTY	2
24	GAA	8621
24	GAG	7
25	GCA	8609
25	GCG	8
25	GCC	8
25	TCA	2
26	GGA	8618
26	GGG	10
27	ATT	8584
27	GTT	38
27	ATC	4
28	CTG	8528
28	CTA	66
28	TTG	26
28	CTR	4
28	CTT	4
29	GAG	8323
29	GAA	304
30	TGC	8401
30	TGT	225
31	TAT	8612
31	TAC	16
32	GAA	8614
32	GAG	13
33	AGA	7712
33	AGG	910
33	CGA	6
34	CTT	8593
34	CTC	28
34	TTT	4
34	CTG	2
35	TCA	8619
35	TCG	7
36	TGG	8628
37	CAA	8621
37	CAG	6
38	AGG	8144
38	AGA	451
38	AAG	29
38	AAA	2
39	GCC	8618
39	GCT	5
39	GCA	3
39	RCC	2
40	CTT	8430
40	CTC	194
40	CTA	4
41	GAC	8610
41	GAT	16
41	GAY	2
42	TAC	8196
42	TAT	428
42	TGC	2
43	CCT	8605
43	CCC	19
43	CCY	2
44	GGT	8611
44	GGC	15
45	CAA	8609
45	CAG	18
46	GAC	8613
46	GAT	14
47	CGT	7492
47	CGC	1129
47	CGA	6
48	CTA	8574
48	TTA	35
48	CTG	14
48	YTA	2
49	AAC	8463
49	CAC	110
49	AAT	46
49	AGC	6
50	AGA	8598
50	AGG	19
50	AAA	10
51	CTA	8617
51	CTG	5
51	TTA	5
52	AAG	8168
52	AAA	456
52	AAR	2
52	ARG	2
53	AGG	7293
53	AGA	1331
54	AAA	8617
54	AAG	7
54	AGA	4
55	TTA	8610
55	TTG	12
55	CTA	5
56	GAG	8473
56	GAA	144
56	AAG	8
57	TCA	8624
57	TCG	3
58	AGA	8481
58	AGG	144
58	AAA	3
59	ATA	8604
59	GTA	23
60	AAG	8571
60	GAG	23
60	AAA	20
60	AGG	5
60	AAR	3
60	AWG	2
60	AAT	2
61	ACC	5295
61	ACT	3300
61	GCC	19
61	ACA	10
61	GCT	2
62	CAC	8498
62	CAT	109
62	CAA	16
62	CAM	2
63	AAC	8614
63	AAT	12
63	AAY	2
64	AAA	8616
64	AGA	4
64	CAA	3
64	AAG	2
65	AGT	8587
65	AAT	31
65	TGT	6
65	GGT	2
66	GAG	8609
66	GAA	16
67	CCT	8595
67	CCA	10
67	TCT	9
67	CCC	6
67	CTT	5
67	CAT	2
68	GAA	8602
68	GAG	15
68	AAA	5
68	GGA	2
69	AGT	8584
69	AAT	18
69	AGC	12
69	GGT	11
69	ATT	2
70	AAA	8621
70	AAG	5
71	AGG	6944
71	AGA	1668
71	AAG	11
71	AAA	3
72	ATG	8583
72	CTG	38
72	AAG	3
72	ATA	2
73	TCT	8465
73	TCC	152
73	CCT	9
74	CTT	8604
74	CTC	17
74	TTT	3
74	MTT	2
75	GAA	8596
75	GAG	19
75	AAA	8
75	GAT	4
76	GAG	8622
76	GAA	3
76	AAG	2
77	AGA	8362
77	AGG	266
78	AAA	8601
78	AAG	24
78	AGA	3
79	GCA	8566
79	ACA	47
79	GTA	6
79	TCA	3
79	RCA	2
79	GAA	2
80	ATT	8608
80	GTT	10
80	ATC	8
81	GGA	8577
81	GGG	51
82	GTA	8448
82	ATA	132
82	GTG	45
83	AAA	8590
83	AGA	19
83	AAG	10
83	AAT	4
83	GAA	3
84	ATG	8615
84	TTG	8
84	ATA	5
85	ATG	8522
85	ATA	97
85	GTG	4
85	ATT	4
86	AAA	8204
86	AGA	410
86	AAG	14
87	GTA	8491
87	GTG	121
87	ATA	6
87	GCA	4
87	GTC	2
87	GYA	2
88	CTT	7748
88	CTC	877
89	CTA	8491
89	TTA	122
89	CTG	7
89	CTT	7
90	TTT	8589
90	TTC	26
90	CTT	7
90	TCT	6
91	ATG	8615
91	ATA	6
91	ATK	2
91	TTG	2
92	AAT	8452
92	GAT	132
92	AAC	34
92	AGT	4
92	ACT	2
93	CCG	7574
93	CCA	998
93	CCT	43
93	CCC	6
93	TCG	4
93	CAG	2
94	TCT	8611
94	TCC	10
94	TCA	2
94	TTT	2
95	GCT	8547
95	GTT	55
95	ACT	14
95	GCC	7
95	GYT	2
96	GGA	8600
96	GAA	12
96	GGG	9
96	AGA	3
96	RGA	2
97	ATT	8324
97	GTT	253
97	ATC	31
97	CTT	7
97	ACT	5
97	ATG	3
98	GAA	8607
98	GGA	8
98	GAG	5
98	GAC	4
98	AAA	3
99	GGG	8596
99	GGA	20
99	AGG	4
99	GGR	4
100	TTT	8594
100	TTC	31
101	GAG	8561
101	GAA	45
101	GGG	6
101	AAG	6
101	GAT	4
101	GAR	2
101	CAG	2
102	CCA	8570
102	CCG	38
102	TCA	5
102	CTA	5
102	CCR	2
102	CCT	2
102	ACA	2
102	CCC	2
103	TAC	8574
103	TAT	25
103	TGC	15
103	CAC	10
103	AAC	3
104	TGT	8553
104	AGT	24
104	TGC	23
104	TAT	18
104	CGT	5
104	TTT	2
105	ATG	8450
105	ATA	91
105	ATT	53
105	GTG	15
105	ACG	13
105	CTG	5
106	AAA	8580
106	GAA	21
106	AAC	14
106	AGA	8
106	ACA	3
107	AGT	8467
107	AAT	68
107	GGT	54
107	CGT	15
107	AGC	12
107	ATT	10
107	ART	2
108	TCC	8305
108	CCT	248
108	TCT	28
108	CCC	26
108	TTC	8
108	TCA	6
108	GCC	3
108	YCC	2
109	TCA	8495
109	TCG	117
109	CCA	6
109	TTA	6
109	TCC	3
110	GAG	4751
110	AAG	2873
110	AAT	877
110	AGG	94
110	GAA	12
110	AGT	8
110	ACT	6
110	AAA	2
110	GGG	2
110	ACG	2
111	AGC	8458
111	AGT	68
111	AAC	68
111	GGC	18
111	AGA	6
111	AAT	3
111	ATC	3
111	RGC	2
112	AAC	8554
112	GAC	31
112	CAC	16
112	AAT	12
112	AAA	8
112	AGC	4
112	TAC	2
113	TGT	8367
113	TAT	210
113	TGC	39
113	CGT	5
113	TTT	2
113	GGT	2
113	AGT	2
114	CCG	7435
114	CAG	416
114	TCG	296
114	CCA	269
114	ACG	108
114	CTG	52
114	GAG	13
114	CCT	12
114	AAG	11
114	ACA	4
114	CAA	3
114	CCC	2
114	CTA	2
115	AAA	8562
115	AAC	35
115	GAA	12
115	AAG	11
115	AAT	4
115	AGA	3
116	TAC	8454
116	CAC	65
116	TGC	62
116	TAT	33
116	TTC	8
116	GAC	2
116	AAC	2
117	AGT	7505
117	AAT	1092
117	AAC	11
117	AGC	11
117	GGT	4
117	TGT	2
118	TGG	8621
118	CGG	3
118	TGT	2
119	ATT	7539
119	ACC	804
119	ATC	206
119	ACT	56
119	GCC	12
119	GCT	3
119	ATG	2
119	ATA	2
119	GTT	2
120	GAT	7281
120	AAT	1138
120	GGT	131
120	GAC	68
120	AGT	4
120	TAT	2
120	RAT	2
121	TAC	8477
121	TCC	53
121	TAT	32
121	TGC	32
121	CAC	31
121	AAC	2
122	CCT	8490
122	CCC	75
122	TCC	26
122	TCT	24
122	CTT	6
122	CAT	5
123	TCA	8523
123	CCA	42
123	TTA	29
123	CAA	27
123	CTA	3
124	ACC	7437
124	ACA	864
124	AAC	257
124	AGC	22
124	ACT	14
124	CCC	12
124	ATC	8
124	GCC	6
124	AYC	3
124	GAC	2
125	CCA	8552
125	TCA	25
125	ACA	23
125	CAA	12
125	CTA	9
125	CCG	3
125	CCT	2
126	GGG	8463
126	GGA	94
126	GAG	47
126	AGG	12
126	TGG	4
126	GAA	2
126	AGA	2
126	GTG	2
127	AGG	8331
127	AGA	161
127	AAG	121
127	GGG	11
127	ATG	2
128	TGC	8585
128	TAC	20
128	TGT	11
128	TTC	7
128	GGC	2
128	CGC	2
129	CTT	8600
129	CCT	12
129	TTT	6
129	ATT	5
129	CTC	2
129	CCC	2
130	GAT	8600
130	AAT	10
130	GGT	6
130	GAC	5
130	RAT	2
131	GAC	8564
131	AAC	20
131	GAT	14
131	TAC	10
131	GGC	6
131	GAA	5
131	GAG	4
131	GCC	2
132	ATA	8621
132	GTA	3
132	ATG	3
133	GAA	8567
133	GAG	50
133	AAA	4
133	GAC	3
133	GGA	3
134	GAA	8602
134	GAG	16
134	AAA	6
134	GGA	3
135	GAA	8595
135	GAG	16
135	GGA	6
135	AAA	5
135	GAC	4
135	RAA	2
136	CCA	8538
136	CCG	41
136	CCC	28
136	ACA	10
136	TCA	5
136	CTA	4
136	CCT	2
137	GAT	8333
137	GAG	256
137	GAA	11
137	GGT	8
137	AAT	8
137	GAC	6
137	CAT	2
138	GAT	8503
138	GGT	70
138	AAT	45
138	GAC	9
139	GTT	8601
139	ATT	11
139	GTC	7
139	GCT	4
139	TTT	3
140	GAT	8605
140	AAT	9
140	GGT	7
140	GAG	2
140	GAC	2
140	GAA	2
141	GGC	8377
141	GGT	97
141	AGC	67
141	GAC	55
141	TGC	20
141	GGA	4
141	GKC	3
141	GRC	3
142	CCA	8448
142	CCC	164
142	CTA	11
142	TCA	3
143	ACT	8576
143	ATT	23
143	ACC	16
143	GCT	4
143	AAT	3
143	ACA	2
143	AGT	2
144	GAA	8595
144	GAG	32
145	ATA	8614
145	ATG	6
145	ATT	4
145	GTA	3
146	GTA	8602
146	GTG	17
146	ATA	9
147	TTA	8512
147	TTG	68
147	CTA	37
147	TCA	9
147	YTA	2
148	AGG	6807
148	AGA	1812
148	AAG	8
149	GAC	8623
149	GAT	5
150	ATG	8628
151	AAC	8481
151	AGC	73
151	AAT	65
151	AAA	4
151	GAC	4
152	AAC	8610
152	AAT	16
152	AGC	2
153	AAA	6889
153	AGA	1726
153	AAG	10
154	GAT	8558
154	GAC	63
154	AAT	7
155	GCA	8614
155	GCG	9
155	ACA	4
156	AGG	8568
156	AGA	56
156	AGR	2
156	CGG	2
157	CAA	8620
157	AAA	4
157	CGA	2
158	AAG	8620
158	AGG	6
158	AAA	2
159	ATA	8628
160	AAG	8565
160	AAA	48
160	AGG	13
160	AAR	2
161	GAG	8443
161	GAA	177
161	GAT	5
161	GGG	2
162	GAA	8594
162	GAG	17
162	GAC	8
162	AAA	5
163	GTA	8341
163	GTG	271
163	GCA	11
163	ATA	4
164	AAC	8590
164	AAT	18
164	AGC	16
164	ACC	2
164	GAC	2
165	ACT	8541
165	ACC	85
165	ATT	2
166	CAG	8562
166	CAA	66
167	AAA	8550
167	AGA	62
167	AAG	14
167	CAA	2
168	GAA	8612
168	GAG	13
168	AAA	3
169	GGG	8548
169	GGA	80
170	AAG	8574
170	AAA	54
171	TTC	8607
171	TTT	19
171	TTY	2
172	CGT	8205
172	CGG	404
172	CGC	6
172	CAT	6
172	CGA	2
173	TTG	8557
173	TTA	55
173	CTG	15
174	ACA	8536
174	GCA	80
174	ACG	9
174	RCA	2
175	ATA	8598
175	GTA	11
175	ACA	9
175	ATG	8
176	AGA	4794
176	AAA	3821
176	AGG	5
176	AAG	4
176	ARA	3
177	AGG	8596
177	AGA	25
177	AAG	5
177	AGR	2
178	GAT	8605
178	GAC	13
178	AAT	9
179	ATG	8469
179	ATA	115
179	GTG	30
179	ACG	6
179	ATT	5
180	CGT	8498
180	CGC	54
180	CAT	45
180	AGT	22
180	CGA	4
180	TGT	2
180	MGT	2
181	AAT	8603
181	GAT	8
181	AAC	6
181	AGT	6
181	AAG	2
181	ACT	2
182	GTA	8469
182	ATA	97
182	GTG	60
183	TTG	8496
183	TCG	98
183	CTG	19
183	TTA	9
183	GTG	5
184	TCC	8595
184	TCT	31
184	TCA	2
185	CTG	7976
185	CTT	393
185	TTG	194
185	CTA	59
185	ATG	2
185	CTR	2
186	AGA	8607
186	AGG	13
186	AAA	7
187	GTG	8204
187	GTA	383
187	ATG	39
188	TTA	8434
188	TTG	188
189	GTA	8590
189	GCA	21
189	GTG	14
189	GTC	2
190	AAC	8538
190	AAT	89
191	GGA	8614
191	GGG	14
192	ACA	8611
192	ACC	7
192	ACG	5
192	ACT	2
192	RCA	2
193	TTC	8600
193	TTT	27
194	CTC	8587
194	CTT	17
194	ATC	11
194	CTA	11
195	AAA	8570
195	AAG	40
195	AGA	12
195	GAA	3
196	CAC	8510
196	CAT	97
196	TAC	13
196	AAC	3
196	CAA	2
196	CGC	2
197	CCC	8535
197	CCT	48
197	TCC	31
197	CCA	9
197	CTC	2
198	AAT	8555
198	AGT	52
198	GAT	13
198	AAC	8
199	GGA	8582
199	GGG	46
200	TAC	8558
200	CAC	34
200	TAT	24
200	TGC	8
201	AAG	8600
201	AAA	19
201	AGG	7
202	TCC	8521
202	TCT	96
202	TTC	5
202	TCA	4
203	TTA	8610
203	TTG	10
203	CTA	5
203	GTA	2
204	TCA	8596
204	TTA	26
204	TCG	2
204	TYA	2
205	ACT	8553
205	GCT	39
205	ATT	12
205	AAT	9
205	ACC	8
205	GTT	5
206	CTG	3737
206	CTA	3590
206	TTG	1286
206	CTT	7
206	TTA	6
206	CTR	2
207	CAT	8619
207	CAC	8
208	AGA	8609
208	AGG	19
209	TTG	8571
209	CTG	30
209	TTA	27
210	AAT	8625
210	AAC	3
211	GCA	8310
211	GCC	227
211	GTA	56
211	ACA	27
211	GCG	5
212	TAT	8626
213	GAC	8579
213	GAT	47
214	CAG	8602
214	CAA	26
215	AGT	8501
215	AAT	85
215	GGT	24
215	AGC	13
215	TGT	3
216	GGA	8354
216	GGG	268
216	GAA	3
217	AGG	8097
217	AGA	454
217	AAG	59
217	GGG	10
217	CGG	4
217	AAA	3
218	CTT	8618
218	ATT	7
218	CTC	3
219	GTT	8609
219	ATT	15
219	GTC	2
220	GCT	8624
220	GCC	4
221	AAA	8622
221	AAG	5
222	CTT	8607
222	ATT	19
222	CTC	2
223	GTT	8368
223	GTC	249
223	ATT	9
223	GCT	2
224	GCT	8593
224	GCC	28
224	ACT	4
224	RCT	2
225	ACT	8606
225	ACC	8
225	AAT	6
225	ATT	4
225	GCT	3
226	GAT	8617
226	AAT	7
226	GGT	2
226	GAC	2
227	GAT	8620
227	GAC	5
227	AAT	2
228	CTT	8615
228	ATT	10
228	MTT	2
229	ACA	8627
230	GTG	8628
231	GAG	8621
231	GAA	6
232	GAT	8628
233	GAA	8619
233	GGA	5
233	AAA	3
234	GAA	8535
234	GAG	68
234	AAA	21
234	GAT	2
235	GAT	8628
236	GGC	8610
236	GGT	16
237	CAT	8552
237	TAT	72
237	AAT	2
238	CGG	8607
238	CGA	10
238	AGG	10
239	ATC	8620
239	ATT	4
239	GTC	3
240	CTC	8570
240	TTC	58
241	AAT	8365
241	AAC	259
241	GAT	4
242	TCA	8624
242	TCG	3
243	CTC	8622
243	CTT	4
244	TTC	8626
244	TTT	2
245	GAG	8537
245	GAA	76
245	GGG	8
245	AAG	2
246	CGT	8602
246	CGC	25
247	CTT	8329
247	CTC	223
247	TTT	69
247	ATT	5
248	AAT	8597
248	GAT	20
248	AAC	7
248	AGT	4
249	GAA	8594
249	GGA	20
249	GAG	6
249	AAA	5
250	GGA	8611
250	AGA	12
250	GAA	2
250	GGG	2
251	CAT	8619
251	AAT	3
251	CGT	3
251	TAT	2
252	TCA	8458
252	CCA	169
253	AAG	8583
253	AAA	33
253	AGG	9
253	ATG	2
254	CCA	8483
254	ACA	138
254	TCA	5
255	ATT	8591
255	GTT	37
256	CGA	8624
256	CGG	2
256	CAA	2
257	GCA	8625
257	GCT	2
258	GCT	8618
258	ACT	5
258	TCT	2
258	GMT	2
259	GAA	8615
259	GAG	6
259	AAA	5
259	RAA	2
260	ACT	8617
260	ATT	9
260	GCT	2
261	GCG	8608
261	GCA	16
261	GCR	2
262	GTG	8179
262	ATG	445
262	TTG	4
263	GGA	8624
263	GGG	3
264	GTC	8612
264	GTT	6
264	GTA	5
264	TTC	4
265	TTA	8208
265	CTA	418
265	YTA	2
266	TCC	8626
266	TTC	2
267	CAA	8626
267	CAT	2
268	TTT	8626
268	TTC	2
269	GGT	8624
269	AGT	2
269	RGT	2
270	CAA	8627
271	GAG	8610
271	AAG	15
271	GAA	3
272	CAC	8605
272	CAT	11
272	TAC	11
273	CGA	8577
273	AGA	49
273	CAA	2
274	TTA	8578
274	CTA	47
274	TTR	3
275	TCA	8626
276	CCA	8615
276	TCA	10
277	GAA	8577
277	GAG	38
277	AAA	10
277	RAA	3
278	GAG	8616
278	AAG	6
278	TAG	2
278	RAG	2
278	GAR	2
279	GGA	8611
279	AGA	15
280	GAC	8619
280	AAC	4
280	GGC	2
281	AAT	8582
281	GAT	37
281	TAT	6
282	TAG	8559
282	TAA	67

#PHUKET3073|PA
1	ATG	13911
2	GAT	13767
2	GAC	137
2	GAY	4
2	AAT	2
3	ACT	13711
3	ACC	167
3	GCT	16
3	AAT	6
3	ACY	5
3	ACG	3
4	TTT	13861
4	TTC	49
5	ATT	13852
5	ATC	54
5	ATY	2
5	GTT	2
6	ACA	13795
6	GCA	85
6	ACG	26
6	TCA	2
7	AGA	13875
7	AAA	17
7	AGG	11
7	CGA	3
7	ARA	3
7	GGA	2
8	AAC	13885
8	AAT	23
9	TTC	13880
9	TTT	31
10	CAG	13826
10	CAA	85
11	ACT	13824
11	ACC	84
12	ACA	13904
12	ACG	7
13	ATA	13907
13	AYA	2
13	GTA	2
14	ATA	13911
15	CAA	13905
15	CAG	6
16	AAG	13565
16	AAA	343
17	GCC	13893
17	GCT	18
18	AAA	13799
18	AAG	93
18	AGA	16
19	AAC	13894
19	AGC	8
19	AAT	7
20	ACA	13892
20	ACT	16
21	ATG	13909
21	ATR	2
22	GCA	13871
22	ACA	18
22	GCG	8
22	GCT	7
22	RCA	4
22	GTA	3
23	GAA	13747
23	GAG	164
24	TTT	13800
24	TTC	107
24	TTY	3
25	AGT	13877
25	AGC	28
25	GGT	3
25	AAT	2
26	GAA	13897
26	GAG	13
27	GAT	12547
27	GAC	1359
27	GAY	3
28	CCT	13863
28	CCC	41
28	CCA	4
28	TCT	2
29	GAA	13714
29	GAG	195
30	TTG	13456
30	TTA	288
30	CTG	149
30	CTA	9
30	TTR	4
30	TCG	2
30	ATG	2
31	CAA	13890
31	CAG	20
32	CCA	13902
32	CCG	7
33	GCA	13878
33	GCG	20
33	ACA	5
33	GTA	3
33	TCA	2
34	ATG	13897
34	ACG	4
34	ATA	4
34	GTG	2
34	ATR	2
34	TTG	2
35	CTA	13855
35	CTG	46
35	TTA	9
36	TTC	13888
36	TTT	12
36	TAC	6
36	CTC	2
36	TTA	2
37	AAC	7719
37	AAT	6191
38	ATC	13847
38	ATA	31
38	ATT	30
38	GTC	3
39	TGT	7143
39	TGC	6768
40	GTC	13873
40	GTT	29
40	GTY	3
40	ATC	2
40	GCC	2
41	CAT	13890
41	CAC	19
41	MAT	2
42	CTA	13799
42	CTG	58
42	CTT	42
42	TTA	11
43	GAG	13867
43	GAA	42
43	GAR	2
44	GTT	13837
44	GTC	48
44	ATT	17
44	GCT	3
44	GTG	3
44	GTA	2
45	TGC	13890
45	TGT	21
46	TAT	13673
46	TAC	237
47	GTA	13848
47	GTG	37
47	ATA	16
47	RTA	5
47	GCA	4
48	ATA	13909
49	AGT	13899
49	AGC	12
50	GAC	13880
50	GAT	30
51	ATG	13911
52	AAT	13874
52	AAC	36
53	TTT	13845
53	TTC	65
54	CTT	13820
54	CTC	75
54	CTA	11
54	ATT	4
55	GAC	13682
55	GAT	225
55	AAC	3
56	GAA	13901
56	AAA	4
56	GAG	4
57	GAA	13861
57	AAA	34
57	GAG	12
58	GGA	13818
58	GGG	91
59	AAA	13793
59	AAG	100
59	GAA	12
59	AGA	4
60	GCA	13795
60	ACA	92
60	GCG	8
60	GTA	6
60	TCA	5
60	RCA	4
61	TAT	13823
61	TAC	88
62	ACA	13879
62	ACT	12
62	ATA	10
62	ACG	6
62	ACC	4
63	GCA	13901
63	GCG	9
64	TTA	13759
64	TTG	103
64	CTA	44
65	GAA	13901
65	GAG	8
65	RAA	2
66	GGA	13826
66	GGG	84
67	CAA	13907
67	CAG	2
68	GGG	13407
68	GGA	502
68	GGT	2
69	AAA	13853
69	AAG	51
69	AGA	7
70	GAA	13859
70	GAG	50
71	CAA	13883
71	CAG	28
72	AAT	7172
72	AAC	6722
72	AAA	10
72	AGC	2
72	ACC	2
73	TTG	13771
73	TTA	114
73	CTG	25
74	AGA	13867
74	AGG	42
75	CCA	13898
75	CCG	10
75	CCC	3
76	CAA	13897
76	CAG	10
76	AAA	2
76	MAA	2
77	TAT	13893
77	TAC	17
78	GAA	13907
78	GAG	4
79	GTA	13880
79	GTG	27
79	GTT	2
79	GTC	2
80	ATT	13888
80	ATC	16
80	ATA	5
81	GAG	13516
81	GAA	394
82	GGA	13762
82	GGG	149
83	ATG	13908
84	CCA	13897
84	CCC	6
84	CCG	5
84	CCT	2
85	AGA	13870
85	AGG	41
86	ACC	13822
86	ACA	39
86	AAC	27
86	ACT	16
86	GCC	5
86	ACY	2
87	ATA	13847
87	ATC	60
87	GTA	3
88	GCA	13901
88	GCG	6
89	TGG	13911
90	ATG	13905
90	RTG	2
90	GTG	2
90	ATA	2
91	GTC	13856
91	GTT	29
91	GTA	10
91	ATC	7
91	GTG	7
91	GTY	2
92	CAA	7137
92	CAG	6773
93	AGA	13812
93	AGG	96
93	CGA	3
94	TCC	13796
94	TCT	92
94	TCA	18
94	TCY	5
95	TTA	13884
95	TTG	22
95	CTA	4
96	GCT	13856
96	GCC	35
96	GCA	13
96	TCT	4
96	GCY	3
97	CAA	13906
97	CAG	5
98	GAG	13862
98	GAA	49
99	CAT	13837
99	CAC	62
99	AAT	9
100	GGG	6971
100	GGA	6928
100	GAA	8
100	GAG	2
101	ATA	13895
101	GTA	9
101	ATG	3
101	ACA	2
102	GAG	13843
102	GAA	62
102	GAT	3
103	ACT	13874
103	ACC	22
103	ATT	14
104	CCC	13784
104	CCT	83
104	CCA	44
105	AAG	13791
105	AAA	101
105	AGG	15
105	AGA	3
106	TAT	13867
106	TAC	43
107	CTG	13810
107	CTA	65
107	TTG	28
107	CTT	5
108	GCT	13904
108	GCC	7
109	GAT	13850
109	GAC	61
110	TTG	13862
110	TTA	29
110	CTG	19
111	TTT	13893
111	TTC	18
112	GAT	13897
112	GAC	8
112	AAT	3
112	GAY	3
113	TAT	7288
113	TAC	6623
114	AAG	7015
114	AAA	6884
114	AGA	5
114	AGG	2
114	AAT	2
114	AAR	2
115	ACC	13854
115	ACT	25
115	GCC	21
115	ATC	8
115	ACY	2
116	AAA	7258
116	AAG	6647
116	AGA	5
117	AGA	13800
117	AGG	101
117	AAA	8
118	TTT	13885
118	TTC	24
118	TTY	2
119	ATA	13906
119	ATT	3
120	GAA	13903
120	GAG	7
121	GTT	13858
121	GTC	27
121	ATT	20
121	GTG	4
122	GGA	13899
122	GGG	12
123	ATA	13881
123	GTA	14
123	ATC	12
123	RTA	3
124	ACA	13871
124	ACT	19
124	ACC	17
124	ACG	4
125	AAA	7761
125	AAG	6089
125	ARA	60
126	GGA	13841
126	GGG	68
126	AGA	2
127	TTG	13830
127	TTA	59
127	CTG	16
128	GCT	13824
128	GCA	45
128	GCC	40
128	GYT	2
129	GAT	13768
129	GAC	139
129	GAG	3
130	GAT	13876
130	GAC	21
130	AAT	8
130	GGT	2
130	GAG	2
131	TAC	13891
131	TAT	19
132	TTT	13905
132	TTC	2
133	TGG	13911
134	AAA	13877
134	AAG	19
134	AGA	11
134	ARA	2
135	AAG	13911
136	AAA	13889
136	AGA	12
136	AAG	8
136	AMA	2
137	GAA	7069
137	GAG	6842
138	AAG	7152
138	AAA	6759
139	CTG	7103
139	TTG	6720
139	CTT	63
139	TTA	15
139	CTA	9
140	GGA	13541
140	GGG	360
140	GGT	6
140	AGA	2
141	AAT	13867
141	AAC	33
141	GAT	6
141	AGT	4
142	AGC	13845
142	AGT	60
142	ACC	2
143	ATG	13910
144	GAA	13894
144	GAG	15
145	CTG	6968
145	CTA	6897
145	ATA	29
145	TTA	7
145	TTG	5
145	ATG	2
145	CTR	2
146	ATG	13908
146	ATA	2
147	ATA	13910
148	TTC	13873
148	TTT	38
149	AGC	13903
149	AGT	5
149	AAC	3
150	TAC	13880
150	TAT	29
150	TAY	2
151	AAT	13806
151	AAC	100
151	AGT	2
151	ATT	2
152	CAA	13903
152	CAG	7
153	GAC	13731
153	GAT	172
153	GAA	3
153	GAY	2
153	AAC	2
154	TAT	7077
154	TAC	6823
154	TGT	7
154	TGC	3
155	TCG	13612
155	TCA	259
155	GCG	24
155	TCT	10
155	TCR	3
155	TTG	2
156	TTA	13855
156	CTA	32
156	TTG	22
156	TTC	2
157	AGT	13856
157	AGC	54
158	AAT	13824
158	AAC	69
158	GAT	13
158	AGT	2
159	GAA	13867
159	GAG	40
159	AAA	3
160	TCC	13888
160	TCT	13
160	TCA	4
160	TTC	3
160	TYC	2
161	TCA	13884
161	TCG	16
161	TCT	11
162	TTG	13825
162	CTG	69
162	TTA	15
162	TTR	2
163	GAT	13851
163	GAC	59
164	GAG	13794
164	GAA	115
165	GAA	13894
165	GAG	17
166	GGG	11430
166	GGA	2449
166	GGT	29
167	AAA	13903
167	AAG	7
168	GGG	13754
168	GGA	155
168	GGR	2
169	AGA	13886
169	AGG	23
169	AGR	2
170	GTG	13775
170	GTA	114
170	GTT	19
170	GTC	3
171	CTA	13878
171	CTG	19
171	TTA	13
172	AGC	13803
172	AGT	107
173	AGA	6969
173	AGG	6940
174	CTC	13829
174	CTT	65
174	CTA	17
175	ACA	13767
175	ACG	122
175	ACC	19
175	ACT	3
176	GAA	13819
176	GAG	87
176	GGA	3
177	CTT	13877
177	CTC	24
177	ATT	5
177	CTA	2
177	MTT	2
178	CAA	7070
178	CAG	6841
179	GCT	13900
179	GCC	7
179	GCG	3
180	GAA	13750
180	GAG	160
181	TTA	13839
181	CTA	46
181	TTG	25
182	AGT	13887
182	AGC	23
183	CTG	13437
183	CTA	411
183	TTG	39
183	ATG	13
183	CTT	7
183	CTR	2
184	AAA	13888
184	AAG	12
184	AGA	11
185	AAC	7209
185	AAT	6702
186	TTA	13591
186	CTA	285
186	TTG	35
187	TGG	13911
188	CAA	13899
188	CAG	11
189	GTT	13850
189	GTC	40
189	GCT	14
189	ATT	4
190	CTC	13775
190	CTA	91
190	CTT	32
190	TTC	5
190	ATC	3
190	YTC	3
191	ATA	13872
191	GTA	26
191	ACA	6
191	ATG	3
192	GGA	13878
192	GGG	29
192	GAA	2
193	GAA	13841
193	GAG	68
194	GAA	13865
194	GAG	44
195	GAT	13149
195	GAG	733
195	GAC	20
195	GAA	6
196	GTT	13739
196	ATT	80
196	GTC	70
196	GCT	8
196	GTA	6
196	GTG	5
197	GAA	13893
197	GAG	15
198	AAG	13742
198	AAA	150
198	AGG	18
199	GGA	13784
199	GGG	114
199	AGA	5
199	GGT	3
199	GGR	3
200	ATT	13900
200	GTT	6
200	RTT	2
201	GAC	7148
201	GAT	6746
201	GGC	4
201	AAT	4
201	AAC	4
201	GAA	2
202	TTT	13770
202	TTC	139
203	AGA	6920
203	AAA	6906
203	AAG	64
203	AGG	7
203	CGA	5
203	GAA	2
203	CAA	2
204	CTT	13891
204	CTC	7
204	ATT	5
204	TTT	5
205	GGA	13807
205	GGG	95
205	GGR	4
205	AGA	3
205	GGC	2
206	CAA	7264
206	CAG	6604
206	CAT	21
206	AAA	17
207	ACA	13900
207	ACG	9
207	GCA	2
208	ATA	13883
208	GTA	14
208	ATG	13
209	TCT	13833
209	TCC	71
209	TCY	2
209	ACT	2
209	TTT	2
210	AGA	13639
210	AGG	202
210	AAA	65
211	CTA	9501
211	CTG	4370
211	TTA	34
211	CTR	2
212	AGG	13832
212	AGA	76
212	CGG	2
213	GAT	13818
213	GAC	63
213	AAT	29
214	ATA	13861
214	ATG	20
214	ACA	12
214	GTA	8
214	ATT	4
214	ATR	3
214	RTA	2
215	TCT	13880
215	TCC	16
215	TCA	14
216	GTT	13847
216	GTC	50
216	GCT	6
216	ATT	4
216	GTA	3
217	CCT	7039
217	CCA	6805
217	CCG	50
217	CCC	15
218	GCT	7301
218	GCC	6598
218	GTC	6
219	GGT	13827
219	GGC	82
219	GGG	2
220	TTC	13895
220	TTT	15
221	TCC	13805
221	TCA	76
221	TCT	25
221	CCC	3
221	GCC	2
222	AAT	11644
222	AAC	2232
222	AAA	17
222	AGT	13
222	GAT	3
223	TTT	13841
223	TTC	70
224	GAA	13873
224	AAA	13
224	GAG	8
224	GAC	8
224	RAA	4
224	GAT	4
225	GGA	13850
225	GGG	59
226	ATG	13887
226	CTG	23
227	AGG	13836
227	AGA	72
227	AGR	2
228	AGC	13836
228	AAT	26
228	AAC	20
228	AGT	17
228	GGC	7
228	AGY	3
229	TAC	13699
229	TAT	212
230	ATA	13816
230	ATC	84
230	ATT	9
230	GTA	2
231	GAC	13840
231	AAC	47
231	GAT	20
231	GAA	2
232	AAT	13880
232	AAC	26
232	AGT	2
233	ATA	13804
233	ATT	60
233	AGA	22
233	ATG	12
233	GTA	9
233	ATR	2
234	GAC	13773
234	AAC	61
234	GAT	41
234	TAC	29
234	GAA	4
234	RAC	2
235	CCA	8212
235	CCG	5615
235	TCG	42
235	CCT	24
235	TCT	5
235	TCA	4
235	CTA	3
235	CTG	3
235	CCR	2
236	AAA	13767
236	AAG	117
236	AGA	22
236	AAR	2
236	AAC	2
237	GGA	13870
237	GGG	39
238	GCA	13902
238	GCG	7
239	ATA	13905
239	GTA	2
240	GAG	13627
240	GAA	278
240	GAT	3
240	GGG	2
241	AGA	13893
241	AGG	18
242	AAC	6952
242	AAT	6949
242	AAA	3
242	AGC	2
242	AAM	2
243	CTA	13838
243	CTT	28
243	TTA	24
243	CTG	17
243	ATA	2
244	GCA	13900
244	GCG	4
244	TCA	2
244	GCR	2
244	ACA	2
245	AGG	13841
245	AGA	69
246	ATG	13898
246	ATA	5
246	ATR	4
246	ATT	3
247	TCT	13897
247	TCC	12
247	CCT	2
248	CCC	13630
248	CCA	202
248	CCT	47
248	TCC	17
248	ACC	4
248	CTC	4
248	CYC	2
248	CCM	2
248	CCY	2
249	TTA	13692
249	TCA	96
249	CTA	65
249	TTG	52
249	YTA	2
249	ATA	2
250	GTA	13844
250	GTG	61
250	ATA	3
250	GTR	2
251	TCA	13876
251	TCG	31
251	TCC	4
252	GTC	13733
252	GTT	89
252	GCC	63
252	ATC	15
252	GTA	10
253	ACA	13899
253	ACG	6
253	ACT	5
254	CCT	12640
254	CCC	965
254	CCA	296
254	TCT	4
255	AAA	13795
255	AAG	83
255	AGA	31
255	RAA	2
256	AAG	13816
256	AAA	81
256	AGG	10
256	AAR	2
257	TTG	7211
257	TTA	6640
257	CTG	46
257	CTA	10
257	TTR	3
258	AAA	7133
258	ACA	6704
258	AGA	25
258	GAA	20
258	AAG	14
258	GCA	7
258	ACG	6
259	TGG	13911
260	GAG	13854
260	GAA	37
260	AAG	10
260	GAT	7
260	GGG	2
261	GAT	7027
261	GAC	6873
261	GAA	4
261	AAT	3
261	GGC	2
262	CTA	13856
262	TTA	37
262	CTG	11
262	ATA	6
263	AGA	13796
263	AGG	101
263	AAA	11
264	CCA	13841
264	CCG	54
264	CTA	10
264	CCT	2
264	TCA	2
265	ATA	13902
265	GTA	5
265	ATT	3
266	GGG	13873
266	GGA	32
266	GGT	4
267	CCT	13836
267	CCC	56
267	TCT	11
267	CTT	4
267	CCA	2
268	CAC	13893
268	CAT	11
268	CAM	2
268	TAC	2
268	CAA	2
269	ATT	13871
269	ATC	35
269	GTC	2
269	ATA	2
270	TAC	13813
270	TAT	94
271	AAC	7078
271	GAC	6669
271	AAT	126
271	GAT	18
271	AGC	14
271	AAA	5
272	CAT	13821
272	CGT	45
272	TAT	15
272	CAG	10
272	CAC	8
272	CAA	5
272	AAT	5
272	YAT	2
273	GAG	13536
273	GAA	226
273	GAT	115
273	GGG	15
273	AAG	14
273	GAC	3
274	CTA	13805
274	CTG	52
274	TTA	52
275	CCA	13875
275	CCG	13
275	CCT	9
275	TCA	5
275	CCC	3
275	CAA	2
275	MCA	2
276	GAA	13234
276	GAG	666
276	AAA	5
276	GGA	2
276	RAA	2
277	GTT	13856
277	GTC	46
277	GTA	3
277	GCT	3
277	ATT	2
278	CCA	13749
278	CCG	85
278	CCC	64
278	CCT	9
278	TCA	4
279	TAT	9317
279	TAC	4592
279	TAY	2
280	AAT	13610
280	AGT	294
280	AAC	5
281	GCC	13817
281	GCT	78
281	GCA	14
282	TTT	13858
282	TTC	51
283	CTT	13861
283	CTC	42
283	CTA	6
284	CTA	6848
284	TTA	5736
284	TTG	1313
284	CTG	7
284	CTC	3
284	YTA	2
285	ATG	13911
286	TCT	13863
286	TCA	40
286	TCC	8
287	GAT	13696
287	GAC	214
288	GAA	13879
288	GAG	29
289	CTG	7441
289	CTA	6344
289	TTG	52
289	TTA	29
289	ATG	27
289	CTT	18
290	GGA	7893
290	GGG	6016
290	GGC	2
291	CTG	7161
291	TTG	6692
291	TTA	32
291	CTA	21
291	CTT	2
291	TTR	2
292	GCC	13819
292	GCT	47
292	ACC	18
292	TCC	12
292	GCA	6
292	GGC	3
292	GTC	2
293	AAT	13736
293	AAC	165
293	AGT	6
293	CAT	2
294	ATG	13877
294	ATA	15
294	GTG	15
295	ACG	6971
295	ACT	6607
295	ACC	208
295	ACA	121
296	GAG	13597
296	GAA	275
296	GAT	24
296	GAC	5
296	GGG	5
296	GAK	2
297	GGA	13774
297	GGG	136
298	AAG	13739
298	AAA	96
298	AGG	69
298	AAT	2
298	AAR	2
299	TCC	13821
299	TCT	86
299	TCA	3
300	AAA	13880
300	AAG	28
301	AAA	13802
301	AAG	75
301	AGA	33
302	CCA	7118
302	CCG	6771
302	CCC	17
302	CCT	5
303	AAG	13862
303	AAA	46
303	AGG	3
304	ACA	13874
304	ACC	11
304	GCA	8
304	ACT	6
304	ATA	5
304	ATC	3
305	TTA	13871
305	TTG	23
305	CTA	16
306	GCC	13873
306	GCT	33
306	GCA	3
306	GCY	2
307	AAA	13804
307	AAG	98
307	AGA	4
307	CAA	3
308	GAA	12636
308	GAG	1265
308	GGA	4
308	AAA	3
308	GAC	3
309	TGT	13887
309	TGC	24
310	CTA	13826
310	CTG	42
310	TTA	38
310	YTA	3
311	GAA	13844
311	GGA	30
311	AAA	15
311	GAG	12
311	GAC	4
311	GTA	3
311	GCA	2
312	AAG	13680
312	AAA	172
312	AGG	56
312	AAT	2
313	TAC	13833
313	TAT	56
313	CAC	21
314	TCA	13901
314	TCG	8
314	TCC	2
315	ACA	13899
315	ACG	7
315	AYA	2
316	CTA	9281
316	CTG	4550
316	TTA	49
316	TTG	22
316	ATA	3
316	CTT	2
316	YTA	2
317	CGG	13847
317	CGA	32
317	AGG	26
317	AGA	2
317	MGG	2
318	GAT	13779
318	GAC	126
318	GRT	3
318	AAT	3
319	CAG	7023
319	CAA	6885
320	ACT	13802
320	ACA	90
320	ACC	10
320	AAT	4
320	GCT	2
320	ATT	2
321	GAC	13791
321	GAT	96
321	AAC	16
321	GAA	4
321	RAC	3
322	CCA	13892
322	CCG	18
323	ATA	13853
323	GTA	39
323	ATG	15
323	ACA	2
324	TTA	13719
324	TTG	151
324	CTA	39
325	ATA	13880
325	GTA	21
325	ATG	8
326	ATG	10422
326	GTG	3346
326	GTA	58
326	ATA	37
326	ACG	34
326	GCG	4
326	AAG	4
326	ACA	2
326	ATT	2
327	AAA	13854
327	AGA	37
327	AAG	18
327	AAR	2
328	AGC	13694
328	AGT	209
328	AGY	5
328	AAC	3
329	GAA	7404
329	GAG	6462
329	AAG	12
329	AAA	11
329	GGG	10
329	GAC	4
329	RAG	3
329	GGA	2
329	GRA	2
330	AAA	13650
330	AAG	238
330	AGA	22
331	GCT	13862
331	GCC	32
331	GCG	12
331	GCA	4
332	AAC	13747
332	AAT	158
332	AAY	3
332	AGC	2
333	GAA	13885
333	GAG	14
333	GGA	6
333	GAC	5
334	AAT	13868
334	AAC	31
334	ACT	7
334	AGT	4
335	TTC	13705
335	TTT	205
336	CTA	7321
336	TTA	6554
336	CTG	20
336	TTG	12
336	ATA	2
337	TGG	13911
338	AAA	6981
338	AAG	6920
338	AGG	3
338	ARG	2
338	AGA	2
339	CTT	13826
339	CTC	68
339	CTG	12
339	TTG	3
340	TGG	13910
341	AGA	13872
341	AGG	33
341	AAA	4
342	GAC	13878
342	GAT	27
342	GAA	3
343	TGT	13833
343	TGC	78
344	GTA	13791
344	GTG	96
344	ATA	18
344	RTA	2
344	GTR	2
345	AAT	13842
345	AAC	57
345	AGT	6
345	AAY	3
345	ACT	2
346	ACA	13893
346	GCA	12
346	ACG	2
347	ATA	13849
347	GTA	54
347	ATG	5
347	ACA	2
348	AGT	13377
348	AGC	470
348	AAT	55
348	ATT	2
348	TGT	2
348	AGY	2
349	AAT	13492
349	AAC	267
349	AGC	104
349	AGT	33
349	ACT	8
349	AAA	3
349	ART	2
350	GAG	13675
350	GAA	187
350	AAG	19
350	GGG	14
350	GAT	7
350	RAG	3
350	GAR	3
350	GRG	2
351	GAA	13860
351	GAG	23
351	GGA	18
351	AAA	4
351	GAT	3
352	ATG	7101
352	GCG	3404
352	GCA	2992
352	ACG	290
352	ATA	39
352	ACA	29
352	ATT	22
352	GTG	9
352	GCT	8
352	TCA	5
352	TTG	5
352	TCG	2
352	GAG	2
352	AAG	2
353	AGT	13720
353	AGC	108
353	GGT	49
353	AAT	30
353	AGA	2
354	AAC	13783
354	AAT	116
354	AGC	5
354	ACC	2
354	AAY	2
355	GAG	12684
355	GAA	1218
355	GAR	3
355	GAT	2
356	TTA	13549
356	CTA	304
356	TTG	56
356	TTR	2
357	CAG	13529
357	CAA	362
357	AAG	6
357	CGG	4
357	CTG	4
357	CAT	3
357	MAG	2
358	AAA	13888
358	AAG	22
359	ACC	13882
359	ACA	18
359	ACT	10
360	AAT	13890
360	AAC	15
360	TAT	3
361	TAT	13803
361	TAC	70
361	CAT	36
362	GCC	13887
362	GCT	23
363	AAG	7158
363	AAA	6751
364	TGG	13910
365	GCC	13849
365	GCT	54
365	GCA	8
366	ACA	13876
366	ACG	34
367	GGG	13534
367	GGA	353
367	GGT	20
367	GGR	3
368	GAT	13900
368	GAC	8
368	GAG	2
369	GGT	7032
369	GGA	6810
369	GGG	56
369	GGC	12
370	TTA	13732
370	CTA	127
370	TTG	52
371	ACA	13801
371	ACG	107
371	ACC	2
372	TAC	13851
372	TAT	47
372	TTC	10
372	CAC	2
373	CAA	7062
373	CAG	6843
373	AAA	3
373	CTA	2
374	AAA	13595
374	AAG	309
374	AGA	5
374	AAR	2
375	ATA	13888
375	GTA	14
375	CTA	4
375	ATG	2
376	ATG	13784
376	ATA	112
376	TTA	4
376	TTG	4
376	GTG	4
376	ATR	2
377	AAA	13869
377	AAG	36
377	AGA	5
378	GAA	13867
378	GAG	41
379	GTA	13834
379	ATA	54
379	GTG	19
379	RTA	3
380	GCA	13856
380	GCG	54
381	ATA	13880
381	ATG	12
381	GTA	7
381	ATC	5
381	ATT	4
382	GAT	13877
382	GAC	31
382	GGT	3
383	GAC	13512
383	GAT	394
383	GAA	2
383	GAY	2
384	GAA	13870
384	GAG	23
384	GGA	7
384	AAA	4
384	GAC	3
384	GRA	2
385	ACA	13891
385	GCA	14
385	ACG	3
386	ATG	13911
387	TGC	13767
387	TAC	60
387	TGT	49
387	CGC	20
387	CAC	4
387	TAT	3
387	TRC	2
387	TGY	2
388	CAA	13904
388	CAG	7
389	GAA	13881
389	GAG	23
389	GAC	4
389	AAA	2
390	GAG	13768
390	GAA	116
390	AAG	16
390	GAT	5
390	GGG	3
390	GAR	2
391	CCT	13459
391	CCC	443
391	CCA	3
392	AAA	13887
392	AAG	15
392	AAT	4
392	AGA	3
393	ATC	13744
393	ATT	66
393	GTC	40
393	ACC	31
393	ATA	29
394	CCT	13483
394	CCC	422
394	CCA	4
394	CCG	2
395	AAC	13743
395	AAA	65
395	AAT	53
395	GAC	27
395	AGC	10
395	AAM	3
395	RAC	2
395	AAG	2
395	AAY	2
395	ACC	2
396	AAG	7014
396	AAA	6885
396	AGG	7
397	TGT	13710
397	TGC	174
397	TAT	24
398	AGA	13801
398	AGG	96
398	AAA	11
398	GGA	3
399	GTG	13529
399	GTA	207
399	GTT	93
399	ATG	50
399	GCG	23
399	ATA	8
400	GCT	13876
400	GCA	20
400	GCC	13
401	GCT	13490
401	GCC	416
401	GCG	2
402	TGG	13911
403	GTT	13757
403	GTC	144
403	ATT	5
403	GTG	3
404	CAA	13885
404	CAG	26
405	ACA	13878
405	ACG	23
405	GCA	8
406	GAG	13790
406	GAA	121
407	ATG	13900
407	ACG	6
407	ATA	2
407	RTG	2
408	AAC	7052
408	AAT	6858
409	CTA	13862
409	CTG	37
409	TTA	11
410	TTG	13810
410	CTG	63
410	TTA	36
411	AGC	13894
411	AGT	14
411	TGC	2
412	ACT	13691
412	ACC	211
412	AAT	3
412	GCT	2
412	ATT	2
413	CTG	13570
413	TTG	168
413	CTA	140
413	CTT	31
414	ACA	13887
414	ATA	8
414	ACT	7
414	ACG	6
415	AGT	13732
415	AAT	92
415	AGC	72
415	AGG	5
415	GGT	4
415	ART	2
415	AGA	2
416	AAA	13890
416	AAG	19
417	AGA	13658
417	AGG	205
417	AAA	42
417	CGA	2
417	AAG	2
418	GCT	13851
418	GCC	55
418	ACT	3
419	CTG	13124
419	CTA	771
419	TTG	10
419	CTT	3
419	CTR	2
420	GAC	13859
420	GAT	51
421	CTA	13845
421	TTA	34
421	CTG	28
421	CTT	3
422	CCA	13835
422	CCG	69
422	CCT	3
422	CCC	3
423	GAA	13845
423	GAG	66
424	ATA	13870
424	CTA	31
424	TTA	5
424	ATG	2
425	GGG	13801
425	GGA	90
425	GGT	11
425	GGC	8
426	CCA	13757
426	CCG	141
426	CCC	6
426	CCT	6
427	GAC	13867
427	GAT	40
428	ATA	6763
428	GTA	5474
428	GTG	1629
428	ATG	25
428	GCA	13
428	ACA	3
429	GCA	13822
429	GCG	82
429	GCC	7
430	CCA	7066
430	CCC	6688
430	CCT	153
430	CCG	3
431	GTG	7213
431	GTA	6678
431	ATA	9
431	ATG	7
431	GTT	2
432	GAG	13831
432	GAA	79
433	CAT	13872
433	CAC	36
433	MAT	2
434	GTT	7028
434	GTA	6808
434	GTG	27
434	ATT	19
434	ATA	16
434	GTC	4
434	RTT	3
434	GTR	3
434	RTA	2
435	GGA	13747
435	GGG	160
435	GGR	2
436	AGT	13888
436	AGC	20
437	GAA	13891
437	GAG	16
437	GGA	2
438	AGA	13899
438	AGG	12
439	AGA	7001
439	AGG	6909
440	AAA	13855
440	AAG	48
440	AGA	8
441	TAC	13883
441	TAT	27
442	TTT	13889
442	TTC	22
443	GTT	12429
443	GTC	1390
443	ATT	81
443	GTA	8
444	AAT	7272
444	AAC	6633
444	GAC	2
445	GAA	13873
445	GAG	37
446	ATC	13828
446	GTC	34
446	ATA	25
446	ATT	19
446	ACC	3
447	AAC	13879
447	AAT	31
448	TAC	13859
448	TAT	37
448	TGC	11
448	CAC	3
449	TGT	12753
449	TGC	1150
449	AGT	6
449	TGY	2
450	AAG	13509
450	AAA	401
451	GCC	13595
451	GCT	224
451	GCA	88
451	ACC	2
452	TCT	13846
452	TCC	64
453	ACA	13855
453	ATA	22
453	ACC	10
453	ACG	10
453	ACT	9
453	AYA	2
454	GTT	13758
454	GTC	88
454	GTG	35
454	ATT	26
454	GTY	3
455	ATG	13909
456	ATG	13905
456	ATA	2
457	AAG	13834
457	AAA	75
457	AAR	2
458	TAT	13892
458	TAC	14
458	YAT	2
458	CAT	2
459	GTG	13782
459	GTA	119
459	GTT	6
459	ATA	3
460	CTT	13868
460	CTC	28
460	TTG	10
460	MTT	2
460	TTT	2
461	TTT	13652
461	TTC	257
461	TTY	2
462	CAC	7356
462	CAT	6534
462	TAT	6
462	AAC	5
462	TAC	3
462	CAA	3
462	AAT	2
463	ACT	13868
463	ACC	30
463	ACG	7
463	ACA	5
464	TCA	13856
464	TCG	51
464	TCC	4
465	TTG	13745
465	TTA	96
465	CTG	65
465	YTG	2
465	TTR	2
466	CTG	7257
466	TTG	6549
466	TTA	82
466	CTA	19
466	CTT	3
467	AAT	13902
467	AAC	6
467	AGT	3
468	GAA	13891
468	GAG	20
469	AGC	13839
469	AGT	72
470	AAT	13887
470	AAC	22
470	AAY	2
471	GCC	13885
471	GCT	13
471	GCA	7
471	ACC	3
472	AGC	13846
472	AGT	40
472	AAC	21
472	ARC	2
473	ATG	13911
474	GGA	13771
474	GGG	134
474	GGT	4
474	GGR	2
475	AAA	13877
475	AAG	24
475	AGA	9
476	TAC	13808
476	TAT	103
477	AAA	13856
477	AAG	54
478	GTA	12626
478	GTG	1253
478	ATA	24
478	GCA	3
478	GTC	2
478	GTT	2
479	ATA	13902
479	GTA	5
480	CCA	13902
480	CCG	9
481	ATA	13900
481	ATC	5
481	GTA	3
481	ATG	2
482	ACC	13644
482	ACT	190
482	ACA	65
482	GCC	12
483	AAT	7343
483	AAC	6565
484	AGA	13839
484	AGG	68
484	ARA	2
485	ATA	6927
485	GTA	6864
485	GTG	104
485	ACA	6
485	ATG	2
485	ATC	2
485	RTA	2
486	GTA	13654
486	GTG	204
486	ATA	25
486	GCA	18
486	RTA	4
486	GYA	3
486	GTT	2
487	AAT	13870
487	AAC	29
487	AGT	10
488	GAA	13892
488	GAG	13
488	AAA	3
489	AAA	13733
489	AAG	161
489	AAR	5
489	GAA	5
489	AGA	4
489	CAA	2
490	GGA	13843
490	GGG	66
491	GAA	13861
491	GAG	50
492	AGT	13691
492	AGC	195
492	AAT	23
493	TTC	13832
493	TTT	73
493	TAC	4
494	GAC	13895
494	GAT	10
494	AAC	3
494	RAC	2
495	ATG	13902
495	ATA	5
495	RTG	2
496	CTT	13880
496	CTC	30
497	TAT	7466
497	TAC	6436
497	CAT	7
497	TAY	2
498	GGT	13881
498	GGC	26
498	GGG	2
498	GGY	2
499	CTG	7968
499	TTG	5801
499	CTT	53
499	CTA	46
499	TTA	35
499	ATG	3
499	CTR	3
500	GCG	9019
500	GCA	4788
500	ACG	75
500	GCT	18
500	GCR	3
500	ACA	2
500	RCG	2
500	GCC	2
501	GTT	13807
501	GTC	93
501	GTG	4
501	ATT	3
501	GTA	2
502	AAA	13878
502	AAG	32
503	GGA	13856
503	GGG	55
504	CAA	13873
504	CAG	34
504	CAR	2
505	TCT	13806
505	TCC	99
505	TCA	4
505	TCG	2
506	CAT	13799
506	CAC	110
506	CAY	2
507	CTG	13599
507	TTG	160
507	CTA	108
507	CTT	43
508	AGG	13757
508	AGA	152
508	AGR	2
509	GGA	7221
509	GGG	6688
509	GGT	2
510	GAC	7017
510	GAT	6891
510	GAY	2
511	ACT	12648
511	ACA	1230
511	ACC	28
511	ACG	4
512	GAT	13905
512	GAC	6
513	GTT	13784
513	GTC	114
513	GTA	9
513	GTG	3
514	GTA	13844
514	GTG	61
514	GTC	4
514	GTR	2
515	ACA	13854
515	ACT	32
515	ACG	25
516	GTT	13878
516	ATT	20
516	GTC	9
517	GTA	13778
517	GTG	116
517	GTC	7
517	GTT	4
517	ATA	3
517	RTA	3
518	ACT	13845
518	ACC	63
519	TTC	7463
519	TTT	6446
520	GAA	13886
520	GAG	25
521	TTT	13901
521	TTC	9
522	AGT	13844
522	AGC	66
523	AGT	13723
523	AGC	121
523	ACT	37
523	GGT	21
523	ATT	4
523	AAT	3
524	ACA	13669
524	ACG	215
524	ACC	17
524	ACT	5
524	AAA	3
525	GAC	7175
525	GAT	6730
525	AAC	3
525	GAY	2
526	CCC	13380
526	CCA	427
526	CCT	100
526	CCG	4
527	AGA	13888
527	AGG	21
527	CGA	2
528	GTG	13809
528	GTA	49
528	GTT	48
528	GCG	3
529	GAC	13753
529	AAC	107
529	GAT	37
529	GGC	6
529	RAC	5
529	GAY	2
530	TCA	13686
530	CCA	125
530	TTG	59
530	TCT	14
530	TCG	11
530	TTA	10
530	ACA	4
531	GGA	13521
531	GGG	311
531	AGA	59
531	GAA	15
531	RGA	2
532	AAG	13647
532	AAA	260
532	AAR	4
533	TGG	13911
534	CCA	9415
534	CCG	4410
534	CCT	37
534	CCC	22
534	CTG	8
534	TCA	7
534	TCG	3
534	CMG	2
534	YCA	2
534	ACA	2
535	AAA	13888
535	AAG	23
536	TAT	11898
536	TAC	2013
537	ACT	13857
537	ACA	44
537	ACC	7
538	GTG	13523
538	GTA	377
538	GTT	9
539	TTT	13840
539	TTC	71
540	AGG	13683
540	AGA	135
540	AAG	86
540	ARG	3
540	CGG	3
541	ATT	13867
541	GTT	27
541	ATC	14
541	ATG	2
542	GGC	13746
542	GGT	133
542	AGC	13
542	GGG	9
542	GGA	8
542	GGM	2
543	TCC	13668
543	TCT	229
543	TCA	11
543	TYC	2
544	CTA	13724
544	TTA	142
544	CTC	27
544	CTG	12
544	MTA	2
545	TTT	13903
545	TAT	4
545	TTC	4
546	GTG	13859
546	GTA	26
546	GCG	11
546	GTT	5
546	RTG	3
546	ATG	3
546	GTK	2
546	TTG	2
547	AGT	9300
547	GGT	4589
547	AGC	11
547	GGC	5
547	AAT	3
548	GGG	7166
548	GGA	6739
548	GGR	3
548	AGA	2
549	AGG	13723
549	AGA	134
549	CGG	40
549	AAG	11
549	AGR	2
550	GAA	13890
550	GAG	14
550	AAA	4
550	RAA	3
551	AAA	13848
551	AAG	54
551	AGA	8
552	TCT	13874
552	CCT	12
552	TCC	9
552	TAT	4
552	TCA	4
552	TCY	3
552	TTT	3
553	GTG	13750
553	GTA	125
553	GTT	33
553	ATG	2
554	TAC	13893
554	TAT	18
555	CTA	7059
555	TTG	6693
555	CTG	123
555	TTA	34
555	YTG	2
556	TAT	7245
556	TAC	6664
557	TGC	13867
557	TGT	38
557	AGC	3
557	TGY	2
558	AGA	12960
558	CGA	942
558	AGG	9
559	GTG	13810
559	GTA	92
559	GYG	4
559	ATA	3
559	GTT	2
560	AAT	13896
560	AAC	15
561	GGC	13799
561	GGA	68
561	GGT	43
562	ACA	13867
562	ACG	18
562	ACT	12
562	AGA	4
562	GCA	4
562	AAA	2
562	ACC	2
563	AAT	13832
563	AAC	76
563	AGT	2
564	AAG	13851
564	AAA	60
565	ATC	13849
565	ATT	52
565	ATA	7
566	CAA	13879
566	CAG	32
567	ATG	13910
568	AAA	13698
568	AAG	213
569	TGG	13911
570	GGA	13876
570	GGG	32
570	GGT	2
571	ATG	13910
572	GAA	13863
572	GAG	47
573	GCT	13812
573	GCC	97
574	AGA	13856
574	AGG	52
574	RGR	3
575	AGA	13879
575	AGG	28
575	ARA	3
576	TGT	13892
576	TGC	18
577	CTG	7147
577	TTG	6722
577	CTA	31
577	TTA	10
578	CTT	13858
578	CTC	42
578	CTG	4
578	CTY	3
578	CTA	2
579	CAA	13895
579	CAG	15
580	TCA	13868
580	TCG	41
581	ATG	13911
582	CAA	13809
582	CAG	102
583	CAA	13883
583	CAG	27
584	ATG	13905
584	ATA	5
585	GAA	7218
585	GAG	6692
586	GCA	13856
586	GCT	26
586	GCG	19
586	ACA	6
586	TCA	3
587	ATT	13848
587	ATC	56
587	ATA	3
587	GTT	3
588	GTT	13886
588	GTC	22
588	ATT	3
589	GAA	13856
589	GAG	52
589	GAT	3
590	CAA	7192
590	CAG	6718
591	GAA	13826
591	GAG	85
592	TCC	7038
592	TCA	6850
592	TCT	15
592	TCG	6
592	TCY	2
593	TCG	7087
593	TCA	6768
593	TCT	49
593	TCR	7
594	ATA	12758
594	GTA	1131
594	GTG	7
594	ACA	5
594	WTA	4
594	KTA	2
595	CAA	13886
595	CAG	23
595	CAC	2
596	GGA	13622
596	GGG	286
597	TAC	7027
597	TAT	6883
598	GAC	13823
598	GAT	86
599	ATG	13910
600	ACC	13786
600	ACT	106
600	GCC	12
600	ACA	4
600	ACY	2
601	AAA	13881
601	AAG	21
601	AGA	6
601	AAR	3
602	GCT	7103
602	GCC	6801
602	GCG	3
602	TCC	2
602	GCA	2
603	TGT	13828
603	TGC	83
604	TTC	12089
604	TTT	1820
605	AAG	13748
605	AAA	151
605	AGG	11
606	GGG	7092
606	GGA	6812
606	GGC	3
606	GGT	3
607	GAC	13902
607	GAT	7
608	AGA	13896
608	AGG	9
608	AAA	3
609	GTA	12120
609	ATA	1665
609	GTG	112
609	RTA	5
609	GCA	3
609	TTA	3
609	GTR	2
610	AAT	13822
610	AAC	89
611	AGC	13768
611	AGT	96
611	AAC	31
611	GGC	6
611	ACC	4
611	AAT	3
611	ATC	2
612	CCC	13876
612	CCT	14
612	CCA	13
612	GCC	4
612	TCC	3
613	AAA	13510
613	AGA	364
613	AAG	30
613	AAT	4
613	AGG	2
614	ACT	13858
614	GCT	21
614	ATT	17
614	ACC	12
615	TTC	13825
615	TTT	83
615	TTM	2
616	AGT	13851
616	AGC	43
616	AAT	15
617	ATT	13800
617	GTT	81
617	ATC	22
617	CTT	7
618	GGA	13877
618	GGG	32
619	ACT	13814
619	ACC	83
619	AAT	6
619	ATT	4
619	GCT	2
620	CAA	13895
620	CAG	16
621	GAA	13512
621	GAG	387
621	AAA	6
622	GGG	7052
622	GGA	6846
622	AGG	4
622	GGR	3
622	AGA	3
622	GAG	2
623	AAA	13886
623	AAG	14
623	AGA	8
624	CTA	13810
624	TTA	75
624	CTG	14
624	ATA	6
624	CCA	2
624	YTA	2
625	GTA	13186
625	GTG	667
625	ATA	44
625	GCA	6
625	GYA	3
625	TTA	2
626	AAA	13859
626	AAG	48
626	AGA	3
627	GGA	13877
627	GGG	30
628	TCC	13864
628	TCT	34
628	TCA	7
628	CCC	4
628	TCY	2
629	TTT	13890
629	TTC	21
630	GGA	13595
630	GGG	314
630	GGR	2
631	AAA	13895
631	AAG	13
631	AAR	2
632	GCA	13844
632	ACA	33
632	GTA	26
632	GCG	5
632	RCA	2
633	CTA	13647
633	CTG	160
633	TTA	51
633	CTT	47
633	CAA	2
633	CTR	2
634	AGA	13791
634	CGA	104
634	AGG	16
635	GTA	13802
635	GTG	96
635	ATA	9
635	RTA	2
636	ATA	13906
636	GTA	2
636	ATT	2
637	TTT	13857
637	TTC	52
638	ACT	13388
638	ACC	511
638	ACA	10
639	AAA	13838
639	AAG	73
640	TGT	7205
640	TGC	6705
641	TTG	13830
641	TTA	55
641	CTG	17
641	TTT	6
642	ATG	13910
643	CAC	13822
643	CAT	88
644	TAT	13883
644	TAC	27
645	GTA	12134
645	GTG	1748
645	GTC	10
645	ATA	9
645	GCA	7
645	GTT	2
646	TTT	13906
646	TTC	5
647	GGA	13822
647	GGG	89
648	AAT	13782
648	AAC	129
649	GCC	13742
649	GCT	163
649	GCA	5
650	CAG	7666
650	CAA	6244
651	TTG	13701
651	TTA	164
651	CTG	40
651	TTR	5
652	GAG	13802
652	GAA	109
653	GGA	7018
653	GGG	6887
653	GGT	6
654	TTC	7042
654	TTT	6869
655	AGT	13891
655	AGC	16
655	TGT	2
656	GCC	13779
656	GCT	110
656	GCA	19
657	GAG	13462
657	GAA	446
657	GAR	3
658	TCT	13824
658	TCC	84
659	AGG	13700
659	AGA	205
659	CGG	3
659	AGR	3
660	AGA	13785
660	AGG	123
660	AAA	3
661	CTT	13851
661	CTC	57
661	CTA	2
662	CTA	13792
662	TTA	96
662	CTG	23
663	CTG	7923
663	TTG	5642
663	TTA	285
663	CTA	56
663	CTC	2
663	CTR	2
664	TTG	13808
664	TTA	67
664	CTG	33
665	ATT	13780
665	GTT	90
665	ATC	41
666	CAA	13867
666	CAG	44
667	GCA	13888
667	GCG	12
667	GCT	4
667	ACA	3
667	TCA	2
668	TTA	13868
668	TTG	28
668	CTA	14
669	AAG	13713
669	AAA	194
669	AGG	2
670	GAC	13888
670	GAT	22
671	AGA	13885
671	AGG	22
671	GGA	2
672	AAG	13816
672	AAA	93
672	AAR	2
673	GGC	6888
673	GGT	6553
673	AGC	338
673	AGT	78
673	GAT	20
673	GGG	14
673	GAC	14
673	AAC	3
674	CCT	13890
674	CCG	10
674	CCC	8
675	TGG	13909
676	GTG	11638
676	GTA	1872
676	GTT	397
677	TTC	13792
677	TTT	116
677	TTY	3
678	GAC	13889
678	GAT	22
679	TTA	13398
679	TTG	376
679	CTA	135
680	GAG	13811
680	GAA	77
680	GAT	15
680	AAG	5
680	GAK	2
681	GGA	13788
681	GGG	121
682	ATG	13534
682	CTG	374
682	CTA	3
683	TAT	12331
683	TAC	1576
683	TAY	3
684	TCT	13872
684	TCC	24
684	TTT	7
684	TAT	3
684	TCG	2
684	TYT	2
685	GGA	13856
685	GGG	50
685	GGT	2
686	ATA	13892
686	GTA	15
686	GTG	3
687	GAA	13860
687	GAG	51
688	GAA	13881
688	GAG	29
689	TGT	13671
689	TGC	240
690	ATC	6996
690	ATT	6867
690	ATA	39
690	GTT	6
690	GTC	2
691	AGT	7137
691	AGC	6767
691	AAT	2
691	GGT	2
692	AAC	13700
692	AAT	211
693	AAC	13786
693	AAT	124
694	CCT	13901
694	CCC	7
694	CCY	2
695	TGG	13911
696	GTA	9012
696	GTG	4875
696	GTT	23
697	ATA	13897
697	GTA	11
697	RTA	2
698	CAG	13862
698	CAA	48
699	AGT	13888
699	AAT	17
699	AGC	5
700	GCA	7167
700	GTA	6608
700	GTG	92
700	ACA	25
700	GCG	11
700	GCC	2
701	TAC	13846
701	TAT	61
701	TGC	2
702	TGG	13911
703	TTC	13810
703	TTT	87
703	CTC	12
704	AAT	13900
704	AAC	11
705	GAA	13772
705	GAG	139
706	TGG	13911
707	TTG	13820
707	TTA	58
707	CTG	31
708	GGT	6914
708	GGC	6794
708	AGT	128
708	GAT	24
708	GAC	16
708	AGC	13
708	GGA	6
708	GGG	5
708	AGA	3
708	GTT	2
709	TTT	13625
709	CTT	145
709	TTC	94
709	GTT	40
709	TAT	3
710	GAA	13841
710	GAG	69
711	AAG	13372
711	AAA	373
711	AGG	158
711	ARG	4
712	GAG	13866
712	GAA	40
712	AAG	3
712	GAR	2
713	GGG	7109
713	GGA	6788
713	GGT	7
713	AGA	3
714	AGT	13800
714	AGC	93
714	AAT	15
714	GGT	2
715	AAA	13810
715	AAG	87
715	AGA	10
715	AAR	3
716	GTA	7054
716	GTG	6754
716	ATA	64
716	GTT	13
716	ATG	12
716	TTA	5
716	GCA	4
717	TTA	7169
717	TTG	6730
717	CTA	4
717	CTG	3
717	TTR	2
718	GAA	13787
718	GAG	53
718	GGA	50
718	AAA	17
719	TCA	13821
719	TTA	62
719	TCG	12
719	CCA	5
719	TCC	5
719	TCT	3
720	GTA	7262
720	GTG	6574
720	TTG	22
720	ATA	17
720	ATG	11
720	GCG	9
720	GCA	6
720	GTT	4
720	GWG	2
720	TTA	2
721	GAT	13897
721	GAC	10
721	AAT	3
722	GAA	13772
722	KAA	103
722	GAG	30
722	AAA	4
723	ATA	7351
723	GTA	6541
723	ACA	6
723	ATG	5
723	GTG	5
724	ATG	13869
724	ATA	31
724	GTG	4
724	ACG	3
724	ACA	2
725	GAT	13837
725	AAT	47
725	GAC	16
725	GGT	9
725	GRT	2
726	GAA	13871
726	GAG	21
726	AAA	8
726	GGA	6
726	GRG	2
727	TAA	13867
727	TGA	35
727	TAG	8

#PHUKET3073|PB1
1	ATG	13861
2	AAT	13839
2	AAC	22
3	ATA	13860
4	AAT	13835
4	AAC	26
5	CCT	6990
5	CCG	6867
5	CCA	4
6	TAT	13746
6	TAC	112
6	YAT	2
7	TTT	13802
7	TTC	54
7	CTT	5
8	CTC	11289
8	CTA	2536
8	CTT	20
8	CTG	11
8	CTY	2
8	ATC	2
9	TTC	13848
9	TTT	12
10	ATA	13842
10	ATG	12
10	CTA	3
10	ACA	2
11	GAT	13848
11	GAC	11
12	GTA	6990
12	GTG	6860
12	ATA	5
12	GTT	2
13	CCC	7211
13	CCT	6626
13	CCA	20
13	CCY	3
14	ATA	7066
14	GTA	6781
14	GTG	8
14	RTA	4
14	GTR	2
15	CAG	13839
15	CAA	21
16	GCA	13578
16	GCG	279
16	GCT	3
17	GCA	13845
17	GCG	14
17	GTA	2
18	ATT	13627
18	ATC	230
18	GTT	2
19	TCA	13859
20	ACA	13856
20	ATA	2
20	ACG	2
21	ACA	13854
21	ACG	7
22	TTC	13830
22	TTT	29
22	TTM	2
23	CCA	13857
23	CCG	2
24	TAC	13767
24	TAT	92
24	TAY	2
25	ACC	6970
25	ACT	6884
25	ACA	4
25	ACY	2
26	GGT	13838
26	GGC	12
26	GGG	6
26	AGT	4
27	GTT	13753
27	GTC	101
27	GTA	6
28	CCC	13798
28	CCT	62
29	CCT	13829
29	CCG	20
29	CCC	10
29	MCT	2
30	TAT	13465
30	TAC	395
31	TCC	13763
31	TCT	94
31	TCG	2
31	TCA	2
32	CAT	13846
32	CAC	15
33	GGA	13800
33	GGG	53
33	GGT	5
33	GGC	3
34	ACG	7008
34	ACA	6853
35	GGA	13846
35	GGG	14
36	ACA	13789
36	ACG	65
36	ACT	6
37	GGC	7144
37	GGT	6700
37	GGA	15
38	TAC	13689
38	CAC	106
38	TAT	63
38	YAC	3
39	ACA	13856
39	ACG	5
40	ATA	13853
40	GTA	4
41	GAC	13850
41	GAA	6
41	GAT	5
42	ACC	13633
42	ACT	184
42	ACA	39
42	ACM	3
43	GTG	13732
43	GTA	103
43	GTT	18
43	TTG	3
43	RTG	2
43	ATG	2
44	ATC	13809
44	ATT	30
44	ATA	14
44	GTC	4
44	ACC	3
45	AGA	13795
45	AGG	66
46	ACA	7018
46	ACG	6814
46	ACT	27
47	CAT	13829
47	CAC	31
48	GAG	13778
48	GAA	70
48	GGG	5
48	GAT	3
48	GTG	2
48	AAG	2
49	TAC	13785
49	TAT	74
50	TCA	6985
50	TCG	6873
50	TCT	3
51	AAC	13759
51	AAT	63
51	AGC	15
51	AAA	8
51	GAC	8
51	ACC	6
52	AAA	7013
52	AAG	6844
52	AGG	2
52	AGA	2
53	GGA	7018
53	GGG	6839
53	GGR	2
54	AAA	12425
54	AAG	1403
54	AGA	26
54	AAC	2
55	CAG	13717
55	CAA	130
55	CAT	5
55	AAG	3
56	TAT	7008
56	TAC	6836
56	TGC	6
56	CAC	3
56	TAY	2
56	TCT	2
56	CAT	2
57	GTT	6854
57	ATT	6818
57	GTC	113
57	ACT	40
57	CTT	19
57	ATC	8
57	RTT	2
57	GTY	2
57	TTT	2
58	TCT	13847
58	TCC	8
58	TCA	5
59	GAC	6937
59	GAT	6900
59	AAC	17
59	GAG	2
60	ATC	6952
60	GTT	6802
60	GTC	53
60	ATT	32
60	ATA	17
60	RTT	2
61	ACA	13856
61	ACG	2
62	GGA	7342
62	GGG	6503
62	AGG	10
62	GGT	5
63	TGT	6958
63	TGC	6902
64	ACA	13812
64	GCA	37
64	ACG	5
64	RCA	2
64	AAA	2
65	ATG	13797
65	ATA	47
65	ATT	7
65	ATR	5
65	GTG	5
66	ATA	6857
66	GTG	6675
66	GTA	307
66	ATG	13
66	AGA	2
66	GTR	2
66	ATT	2
66	GCG	2
67	GAT	13659
67	GAC	201
68	CCA	13839
68	CCG	19
69	ACA	13767
69	ACG	43
69	ATA	41
69	ACT	7
70	AAT	13831
70	AAC	29
71	GGA	6911
71	GGG	6909
71	GGC	36
71	GGM	2
72	CCA	13690
72	CCG	164
72	CCC	6
73	TTA	13803
73	TTG	36
73	CTA	20
74	CCT	6980
74	CCC	6826
74	CCA	52
75	GAA	13847
75	GAG	9
75	GGA	2
76	GAC	6983
76	GAT	6856
76	AAT	9
76	AAC	7
77	AAT	13784
77	AAC	70
77	GAT	3
78	GAG	13446
78	GAA	406
78	GGG	5
78	GAT	3
79	CCA	7013
79	CCG	6821
79	CCC	20
79	CCT	5
80	AGT	13815
80	AGC	39
80	ART	3
80	ATT	2
81	GCC	13731
81	GCT	114
81	GCA	15
82	TAT	13845
82	TAC	14
83	GCA	7269
83	GCG	6530
83	GCT	57
83	GCR	3
84	CAA	13825
84	CAG	32
84	CGA	3
85	TTA	13753
85	TTG	91
85	CTA	15
85	TTR	2
86	GAT	13829
86	GAC	23
86	AAT	5
86	GAY	2
87	TGC	13784
87	TGT	76
88	GTT	13808
88	GTC	44
88	ATT	2
88	GTA	2
88	RTT	2
89	CTG	6835
89	TTA	6812
89	TTG	193
89	CTA	18
89	CTR	2
90	GAG	13610
90	GAA	247
91	GCT	13844
91	GCC	14
91	GCG	2
92	TTG	13783
92	TTA	54
92	CTG	18
92	YTG	2
92	TTR	2
93	GAT	13811
93	GAC	36
93	AAT	9
93	GAG	3
94	AGA	13776
94	AAA	39
94	AGG	29
94	ATA	4
94	CGA	3
94	ARA	3
94	GGA	2
94	RGA	2
94	AGM	2
95	ATG	13857
96	GAT	13840
96	GAC	19
97	GAG	6963
97	GAA	6877
97	GCG	4
97	GAT	4
97	GGG	4
97	RAA	2
97	AAA	2
98	GAA	13837
98	GAG	13
98	GGA	5
98	AAA	2
99	CAT	6994
99	CAC	6863
99	MAT	2
100	CCA	13848
100	CCG	7
100	CCC	2
100	CCT	2
101	GGT	13772
101	GGC	88
102	CTG	6952
102	CTT	6790
102	CTA	80
102	CTC	26
102	TTG	9
102	CTK	3
103	TTT	13839
103	TTC	21
104	CAA	13676
104	CAG	184
105	GCA	13821
105	GCG	22
105	GCT	12
105	GCC	5
106	GCC	13808
106	GCT	36
106	GCA	15
107	TCA	13845
107	TCG	10
107	GCA	2
108	CAG	13792
108	CAA	60
108	CAR	5
108	CAK	2
109	AAT	13848
109	AAC	12
110	GCC	7059
110	GCT	6797
110	GCG	2
111	ATG	13859
112	GAG	13790
112	GAA	70
113	GCA	6985
113	GCC	6837
113	GCT	13
113	GCG	12
113	TCC	5
113	TCA	3
113	ACC	3
113	ACA	2
114	CTA	13762
114	CTG	65
114	TTA	29
114	CKA	2
115	ATG	13850
115	ACG	4
115	ATA	3
115	ATK	2
116	GTC	13766
116	GTT	59
116	GTA	28
116	GTM	4
116	ATC	2
116	GCC	2
117	ACA	13843
117	ACG	17
118	ACT	13846
118	ACC	7
118	ACA	6
119	GTA	13782
119	GTG	63
119	RTA	6
119	ATA	4
119	GCA	3
120	GAC	13591
120	GAT	267
120	AAC	2
121	AAA	13653
121	AAG	208
122	TTA	13789
122	CTA	45
122	TTG	22
122	TTR	2
122	YTA	2
123	ACC	13807
123	ACT	51
123	ACA	2
124	CAG	13719
124	CAA	141
125	GGG	13688
125	GGA	168
125	GGR	3
126	AGA	13825
126	AGG	35
127	CAG	11198
127	CAA	2662
128	ACT	13459
128	ACC	394
128	ACY	3
128	ACG	2
129	TTT	6952
129	TTC	6907
129	TTY	2
130	GAT	13837
130	GAC	20
130	GAY	3
131	TGG	13860
132	ACA	13840
132	ACG	19
133	GTA	13764
133	GTG	95
134	TGC	13787
134	TGT	68
134	GGC	2
134	TGY	2
135	AGA	12796
135	AGG	1062
135	AGR	2
136	AAC	13811
136	AAT	47
136	AAY	2
137	CAG	6976
137	CAA	6882
138	CCT	13788
138	CCA	52
138	CCC	21
139	GCT	13831
139	GCC	18
139	GCA	10
140	GCA	13846
140	GCG	5
140	GCT	5
140	RCA	3
141	ACG	13753
141	ACA	98
141	ACT	7
142	GCA	13853
142	GCC	6
142	GCG	2
143	CTA	6987
143	CTG	6768
143	TTA	69
143	CTT	21
143	TTG	11
143	CTR	3
144	AAT	6951
144	AAC	6906
144	AAY	2
145	ACA	13838
145	ACG	18
145	ACT	2
146	ACA	12591
146	ACG	1043
146	ACT	222
146	ACC	3
147	ATA	13857
148	ACC	13264
148	ACT	427
148	ACA	168
148	GCC	2
149	TCT	6896
149	TCC	6884
149	TCA	81
150	TTT	6954
150	TTC	6906
151	AGG	6941
151	AGA	6912
151	AAA	3
151	MGG	2
152	TTG	13776
152	TTA	49
152	CTG	33
152	TTR	2
153	AAT	13851
153	AAC	10
154	GAT	13807
154	GGT	22
154	AAT	17
154	GAC	10
154	RAT	2
154	GRT	2
155	TTG	6964
155	TTA	6871
155	CTG	16
155	CTA	7
155	YTG	2
156	AAT	13793
156	AAC	38
156	AGT	16
156	AAG	11
156	CAT	2
157	GGA	13812
157	GGG	29
157	AGA	19
158	GCT	7031
158	GCC	6809
158	GCA	12
158	ACC	4
158	GTT	2
159	GAC	13795
159	GAT	54
159	AAC	9
160	AAG	6992
160	AAA	6861
160	AAR	4
160	AGG	2
160	AGA	2
161	GGT	13837
161	GGC	11
161	RGT	6
161	GGG	3
161	AGT	3
162	GGA	13829
162	GGG	27
162	GGR	2
163	TTA	7089
163	TTG	6768
163	CTG	3
164	ATA	6969
164	GTA	6857
164	GTG	28
164	ATC	2
165	CCC	7000
165	CCT	6849
165	TCC	3
165	TCT	2
165	CCG	2
166	TTT	13779
166	TTC	82
167	TGC	13807
167	TGT	52
167	TGY	2
168	CAA	6973
168	CAG	6884
168	CMA	2
168	AAG	2
169	GAT	13702
169	GAC	151
169	AAT	8
170	ATC	13767
170	ATA	51
170	ATT	33
170	GTC	6
170	ACC	2
171	ATT	13836
171	GTT	19
171	ATC	4
172	GAT	13626
172	GAC	220
172	AAT	8
172	GAG	3
173	TCA	13825
173	TCG	36
174	TTA	13692
174	TTG	121
174	CTA	45
175	GAC	13841
175	GAT	19
176	AAG	6967
176	AGA	6510
176	CGA	294
176	AAA	50
176	AGG	38
177	CCT	13780
177	TCT	28
177	ACT	28
177	CCC	18
177	CCA	5
178	GAA	13749
178	GAG	107
178	AAA	2
179	ATG	13842
179	ATA	17
179	ATT	2
180	ACT	13742
180	ACC	75
180	GCT	17
180	ATT	13
180	ACA	6
180	AAT	3
180	RCT	2
181	TTC	13823
181	TTT	35
182	TTC	13839
182	TTT	20
183	TCA	13833
183	TCG	18
183	TCT	5
183	TCC	3
184	GTA	13828
184	GTG	21
184	ATA	8
184	GTT	2
185	AAG	13827
185	AAA	18
185	AGG	13
185	AAT	2
186	AAT	13831
186	AAC	15
186	AGT	12
187	ATA	13819
187	ATG	17
187	GTA	14
187	ACA	7
188	AAG	13860
189	AAA	13676
189	AAG	182
189	AGA	3
190	AAA	13779
190	AAG	77
190	AGA	2
190	AAR	2
191	TTG	13702
191	CTG	91
191	TTT	32
191	TTA	27
191	TTC	5
191	TCG	2
192	CCT	13845
192	CCA	6
192	CCC	4
192	CAT	3
192	YCT	2
193	GCA	6904
193	GCC	6840
193	GCT	70
193	GCG	45
194	AAA	13838
194	AAG	13
194	AGA	10
195	AAC	13792
195	AAT	69
196	AGA	13797
196	AAA	36
196	AGG	26
196	CGA	2
197	AAG	13615
197	AAA	217
197	AGG	25
197	AAR	2
198	GGT	13831
198	GGG	16
198	GGC	13
199	TTC	13834
199	TTT	26
200	CTC	13807
200	ATC	24
200	CTT	10
200	TTC	9
200	CTA	6
200	CTG	2
201	ATA	13849
201	GTA	4
201	ACA	2
201	ATG	2
202	AAG	13791
202	AAA	68
203	AGA	7042
203	AGG	6818
204	ATA	13818
204	ATG	29
204	ATT	8
204	GTA	6
205	CCA	13840
205	CCG	19
206	ATG	13856
206	ATA	3
207	AAA	8415
207	AAG	5441
207	AAR	4
208	GTA	12456
208	ATA	1335
208	GTG	46
208	GCA	13
208	RTA	4
208	GTR	3
208	GGA	2
209	AAA	13821
209	AAG	38
209	AGA	2
210	GAC	13764
210	GAT	85
210	GAA	5
210	AAC	3
210	GGC	2
211	AAA	6856
211	AGG	6825
211	AAG	104
211	AGA	75
212	ATA	13546
212	ATT	306
212	GTA	5
212	ATC	2
213	TCC	6944
213	ACC	6830
213	ACT	35
213	TCT	19
213	CCC	17
213	GCC	9
213	TCA	3
213	AAC	2
214	AGA	7003
214	AAA	6781
214	AAG	61
214	AGG	13
214	ARA	2
215	GTG	13649
215	ATG	159
215	GTA	25
215	GCG	17
215	GTT	8
216	GAA	13819
216	GAG	37
216	GAC	3
217	TAC	13839
217	TAT	21
218	ATC	13804
218	ATA	30
218	CTC	17
218	ATT	5
218	GTC	4
219	AAA	13830
219	AAG	26
219	AGA	3
219	ARA	2
220	AGA	13203
220	AGG	656
221	GCA	13850
221	GCG	10
222	TTG	6936
222	TTA	6849
222	CTA	56
222	CTG	17
223	TCA	13846
223	TCG	15
224	TTA	12189
224	CTA	1272
224	TTG	395
224	YTA	2
224	TTR	2
225	AAC	13799
225	AAT	62
226	ACA	13857
226	ACG	4
227	ATG	13861
228	ACA	13762
228	ACG	74
228	ACT	21
228	ACC	4
229	AAA	13849
229	AAG	11
230	GAC	7043
230	GAT	6817
231	GCT	13794
231	GCC	66
232	GAA	13831
232	GAG	30
233	AGA	7038
233	AGG	6812
233	CGG	8
233	AGR	3
234	GGC	13839
234	GGT	18
234	GGA	3
235	AAA	13851
235	AAG	10
236	CTA	6983
236	CTG	6792
236	TTA	67
236	TTG	14
236	CTR	2
237	AAA	13686
237	AAG	167
237	AGA	5
237	AAR	2
238	AGA	13820
238	AGG	36
238	CGA	4
239	AGA	9520
239	AGG	4341
240	GCG	13742
240	GCA	86
240	GCT	31
240	GCR	2
241	ATT	13848
241	ATC	9
241	ATA	3
242	GCA	6983
242	GCC	6847
242	GCT	27
242	GCG	3
243	ACC	6962
243	ACT	6852
243	ACA	45
244	GCT	13808
244	GCG	39
244	GCC	13
245	GGA	13832
245	GGG	24
245	GGR	3
246	ATA	13853
246	ATG	6
246	GTA	2
247	CAA	13851
247	CAG	10
248	ATC	7060
248	ATA	6757
248	ATT	42
248	ATG	2
249	AGA	13845
249	AGG	15
250	GGG	13751
250	GGA	82
250	GGT	25
251	TTT	13801
251	TTC	60
252	GTA	13822
252	GTG	33
252	GTT	3
252	GTR	2
253	TTA	13713
253	CTA	78
253	TTG	67
253	TCA	2
254	GTA	13825
254	GTG	21
254	ATA	6
254	GTT	4
254	RTA	3
254	GTR	2
255	GTT	13840
255	GTC	11
255	GTG	5
255	GCT	3
256	GAA	13820
256	GAG	40
257	AAC	13824
257	AAT	31
257	AAA	2
257	AGC	2
258	TTG	13764
258	TTA	79
258	CTG	17
259	GCT	13834
259	GCC	22
259	GCA	2
259	GCY	2
260	AAA	9543
260	AAG	4318
261	AAT	7261
261	AAC	6600
262	ATC	6981
262	ATA	6861
262	ATT	15
262	ATY	2
263	TGT	13835
263	TGC	26
264	GAA	13850
264	GAG	7
264	AAA	4
265	AAT	13828
265	AAC	22
265	AGT	8
265	ACT	2
266	CTA	13802
266	CTG	32
266	TTA	24
266	YTA	3
267	GAA	13840
267	GAG	21
268	CAA	13799
268	CAG	62
269	AGT	13843
269	AGC	17
270	GGT	13793
270	GGC	62
270	GGG	4
271	TTG	7020
271	TTA	6806
271	CTG	25
271	CTA	8
272	CCA	6923
272	CCC	6802
272	CCT	116
272	CCG	18
272	CCY	2
273	GTA	7014
273	GTG	6808
273	GTT	28
273	ATA	8
274	GGT	13849
274	GGC	8
274	GGG	3
275	GGA	13822
275	GGG	38
276	AAT	7052
276	AAC	6807
276	AAY	2
277	GAA	7008
277	GAG	6853
278	AAG	13817
278	AAA	40
278	AAR	3
279	AAA	7338
279	AAG	6521
280	GCC	13850
280	GCT	11
281	AAA	13848
281	AAG	13
282	CTG	13798
282	TTG	28
282	CTA	23
282	CTT	12
283	TCA	13808
283	TCC	32
283	TCG	20
284	AAT	13674
284	AAC	187
285	GCA	12208
285	GCT	1621
285	GCG	20
285	ACA	5
285	RCA	2
286	GTG	6987
286	GTA	6866
286	GTT	8
287	GCC	13797
287	GCA	31
287	GCT	29
287	RCC	2
288	AAA	13789
288	AAG	72
289	ATG	13861
290	CTC	13837
290	CTT	19
290	CTA	5
291	AGT	12413
291	AGC	1443
291	AGY	2
292	AAC	12436
292	AAT	1413
292	GAC	4
292	AAA	2
292	AGC	2
293	TGC	13783
293	TGT	77
294	CCA	13832
294	CCM	16
294	CCG	11
294	CCC	2
295	CCA	13799
295	CCG	26
295	CCT	26
295	TCA	5
295	CCC	3
296	GGA	13842
296	GGG	16
296	GAA	2
297	GGG	13777
297	GGA	81
297	GGT	2
298	ATC	7052
298	ATT	6759
298	GTT	26
298	GTC	9
298	ACC	4
298	ACT	3
298	ATA	3
298	CTT	2
299	AGC	13797
299	AGT	64
300	ATG	13847
300	ATA	8
300	GTG	5
301	ACA	13824
301	ACG	19
301	ACT	14
301	ACR	2
301	ACC	2
302	GTA	13824
302	GTG	29
302	ATA	5
303	ACA	13850
303	ACC	6
303	ACT	3
303	ACG	2
304	GGA	13826
304	GGG	33
304	GGR	2
305	GAC	13783
305	GAT	76
305	GAY	2
306	AAT	13793
306	AAC	68
307	ACT	7005
307	ACA	6794
307	ACC	40
307	ACG	22
308	AAA	13782
308	AAG	79
309	TGG	13861
310	AAT	13824
310	AAC	37
311	GAA	13834
311	GAG	27
312	TGC	6991
312	TGT	6870
313	TTA	13719
313	TTG	119
313	CTA	23
314	AAT	6975
314	AAC	6885
315	CCA	13843
315	CCG	15
315	CCC	3
316	CGA	6647
316	AGA	4436
316	AGG	2512
316	CGG	266
317	ATC	13763
317	GTC	51
317	ATT	37
317	ATA	9
318	TTT	13854
318	TTC	7
319	TTG	13725
319	TTA	109
319	CTG	26
320	GCT	7074
320	GCC	6679
320	GCG	48
320	GCA	46
320	ACT	4
320	RCT	3
320	RCC	2
320	ACC	2
320	GTT	2
321	ATG	13860
322	ACT	11847
322	ACC	1994
322	ACA	14
322	ACY	3
322	ACG	2
323	GAA	13852
323	GAG	9
324	AGA	13829
324	AGG	32
325	ATA	13855
325	ATG	5
326	ACC	13796
326	ACT	63
327	AGA	13559
327	AGG	202
327	AAA	97
327	CGA	2
328	GAC	13831
328	GAT	28
329	AGC	13825
329	AGT	33
329	AGY	2
330	CCA	13455
330	CCG	394
330	CCC	7
330	CCT	5
331	ATT	6845
331	GTT	6776
331	ATC	209
331	GCT	8
331	ACT	7
331	ATA	7
331	GTC	5
331	GTG	2
332	TGG	13861
333	TTC	13679
333	TTT	181
334	CGG	6932
334	AGG	6829
334	CGA	65
334	AGA	33
334	CGR	2
335	GAT	13819
335	GAC	31
335	AAT	11
336	TTT	13840
336	TTC	17
336	TTY	3
337	TGT	13815
337	TGC	45
338	AGT	13850
338	AGC	8
338	AAT	2
339	ATA	13813
339	GTA	23
339	ATC	17
339	ATG	5
339	ATT	2
340	GCA	13783
340	GCC	62
340	GCG	15
341	CCG	7135
341	CCT	6641
341	CCA	74
341	CYT	7
341	CCR	2
342	GTC	13799
342	GTT	50
342	GTA	6
342	GCC	3
342	ATC	3
343	TTG	6918
343	CTG	6820
343	TTA	77
343	ATG	23
343	CTA	20
344	TTC	13460
344	TTT	399
344	TTY	2
345	TCC	13799
345	TCT	47
345	TCA	14
346	AAT	6934
346	AAC	6926
347	AAA	7024
347	AAG	6837
348	ATA	13779
348	GTA	44
348	ATG	31
348	ATT	2
348	CTA	2
349	GCC	7039
349	GCA	6801
349	GCT	12
349	GCG	2
349	GCR	2
350	AGA	13646
350	CGA	196
350	AGG	18
351	TTG	6899
351	TTA	6869
351	CTG	76
351	CTA	15
351	TTR	2
352	GGG	13461
352	GGA	397
352	GGR	2
353	AAA	13845
353	AAG	14
353	AGA	2
354	GGA	13506
354	GGG	355
355	TTC	7125
355	TTT	6735
356	ATG	13855
356	ACG	3
356	GTG	2
357	ATA	13818
357	GTA	32
357	ATG	6
357	ATT	4
358	ACA	13732
358	ACG	124
358	ACT	3
358	GCA	2
359	AGT	6959
359	AGC	6895
359	GGC	4
359	AGY	2
360	AAA	13813
360	AAG	43
360	AGA	4
361	ACA	13804
361	GCA	29
361	ACG	22
361	ACT	5
362	AAA	13818
362	AAG	43
363	AGA	13784
363	AGG	62
363	CGA	10
363	ARA	2
363	AAA	2
364	CTA	13590
364	CTG	241
364	TTA	18
364	TTG	7
364	ATA	4
365	AAG	13840
365	AAA	21
366	GCT	11253
366	GCC	2604
366	GCA	2
367	CAA	13807
367	CAG	50
367	CAR	2
368	ATA	13855
368	GTA	3
369	CCT	13841
369	CCC	17
369	TCT	2
370	TGT	13658
370	TGC	202
371	CCT	13814
371	CCC	20
371	TCT	16
371	GCT	5
371	CCA	2
371	CCG	2
372	GAT	13827
372	GAC	25
372	AAT	7
373	CTG	13654
373	CTA	125
373	CTT	40
373	TTG	26
373	ATG	13
373	TTA	2
374	TTT	6945
374	TTC	6915
375	AGC	6975
375	AGT	6817
375	AAT	40
375	AAC	14
375	GGT	8
375	TGT	3
376	ATA	13835
376	GTA	13
376	ATG	9
376	ATT	3
377	CCA	13619
377	CCG	132
377	TCA	96
377	CCT	9
377	TCG	2
378	TTA	13606
378	TTG	173
378	CTA	73
378	TCA	5
378	TTR	3
379	GAA	13718
379	GAG	116
379	GGA	19
379	AAA	8
380	AGA	13809
380	AGG	52
381	TAT	13811
381	TAC	46
381	TAY	4
382	AAT	13836
382	AAC	25
383	GAA	13780
383	AAA	32
383	GGA	32
383	GAG	14
383	GRA	2
384	GAA	13749
384	GAG	102
384	GGA	9
385	ACA	13849
385	ACG	8
385	ACT	2
386	AGG	13671
386	AGA	175
386	AAG	12
387	GCA	6965
387	GCG	6816
387	ACG	24
387	ACA	15
387	GCT	11
387	TCA	10
387	GAG	6
387	GAA	5
387	GTG	3
387	GCR	2
387	RCA	2
388	AAA	13819
388	AAG	41
389	TTG	6910
389	TTA	6906
389	CTA	34
389	CTG	11
390	AAA	7245
390	AAG	6525
390	AGA	75
390	AGG	11
390	GAG	4
391	AAG	6961
391	AGG	6850
391	AAA	32
391	AGA	9
391	GGG	4
391	RGG	2
392	CTG	6971
392	CTA	6866
392	TTA	9
392	TTG	8
392	CTT	6
393	AAG	7001
393	AAA	6747
393	AGA	101
393	GAG	3
393	GAA	3
393	AAR	3
393	AGG	2
394	CCA	13835
394	CCG	8
394	TCA	7
394	CAA	5
394	CCC	3
394	CTA	2
395	TTC	13751
395	TTT	103
395	CTC	3
395	TTY	2
396	TTC	13822
396	TTT	36
397	AAT	13831
397	AAC	29
398	GAA	13814
398	GAG	34
398	AAA	7
398	GGA	5
399	GAA	13829
399	GAG	28
399	GGA	4
400	GGA	13835
400	GGG	25
401	ACT	6842
401	ACA	6269
401	ACG	620
401	ACC	127
401	AAT	2
402	GCA	13844
402	GCG	13
403	TCT	13832
403	TCC	28
404	TTG	13727
404	TTA	71
404	CTG	62
405	TCG	7207
405	TCA	6642
405	TCT	9
405	TCC	3
406	CCT	13772
406	CCG	47
406	CCC	33
406	CCA	7
407	GGG	13670
407	GGA	190
408	ATG	13861
409	ATG	13861
410	ATG	13861
411	GGA	13816
411	GGG	40
411	GGT	4
412	ATG	13861
413	TTT	13797
413	TTC	62
413	TTY	2
414	AAT	13760
414	AAC	97
414	AAY	4
415	ATG	13861
416	CTA	13772
416	CTG	47
416	TTA	37
416	CTC	2
416	CTR	2
417	TCT	13757
417	TCA	54
417	TCC	50
418	ACC	13677
418	ACT	107
418	ACA	72
418	ACY	3
419	GTG	13508
419	GTA	314
419	GTT	35
419	GTR	2
419	ATG	2
420	TTG	13654
420	CTG	127
420	TTA	79
421	GGA	13717
421	GGG	139
421	GGT	4
422	GTA	13801
422	GTG	58
423	GCA	6920
423	GCT	6851
423	GCC	87
423	GCG	2
424	GCA	13821
424	GCG	19
424	GTA	11
424	GCT	6
424	ACA	3
425	CTA	13760
425	TTA	53
425	CTG	42
425	TTG	4
425	CTC	2
426	GGC	6929
426	GGT	6909
426	GGG	14
426	GGA	8
427	ATC	13807
427	ATA	39
427	ATT	10
427	ACC	4
428	AAA	7002
428	AAG	6847
428	AGA	11
429	AAC	13839
429	AAT	20
429	AGC	2
430	ATT	13854
430	ATC	5
430	GTT	2
431	GGA	13776
431	GGG	58
431	GGC	23
431	GAA	2
432	AAC	13784
432	AAT	60
432	ACC	8
432	AGC	4
432	AAY	2
432	AAA	2
433	AAA	6986
433	AAG	6874
434	GAA	13822
434	GAG	19
434	AAA	8
434	GAT	5
434	GAC	3
434	GAR	2
435	TAC	13770
435	TAT	90
436	TTA	6965
436	CTA	6777
436	TTG	94
436	ATA	18
436	CTG	6
437	TGG	13861
438	GAT	13847
438	GAC	11
438	AAT	3
439	GGA	13822
439	GGG	33
439	GGC	3
439	GGR	2
440	CTG	13771
440	CTA	50
440	TTG	33
440	CTR	3
440	CTT	2
441	CAA	13814
441	CAG	46
442	TCT	13838
442	TCC	16
442	TCA	4
442	TCG	3
443	TCT	11356
443	TCC	2499
443	TCA	4
444	GAT	13759
444	GAC	99
444	GAY	2
445	GAT	13801
445	GAC	58
446	TTT	13623
446	TTC	237
447	GCT	13775
447	GCC	81
447	ACT	2
448	CTA	6825
448	TTG	6771
448	CTG	212
448	TTA	51
449	TTT	13856
449	TTC	5
450	GTT	13811
450	GTC	42
450	ATT	6
450	GTY	2
451	AAT	13858
451	AAC	3
452	GCA	13842
452	GCG	7
452	GCT	5
452	TCA	3
452	ACA	2
453	AAA	7021
453	AAG	6826
453	AGG	8
453	AGA	3
453	GAG	2
454	GAT	13621
454	AAT	207
454	GAC	26
454	GGT	4
455	GAA	13848
455	GAG	13
456	GAA	13634
456	GAG	214
456	AAA	10
457	ACA	13783
457	GCA	64
457	ATA	7
457	AAA	2
457	ACG	2
458	TGT	13812
458	TGC	47
459	ATG	13835
459	ATA	12
459	GTG	9
459	ATT	2
460	GAA	13824
460	GAG	16
460	AAA	10
460	GGA	7
460	GAC	2
461	GGA	6953
461	GGG	6905
461	GGT	3
462	ATA	13814
462	AYA	26
462	ACA	9
462	GTA	7
462	ATG	5
463	AAC	7186
463	AAT	6675
464	GAC	6948
464	GAT	6912
465	TTT	12276
465	TTC	1585
466	TAC	13789
466	TAT	69
466	TTC	2
467	CGA	13475
467	AGA	289
467	CGG	93
467	CGC	2
468	ACA	13811
468	ACG	42
468	ACR	2
468	GCA	2
469	TGT	13772
469	TGC	89
470	AAA	13838
470	AAG	22
471	TTA	13171
471	TTG	507
471	CTA	181
471	CTG	2
472	TTG	13823
472	TTA	26
472	CTG	9
472	GTG	2
473	GGA	13840
473	GGG	19
473	GGT	2
474	ATA	13835
474	GTA	26
475	AAC	13754
475	AAT	106
476	ATG	13853
476	ATA	4
476	GTG	3
477	AGC	13817
477	AGT	41
477	AAC	2
478	AAA	13852
478	AAG	9
479	AAG	13861
480	AAA	13854
480	AAG	7
481	AGT	13832
481	AGC	28
482	TAC	13837
482	TAT	24
483	TGT	13758
483	TGC	100
484	AAT	6966
484	AAC	6894
485	GAA	7021
485	GAG	6839
486	ACT	13845
486	ACC	13
486	ACA	2
487	GGA	12204
487	GGG	1656
488	ATG	13855
488	ATA	3
488	ATR	2
489	TTT	13845
489	TTC	16
490	GAA	13810
490	GAG	50
491	TTT	13835
491	TTC	25
492	ACA	13844
492	ACC	9
492	ACG	5
492	ACT	2
493	AGC	13795
493	AGT	65
494	ATG	13861
495	TTC	13824
495	TTT	35
495	TTY	2
496	TAT	6977
496	TAC	6883
497	AGA	13849
497	AGG	9
497	AGR	2
498	GAT	13781
498	GAC	76
498	RAT	2
499	GGA	13841
499	GGG	18
500	TTT	13830
500	TTC	31
501	GTA	13800
501	GTG	58
501	GTC	2
502	TCT	13780
502	TCC	42
502	TCA	38
503	AAT	6954
503	AAC	6905
503	AAY	2
504	TTT	13852
504	TTC	9
505	GCA	13828
505	GCG	25
505	GCT	5
505	GCR	2
506	ATG	13852
506	GTG	5
506	ATA	2
507	GAA	13808
507	GAG	53
508	ATT	6959
508	CTC	6825
508	CTA	25
508	ATC	25
508	CTT	24
508	ATA	2
509	CCT	13795
509	CCC	57
509	CCG	7
510	TCA	7021
510	TCG	6765
510	TCT	73
510	TCC	2
511	TTT	13841
511	TTC	20
512	GGA	7004
512	GGG	6844
512	GGT	13
513	GTT	13850
513	GTC	8
513	GTA	2
514	GCT	13788
514	GCA	58
514	GCC	11
515	GGA	13753
515	GGG	107
516	GTA	13800
516	GTG	55
516	ATA	4
517	AAT	13730
517	AAC	126
517	RAT	2
518	GAA	13833
518	GAG	24
518	GAR	4
519	TCA	13848
519	TCG	9
519	TCR	2
519	TCC	2
520	GCA	13855
520	GCC	4
520	GCG	2
521	GAT	13762
521	GAC	99
522	ATG	13857
522	ATA	2
523	GCA	13844
523	GCG	15
523	GCT	2
524	ATA	13856
524	ATC	2
524	AKA	2
525	GGA	13800
525	GGG	58
526	ATG	13856
526	WTG	4
527	ACA	13827
527	ACG	33
528	ATA	13860
529	ATA	13859
530	AAG	13853
530	AAA	6
531	AAC	13821
531	AAT	36
531	AGC	2
532	AAC	7019
532	AAT	6819
532	AGC	21
532	AGT	2
533	ATG	13860
534	ATT	6923
534	ATC	6797
534	ATA	134
534	GTC	3
534	ATM	2
535	AAC	13816
535	AAT	44
536	AAT	13823
536	AAC	37
537	GGA	6988
537	GGG	6870
537	GGT	2
538	ATG	13857
538	GTG	2
538	CTG	2
539	GGT	13746
539	GGC	102
539	GGG	11
540	CCA	6929
540	CCG	6908
540	CCT	14
540	CCC	6
540	CTA	2
540	CCR	2
541	GCA	13796
541	GCG	63
542	ACA	13801
542	ACG	56
542	ACT	4
543	GCA	13823
543	GCT	33
543	GCG	4
544	CAA	13856
544	CAG	4
545	ACA	13706
545	ACG	137
545	ATA	12
545	ACT	4
546	GCC	13773
546	GCT	78
546	GCA	9
547	ATA	13845
547	ATC	13
548	CAA	7017
548	CAG	6844
549	TTG	6860
549	CTA	6744
549	CTG	132
549	TTA	122
549	TTR	2
550	TTC	13827
550	TTT	33
551	ATA	13852
551	ATG	5
551	GTA	2
552	GCT	13847
552	GCC	5
552	GCA	4
552	GMT	2
552	ACT	2
553	GAT	13845
553	GAC	15
554	TAT	13825
554	TAC	36
555	AGA	6956
555	AGG	6903
555	AGR	2
556	TAC	13766
556	TAT	90
556	CAC	3
557	ACC	6912
557	ACA	6882
557	ACT	38
557	ACG	29
558	TAC	13845
558	TAT	15
559	AAA	13844
559	AAG	16
560	TGC	13763
560	TGT	97
561	CAC	13809
561	CAT	50
561	CAY	2
562	AGA	6937
562	AGG	6899
562	CGA	13
562	AAA	8
562	AAG	2
563	GGA	13833
563	GGG	24
563	GGT	2
563	GGR	2
564	GAT	13823
564	GAC	38
565	TCC	13815
565	TCA	30
565	TCT	15
566	AAA	13836
566	AAG	22
566	ARA	2
567	GTG	7009
567	GTA	6848
567	GTT	3
568	GAA	13832
568	GAG	14
568	GGA	10
568	AAA	3
569	GGA	13706
569	GGG	153
570	AAA	7121
570	AAG	6717
570	AGG	21
571	AGA	13849
571	AGG	9
571	AAA	3
572	ATG	13861
573	AAA	13628
573	AAG	178
573	AGA	53
574	ATT	6974
574	ATC	6853
574	ATA	24
574	GTC	5
574	GTT	2
574	AKT	2
575	ATA	13857
575	GTA	2
575	RTA	2
576	AAG	13731
576	AAA	119
576	AGG	8
576	AAR	3
577	GAG	13726
577	GAA	131
577	GAR	3
578	CTA	6986
578	TTA	6834
578	TTG	24
578	CTG	13
578	YTA	2
579	TGG	13861
580	GAA	13825
580	GAG	18
580	GGA	14
580	GAT	2
581	AAC	13806
581	AAT	30
581	AGC	10
581	ACC	8
581	AAA	4
582	ACT	13738
582	ACC	106
582	ACA	9
582	AMT	4
582	ACY	2
583	AAA	13835
583	AGA	12
583	AAG	12
584	GGA	13792
584	GGG	64
584	AGA	3
585	AGA	13826
585	AGG	31
585	AAA	2
586	GAT	13837
586	GAC	22
587	GGT	13805
587	GGC	38
587	GGG	18
588	CTG	6978
588	CTA	6811
588	TTA	57
588	CTT	4
588	YTG	4
588	TTG	3
588	CTC	2
589	TTA	13778
589	TTG	64
589	CTA	17
589	TTR	2
590	GTA	13722
590	GTG	125
590	ATA	8
590	GTC	5
591	GCA	10491
591	TCA	3352
591	GCG	8
591	GCT	7
591	CCA	2
592	GAT	13845
592	GAC	16
593	GGT	13848
593	GGC	5
593	GGA	5
593	GGG	2
594	GGG	13796
594	GGA	61
594	GGT	2
595	CCC	13711
595	CCA	108
595	CCT	36
595	CCY	3
595	CTC	2
596	AAC	13745
596	AAT	115
597	ATT	13783
597	ATC	69
597	GTT	5
598	TAC	12791
598	TAT	1067
598	TTC	3
599	AAT	13612
599	AAC	247
600	TTG	13644
600	TTA	199
600	CTG	15
600	WTG	2
601	AGA	13830
601	AGG	31
602	AAC	13852
602	AAT	5
602	AGC	2
603	TTA	6916
603	TTG	6911
603	CTG	30
603	CTA	4
604	CAT	13682
604	CAC	174
604	MAT	2
605	ATC	13317
605	ATT	526
605	GTC	9
605	ATA	6
605	ATY	2
606	CCA	13682
606	CCG	173
606	CCT	4
607	GAA	13820
607	GAG	39
608	ATA	13813
608	ATT	20
608	GTA	14
608	ACA	13
609	GTA	13644
609	GTG	210
609	ATA	6
610	TTG	13408
610	TTA	420
610	CTG	30
610	TTR	2
611	AAG	13805
611	AAA	52
611	AAR	3
612	TAC	7032
612	TAT	6826
613	AAC	6894
613	AAT	6875
613	AGC	59
613	AGT	24
613	CAC	4
613	GAT	3
614	CTA	13765
614	TTA	76
614	CTG	13
614	ATA	3
615	ATG	13860
616	GAC	13795
616	GAT	66
617	CCT	13809
617	TCT	33
617	CTT	8
617	CAT	4
617	CCC	4
618	GAA	13827
618	GAG	31
618	GAT	2
619	TAC	13836
619	TAT	25
620	AAA	13812
620	AGA	35
620	AAG	11
620	AAR	2
621	GGG	13763
621	GGT	48
621	GGC	30
621	GGA	20
622	CGG	11564
622	CGA	2252
622	AGG	17
622	CGT	17
622	CGC	4
622	CGR	4
622	AGA	2
623	TTA	13453
623	TTG	323
623	CTA	81
623	GTA	2
624	CTT	13725
624	CTC	120
624	CTG	13
625	CAC	6978
625	CAT	6883
626	CCT	13834
626	CCC	21
626	CCG	2
626	TCT	2
627	CAA	13822
627	CAG	37
627	AAA	2
628	AAT	13842
628	AAC	15
628	AGT	3
629	CCC	13789
629	CCT	66
629	CCA	5
630	TTT	13847
630	TTC	14
631	GTG	8177
631	GTA	5659
631	GTT	10
631	ATA	6
631	GTR	3
631	GTC	2
631	GKA	2
632	GGA	13726
632	GGG	129
632	AGA	3
632	GGR	2
633	CAT	13849
633	CAC	9
634	TTG	13673
634	CTG	179
634	CTT	4
634	TTA	4
635	TCT	13655
635	TCC	148
635	TCA	53
635	TCG	4
636	ATT	12529
636	ATC	1310
636	GTT	11
636	ATA	5
636	AWT	3
636	ATG	2
637	GAA	7031
637	GAG	6826
638	GGC	13840
638	GGT	10
638	GGA	8
639	ATC	13821
639	ATT	27
639	ATA	11
640	AAA	13843
640	AAG	15
640	AAM	2
641	GAA	7036
641	GAG	6823
642	GCA	13834
642	GCG	20
642	GCT	4
643	GAT	6996
643	GAC	6863
644	ATA	13835
644	ATC	8
644	GTA	4
644	AKA	4
644	ATT	3
644	ATG	2
645	ACC	6953
645	ACT	6884
645	ACA	11
645	GCT	3
645	GCC	3
645	AAT	2
646	CCA	13757
646	CCT	67
646	CCG	34
646	CCC	2
647	GCA	13819
647	GCG	35
647	GCT	3
647	GCC	2
648	CAT	13800
648	CAC	55
648	AAT	4
649	GGT	13789
649	GGC	68
649	GGG	2
650	CCT	6934
650	CCA	6863
650	CCC	43
650	CCG	18
650	CCY	2
651	GTG	7037
651	GTA	6818
651	ATA	3
652	AAG	7140
652	AGG	6690
652	AGA	25
652	AAK	2
652	ARG	2
653	AAA	13844
653	AGA	10
653	AAG	5
654	ATG	13847
654	GTG	6
654	ATA	4
654	ATR	2
655	GAT	6990
655	GAC	6868
656	TAC	13694
656	TAT	166
657	GAT	13814
657	GAC	44
658	GCA	9253
658	GCG	4591
658	GCT	11
658	GCR	3
658	GCC	2
659	GTG	13617
659	GTA	234
659	GTT	7
660	TCT	13817
660	TCC	41
661	GGA	13722
661	GGG	136
661	GAA	2
662	ACT	13795
662	ACC	62
662	ACG	2
663	CAT	13776
663	CAC	83
663	CAY	2
664	AGT	9412
664	AGC	4446
665	TGG	13861
666	AGA	13813
666	AGG	28
666	AAA	17
666	AKA	2
667	ACC	13728
667	ACT	129
668	AAA	13834
668	AAG	25
669	AGG	6957
669	AGA	6894
669	CGA	6
669	CGG	3
670	AAC	13841
670	AAT	18
670	AAY	2
671	AGA	13804
671	AGG	56
672	TCT	13852
672	TCC	9
673	ATA	13858
673	ATT	2
674	CTA	13814
674	TTA	22
674	CTG	20
674	CTC	4
675	AAT	7108
675	AAC	6752
676	ACT	13764
676	ACC	96
677	GAT	13835
677	GAC	23
677	GAW	2
678	CAG	13730
678	CAA	129
679	AGG	13745
679	AGA	110
679	AAG	3
679	ARG	3
680	AAC	13755
680	AAT	101
681	ATG	13861
682	ATT	13844
682	ATC	17
683	CTT	13854
683	CTC	4
684	GAG	6933
684	GAA	6925
684	GAR	3
685	GAA	12534
685	GAG	1324
685	RAA	2
686	CAA	13811
686	CAG	46
686	CAR	3
687	TGC	13780
687	TGT	80
688	TAC	13811
688	TAT	49
689	GCT	13763
689	GCC	69
689	GCA	21
689	ACT	3
689	TCT	3
690	AAA	13722
690	AAG	136
690	AGA	3
691	TGT	13837
691	TGC	24
692	TGC	13835
692	TGT	24
693	AAT	6937
693	AAC	6924
694	CTT	7001
694	CTA	6830
694	CTG	11
694	TTA	7
694	CTC	5
694	CGA	2
694	ATA	2
694	YTA	2
695	TTT	13856
695	TTC	4
696	GAG	13826
696	GAA	35
697	GCC	13847
697	GCT	8
697	GCA	2
698	TGT	13826
698	TGC	32
699	TTT	13795
699	TTC	61
699	TTY	3
699	TYT	2
700	AAC	13827
700	AAT	32
701	AGT	13854
701	GGT	3
701	AGC	3
702	GCA	13843
702	GCG	7
702	GCC	6
702	GTA	2
703	TCA	13730
703	TCT	91
703	TCG	34
703	TTA	2
703	TCR	2
703	YCA	2
704	TAC	13704
704	TAT	157
705	AGG	13775
705	AGA	85
706	AAA	7012
706	AAG	6849
707	CCA	13839
707	CCC	13
707	CCG	6
708	GTA	7020
708	GTG	6831
708	GTT	4
708	ATA	3
708	GTR	2
709	GGT	6929
709	GGG	6898
709	GGA	24
709	GGC	9
710	CAA	13604
710	CAG	257
711	CAT	13714
711	CAC	144
711	CAY	2
712	AGC	13801
712	AGT	55
712	AAC	3
712	AGY	2
713	ATG	13854
713	ATA	4
714	CTT	13843
714	CTC	11
714	ATT	4
715	GAG	13556
715	GAA	304
716	GCT	13827
716	GCC	31
716	GCA	3
717	ATG	13848
717	ATA	6
717	ATT	4
718	GCC	13757
718	GCT	45
718	GCA	28
718	ACC	24
718	GTC	4
719	CAT	6961
719	CAC	6899
720	AGA	13812
720	AGG	38
720	AAA	6
720	ARA	2
720	CGA	2
721	TTA	13756
721	CTA	76
721	TTG	28
722	AGA	13593
722	AAA	255
722	AGG	12
723	ATG	13858
723	MTG	2
724	GAT	13837
724	GAC	20
724	AAT	2
725	GCA	13822
725	GCT	18
725	GCG	10
725	ACA	6
726	CGA	13809
726	CGG	23
726	AGA	21
726	CGR	4
726	MGA	2
727	CTA	6901
727	TTA	6840
727	CTG	90
727	TTG	26
727	CTR	2
728	GAT	13796
728	GAC	62
728	AAT	2
729	TAT	13844
729	TAC	7
729	CAT	4
729	TGT	3
729	TRT	3
730	GAA	13799
730	GAG	62
731	TCA	13819
731	TCG	32
731	TCT	9
732	GGA	7180
732	GGG	6674
732	AGA	3
733	AGA	13838
733	AGG	22
734	ATG	13851
734	ATA	4
734	ATT	3
734	GTG	2
735	TCA	13673
735	TCG	170
735	CCA	6
735	GCA	5
735	TTA	4
735	ACA	2
736	AAG	7249
736	AAA	6599
736	AGG	7
736	AAR	2
737	GAT	13766
737	AAT	38
737	GGT	33
737	GAC	17
737	TAT	2
737	GAK	2
737	GAA	2
738	GAT	13766
738	GAC	83
738	GAG	5
738	AAT	4
739	TTT	13848
739	TTC	8
739	CTT	2
739	YTT	2
740	GAG	6948
740	GAA	6904
740	AAG	4
740	GAR	3
741	AAA	13756
741	AAG	70
741	AGA	25
741	GAA	4
741	AAR	2
741	AGG	2
742	GCA	13848
742	GCG	7
742	GCT	3
742	ACA	2
743	ATG	13844
743	ACG	8
743	GTG	7
744	GCT	13481
744	TCT	315
744	GCC	39
744	ACT	13
744	GTT	7
744	GAT	5
745	CAC	13825
745	CAT	34
745	TAC	2
746	CTT	13845
746	CTC	7
746	TTT	5
746	ATT	3
747	GGT	13706
747	AGT	75
747	GGC	62
747	GAT	12
747	TGT	2
748	GAG	13848
748	GAA	9
748	GAT	2
749	ATT	13819
749	GTT	29
749	ATC	9
749	RTT	2
750	GGG	13478
750	GGA	371
750	GGR	8
750	GAG	2
751	TAC	13838
751	TAT	14
751	TGC	5
751	CAC	3
752	ACA	6939
752	ATA	6818
752	ATG	68
752	ACG	15
752	GCA	12
752	TTA	4
752	AAA	2
752	TCA	2
753	TAA	13664
753	TGA	183
753	TAG	14

#PHUKET3073|PB2
1	ATG	13894
2	ACA	13878
2	ACG	13
2	ACT	2
3	TTG	7189
3	TTA	6694
3	CTA	5
3	TTR	3
3	CTG	3
4	GCT	7104
4	GCC	6780
4	GTC	4
4	GCY	2
4	GCA	2
5	AAA	12611
5	AAG	1281
6	ATT	13872
6	ATC	17
6	GTT	5
7	GAA	13892
7	GAG	2
8	TTG	13829
8	TTA	37
8	CTG	25
8	YTG	2
9	TTA	13784
9	CTA	57
9	TTG	51
9	CTG	2
10	AAG	6957
10	AAA	6934
10	AGG	2
11	CAA	13881
11	CAG	8
11	CAT	2
12	CTG	13805
12	CTA	81
12	TTG	8
13	TTA	7141
13	CTA	6747
13	TTG	5
14	AGG	13751
14	AAG	80
14	AGA	60
15	GAC	13883
15	GAT	9
15	AAC	2
16	AAT	13865
16	AGT	16
16	AAC	10
16	GAT	2
17	GAA	7117
17	GAG	6775
17	GAT	2
18	GCC	13872
18	GCT	18
18	GCY	2
18	GCM	2
19	AAA	13876
19	AAG	8
19	AGA	7
19	ACA	2
20	ACA	13861
20	ACG	23
20	ATA	6
20	GCA	4
21	GTA	7061
21	GTT	6716
21	GTG	85
21	GTC	30
21	GYA	2
22	CTG	7053
22	TTG	6707
22	TTA	70
22	CTA	62
22	YTG	2
23	AAA	7088
23	AAG	6755
23	AAC	38
23	AGA	6
23	AGG	2
23	CAA	2
24	CAA	13870
24	CAG	23
25	ACA	13888
25	ACG	5
26	ACA	13765
26	ACG	93
26	ACC	36
27	GTA	13857
27	ATA	19
27	GTG	13
27	GTC	2
27	RTA	2
28	GAT	7120
28	GAC	6772
28	GAY	2
29	CAA	13832
29	CAG	61
30	TAT	13559
30	TAC	333
30	TAY	2
31	AAC	13873
31	AAT	17
31	AGC	3
32	ATA	13892
33	ATA	13888
33	AYA	3
33	ATC	2
34	AGA	13501
34	AGG	390
35	AAA	13868
35	AAG	17
35	AGA	7
35	AAR	2
36	TTC	13643
36	TTT	248
36	TTY	3
37	AAT	13852
37	AAC	41
38	ACA	13826
38	ACC	52
38	ACG	16
39	TCA	13816
39	TCG	71
39	TSA	7
40	AGA	7352
40	AGG	6535
40	AGR	6
41	ATT	13873
41	ATC	13
41	ATY	3
41	AYT	2
42	GAA	13875
42	GAG	19
43	AAG	13885
43	AAA	9
44	AAC	8988
44	AAT	4906
45	CCT	13784
45	CCC	88
45	CCG	21
46	TCA	13855
46	TCT	23
46	TCG	12
47	TTA	7119
47	CTA	6697
47	TTG	71
47	CTG	5
48	AGG	13275
48	AGA	618
49	ATG	13893
50	AAG	13789
50	AAA	103
50	AAR	2
51	TGG	13894
52	GCG	7022
52	GCC	6577
52	GCT	175
52	GCA	111
52	GCR	2
52	GTG	2
52	ACC	2
53	ATG	13890
53	ATA	4
54	TGT	13854
54	TGC	38
55	TCT	13732
55	TCC	135
55	TCG	21
55	TCY	4
55	TCA	2
56	AAT	7219
56	AAC	6617
56	AGC	22
56	AAA	15
56	AAG	5
56	ACC	3
56	AWC	3
56	AAY	2
56	AAM	2
56	AGT	2
56	ATT	2
57	TTT	13857
57	TTC	35
58	CCC	13813
58	CCT	50
58	CCA	29
58	TCC	2
59	TTG	13858
59	CTG	18
59	TTA	16
59	TKG	2
60	GCT	13863
60	GCC	25
60	GCG	2
60	GCA	2
61	TTG	6943
61	CTA	6712
61	TTA	196
61	CTG	30
61	CTR	6
61	TTR	4
62	ACC	13744
62	ACA	66
62	ACT	50
62	TCC	20
62	MCC	5
62	AMC	3
62	GCC	2
62	CCC	2
63	AAG	13806
63	AAA	73
63	AGG	12
63	MAG	2
64	GGT	7223
64	GGC	6637
64	GGA	12
64	AGT	9
64	GAT	6
64	GGG	3
64	RGC	2
65	GAC	7136
65	GAT	6737
65	GAA	11
65	AAC	2
65	GAW	2
66	ATG	13887
66	AWG	2
66	CTG	2
67	GCA	13577
67	GCG	291
67	GTG	9
67	GCC	4
67	ACA	4
67	GCT	4
67	GMA	2
68	AAC	13812
68	AAT	77
68	AGC	2
69	AGA	13745
69	AGG	102
69	AAA	45
70	ATC	13866
70	ATT	21
70	GTC	4
70	ATA	3
71	CCC	13808
71	CCT	61
71	CCA	25
72	TTG	13850
72	CTG	24
72	TTA	18
73	GAA	13734
73	GAG	144
73	RAA	6
73	GAC	5
73	AAA	3
74	TAC	13763
74	CAC	75
74	TAT	31
74	TAM	18
74	TAS	6
75	AAG	7185
75	AAA	6698
75	AGA	7
76	GGA	7130
76	GGG	6758
76	GGR	3
77	ATA	13863
77	GTA	16
77	ACA	6
77	ATG	4
77	ATC	2
77	AYA	2
78	CAA	13869
78	CAG	11
78	AAA	9
78	CAR	3
78	CCA	2
79	CTT	13755
79	CTC	137
80	AAA	13840
80	AAG	53
81	ACA	13503
81	ACG	363
81	ACC	12
81	GCA	9
81	ATA	3
81	AYA	2
81	ACT	2
82	AAT	13799
82	AAC	66
82	GAT	22
82	AGT	5
82	AAG	2
83	GCT	13848
83	GCC	14
83	GTT	13
83	ACT	13
83	GAT	3
84	GAA	13877
84	GAG	12
84	AAA	4
85	GAC	13780
85	GAT	112
86	ATA	13886
86	ATT	4
86	CTA	2
87	GGA	13852
87	GGG	22
87	GGT	19
88	ACC	13682
88	ACA	141
88	ACT	68
89	AAA	13854
89	AAG	40
90	GGC	13855
90	GGT	14
90	GGA	13
90	AGC	9
90	GGG	2
91	CAA	13799
91	CAG	93
91	CGA	2
92	ATG	13894
93	TGC	13826
93	TGT	68
94	TCA	13838
94	TCG	54
95	ATA	13890
95	ACA	2
95	GTA	2
96	GCA	13854
96	GTA	26
96	GCG	6
96	ACA	4
96	GCT	2
96	TCA	2
97	GCA	13865
97	GCG	15
97	GCT	10
98	GTT	6942
98	GTC	6935
98	ATC	9
98	ATT	5
98	GTA	2
99	ACC	7122
99	ACT	6761
99	ACA	6
99	ACY	2
100	TGG	13894
101	TGG	13893
102	AAT	13835
102	AAC	59
103	ACA	13862
103	GCA	24
103	ACG	5
104	TAT	13741
104	CAT	122
104	TAC	23
104	TGT	5
105	GGA	13614
105	GGG	270
105	GGR	4
105	GGT	3
105	GGC	2
106	CCA	13843
106	CCG	46
106	CCT	3
106	CCC	2
107	ATA	13822
107	GTA	36
107	ACA	17
107	ATT	10
107	ATG	5
107	ATW	2
108	GGA	13498
108	GGG	392
108	GGR	2
108	GAA	2
109	GAT	7142
109	GAC	6637
109	AAC	52
109	AAT	40
109	GGC	9
109	GAA	3
109	GGT	3
109	TAT	2
109	TAC	2
109	GAY	2
110	ACT	13838
110	ACC	34
110	ACG	12
110	ACA	4
110	AAT	4
110	GCT	2
111	GAA	13726
111	GAG	144
111	AAA	13
111	GGA	4
111	RAA	3
111	GAC	2
112	GGT	13821
112	GGG	40
112	GGC	24
112	GRT	3
112	GAT	2
113	TTC	7162
113	TTT	6731
114	GAA	13872
114	GAG	14
114	AAA	4
114	GGA	3
115	AAA	7126
115	AGG	6659
115	AAG	88
115	AGA	19
116	GTC	13834
116	GTT	53
116	ATC	3
116	GTA	2
116	RTC	2
117	TAC	13838
117	TAT	55
118	GAA	13854
118	GAG	38
119	AGC	13842
119	AGT	48
119	AAC	4
120	TTT	13862
120	TTC	29
120	TTY	2
121	TTT	13870
121	TTC	24
122	CTC	13854
122	CTA	21
122	CTT	9
122	TTC	8
122	CTM	2
123	AGA	13856
123	AGG	34
123	AGR	2
124	AAG	7005
124	AAA	6886
125	ATG	13840
125	ATA	43
125	GTG	7
125	AAG	2
126	AGA	13555
126	AGG	336
126	CGA	2
127	CTT	13891
127	CTC	3
128	GAC	13828
128	GAT	54
128	AAC	5
128	GAA	4
129	AAT	7155
129	AAC	6612
129	AGT	106
129	AGC	9
129	AAA	8
129	GAT	2
130	GCC	13682
130	GCT	210
131	ACT	11931
131	ACC	1752
131	ACA	207
131	ACG	2
132	TGG	13893
133	GGC	13864
133	GGT	19
133	GGG	10
134	CGA	7322
134	CGG	6503
134	CGT	28
134	AGG	27
134	AGA	10
134	MGA	2
135	ATA	13884
135	GTA	4
135	ATG	3
136	ACT	13795
136	ACC	80
136	ATT	6
136	AYT	3
136	TCT	2
136	ACG	2
136	GCT	2
136	RCT	2
137	TTT	9355
137	TTC	4537
138	GGC	13737
138	GGT	126
138	GGA	25
138	GGG	2
138	AGC	2
138	RGC	2
139	CCA	13693
139	CCG	180
139	CCT	14
139	CCC	5
139	CCR	2
140	GTT	13872
140	GTC	20
141	GAA	13865
141	GAG	28
142	AGA	13851
142	AGG	35
142	CGA	5
143	GTA	7118
143	GTG	6765
143	ATA	4
143	ATG	3
143	GTM	2
144	AGA	13832
144	AGG	58
144	AKW	2
145	AAA	13148
145	AAG	743
145	AGA	2
146	AGG	7158
146	AGA	6734
147	GTA	13702
147	GTG	192
148	CTG	7018
148	CTA	6707
148	TTG	155
148	TTA	10
149	CTA	13843
149	TTA	24
149	CTG	19
149	ATA	5
149	CTR	2
150	AAC	13845
150	AAT	44
150	AGC	2
151	CCT	13884
151	CCC	7
152	CTC	13853
152	CTT	25
152	CTA	15
153	ACT	7092
153	ACC	6789
153	ACA	7
153	ACY	2
153	ATC	2
154	AAG	13862
154	AAA	30
155	GAA	13863
155	GAG	31
156	ATG	13891
156	ATA	2
157	CCT	13732
157	CCA	139
157	CCC	16
157	TCT	5
158	CCA	7231
158	CCG	6649
158	CAG	5
158	CCT	5
159	GAT	13848
159	GAC	46
160	GAA	7157
160	GAG	6734
160	GAR	2
161	GCA	8202
161	GCG	5684
161	GCT	5
161	GCR	2
162	AGT	7123
162	AGC	6763
162	AAC	3
162	GGC	2
163	AAT	13860
163	AAC	26
163	AGT	4
164	GTG	13826
164	GTA	55
164	GTT	9
164	GTR	4
165	ATA	13893
166	ATG	13891
167	GAA	13815
167	GAG	79
168	ATA	13889
168	ATT	3
168	GTA	2
169	TTG	13821
169	TTA	43
169	CTG	25
169	YTG	3
169	WTG	2
170	TTC	13855
170	TTT	38
171	CCT	13865
171	CCC	20
171	CCA	3
171	ACT	2
172	AAA	13856
172	AAG	34
172	ARA	3
173	GAA	13877
173	GAG	17
174	GCA	13881
174	GCG	7
174	GCC	5
175	GGA	13758
175	GGG	133
175	GGR	3
176	ATA	13886
176	GTA	5
176	ATC	2
177	CCA	13138
177	CCC	742
177	CCG	13
178	AGA	13857
178	AGG	30
178	AAA	6
179	GAA	13865
179	GAG	28
180	TCT	7134
180	TCC	6749
180	CCC	3
180	TCA	3
180	TCY	2
180	TTT	2
181	ACT	13844
181	ACC	42
181	ATT	4
181	AAT	3
182	TGG	13892
182	TTG	2
183	ATA	13884
183	GTA	9
184	CAT	13865
184	CAC	27
184	AAT	2
185	AGG	13789
185	AGA	82
185	AAG	14
185	AGR	4
185	CGG	3
185	ARG	2
186	GAA	13781
186	GAG	93
186	GGA	17
186	AAA	3
187	CTG	13792
187	TTG	48
187	CTA	38
187	CTT	7
187	CTR	3
187	ATG	3
187	MTG	2
188	ATA	13890
188	GTA	2
188	ATT	2
189	AAA	13840
189	AAG	36
189	AGA	18
190	GAA	13749
190	GAG	143
191	AAA	13702
191	AAG	192
192	AGA	13866
192	AGG	27
193	GAA	13858
193	GAG	21
193	AAA	11
193	RAA	2
194	AAA	13882
194	AAG	11
195	TTG	13746
195	CTG	76
195	TTA	70
195	ATG	2
196	AAA	13867
196	AAG	19
196	AGA	4
196	GAA	3
197	GGA	9908
197	GGG	3975
197	AGA	3
197	GGR	3
197	GAA	2
198	ACG	7051
198	ACA	6824
198	ACT	10
198	RCA	3
198	ACC	3
198	ACR	2
199	ATG	13882
199	GTG	7
199	ATA	2
200	ATA	13721
200	ATC	157
200	ATT	7
200	ATG	4
200	AYA	2
200	ATR	2
201	ACT	13845
201	ACC	30
201	ACA	10
201	AYT	6
201	ATT	2
202	CCC	7104
202	CCA	6762
202	CCT	19
202	CCG	8
203	ATT	7155
203	ATC	6718
203	ATA	17
203	GTC	2
204	GTA	13725
204	ATA	134
204	GTG	30
204	GTR	3
205	CTG	11957
205	CTA	1899
205	TTG	32
205	TTA	2
205	CTT	2
206	GCA	13112
206	GCT	743
206	GCG	34
206	GCC	4
207	TAC	13849
207	TAT	45
208	ATG	13894
209	CTC	7017
209	CTT	6864
209	CTA	9
209	CTM	2
210	GAG	7097
210	GAA	6796
211	AGG	7109
211	AGA	6780
211	AGR	3
212	GAA	13799
212	GAG	95
213	TTA	7018
213	CTG	6547
213	CTA	175
213	TTG	149
213	ATG	2
214	GTT	13865
214	GTC	12
214	ATT	10
214	GTA	6
215	GCT	6738
215	GCC	5694
215	GCA	1460
216	AGG	6896
216	CGA	6728
216	AGA	146
216	CGG	111
216	AAG	11
217	AGA	13788
217	AGG	101
217	CGA	4
218	AGG	7059
218	AGA	6828
218	CGA	6
219	TTC	13850
219	TTT	42
219	TTY	2
220	CTG	7140
220	TTG	6672
220	TTA	61
220	CTA	21
221	CCC	6947
221	CCA	6732
221	CCT	163
221	CCG	49
222	GTG	13688
222	GTA	193
222	GTT	13
223	GCA	13889
223	GCT	3
223	GCG	2
224	GGA	13852
224	GGG	20
224	GGT	20
225	GCA	13841
225	GCG	52
226	ACA	13870
226	ACG	16
226	ATA	6
227	TCA	13879
227	TCG	13
227	TCT	2
228	GCT	13845
228	GCC	41
228	GCA	7
229	GAG	13759
229	GAA	131
229	GAR	3
230	TTC	13855
230	TTT	39
231	ATA	13885
231	ATT	4
231	RTA	2
231	GTA	2
232	GAA	13842
232	GAG	52
233	ATG	13881
233	GTG	6
233	ATA	5
234	CTA	13105
234	TTA	707
234	CTG	82
235	CAC	13870
235	CAT	23
236	TGC	13849
236	TGT	44
237	TTA	13457
237	TTG	395
237	CTA	41
238	CAA	13869
238	CAG	24
239	GGT	13874
239	GGC	15
239	GGA	3
239	AGT	2
240	GAA	13780
240	GAG	114
241	AAT	13881
241	AAC	13
242	TGG	13894
243	AGG	7082
243	AGA	6774
243	AAG	21
243	AAA	13
243	AGR	3
244	CAA	13882
244	CAG	11
245	ATA	13851
245	GTA	23
245	ACA	12
245	ATG	7
246	TAT	13854
246	TAC	38
247	CAC	13836
247	CAT	57
248	CCA	11332
248	CCG	2559
248	CCT	2
249	GGA	13789
249	GGG	105
250	GGG	13850
250	GGA	41
250	GGR	2
251	AAT	13786
251	AAC	95
251	AGT	6
251	GAT	4
251	RAT	2
252	AAA	13869
252	AAG	25
253	CTA	7134
253	TTA	6718
253	CTG	18
253	TTG	11
253	CTC	7
253	CTT	3
253	CTR	2
254	ACT	13833
254	GCT	34
254	ACA	14
254	ACC	8
254	ATT	3
255	GAA	7189
255	GAG	6705
256	TCT	7160
256	TCC	6716
256	TCA	13
256	TTC	3
257	AGG	13733
257	AGA	158
257	AAG	3
258	TCC	6999
258	TCT	6894
259	CAA	13866
259	CAG	28
260	TCA	7005
260	TCG	6881
260	TCT	7
261	ATG	13888
261	GTG	3
261	ATA	2
262	ATT	7128
262	ATA	6740
262	ATC	12
262	GTA	7
262	GTT	6
263	GTG	7104
263	GTA	6776
263	ATA	9
263	GTT	3
264	GCT	13819
264	GCC	74
265	TGT	13835
265	TGC	57
266	AGA	7234
266	AGG	6659
267	AAG	7106
267	AAA	6781
267	AGG	5
268	ATA	13880
268	ATC	14
269	ATC	13809
269	ATT	50
269	GTC	21
269	ATA	10
269	GTT	3
270	AGA	13892
270	AGG	2
271	AGA	13854
271	AGG	39
272	TCA	13877
272	TCG	15
272	TCC	2
273	ATA	13886
273	GTA	6
273	ATT	2
274	GTC	13644
274	GTT	240
274	GTA	7
274	GTY	3
275	GCA	7126
275	GCT	6731
275	GCG	21
275	GCC	14
276	TCA	13840
276	TCG	51
277	AAC	13680
277	AAT	212
278	CCA	13881
278	CCG	9
278	CCC	2
278	CCT	2
279	TTG	7152
279	CTG	6705
279	CTA	28
279	TTA	5
279	CTT	2
280	GAG	9097
280	GAA	4797
281	CTA	12645
281	CTG	1125
281	TTA	84
281	CTC	22
281	ATG	14
281	TTG	2
282	GCT	13742
282	GCC	62
282	ACT	59
282	GCA	25
282	GTT	3
282	GCG	3
283	GTA	13853
283	GTG	36
283	GTT	5
284	GAA	12119
284	GAG	1774
285	ATT	13854
285	ATC	34
285	ATA	4
286	GCA	13843
286	GCT	33
286	GCG	10
286	GCC	4
286	GCW	3
287	AAT	7799
287	AAC	6087
287	AGC	3
287	AGT	2
287	ACC	2
288	AAG	13776
288	AAA	112
288	AAR	4
288	AGG	2
289	ACC	6946
289	ACT	6933
289	ACA	12
289	ACY	2
290	GTG	13772
290	GTA	90
290	ATG	19
290	GTT	10
290	GTR	2
291	ATA	13864
291	GTA	28
292	GAT	13833
292	GAC	47
292	AAT	12
293	ACT	13844
293	GCT	24
293	ACC	14
293	ATT	6
293	AAT	3
293	ACA	2
294	GAA	13720
294	GAG	174
295	CCT	13850
295	CCC	44
296	TTA	12044
296	CTA	1818
296	TTG	27
296	CTG	3
296	CTW	2
297	AAA	7152
297	AAG	6740
297	AAR	2
298	TCA	13839
298	TCG	54
299	TGT	13865
299	TGC	29
300	CTG	13811
300	CTA	53
300	TTG	21
300	CTT	8
301	ACA	7113
301	GCA	6665
301	GCG	69
301	ACG	35
301	ACT	4
301	GCC	3
301	TCA	2
302	GCT	7012
302	GCC	6666
302	GCA	207
302	ACC	3
302	ACT	2
302	RCC	2
303	ATA	13785
303	ATC	74
303	GTA	17
303	ACA	6
303	ATR	5
303	AYA	2
304	GAC	13583
304	GAT	308
305	GGA	13846
305	GGG	39
305	GGR	4
305	RGA	2
305	AGA	2
306	GGT	13879
306	GGC	14
307	GAT	13856
307	GAC	37
308	GTC	7102
308	GTA	6744
308	GTT	24
308	GTG	19
308	GCA	2
309	GCT	7596
309	GCC	6294
309	KCC	2
309	GCG	2
310	TGT	13865
310	TGC	29
311	GAC	13871
311	GAT	23
312	ATA	13893
313	ATA	13881
313	ATG	5
313	GTA	5
314	AGA	13862
314	AGG	30
315	GCT	13856
315	GCC	21
315	ACT	13
315	RCT	2
316	GCA	13867
316	GCG	22
316	GCC	2
316	TCA	2
317	TTA	13815
317	TTG	78
318	GGA	13724
318	GGG	170
319	CTA	13651
319	TTA	170
319	CTG	65
319	CAA	6
320	AAG	13791
320	AAA	98
320	AGG	3
320	AAR	2
321	ATC	13748
321	ATT	86
321	GTC	53
321	ATA	7
322	AGA	13748
322	AAA	85
322	AGG	51
322	CGA	10
323	CAA	13778
323	CAG	116
324	AGA	13777
324	AGG	111
324	AKA	2
324	ARA	2
324	CGA	2
325	CAA	13844
325	CAG	43
325	AAA	3
325	MAA	2
326	AGA	13846
326	AGG	47
327	TTT	13885
327	TTC	9
328	GGA	13744
328	GGG	148
329	CGA	7104
329	CGG	6743
329	AGG	23
329	AGA	21
329	CAG	2
330	CTT	13871
330	CTC	16
330	CTG	4
330	CTA	2
331	GAA	7174
331	GAG	6720
332	CTA	13826
332	TTA	46
332	CTG	18
332	ATA	2
333	AAA	13773
333	AAG	121
334	AGA	13857
334	AGG	36
335	ATA	13886
335	ATT	3
335	ACA	2
336	TCA	13868
336	TCT	14
336	TCG	9
336	TCC	3
337	GGA	13870
337	GGG	22
337	GGC	2
338	AGA	13867
338	AGG	16
338	AAA	7
338	ARA	3
339	GGA	13835
339	GGG	54
339	GGT	3
340	TTC	12748
340	TTT	1140
340	TTY	3
341	AAA	13883
341	AAG	6
341	AGA	5
342	AAT	13886
342	AAC	4
342	AGT	4
343	GAT	13859
343	GAC	35
344	GAA	13862
344	GAG	29
345	GAA	13834
345	GAG	60
346	ATA	13876
346	GTA	9
346	ATC	5
346	TTA	2
347	TTA	10478
347	CTA	3380
347	TTG	31
347	CTG	3
347	ATA	2
348	ATC	7113
348	ATA	6760
348	ATT	17
348	ATY	2
348	GTA	2
349	GGG	13797
349	GGA	95
350	AAC	13867
350	AAT	26
351	GGA	13857
351	GGG	34
351	GGT	2
352	ACA	13888
352	ACG	4
353	ATA	13877
353	GTA	14
354	CAG	9277
354	CAT	4572
354	CAA	28
354	CAC	13
354	CAR	2
355	AAG	13739
355	AAA	108
355	ARG	40
355	AGG	4
355	AAR	3
356	ATT	13857
356	ATC	29
356	GTT	6
356	RTT	2
357	GGA	13879
357	GGG	15
358	ATA	13888
358	ATC	4
358	GTA	2
359	TGG	13894
360	GAC	13652
360	GAT	186
360	GAA	53
361	GGA	7209
361	GGG	6676
361	GGR	6
361	GGT	3
362	GAA	13715
362	GAG	179
363	GAG	13870
363	GAA	24
364	GAG	13859
364	GAA	34
365	TTC	13860
365	TTT	30
365	TTY	3
366	CAT	13878
366	CAC	14
367	GTG	7088
367	GTA	6804
368	AGA	13774
368	AAA	83
368	AGG	36
369	TGT	13701
369	TGC	192
370	GGT	13714
370	GGC	116
370	GGA	62
370	GGG	2
371	GAA	13889
371	GAG	5
372	TGC	13821
372	TGT	70
372	TGY	3
373	AGG	12642
373	AGA	1248
373	AGR	2
374	GGA	13845
374	GGG	47
375	ATA	13889
375	WTA	4
376	TTA	13814
376	CTA	46
376	TTG	32
377	AAA	13870
377	AAG	22
377	AGA	2
378	AAG	13887
378	AGG	7
379	AGC	7350
379	AGT	6523
379	AAT	14
379	TGT	3
379	AAC	2
380	AAA	13871
380	AGA	14
380	AAG	6
380	AAR	3
381	ATG	13893
382	AGA	7057
382	AAA	6749
382	AGG	78
382	AAG	9
383	ATG	7148
383	CTG	6704
383	TTG	32
383	CTA	9
384	GAA	13874
384	GAG	15
384	AAA	5
385	AAA	13853
385	AGA	28
385	AAG	11
385	AAR	2
386	CTA	13697
386	TTA	139
386	CTG	58
387	CTA	7217
387	CTG	6578
387	TTA	70
387	TTG	27
387	CTT	2
388	ATA	13886
388	GTA	4
388	ATG	3
389	AAT	13878
389	AAC	16
390	TCA	13842
390	TCC	28
390	TCT	13
390	TTA	6
390	TCG	3
391	GCT	7088
391	GCC	6778
391	GCA	23
391	TCC	3
392	AAA	13725
392	AAG	160
392	AGA	5
392	GAA	2
393	AAG	13783
393	AAA	85
393	AGG	25
394	GAA	8966
394	GAG	4926
395	GAC	7185
395	GAT	6708
396	ATG	13893
397	AAA	7158
397	AGA	6714
397	AAG	16
397	AGG	4
397	ARA	2
398	GAT	11999
398	GAC	1888
398	AAC	3
398	GAA	3
399	TTA	13826
399	TTG	41
399	CTA	25
400	ATA	13880
400	GTA	7
400	ATT	6
401	ATT	7002
401	ATC	6811
401	ATA	59
401	GTT	16
401	GTC	4
401	ATY	2
402	TTG	7081
402	TTA	6795
402	CTG	16
403	TGC	13878
403	TGT	14
404	ATG	13888
404	ATA	5
405	GTA	13786
405	GTG	87
405	GTC	14
405	GTT	4
405	ATA	2
406	TTT	13817
406	TTC	76
407	TCC	7016
407	TCT	6871
407	TCA	5
408	CAA	13832
408	CAG	61
409	GAC	13720
409	GAT	174
410	ACT	13665
410	ATT	123
410	ACC	74
410	GCT	21
410	AAT	5
410	ACA	3
410	ACY	2
411	AGG	13830
411	AGA	40
411	AAG	21
411	ARG	2
412	ATG	13883
412	GTG	10
413	TTC	13792
413	TTT	98
413	CTC	3
414	CAA	13847
414	CAG	39
414	AAA	6
415	GGA	7356
415	GGG	6529
415	GGT	6
415	GGR	3
416	GTG	13828
416	GTA	42
416	GTR	22
416	GTT	2
417	AGG	7060
417	AGA	6834
418	GGT	7095
418	GGA	6752
418	GGG	31
418	GGC	16
419	GAA	13885
419	GAG	9
420	ATA	13890
420	GTA	2
421	AAT	13882
421	AAC	11
422	TTT	11952
422	TTC	1942
423	CTT	9326
423	CTC	4567
424	AAT	13695
424	AAC	199
425	AGA	7140
425	CGA	6731
425	AGG	10
425	CGG	8
426	GCA	13822
426	GCT	55
426	GCG	17
427	GGC	13725
427	GGT	151
427	GGA	13
427	AGC	3
427	GGY	2
428	CAA	13882
428	CAG	12
429	CTT	13794
429	CTC	93
429	TTT	3
429	ATT	2
430	TTA	13047
430	TTG	822
430	CTA	22
430	TTR	2
431	TCT	13819
431	TCC	73
432	CCA	13872
432	CCG	13
432	CCC	6
432	CCR	2
433	ATG	13894
434	TAT	7154
434	TAC	6738
434	TAY	2
435	CAA	13880
435	CAG	13
436	CTC	13788
436	CTT	80
436	CTA	24
437	CAA	13744
437	CAG	150
438	AGA	7133
438	CGA	6731
438	CGG	16
438	AGG	13
439	TAT	13864
439	TAC	30
440	TTT	13838
440	TTC	55
441	TTG	13716
441	CTG	90
441	TTA	79
441	CTA	5
441	TTR	2
442	AGT	6940
442	AAT	6850
442	AGC	67
442	AAC	30
442	GGT	4
443	AGA	13816
443	AGG	75
443	AAA	2
444	AGT	7172
444	AGC	6695
444	AAC	15
444	AAT	4
444	ATC	2
445	AAC	13592
445	AAT	215
445	AGC	73
445	AAA	10
445	GAC	2
446	GAT	7173
446	GAC	6718
447	CTC	7092
447	CTT	6790
447	CTA	10
447	CTY	2
448	TTT	13849
448	TTC	43
448	TTW	2
449	GAT	13737
449	GAC	88
449	AAT	54
449	GGT	8
449	GCT	5
450	CAA	13840
450	CAG	53
451	TGG	13894
452	GGG	13696
452	GGA	196
453	TAT	13728
453	TAC	164
453	TAY	2
454	GAG	13840
454	GAA	52
454	GAR	2
455	GAA	13811
455	GAG	82
456	TCA	13879
456	TCG	13
457	CCC	13787
457	CCT	102
457	CCA	3
458	AAA	13849
458	AAG	44
459	GCA	13873
459	GCG	11
459	ACA	7
460	AGT	13882
460	AGC	4
460	AAT	4
460	GGT	2
461	GAG	7103
461	GAA	6791
462	CTA	13757
462	CTG	105
462	TTA	25
462	ATA	5
463	CAT	13854
463	TAT	16
463	AAT	10
463	CAC	10
463	MAT	2
464	GGG	13797
464	GGA	80
464	GGT	16
465	ATA	13865
465	GTA	22
465	ATT	5
466	AAT	13880
466	AAC	14
467	GAA	13785
467	GAG	82
467	GGA	16
467	AAA	3
467	GAR	3
467	GRA	2
468	CTA	7070
468	TCA	6683
468	TTA	85
468	TCC	28
468	CTG	20
468	TCG	3
468	CTT	2
469	ATG	13894
470	AAT	13846
470	AAC	45
470	AGT	3
471	GCA	13847
471	ACA	21
471	GCG	12
471	GCT	6
471	GCC	3
471	RCA	2
472	TCT	13881
472	TCC	7
472	TCA	6
473	GAC	13725
473	GAT	143
473	GAA	14
473	AAC	10
474	TAC	7135
474	TAT	6758
475	ACT	7107
475	ACA	6734
475	ACG	34
475	ACC	16
476	TTG	13706
476	TTA	134
476	CTG	50
476	TTR	3
477	AAA	13856
477	AAG	23
477	AGA	10
477	AAR	3
478	GGA	7039
478	GGG	6854
479	GTT	7230
479	ATT	6351
479	ATC	310
479	ATY	3
480	GTA	13800
480	GTG	58
480	ATA	34
480	RTA	2
481	GTA	7074
481	GTG	6810
481	ATA	4
481	GTR	3
482	ACA	13880
482	ACG	12
483	AAA	7139
483	AGA	6724
483	AAG	16
483	GGA	8
483	CGA	3
483	AGG	3
484	AAT	13873
484	AAC	15
484	AGT	3
485	GTG	7123
485	GTA	6740
485	ATA	25
485	GTT	4
485	RTA	2
486	ATT	13856
486	ATC	38
487	GAT	7171
487	GAC	6723
488	GAT	7154
488	GAC	6740
489	TTT	13832
489	TTC	61
490	AGT	7199
490	AGC	6670
490	GGC	8
490	GGT	7
490	ATT	4
490	AAT	3
491	TCT	13866
491	TCC	24
491	TCA	2
492	ACT	13815
492	AAT	26
492	ACC	19
492	ATT	17
492	ACA	14
492	GCT	2
493	GAA	13877
493	GAG	16
494	ACA	13876
494	ACT	11
494	ATA	3
494	ACR	2
495	GAA	13821
495	GAG	72
496	AAA	13800
496	AAG	87
496	AAR	5
496	AGA	2
497	GTA	13843
497	GTG	46
497	GTC	2
498	TCT	7036
498	TCC	6797
498	TCA	59
499	ATA	13891
499	ATC	3
500	ACA	13886
500	ACG	6
501	AAA	13874
501	AAG	15
501	AGA	4
502	AAT	13855
502	AAC	34
502	AGT	3
503	CTT	13880
503	CTC	12
504	AGT	7205
504	AGC	6676
504	AAT	11
504	AAC	2
505	TTA	13828
505	TTG	34
505	CTA	26
505	TTR	3
505	GTA	2
506	ATA	13434
506	GTA	381
506	ATG	72
506	GTG	2
506	ACA	2
507	AAA	13890
507	AAG	4
508	AGG	13466
508	AGA	376
508	GGG	26
508	AAG	18
508	RGG	4
508	AGR	2
509	ACT	13869
509	ACC	15
509	ACA	3
509	ACG	3
509	GCT	2
509	AAT	2
510	GGG	9196
510	GGA	4695
510	GGR	2
511	GAA	13806
511	GAG	85
511	GRA	2
512	GTC	13766
512	GTT	62
512	GTA	43
512	ATC	17
512	RTC	4
512	GCC	2
513	ATA	13880
513	ATT	7
513	ATG	4
513	ACA	2
514	ATG	13894
515	GGA	13803
515	GGG	91
516	GCC	6876
516	GCT	6760
516	GCA	257
517	AAT	13873
517	AAC	18
517	AGT	2
518	GAC	13738
518	GAT	155
519	GTA	7103
519	GTG	6761
519	ATA	14
519	GTT	8
519	GTR	3
519	ATG	3
519	RTA	2
520	AGT	13870
520	AGC	17
520	AAT	7
521	GAA	13814
521	GAG	80
522	TTA	13820
522	TTG	46
522	CTA	25
522	TCA	2
523	GAA	13839
523	GAG	55
524	TCA	13879
524	TCG	12
524	TCT	2
525	CAA	13883
525	CAG	8
525	CAR	3
526	GCA	13842
526	GCT	29
526	GCG	22
527	CAG	6948
527	CAA	6937
527	SAG	6
527	CAT	2
528	CTA	7128
528	CTG	6695
528	TTA	45
528	CTT	12
528	TTG	8
528	ATA	2
528	CTR	2
529	ATG	13887
529	ATA	4
530	ATA	13891
530	GTA	2
531	ACA	13867
531	ACG	23
531	ATA	4
532	TAT	13873
532	TAC	21
533	GAT	13799
533	GAC	91
534	ACA	13882
534	ACG	9
534	ACC	2
535	CCA	7096
535	CCT	6756
535	CCC	24
535	CCG	17
536	AAG	7142
536	AAA	6748
536	AAR	4
537	ATG	13894
538	TGG	13894
539	GAG	8976
539	GAA	4917
540	ATG	13893
541	GGG	7079
541	GGA	6813
541	GGR	2
542	ACA	13881
542	ACG	10
542	TCA	2
543	ACC	13863
543	ACT	22
543	ACA	3
543	ATC	2
544	AAA	13864
544	AAG	29
545	GAA	13876
545	GAG	18
546	CTG	13837
546	TTG	26
546	CTA	21
546	CTT	8
546	CTR	2
547	GTG	13865
547	GTA	24
547	GTC	3
548	CAA	13775
548	CAG	80
548	CAR	39
549	AAC	13840
549	AAT	54
550	ACC	7143
550	ACT	6747
550	ACA	2
550	ACY	2
551	TAT	13832
551	TAC	62
552	CAA	13851
552	CAG	42
553	TGG	13894
554	GTG	13748
554	GTA	144
554	GTT	2
555	CTA	6959
555	CTG	6744
555	TTG	80
555	ATG	71
555	ATA	13
555	TTA	11
555	CTR	9
555	CTT	4
556	AAA	13767
556	AAG	110
556	AGA	13
556	AGG	2
557	AAT	7140
557	AAC	6753
558	TTG	13733
558	CTG	125
558	TTA	35
559	GTA	7123
559	GTG	6753
559	ATA	9
559	GTT	5
559	GTR	2
560	ACA	13884
560	ATA	7
560	ACG	2
561	CTA	7003
561	CTG	6786
561	TTG	73
561	TTA	25
561	CTT	3
561	CTC	2
562	AAG	13858
562	AAA	36
563	GCT	13866
563	GCC	22
563	GCA	4
564	CAG	13844
564	CAA	48
565	TTT	13827
565	TTC	67
566	CTT	13866
566	CTC	24
567	CTA	13704
567	CTG	135
567	TTA	48
567	ATA	6
568	GGG	7075
568	GGA	6813
568	GAG	2
568	GGT	2
568	GGR	2
569	AAA	13808
569	AAG	74
569	AGA	5
569	GAA	4
570	GAA	7185
570	GAG	6705
571	GAC	13790
571	GAT	97
571	GAY	3
571	GRC	2
572	ATG	13882
572	ATT	5
572	ATA	5
572	ATR	2
573	TTC	13841
573	TTT	50
574	CAA	13823
574	CAG	69
574	CGA	2
575	TGG	13893
576	GAT	13881
576	GAC	12
577	GCA	13883
577	GCG	7
577	GCT	3
578	TTT	13885
578	TTC	9
579	GAA	13866
579	GAG	27
580	GCA	13884
580	GCG	10
581	TTT	13888
581	TTC	6
582	GAA	7118
582	GAG	6767
582	AAG	2
582	AAA	2
582	GRG	2
583	AGC	13873
583	AGT	20
584	ATA	13862
584	ATC	18
584	ACA	6
584	ATG	3
584	MTA	2
585	ATC	7086
585	ATT	6803
585	GTC	3
586	CCC	7013
586	CCT	6872
586	CCA	7
587	CAG	13675
587	CAA	188
587	CGG	12
587	AAG	7
587	CCG	5
587	CAR	4
587	CAT	2
588	AAG	8928
588	AAA	4963
588	AGG	2
589	ATG	13837
589	GTG	29
589	CTG	21
589	ATA	4
590	GCT	13787
590	GCC	79
590	GCA	22
590	GTT	4
591	GGC	7186
591	GGT	6703
591	AGC	2
592	CAA	8948
592	CAG	4945
593	TAC	13831
593	TAT	63
594	AGT	13784
594	AGC	109
595	GGA	13660
595	GGG	217
595	GGT	16
596	TTT	13864
596	TTC	30
597	GCA	13810
597	GCG	69
597	GCC	12
597	ACA	3
598	AGA	13870
598	AGG	19
598	CGA	4
599	GCA	13866
599	GCG	13
599	ACA	8
599	GCT	3
600	GTG	6946
600	GTA	6939
600	GTC	4
600	GTT	4
601	CTC	9348
601	CTT	4532
601	CTA	13
602	AAA	13887
602	AAG	6
603	CAA	13844
603	CAG	49
604	ATG	13891
604	ATR	2
605	AGA	13870
605	AGG	18
605	CGA	5
606	GAC	13846
606	GAT	46
607	CAA	7242
607	CAG	6608
607	CGG	43
608	GAG	13457
608	GAA	436
609	GTC	6941
609	GTT	6914
609	GTG	23
609	GTA	6
609	ATT	5
609	GCC	2
609	ATC	2
610	ATG	13893
611	AAA	13875
611	AGA	10
611	AAG	9
612	ACT	13876
612	ACC	14
612	ACG	3
613	GAC	13492
613	GAT	395
613	GAY	3
614	CAG	13554
614	CAA	338
614	CAR	2
615	TTC	13879
615	TTT	14
616	ATA	13884
616	ATC	5
616	ATG	2
616	ATR	2
617	AAG	13808
617	AAA	83
617	AAR	3
618	TTG	13749
618	CTG	113
618	TTA	28
618	YTG	3
619	TTG	7177
619	CTG	6673
619	TTA	35
619	CTA	9
620	CCC	7113
620	CCT	6774
620	CCA	5
620	CCY	2
621	TTT	13853
621	TTC	40
622	TGT	13876
622	TGC	18
623	TTC	12938
623	TTT	954
624	TCA	13852
624	TCG	23
624	CCA	10
624	TCT	7
624	TCC	2
625	CCA	13841
625	CCG	21
625	ACA	14
625	TCA	11
625	YCA	2
625	CTA	2
626	CCA	13874
626	CCG	10
626	CCC	8
626	CCT	2
627	AAG	7055
627	AAA	6834
627	AGG	3
627	ACA	2
628	TTA	13782
628	CTA	76
628	TTG	33
629	AGG	13851
629	AGA	41
629	AGR	2
630	AGC	13578
630	AAC	266
630	AGT	21
630	GGC	17
630	AGA	10
631	AAT	13868
631	AAC	23
631	AGT	2
632	GGG	13675
632	GGA	180
632	GGT	37
632	AGG	2
633	GAG	13861
633	GAA	32
634	CCC	7047
634	CCT	6844
634	CCA	3
635	TAT	13860
635	TAC	34
636	CAG	7059
636	CAA	6835
637	TTC	13868
637	TTT	26
638	TTG	7055
638	TTA	6742
638	CTG	70
638	CTA	23
638	YTA	2
639	AGG	7117
639	AAA	6683
639	AAG	73
639	AGA	21
640	CTT	13860
640	TTT	17
640	CTA	11
640	CTC	4
640	CTG	2
641	GTA	13698
641	ATA	99
641	GTG	71
641	ATG	13
641	GCA	7
641	TTA	4
641	RTA	2
642	CTG	7003
642	TTG	6651
642	TTA	196
642	CTA	37
642	CTT	3
642	TTR	2
643	AAG	7105
643	AAA	6786
644	GGA	13869
644	GGG	20
644	KGA	2
644	AGA	2
645	GGA	13772
645	GGG	117
645	GGR	4
646	GGA	7166
646	GGG	6721
646	GGT	7
647	GAA	13856
647	GAG	35
647	GAR	2
648	AAT	13864
648	AAC	28
649	TTC	13850
649	TTT	44
650	ATC	13729
650	ATT	135
650	ATA	24
650	ATY	3
650	GTC	2
651	GAA	13882
651	GAG	11
652	GTA	13843
652	GTG	34
652	ATA	16
653	AGG	13825
653	AGA	66
654	AAA	13879
654	AAG	11
654	AAR	2
655	GGG	13805
655	GGA	80
655	GGT	9
656	TCT	13657
656	TCC	235
657	CCT	13863
657	CCC	30
658	CTA	13799
658	CTG	62
658	TTA	29
658	ATA	2
659	TTC	7116
659	TTT	6777
660	TCT	7174
660	TCC	6715
660	TCA	4
661	TAC	7202
661	TAT	6690
662	AAT	13851
662	AAC	30
662	AGT	13
663	CCA	13872
663	CCG	21
664	CAA	13877
664	CAG	16
665	ACA	13879
665	ACG	8
665	ACT	3
665	ACC	2
666	GAA	13868
666	GAG	13
666	AAA	13
667	GTC	13797
667	GTT	74
667	GTA	12
667	ATC	6
667	GTY	2
668	CTA	8137
668	TTA	5697
668	CTG	45
668	TTG	8
668	CTC	4
669	ACT	13779
669	ACC	97
669	ACA	9
669	ACG	6
669	ACY	2
670	ATA	13855
670	ATC	36
670	GTA	3
671	TGC	12743
671	TGT	1146
671	TGY	4
672	GGC	13834
672	GGT	37
672	GGA	18
672	GGY	2
672	AGC	2
673	AGA	13815
673	AGG	77
674	ATG	13889
674	TTG	2
675	ATG	13881
675	GTG	6
675	ATA	4
675	ACG	2
676	TCA	13885
676	TCG	5
676	TCT	2
677	TTA	13856
677	CTA	24
677	TTG	10
677	TTR	2
678	AAA	13788
678	AAG	81
678	AGA	12
678	GAA	10
678	ARA	3
679	GGG	13718
679	GGA	172
679	GGR	3
680	AAA	13875
680	AAG	11
680	AGA	5
680	AAW	2
681	ATT	13852
681	ATC	16
681	ATA	12
681	GTT	9
681	ACT	4
682	GAA	13849
682	GAG	24
682	AAA	7
682	GGA	6
682	GCA	5
682	RAA	2
683	GAT	13817
683	GGT	29
683	AAT	27
683	GAC	18
683	RAT	2
684	GAA	13878
684	GAG	8
684	GGA	3
684	GAC	2
684	AAA	2
685	GAA	13838
685	GAG	56
686	AGG	11195
686	AGA	2602
686	AAG	84
686	ARG	6
686	CGG	4
687	AAT	13629
687	AAC	241
687	AGT	15
687	TAT	3
687	GAT	2
688	AGA	13828
688	AAA	38
688	AGG	27
689	TCA	13738
689	TCT	151
689	TCG	5
690	ATG	13881
690	GTG	11
690	ATA	2
691	GGG	13725
691	GGA	153
691	GGT	14
691	GGR	2
692	AAT	13882
692	AAC	12
693	GCA	13875
693	GCG	11
693	GCT	7
694	GTG	7121
694	GTA	6765
694	GTT	4
695	TTG	8978
695	TTA	4889
695	CTG	16
695	CTA	8
695	TTR	2
696	GCG	7031
696	GCA	6846
696	GCT	13
696	GTA	2
697	GGT	9001
697	GGC	4841
697	GGG	49
697	GGA	2
698	TTT	13875
698	TTC	17
698	TTY	2
699	CTT	7151
699	CTC	6723
699	CTA	18
700	GTT	13855
700	GTC	31
700	GTG	5
701	AGT	13873
701	AGC	19
701	AAT	2
702	GGC	13879
702	GGA	14
703	AAG	13826
703	AAA	65
703	AGG	3
704	TAT	13879
704	TAC	12
705	GAC	8600
705	GAT	5293
706	CCA	13870
706	CCC	8
706	CCG	7
706	CCT	6
707	GAT	13808
707	GAC	76
707	GAG	6
708	CTT	13882
708	CTC	5
708	ATT	3
708	MTT	2
708	TTT	2
709	GGA	13804
709	GGG	76
709	GGT	13
710	GAT	13857
710	GAC	31
710	GAG	3
711	TTC	13864
711	TTT	29
712	AAA	13865
712	AAG	22
712	AGA	7
713	ACC	7098
713	ACT	6787
713	ACA	5
714	ATT	13878
714	ATC	11
714	ATA	2
715	GAA	13878
715	GAG	9
715	GAR	2
715	GGA	2
716	GAA	13886
716	GAG	7
717	CTT	13878
717	CTC	11
717	ATT	3
718	GAA	13730
718	GAG	162
718	KAA	2
719	AAG	13769
719	AAA	73
719	AGG	49
720	CTG	6694
720	TTA	4195
720	TTG	2845
720	CTA	156
721	AAA	13859
721	AAG	16
721	AGA	16
721	AAC	2
722	CCA	13780
722	CCG	110
723	GGG	13754
723	GGA	139
724	GAG	7108
724	GAA	6780
724	GAT	4
725	AAA	7166
725	AAG	6723
725	AGG	2
725	AGA	2
726	GCA	13886
726	GCG	6
727	AAC	13701
727	AAT	179
727	AAY	14
728	ATC	13854
728	ATT	24
728	ATA	12
728	ATY	3
729	TTA	7194
729	TTG	6691
729	CTG	5
729	CTA	3
730	CTT	13861
730	CTG	17
730	CTC	12
730	CTY	2
730	TTG	2
731	TAT	13869
731	TAC	25
732	CAA	13826
732	CAG	67
733	GGA	13867
733	GGG	23
733	GGT	2
733	GGR	2
734	AAA	13714
734	AAG	177
734	AWA	2
735	CCA	7068
735	CCC	6752
735	CCT	45
735	CCG	28
736	GTT	13820
736	GTC	68
736	GTG	5
737	AAA	13863
737	AAG	21
737	AGA	8
738	GTA	13520
738	GTT	288
738	GTG	71
738	ATA	12
738	RTA	2
739	GTT	7116
739	GTG	6576
739	GTA	98
739	GTC	75
739	ATT	21
739	ATG	6
739	RTT	2
740	AAA	13878
740	AAG	9
740	AGA	5
740	AAR	2
741	AGG	13773
741	AGA	119
742	AAA	13869
742	AAG	22
742	AGA	3
743	AGA	7211
743	AGG	6677
743	AAG	4
743	ARG	2
744	TAT	13829
744	TAC	63
744	TTT	2
745	AGT	13851
745	AGC	42
746	GCT	13877
746	GCC	9
746	ACT	6
747	TTA	7147
747	TTG	6731
747	CTG	7
747	CTA	7
747	TTR	2
748	TCC	13869
748	TCT	16
748	TCA	5
748	TCY	2
749	AAT	13880
749	AAC	9
749	AGT	4
750	GAC	13877
750	GAT	17
751	ATT	13863
751	ATC	30
752	TCA	13889
752	TCG	3
753	CAA	13872
753	CAG	22
754	GGA	13868
754	GGG	25
755	ATT	13874
755	ATA	8
755	ATC	7
755	ATG	4
756	AAG	13645
756	AAA	246
757	AGA	13856
757	AGG	38
758	CAA	13865
758	CAG	28
759	AGA	13867
759	AGG	22
759	CGA	3
760	ATG	13885
760	GTG	4
760	ACG	3
761	ACA	13860
761	ACG	30
761	ACT	4
762	GTT	13880
762	GTC	10
762	ATT	2
763	GAG	13885
763	GAA	8
764	TCC	7595
764	TCT	6285
764	TCA	7
764	TCY	4
764	TCG	2
765	ATG	13893
766	GGG	13886
766	GGA	3
766	GAG	3
767	TGG	13890
767	GTG	2
768	GCC	13882
768	ACC	4
768	GCT	2
769	TTG	13876
769	TTA	16
770	AGC	13884
770	AAC	10
771	TAA	13894

#VT1203|HA
1	GAT	1535
1	GAC	133
2	CAG	835
2	CAT	802
2	CAA	14
2	CAC	12
2	CGG	4
3	ATT	1440
3	ATC	228
4	TGC	1668
5	ATT	1650
5	ATC	8
5	GTT	7
5	ATA	3
6	GGT	1582
6	GGC	82
6	GGA	3
7	TAC	937
7	TAT	730
8	CAT	1663
8	CAC	5
9	GCA	1666
9	GCG	2
10	AAC	932
10	AAT	735
11	AAC	1640
11	AAT	28
12	TCG	1563
12	TCA	103
12	TCT	2
13	ACA	1614
13	ACG	53
14	GAG	1298
14	AAG	309
14	GAA	39
14	AAC	12
14	AAA	7
14	ATG	3
15	CAG	1596
15	CAA	57
15	CGG	12
16	GTT	1626
16	GTG	30
16	GTC	5
16	ATT	4
16	GTA	2
17	GAC	1650
17	GAT	18
18	ACA	1355
18	ACG	312
19	ATA	1647
19	ATC	21
20	ATG	1668
21	GAA	1622
21	GAG	45
22	AAG	1399
22	AAA	268
23	AAC	1624
23	AAT	44
24	GTT	1225
24	GTC	433
24	GTG	3
24	GTA	3
24	ATT	3
25	ACT	1655
25	ACA	4
25	ACG	3
25	ACC	2
25	ACW	2
26	GTT	1610
26	GTC	51
26	GTG	6
27	ACA	1575
27	ACG	81
27	ACT	7
27	ACC	4
28	CAT	1504
28	CAC	125
28	CAA	23
28	CAG	16
29	GCC	1466
29	GCT	201
30	CAA	1646
30	CGA	13
30	CAG	8
31	GAC	1479
31	GAT	186
31	AAC	2
32	ATA	1667
33	CTG	1496
33	CTA	144
33	TTG	18
33	TTA	7
33	CTT	3
34	GAA	1606
34	GAG	59
34	GGA	3
35	AAG	1561
35	AGG	60
35	AAA	46
36	ACA	1610
36	ACG	25
36	GCA	18
36	AAA	9
36	GAG	2
37	CAC	1551
37	CAT	116
38	AAC	1336
38	AAT	332
39	GGG	1550
39	GGA	115
40	AAG	1377
40	AGG	141
40	AAA	129
40	AGA	20
41	CTC	1643
41	CTT	18
41	CTY	4
41	CTA	3
42	TGC	1492
42	TGT	176
43	GAT	1398
43	GAC	158
43	AAT	79
43	AGC	12
43	AAC	10
43	GCC	5
43	AGT	4
43	RAT	2
44	CTA	1314
44	CTG	189
44	TTA	105
44	TTG	38
44	CTT	16
44	CTC	6
45	AAT	1102
45	GAT	536
45	GAC	14
45	AAC	13
46	GGA	1625
46	GGG	38
46	GGC	4
47	GTG	1531
47	GTT	109
47	ATT	24
47	GTA	3
48	AAG	996
48	AAA	538
48	AGG	131
48	AGA	3
49	CCT	1650
49	CCC	18
50	CTG	1279
50	CTA	321
50	TTG	31
50	CTC	28
50	TTA	5
50	CTT	4
51	ATT	1641
51	ATC	17
51	GTT	7
51	GTC	2
52	TTA	1374
52	TTG	257
52	CTA	21
52	CTG	15
53	AAA	825
53	AGA	500
53	AAG	297
53	AGG	39
53	GAA	5
54	GAT	1597
54	AAT	52
54	GAC	18
55	TGT	1635
55	TGC	33
56	AGT	1623
56	AGC	44
57	GTA	1590
57	GTG	71
57	GTT	4
57	GTC	2
58	GCT	826
58	GCA	807
58	GCC	23
58	GCG	11
59	GGA	1595
59	GGG	71
59	GGR	2
60	TGG	1668
61	CTC	1341
61	CTT	326
62	CTC	1405
62	CTT	256
62	CTG	3
62	CTA	3
63	GGA	1454
63	GGG	209
63	GGT	5
64	AAC	1310
64	AAT	358
65	CCA	1598
65	CCC	34
65	CCG	31
65	CCT	4
66	ATG	1338
66	TTG	318
66	TGG	4
66	AYG	3
67	TGT	1327
67	TGC	341
68	GAC	1578
68	GAT	83
68	GGC	5
69	GAA	1434
69	GAG	228
69	AAA	6
70	TTC	1622
70	TTT	45
71	ATC	1233
71	ACC	286
71	CTC	132
71	AAC	6
71	ATT	3
71	TTG	2
72	AAT	1326
72	AGA	181
72	AGC	44
72	GAT	43
72	AGG	40
72	AGT	15
72	AAC	9
72	AAA	3
72	CAT	3
72	AGM	2
73	GTG	1555
73	GTA	95
73	GTT	8
73	GTC	7
73	GCG	2
74	CCA	1005
74	CCG	650
74	TCA	7
74	TCG	6
75	GAA	1572
75	GAG	94
76	TGG	1668
77	TCT	1571
77	TCC	90
77	TCA	6
78	TAC	1537
78	TAT	129
78	TAY	2
79	ATA	1652
79	ATC	14
79	ATT	2
80	GTA	837
80	GTG	826
80	GTT	3
81	GAG	1550
81	GAA	118
82	AAG	1366
82	AGG	283
82	AAA	18
83	GCC	1236
83	GCT	258
83	ATC	113
83	ACT	24
83	ACC	19
83	GAC	14
83	GAT	2
84	AAT	1141
84	AAC	511
84	AGT	5
84	GGT	5
84	GAT	3
84	CAT	2
85	CCA	1617
85	CCG	51
86	GCC	1323
86	GTC	195
86	CCC	51
86	ACC	40
86	GCT	26
86	ATC	15
86	TCC	10
86	GCA	3
86	GTT	2
86	YCC	2
87	AAT	1582
87	AAC	40
87	CAT	30
87	AGT	16
88	GAC	1329
88	GGC	323
88	GAT	13
88	GGT	3
89	CTC	1643
89	CTA	12
89	CTT	9
89	ATC	2
90	TGT	1640
90	TGC	28
91	TAC	1571
91	TAT	96
92	CCA	1601
92	CCC	60
92	CCT	4
92	CCG	3
93	GGG	1287
93	GGA	380
94	AAT	1131
94	AAC	228
94	GTT	128
94	GAT	82
94	AGT	32
94	ACT	23
94	AGC	19
94	ACC	14
94	GAC	11
95	TTC	1336
95	CTC	322
95	TTT	5
95	CTA	4
96	AAC	1194
96	AAT	473
97	GAT	855
97	GAC	802
97	AAC	8
97	GAA	2
98	TAT	1659
98	TAC	9
99	GAA	1615
99	GAG	53
100	GAA	1650
100	GAG	16
100	GAR	2
101	TTG	938
101	CTG	665
101	TTA	43
101	CTA	22
102	AAA	1635
102	AAG	33
103	CAC	1580
103	CAT	87
104	CTA	1552
104	TTA	82
104	CTG	32
104	TTG	2
105	TTG	1616
105	CTG	35
105	TTA	15
106	AGC	1646
106	AGT	22
107	AGG	884
107	AGA	742
107	CGA	25
107	AGC	13
107	AAC	2
108	ATA	1640
108	ACA	16
108	ATC	11
109	AAC	1335
109	AAT	333
110	CAT	1578
110	CAC	84
110	CGT	5
111	TTT	1653
111	TTC	15
112	GAG	1653
112	GAA	13
113	AAA	1430
113	AAG	237
114	ATA	809
114	ATT	595
114	ACT	237
114	ATC	10
114	GTT	5
114	ACC	5
114	ACA	3
115	CAG	1102
115	CGG	317
115	CTG	206
115	CAA	15
115	CGA	9
115	CGT	5
115	GAG	5
115	AAG	4
115	CAT	2
116	ATC	1651
116	ATT	7
116	GTC	5
116	ATA	4
117	ATC	1569
117	ATT	95
117	TTC	4
118	CCC	1642
118	CCT	21
118	TCC	3
118	CAT	2
119	AAA	1234
119	AAG	369
119	AGA	48
119	AGG	15
120	GAT	765
120	AGT	662
120	AAT	99
120	AGG	70
120	AGC	23
120	AAC	19
120	GAC	15
120	GGG	7
120	GAG	2
120	GGT	2
120	ATT	2
121	TCT	1602
121	TAT	36
121	TCC	12
121	TTT	8
121	CAT	5
121	TCA	2
122	TGG	1668
123	TCA	874
123	TCC	372
123	CCC	295
123	CCA	54
123	ACC	39
123	CCT	13
123	TCT	9
123	GTC	4
123	GCC	4
123	ACA	2
124	GAT	1111
124	AAT	337
124	AGT	179
124	GAA	17
124	AAC	5
124	GAC	5
124	GGT	5
124	AGC	3
124	GAG	2
125	CAT	1658
125	CAC	6
125	TAT	2
126	GAA	1557
126	GAT	13
126	GAG	7
126	AAT	5
126	GGA	2
126	GAC	2
126	TAC	2
127	GCC	1319
127	ACA	259
127	GCA	34
127	ACC	13
127	GYC	9
127	GTC	8
127	GCT	3
127	TCC	2
128	TCA	1614
128	TCG	25
128	ACA	21
128	TCC	7
129	TTG	721
129	TCA	342
129	TTA	281
129	CTG	231
129	TCG	5
129	TCC	4
129	ATG	4
129	GCA	3
129	CTA	2
130	GGG	1454
130	GGA	214
131	GTG	1627
131	GTA	39
132	AGC	1185
132	AGT	481
132	AGY	2
133	GCA	1103
133	TCA	431
133	GCT	61
133	GCC	39
133	TCT	14
133	GCG	8
133	RCA	5
133	GYA	2
133	TCG	2
134	GCA	1539
134	GCT	78
134	GCG	30
134	GTA	9
134	ACA	6
134	GYA	3
135	TGT	1531
135	TGC	137
136	CCA	1172
136	TCA	387
136	CCG	49
136	CAA	43
136	TCC	7
136	CTA	7
136	CCT	2
137	TAC	1573
137	TAT	80
137	CAC	8
137	TTC	4
138	CAG	1460
138	CAA	116
138	ACA	35
138	CTG	35
138	AAT	14
138	AAA	6
139	GGA	1545
139	GGG	111
139	GAG	8
139	GGT	3
140	AAT	800
140	GTG	232
140	AAG	139
140	ATG	121
140	ACG	95
140	AGA	81
140	CAG	48
140	ACA	43
140	AGG	41
140	AGT	28
140	GCA	14
140	GGA	7
140	GCG	5
140	AAA	5
140	AAK	3
140	AAC	2
141	TCC	1100
141	CCC	457
141	GCC	77
141	CCT	20
141	TCT	7
141	YCC	5
142	TCC	1412
142	TCT	178
142	TCA	78
143	TTT	896
143	TTC	772
144	TTC	1319
144	TTT	342
144	TAT	6
145	AGA	1511
145	CGA	101
145	AGG	53
145	GGA	3
146	AAT	1612
146	AAC	48
146	AGT	4
146	ACT	3
147	GTG	1598
147	GTA	49
147	GTT	18
147	GWG	2
148	GTA	1186
148	GTG	471
148	ATA	6
148	GTT	2
148	GTR	2
149	TGG	1668
150	CTT	1542
150	CTC	116
150	ATT	8
150	TTG	2
151	ATC	1337
151	ACC	247
151	CTC	37
151	GTC	23
151	ATA	11
151	ATT	10
152	AAA	1399
152	AAG	267
153	AAG	1658
153	AAA	5
153	ARG	2
153	GAG	2
154	AAC	993
154	GAC	543
154	AAT	88
154	GGC	41
154	GAA	3
155	AAT	1112
155	GAT	368
155	AGT	179
155	GGT	3
155	AAC	3
155	GAC	2
156	GCA	1102
156	ACA	540
156	ACG	10
156	GCC	3
156	GCG	3
156	RCA	3
156	TCA	2
156	GAA	2
157	TAC	1653
157	TAT	15
158	CCA	1579
158	CCG	63
158	CCC	23
158	CCT	3
159	ACA	1610
159	ATA	48
159	ACG	6
159	CCA	2
160	ATA	1653
160	CTA	7
160	TTA	6
161	AAG	1548
161	AAA	94
161	AGG	13
161	GAG	6
161	ACG	6
162	AAA	877
162	AGA	274
162	AGG	204
162	ATG	172
162	ATA	81
162	AAG	36
162	GTG	22
163	AGC	892
163	GGC	386
163	AGT	262
163	GAC	60
163	AAC	32
163	ACC	21
163	ATC	4
163	GGT	4
163	GGA	2
163	AGA	2
164	TAC	1668
165	AAT	1594
165	AAC	37
165	AAG	18
165	ACC	7
165	CAT	6
165	AWT	2
165	AGT	2
166	AAT	1500
166	AAC	168
167	ACC	1576
167	ACA	29
167	ACT	28
167	ATC	24
167	GCC	7
167	AAC	2
168	AAC	1050
168	AAT	539
168	GAC	32
168	AGC	23
168	GGC	19
168	TAC	3
169	CAA	784
169	CGA	311
169	CAG	243
169	AAA	109
169	AGG	71
169	AGT	58
169	CGG	41
169	AGA	23
169	GGG	21
169	CCG	2
169	GTA	2
170	GAA	1649
170	AAA	7
170	GAG	7
170	GTA	4
171	GAT	1651
171	GAC	9
171	GAA	5
171	AAT	2
172	CTT	813
172	CTC	803
172	CTG	44
172	CTA	7
173	TTG	1616
173	TTA	35
173	CTG	17
174	ATA	1028
174	GTA	586
174	ATC	32
174	GTG	21
175	CTG	1398
175	ATG	139
175	CTA	78
175	TTG	48
175	TTA	2
176	TGG	1668
177	GGG	1475
177	GGA	191
177	GGT	2
178	ATT	1041
178	ATC	618
178	GTT	8
179	CAC	1007
179	CAT	660
180	CAT	1415
180	CAC	253
181	CCT	1015
181	TCT	273
181	TCC	171
181	CCA	103
181	CCC	93
181	CCG	11
182	AAT	1379
182	AAC	286
182	AAA	2
183	GAT	1341
183	AAT	183
183	AGT	77
183	AAC	58
183	GGT	4
183	RAT	3
183	GAC	2
184	GAG	555
184	GCA	454
184	GAA	372
184	GCG	238
184	GCT	35
184	GAC	5
184	GGG	5
184	GAT	3
185	GCA	1501
185	GAG	80
185	ACA	40
185	GAA	26
185	GCT	6
185	GCG	5
185	GTA	5
185	GAT	2
186	GAG	1465
186	GAA	200
186	GAR	2
187	CAG	1536
187	CAA	130
187	CAR	2
188	ACA	1403
188	ATA	128
188	ACG	49
188	GCA	48
188	ATG	14
188	GTA	12
188	AAA	7
188	AAR	3
189	AGG	686
189	AAG	536
189	AAT	103
189	GAT	95
189	AAA	93
189	AGT	50
189	AAC	36
189	ATG	25
189	GGG	14
189	AGA	8
189	CAG	7
189	GAG	3
189	GAC	3
189	ACG	3
189	ACT	3
190	CTC	1460
190	CTT	92
190	ATC	63
190	CTA	53
191	TAT	1251
191	TAC	417
192	CAA	1348
192	AAA	222
192	AAG	77
192	CAG	16
192	CAT	3
192	AAR	2
193	AAC	1453
193	AAT	214
194	CCA	1642
194	CCG	9
194	TCA	7
194	CTA	6
194	YCA	2
194	TCG	2
195	ACC	1189
195	ACT	398
195	ATC	30
195	GAC	14
195	AAC	13
195	GCT	7
195	AAT	5
195	ATT	4
195	GCC	3
195	AYC	2
195	AMT	2
196	ACC	1602
196	ACT	61
196	GCC	3
197	TAT	1452
197	TAC	213
197	CAT	3
198	ATT	1155
198	GTT	356
198	ATC	150
198	GTG	2
199	TCC	1625
199	TCA	32
199	TCT	9
200	GTT	832
200	ATT	822
200	ATC	9
200	GTA	2
201	GGG	1376
201	GGA	290
202	ACA	1278
202	ACT	315
202	ACG	74
203	TCA	1637
203	TCG	24
203	TCT	5
204	ACA	1606
204	ACG	55
204	AGA	4
205	CTA	1151
205	TTA	313
205	CTG	192
205	CTT	10
205	YTA	2
206	AAC	1615
206	AAT	51
207	CAG	1453
207	CAA	195
207	CTG	20
208	AGA	1552
208	AGG	112
208	AAA	4
209	TTG	1624
209	TTA	15
209	CTG	12
209	TCG	9
209	TCA	8
210	GTA	1251
210	GTG	244
210	ACA	129
210	ATA	26
210	GCA	6
210	ATG	3
210	GAG	3
210	TTA	2
210	ATC	2
211	CCA	1534
211	CCC	131
211	CCG	3
212	AAA	1409
212	AGA	223
212	GAA	16
212	AAG	7
212	ACA	7
212	AGG	5
213	ATA	1658
213	GTA	4
213	TTA	2
213	ATT	2
213	ATG	2
214	GCT	886
214	GCC	758
214	GCA	10
214	ACT	6
214	RCC	4
214	TCT	3
215	ACT	1650
215	ACC	12
215	ATT	3
216	AGA	1521
216	AGG	147
217	TCC	1522
217	TCT	101
217	CCC	39
217	TCA	5
218	AAA	1264
218	CAA	297
218	AAG	104
218	AGA	3
219	GTA	859
219	ATA	771
219	GTG	36
220	AAC	1495
220	AAT	159
220	AAY	9
220	AAA	4
221	GGG	1539
221	GGA	120
221	AGG	4
221	GGC	4
222	CAA	1621
222	CAG	42
222	CRA	2
222	CTA	2
223	AGT	1336
223	CGT	240
223	AGG	22
223	CAA	20
223	AGC	19
223	CGG	18
223	AAT	8
224	GGA	774
224	GGC	753
224	GGG	135
224	GGT	3
224	TCA	2
225	AGG	1314
225	AGA	354
226	ATG	836
226	ATA	820
226	GTG	6
226	ATT	4
226	ATR	2
227	GAT	1298
227	GAG	314
227	GAC	32
227	GAA	23
228	TTC	1645
228	TTT	23
229	TTC	1436
229	TTT	211
229	TAC	19
230	TGG	1668
231	ACA	1654
231	ACG	10
231	ACC	3
232	ATT	1501
232	ATC	140
232	ATA	14
232	ATG	12
233	TTA	1437
233	CTA	211
233	TTG	19
234	AAA	1541
234	AGA	83
234	AAG	38
234	AGG	6
235	CCG	1427
235	TCG	121
235	CCA	95
235	CAG	12
235	CCT	7
235	TCA	3
236	AAT	1617
236	GAC	36
236	AAC	8
236	AAA	5
237	GAT	1351
237	GAC	317
238	GCA	1515
238	ACA	101
238	GCC	14
238	GTA	8
238	GCT	8
238	ACT	7
238	TCA	6
238	GCG	3
238	RCA	3
239	ATC	1535
239	ATA	114
239	ATT	17
239	GTC	2
240	CAC	986
240	AAC	560
240	AAT	56
240	CAT	53
240	CAA	5
240	TAC	5
240	AGC	2
241	TTC	1485
241	TTT	182
242	GAG	1622
242	GAA	36
242	GAT	7
242	RAG	2
243	AGT	1611
243	AGC	56
244	AAT	1366
244	AAC	296
244	ACC	3
244	AAY	2
245	GGA	1552
245	GGG	113
246	AAT	1433
246	AAC	232
246	AAY	2
247	TTC	1426
247	TTT	239
247	TTY	2
248	ATT	1551
248	ATC	110
248	ATA	6
249	GCT	1644
249	GCC	14
249	GCG	5
249	TCT	3
250	CCA	1651
250	CCG	12
250	CCT	4
251	GAA	1483
251	GAG	172
251	AAA	5
251	GCA	4
251	GAR	2
252	TAT	1551
252	AAT	112
252	TAC	4
253	GCA	1638
253	GCG	28
253	GCC	2
254	TAC	1665
254	TAT	2
255	AAA	1662
255	AAG	5
256	ATT	1643
256	ATA	23
256	ATC	2
257	GTC	1550
257	ATC	98
257	GTT	12
257	GTA	6
258	AAG	1459
258	AAA	209
259	AAA	1227
259	AAG	343
259	ACA	77
259	ACG	10
259	AGG	5
259	AGA	3
260	GGA	906
260	GGG	754
260	GGT	5
260	GGR	2
261	GAC	1646
261	GAT	21
262	TCA	1215
262	TCC	322
262	TCG	124
262	TCT	7
263	ACA	1392
263	GCA	260
263	ACG	14
263	ACT	2
264	ATT	1253
264	ATC	413
265	ATG	1662
265	GTT	4
265	ATA	2
266	AAA	1223
266	AGA	436
266	AGG	5
266	AAG	4
267	AGT	1667
268	GAA	1371
268	GAG	271
268	GGC	10
268	GAC	6
268	GGA	4
268	GAT	4
268	AGT	2
269	GTG	1040
269	TTG	306
269	ATG	166
269	ATA	71
269	CTG	36
269	GTA	28
269	TTA	8
269	ATT	7
269	GCG	3
270	GAA	1467
270	GAG	146
270	AAA	38
270	CAA	13
271	TAT	1580
271	TAC	88
272	GGT	1086
272	GGC	357
272	GGA	183
272	AGT	38
272	GGG	2
273	AAC	1182
273	AAT	277
273	CAC	99
273	TAC	51
273	CAT	51
273	GAC	5
273	AGC	2
274	TGC	1653
274	TGT	15
275	AAC	1379
275	AAT	189
275	AGC	87
275	GAC	8
275	ARC	2
276	ACC	1644
276	ACT	17
276	ACA	5
277	AGG	769
277	AAG	624
277	AAA	225
277	AGA	50
278	TGT	1440
278	TGC	228
279	CAG	874
279	CAA	792
279	CAR	2
280	ACT	1564
280	ACC	99
280	ACG	4
281	CCA	1155
281	CCT	290
281	CCG	220
281	CCC	2
282	ATA	1358
282	ATG	263
282	GTA	39
282	GTG	6
283	GGG	1548
283	GGA	101
283	GGT	17
283	GGC	2
284	GCG	1597
284	GCA	67
284	GCT	3
285	ATA	1663
285	ATG	2
285	ATC	2
286	AAC	1555
286	AAT	101
286	AGC	10
287	TCT	1417
287	TCC	246
287	TCG	2
287	TCA	2
288	AGT	1582
288	AGC	67
288	ACT	15
288	AGG	2
289	ATG	1668
290	CCA	1647
290	CCG	17
290	CCC	2
290	CCT	2
291	TTC	1628
291	TTT	40
292	CAC	1523
292	CAT	145
293	AAC	1161
293	AAT	506
294	ATA	1552
294	ATC	107
294	ATT	6
294	GTT	2
295	CAC	1123
295	CAT	545
296	CCT	1329
296	CCC	335
296	CAT	2
297	CTC	1642
297	ATC	12
297	CTT	6
297	CAC	3
297	CTA	2
297	TTC	2
298	ACC	1147
298	ACT	454
298	ACA	62
298	ACG	4
299	ATC	1329
299	ATT	309
299	ATA	25
299	GTC	5
300	GGA	920
300	GGG	740
300	GGT	5
300	GGR	2
301	GAA	1485
301	GAG	182
302	TGC	869
302	TGT	794
302	TGY	5
303	CCC	1656
303	CCT	10
303	CCA	2
304	AAA	1635
304	AAG	31
305	TAT	1437
305	TAC	229
306	GTG	1626
306	GTA	37
306	GTC	2
307	AAA	1622
307	AAG	43
308	TCA	1655
308	TCG	7
308	GCA	4
309	AAC	1509
309	ACC	100
309	AGC	28
309	GAT	11
309	AAT	7
309	GAC	5
309	GGT	2
309	AAA	2
310	AAA	1300
310	AGA	342
310	AAG	21
310	AGG	2
311	TTA	1435
311	CTA	176
311	TTG	47
311	CTG	7
312	GTC	1584
312	GTA	63
312	GTT	14
312	ATC	4
313	CTT	1638
313	CTA	10
313	CTC	8
313	TTA	7
313	CTG	2
314	GCG	1118
314	GCA	434
314	GCT	110
315	ACT	1581
315	ACC	51
315	ACA	32
316	GGG	1586
316	GGA	78
317	CTC	1640
317	CTA	12
317	CTT	8
318	AGA	1632
318	AGG	33
319	AAT	1640
319	AAC	24
320	AGT	1236
320	AGC	368
320	AAT	31
320	GCC	7
320	GTC	7
320	ATC	6
320	GTA	2
320	AGY	2
320	ART	2
321	CCT	1607
321	CCC	47
321	GCT	4
321	CCA	4
321	CTT	3
322	CAA	1141
322	CTA	480
322	TTA	23
322	CAG	10
322	CTC	4
322	CTG	3
322	CGA	2
323	AGA	1380
323	GGA	108
323	AAA	64
323	AGG	46
323	ATA	43
323	AAG	7
323	CGG	4
323	ATT	3
323	CGA	2
323	GGG	2
324	GAG	1000
324	GAA	633
324	AAG	4
324	GGG	2
324	RAA	2
324	GAT	2
324	GTG	2
325	AGA	1276
325	AGG	92
325	GAA	71
325	AAA	71
325	GGA	68
325	AAG	35
325	AGC	19
325	AGT	2
326	AGA	1631
326	AAG	6
326	GGA	4
326	AGG	4
327	AGA	1601
327	AGG	42
327	CGA	3
328	AAA	1579
328	AGA	59
328	GAA	17
328	CGA	5
328	AGG	3
329	AAG	332
329	AAA	46
329	ACA	13
329	ACT	3
329	ACG	3
330	AGA	1618
330	AGG	44
330	CGA	2
331	GGA	1532
331	GGG	112
331	GGT	19
331	GGC	2
332	CTA	554
332	CTG	467
332	TTG	437
332	TTA	202
332	CTC	5
333	TTT	1638
333	TTC	27
334	GGA	1627
334	GGG	36
335	GCT	1613
335	GCC	26
335	GCA	20
335	GCG	3
335	GCW	2
336	ATA	1631
336	AAA	19
336	ATT	12
336	ATC	3
337	GCA	1651
337	GCG	14
338	GGT	912
338	GGG	600
338	GGC	87
338	GGA	66
339	TTT	1596
339	TTC	69
340	ATA	1663
341	GAG	1492
341	GAA	168
341	GRG	4
342	GGA	1521
342	GGC	119
342	GGT	15
342	GGG	9
343	GGA	1611
343	GGT	22
343	GGC	19
343	GGG	13
344	TGG	1665
345	CAG	1377
345	CAA	288
346	GGA	1260
346	GGG	377
346	GGT	14
346	GGC	13
347	ATG	1664
348	GTA	1617
348	GTT	22
348	GTG	13
348	GTC	4
348	ATA	4
348	RTA	2
349	GAT	1638
349	GAC	22
349	GAG	3
350	GGT	1615
350	GGC	47
351	TGG	1665
352	TAT	1651
352	TAC	13
353	GGG	1632
353	GGA	31
354	TAC	1449
354	TTT	130
354	TAT	84
355	CAC	1524
355	CAT	139
356	CAT	844
356	CAC	821
357	AGC	1445
357	AGT	216
357	ATC	3
358	AAT	1440
358	AAC	225
359	GAG	1092
359	GAA	570
359	GGG	2
360	CAG	1631
360	CAA	33
361	GGG	1428
361	GGA	236
362	AGT	1523
362	AGC	137
362	GGT	3
362	ACT	2
363	GGG	1244
363	GGT	333
363	GGA	85
363	GGR	2
364	TAC	1529
364	TAT	136
365	GCT	1602
365	GCG	36
365	GCA	22
365	GCC	2
366	GCA	1630
366	GCT	26
366	GCG	6
366	GYA	2
367	GAC	1658
367	GAT	7
368	AAA	1435
368	AGA	187
368	AAG	35
368	GAA	5
369	GAA	1647
369	GAG	16
370	TCC	875
370	TCT	766
370	TCA	14
370	ACT	8
370	TCY	2
371	ACT	1173
371	ACC	489
371	ACG	3
372	CAA	1650
372	CAG	15
373	AAG	1591
373	AAA	38
373	AGG	34
374	GCA	1172
374	GCG	328
374	GCT	163
375	ATA	1607
375	GTA	35
375	ATT	8
375	ATG	6
375	ATC	4
375	ATR	2
375	CTA	2
376	GAT	890
376	GAC	760
376	AAC	8
376	AAT	6
377	GGA	1389
377	GGG	275
378	GTC	1403
378	GTT	222
378	ATC	27
378	GTA	13
379	ACC	1620
379	ACT	31
379	ACA	14
380	AAT	1567
380	AAC	97
381	AAG	1586
381	AAA	79
382	GTC	1641
382	GTT	13
382	ATC	7
382	GTA	2
383	AAC	1315
383	AAT	350
384	TCG	1395
384	TCA	239
384	TCT	30
385	ATC	1496
385	ATA	101
385	ATT	67
386	ATT	1625
386	ATC	36
386	ATA	3
387	GAC	1597
387	AAC	28
387	GAA	27
387	GAT	13
388	AAA	1591
388	AAG	74
389	ATG	1665
390	AAC	1649
390	AAT	15
391	ACT	1461
391	ACC	195
391	AAC	5
391	ACA	2
391	ACY	2
392	CAG	1357
392	CAA	308
393	TTT	1655
393	TTC	10
394	GAG	1615
394	GAA	50
395	GCC	1090
395	GCT	507
395	GCA	67
396	GTT	840
396	GTA	780
396	GTG	24
396	ATA	7
396	ATT	7
396	GTC	6
397	GGA	1592
397	GGG	71
398	AGG	1510
398	AGA	130
398	AAG	20
398	AAA	4
399	GAA	1319
399	GAG	346
400	TTT	1433
400	TTC	232
401	AAT	1411
401	AAC	241
401	AGT	12
402	AAC	1506
402	AGC	119
402	AAT	23
402	AAA	10
403	TTA	1602
403	TTG	39
403	CTG	13
403	CTA	10
404	GAG	930
404	GAA	735
405	AGG	1314
405	CGG	200
405	AGA	147
405	CGA	2
405	AAG	2
406	AGA	1623
406	AGG	42
407	ATA	1659
407	ATT	5
408	GAG	1042
408	GAA	621
409	AAT	1657
409	AAC	8
410	TTA	1161
410	TTG	462
410	CTA	38
410	CTG	4
411	AAC	1466
411	AAT	199
412	AAG	1651
412	AAA	14
413	AAG	1127
413	AAA	538
414	ATG	1662
414	GTG	2
415	GAA	1651
415	GAG	14
416	GAC	1630
416	GAT	35
417	GGA	1437
417	GGG	226
418	TTC	1425
418	TTT	240
419	CTA	1577
419	TTA	34
419	CTG	29
419	CTC	19
419	CTT	5
420	GAT	1655
420	GAC	8
420	AAT	2
421	GTC	1585
421	GTT	68
421	GTA	12
422	TGG	1665
423	ACT	1614
423	ACC	48
423	ACG	3
424	TAT	1440
424	TAC	225
425	AAT	1654
425	AAC	11
426	GCT	1341
426	GCA	242
426	GCG	67
426	GCC	15
427	GAA	1654
427	GAG	11
428	CTT	1541
428	CTC	121
428	MTT	2
429	CTG	1355
429	TTA	179
429	CTA	108
429	TTG	23
430	GTT	1646
430	GTC	11
430	ATT	4
430	GTG	3
431	CTC	1615
431	CTA	49
432	ATG	1665
433	GAA	1345
433	GAG	318
433	GAR	2
434	AAT	1640
434	AAC	23
434	AAY	2
435	GAG	1635
435	GAA	30
436	AGA	1618
436	AGG	46
437	ACT	1593
437	ACC	64
437	ACA	5
437	ACG	3
438	CTA	1615
438	TTA	30
438	CTG	19
439	GAC	1332
439	GAT	333
440	TTC	1395
440	TTT	262
440	TAC	8
441	CAT	1622
441	CAC	32
441	CAY	11
442	GAC	1487
442	GAT	178
443	TCA	1654
443	TCG	5
443	TCC	4
443	TCT	2
444	AAT	1664
445	GTC	1476
445	GTA	151
445	GTT	35
445	GTG	3
446	AAG	1201
446	AGG	433
446	AAA	22
446	CGG	5
446	AGA	4
447	AAC	1372
447	AAT	292
448	CTT	1628
448	CTC	26
448	CTG	9
448	TTA	2
449	TAC	1316
449	TAT	349
450	GAC	1298
450	GAT	350
450	AAC	9
450	GAA	8
451	AAG	1363
451	AAA	297
451	AGG	4
452	GTC	1639
452	GTT	14
452	GTG	6
452	ATC	3
452	GTA	3
453	CGA	1101
453	AGA	532
453	CGG	29
453	AGG	3
454	CTA	1434
454	TTA	134
454	CTG	33
454	TTG	32
454	CGA	29
454	CTC	2
455	CAG	1619
455	CAA	45
456	CTT	1546
456	CTC	69
456	CTG	46
456	ATT	3
457	AAG	825
457	AGG	797
457	AGA	36
457	AAA	5
458	GAT	1284
458	GAC	374
458	AAC	5
458	AAT	2
459	AAT	1653
459	AAC	12
460	GCA	1566
460	GCC	52
460	GCG	37
460	GCT	10
461	AAG	838
461	AAA	823
461	CAA	2
461	AGA	2
462	GAG	1570
462	GAA	95
463	CTG	1489
463	CTT	117
463	CTA	29
463	ATG	16
463	TTG	11
463	TTA	2
464	GGT	1302
464	GGA	271
464	GGG	61
464	GGC	31
465	AAC	1180
465	AAT	485
466	GGT	1640
466	GGC	21
466	GRT	2
467	TGT	1575
467	TGC	90
468	TTC	1484
468	TTT	180
469	GAG	1648
469	GAA	17
470	TTC	1650
470	TTT	12
470	CTC	3
471	TAT	1615
471	TAC	48
471	TAY	2
472	CAC	1563
472	CAT	102
473	AAA	1535
473	AGA	112
473	AAG	15
473	AGG	3
474	TGT	1651
474	TGC	14
475	GAT	1066
475	AAT	564
475	GAC	32
475	AAC	2
476	AAT	1603
476	AAC	35
476	GAT	27
477	GAA	1632
477	GAG	22
477	AAA	9
477	RAA	2
478	TGT	1421
478	TGC	244
479	ATG	1648
479	ATA	9
479	ATT	5
479	GTG	2
480	GAA	1647
480	GAG	15
480	GRA	2
481	AGT	1648
481	AGC	16
482	GTA	1430
482	GTG	195
482	ATA	26
482	GTT	14
483	AGA	1592
483	AGG	32
483	AAA	24
483	CGA	13
483	AAG	4
484	AAC	1287
484	AAT	375
485	GGA	1001
485	GGG	661
485	GGT	2
486	ACG	1418
486	ACA	242
487	TAT	1557
487	TAC	107
488	GAC	1374
488	GAT	207
488	AAC	81
488	AAT	2
489	TAC	1566
489	TAT	97
489	TAY	2
490	CCG	1138
490	CCA	231
490	CCC	171
490	CCT	123
491	CAG	1456
491	CAA	160
491	CAT	30
491	AAG	14
491	CGG	3
492	TAT	1553
492	TAC	112
493	TCA	1655
493	TCG	7
493	TCT	2
494	GAA	1635
494	AAA	14
494	GAG	12
494	GAC	2
494	AGA	2
495	GAA	1631
495	GAG	34
496	GCA	1570
496	TCA	65
496	GCG	30
497	AGA	1618
497	AAA	22
497	ATA	12
497	AGG	12
498	TTA	1487
498	CTA	105
498	TTG	71
499	AAA	1588
499	AAG	38
499	AAT	13
499	AAC	11
499	AGA	9
499	GAA	3
499	RAA	2
500	AGA	1487
500	AGG	172
500	AAA	6
501	GAG	1133
501	GAA	527
501	AAG	3
502	GAA	1577
502	GAG	79
502	AAA	7
503	ATA	1626
503	ATT	32
503	GTA	7
504	AGT	1319
504	AGC	289
504	AAT	25
504	GGT	14
504	ACT	14
504	GAC	2
505	GGA	1608
505	GGG	49
505	AGA	5
505	GAA	2
506	GTA	1236
506	GTG	425
506	GTC	2
507	AAA	1359
507	AAG	303
507	AGA	2
508	TTG	1243
508	CTG	356
508	TTA	64
509	GAA	1458
509	GAG	207
510	TCA	1486
510	TCG	168
510	TCT	8
510	CCA	3
511	ATA	1624
511	ATG	24
511	ACT	5
511	CTA	4
511	ATT	3
511	TTA	3
512	GGA	1650
512	GTA	7
512	GGG	4
512	GGC	2
513	ACT	664
513	ATT	404
513	ATC	398
513	GTT	130
513	GTC	37
513	CTC	18
513	ACC	8
513	ACG	4
513	ATA	2
514	TAC	1630
514	TAT	33
514	TAY	2
515	CAA	1550
515	CAG	115
516	ATA	1665
517	CTG	1354
517	TTG	299
517	CTA	9
517	CTT	3
518	TCA	1608
518	TCG	54
518	TYA	2
519	ATT	1654
519	ATC	7
519	GTT	3
520	TAT	1621
520	TAC	44
521	TCA	1473
521	TCT	190
521	TCC	2
522	ACA	1659
522	ACC	2
522	ACT	2
523	GTG	1389
523	GTT	221
523	GCG	31
523	GCT	18
523	GTA	4
523	GTR	2
524	GCG	1392
524	GCA	263
524	ACG	4
524	GTG	3
525	AGT	1551
525	AGC	113
526	TCC	1419
526	TCT	222
526	TCA	23
527	CTA	1645
527	TTA	19
528	GCA	647
528	GTA	569
528	GTG	319
528	ACA	70
528	GCG	41
528	GTT	16
529	CTG	1585
529	TTG	76
529	CTT	3
530	GCA	1658
530	GCG	6
531	ATC	1665
532	ATG	1395
532	ATT	175
532	ATC	54
532	ATA	41
533	ATG	767
533	GTG	669
533	GTA	184
533	ATA	37
533	TTG	5
533	KTG	2
534	GCT	1665
535	GGT	1662
535	GGC	2
536	CTA	1619
536	TTA	26
536	CTT	6
536	ATA	6
536	CTG	5
536	CTC	3
537	TCT	1380
537	TCC	200
537	TTT	77
537	TCG	8
538	TTA	1598
538	TTG	43
538	TTT	11
538	TTC	11
539	TGG	1665
540	ATG	1665
541	TGT	862
541	TGC	803
542	TCC	1631
542	TCT	34
543	AAT	885
543	AAC	780
544	GGG	1427
544	GGA	183
544	GGT	55
545	TCG	1541
545	TCA	89
545	TCT	34
546	TTA	1545
546	CTA	73
546	TTG	47
547	CAA	838
547	CAG	827
548	TGC	1665
549	AGA	1619
549	AGG	33
549	CGA	12
550	ATT	1626
550	ATC	26
550	GTT	13
551	TGC	1664
552	ATT	1539
552	ATC	126

#VT1203|HA-signal
1	ATG	1662
2	GAG	1581
2	GAA	54
2	AAG	25
2	GGG	2
3	AAA	1604
3	AAC	19
3	AGA	17
3	AAG	10
3	GAA	8
3	ACA	3
4	ATA	1620
4	ACA	34
4	GTA	4
4	ATG	4
5	GTG	1193
5	GTT	282
5	GTA	109
5	ATT	25
5	ATA	15
5	ATG	11
5	ACG	9
5	TTA	5
5	GTC	4
5	GCG	3
5	TTG	3
6	CTT	1563
6	CTC	30
6	ATT	18
6	CTA	14
6	CTG	13
6	GTT	12
6	TTT	8
6	TTG	2
6	CCT	2
7	CTT	1329
7	CTC	308
7	CTA	11
7	TTT	4
7	ATT	4
7	TTC	3
8	TTT	992
8	CTT	659
8	TTA	8
8	TTC	2
9	GCA	1431
9	GCG	102
9	TCA	91
9	GTG	15
9	ACG	5
9	ACA	5
9	GCT	5
9	TCG	4
9	GTA	3
10	ATA	607
10	ACA	471
10	GCA	285
10	GTG	214
10	ATG	52
10	TTG	15
10	ATT	10
10	GCG	6
11	ATC	694
11	GTC	442
11	GTT	240
11	ACC	171
11	ATT	107
11	TTT	4
11	ACT	2
12	AGC	1194
12	AGT	350
12	GGC	69
12	AAT	32
12	GGT	12
12	AAC	4
13	CTT	1568
13	ATT	60
13	TTT	17
13	ATC	6
13	ACT	5
13	CTA	2
13	TTG	2
14	GTT	1241
14	GTC	391
14	GTA	14
14	GTG	4
14	GCT	4
14	GCC	3
14	ATT	3
15	AAA	1539
15	AGA	55
15	GAA	24
15	AAG	23
15	AGG	19
15	AAC	2
16	AGC	823
16	AGT	801
16	GGT	36

