#WUHAN19|E
1	ATG	256769
1	AYG	3
2	TAC	256759
2	CAC	6
2	YAC	3
2	TAT	3
3	TCA	256726
3	TCC	10
3	TTA	2
4	TTC	255818
4	TTT	889
4	TTY	29
4	TTA	5
4	TTM	2
5	GTT	256655
5	ATT	22
5	KTT	18
5	TTT	17
5	CTT	11
5	GCT	7
5	RTT	5
5	GTW	4
5	GTA	2
6	TCG	256424
6	TCK	186
6	TCA	30
6	TCT	30
6	TCC	19
6	TYG	9
6	TCR	6
6	TTG	2
6	TCS	2
7	GAA	256717
7	KAA	8
7	AAA	4
7	CAA	3
7	SAA	3
7	GAG	3
7	GGA	2
8	GAG	256669
8	GAT	38
8	KAG	9
8	GAK	4
8	AAG	4
8	GAC	3
8	GAA	3
8	GGG	2
9	ACA	256454
9	ATA	180
9	AYA	71
9	WCA	4
9	ACT	4
9	TCA	3
9	AMA	3
10	GGT	256687
10	GGC	7
10	RGT	4
10	KGT	3
10	GKT	3
10	GGY	2
10	GTT	2
10	AGT	2
10	TGT	2
11	ACG	256707
11	AYG	5
11	GCG	5
11	ACR	4
11	ACT	2
12	TTA	256697
12	TTG	4
12	TTR	3
12	TTT	2
13	ATA	256711
14	GTT	256649
14	KTT	7
14	GTC	5
14	GAT	3
14	RTT	2
15	AAT	256675
15	AAC	5
16	AGC	256265
16	AAC	9
16	AGT	9
16	AGM	3
16	ARC	2
17	GTA	256259
17	GTT	6
17	KTA	3
17	GTW	2
18	CTT	256235
18	CTC	9
18	CTY	3
18	CYT	3
18	TTT	3
19	CTT	256108
19	CTG	38
19	YTT	11
19	CYT	10
19	TTT	9
19	CTC	6
19	CTA	6
19	CTY	6
19	ATT	3
20	TTT	256115
20	CTT	76
20	TTC	12
20	ATT	6
20	YTT	4
20	TYT	3
20	TTY	2
21	CTT	255917
21	TTT	88
21	CTG	12
21	GTT	8
21	YTT	8
21	CTC	6
21	ATT	6
22	GCT	255870
22	GYT	21
22	GTT	13
22	KCT	6
22	GCY	3
22	TCT	2
23	TTC	255284
23	TTT	599
23	TTY	25
23	CTC	4
23	TTA	2
24	GTG	255702
24	ATG	60
24	TTG	13
24	GTK	7
24	GTR	5
24	GCG	3
24	GYG	3
24	KTG	3
25	GTA	255158
25	GTG	594
25	GTT	15
25	GCA	14
25	GTR	5
25	KTA	3
25	GTW	2
26	TTC	255717
26	CTC	39
26	TTT	24
26	TTY	6
26	TYC	4
26	YTC	2
27	TTG	255687
27	TTA	61
27	CTG	14
27	TCG	4
27	TTS	4
27	TTR	4
27	TTT	3
27	TYG	3
28	CTA	255724
28	TTA	52
28	CCA	2
29	GTT	255722
29	GTC	23
29	GTY	7
29	KTT	2
29	AGT	2
30	ACA	255629
30	ATA	84
30	AYA	30
30	GCA	21
30	MCA	6
30	ACW	4
30	ACR	4
30	ACG	3
31	CTA	255755
31	TTA	17
31	CTR	5
31	ATA	2
31	CYA	2
31	CCA	2
32	GCC	255629
32	GCT	80
32	GCY	30
32	GYC	3
32	GCM	3
33	ATC	255756
33	ACC	8
33	WTC	3
33	ATT	2
34	CTT	255779
34	CYT	6
34	MTT	2
35	ACT	255738
35	AYT	5
35	GCT	4
35	ACC	3
35	RCT	3
35	ACY	3
36	GCG	255670
36	GTG	8
36	GYG	7
36	GCS	4
36	RCG	2
36	GCT	2
37	CTT	255652
37	TTT	11
37	CAT	6
37	CTY	6
37	YTT	4
37	CGT	3
37	CTA	3
37	CWT	3
37	ACT	3
37	CYT	2
38	CGA	255646
38	CSA	22
38	GGA	12
38	CGG	9
38	TGA	6
38	CGR	4
38	CGM	3
38	AGA	3
38	YGA	2
39	TTG	255700
39	TTR	4
39	CTG	4
39	ATG	4
40	TGT	255706
40	TKT	5
40	TRT	3
40	TGW	3
41	GCG	255622
41	GTG	16
41	TCG	13
41	GCT	13
41	GYG	9
41	GMG	6
41	GCA	6
41	GCR	4
41	RCG	3
41	GCS	2
42	TAC	255563
42	TAT	23
42	TAY	5
42	TMC	4
42	TGC	2
42	YAC	2
42	TCC	2
43	TGC	255524
43	TTC	28
43	TKC	6
43	TGY	5
43	TRC	4
43	TGT	3
43	YGC	3
43	TCC	3
43	CGC	2
44	TGC	254600
44	TAC	960
44	TGT	7
44	TGY	3
44	TAA	2
45	AAT	255560
45	AAC	4
45	RAT	2
46	ATT	255414
46	GTT	53
46	ATA	4
46	RTT	3
47	GTT	255452
47	GWT	3
47	KTT	3
47	TTT	2
48	AAC	255453
48	AAY	5
48	AAT	3
48	WAC	3
48	AGC	3
49	GTG	255304
49	TTG	99
49	KTG	9
49	GTT	8
49	GTA	6
49	ATG	2
50	AGT	255417
50	AGC	6
50	ATT	4
50	AST	3
50	GGT	3
51	CTT	255384
51	TTT	16
51	TTA	6
51	CTY	6
51	YTT	5
52	GTA	255379
52	GTG	8
52	GTT	7
52	ATA	6
52	TTA	5
52	RTA	2
52	GWA	2
52	GTW	2
53	AAA	255406
53	AGA	17
54	CCT	255390
54	CYT	12
54	YCT	6
54	TCT	4
54	MCT	3
54	CCG	2
55	TCT	255066
55	TTT	115
55	TYT	13
55	TCY	9
55	TCC	4
55	YCT	3
56	TTT	255405
56	YTT	5
56	TYT	5
56	CTT	3
57	TAC	255435
57	TAT	4
57	TAY	4
58	GTT	255362
58	TTT	58
58	GTC	20
58	KTT	13
58	CTT	8
58	ATT	7
58	GTW	6
58	STT	4
59	TAC	255486
59	CAC	2
60	TCT	253800
60	TCC	1607
60	TCY	24
60	TCA	8
60	TYT	4
60	TAT	3
60	TMT	2
61	CGT	255386
61	CTT	18
61	TGT	10
61	CGG	7
61	CKT	6
61	CAT	6
61	YGT	5
61	CGC	4
62	GTT	255169
62	TTT	197
62	KTT	68
62	CTT	8
63	AAA	255235
63	AAG	195
63	RAA	5
63	AAC	4
63	AMA	3
63	ARA	3
63	WAA	2
63	TAA	2
64	AAT	255411
64	AAC	10
64	ACT	6
64	AAY	5
64	GAT	3
64	AGT	2
65	CTG	255348
65	CTT	49
65	CTA	20
65	TTG	11
65	YTG	10
65	CTK	7
65	CTR	3
65	CGG	2
65	MTG	2
66	AAT	255415
66	AAC	19
66	ACT	8
66	CAT	4
66	AAY	2
67	TCT	255397
67	TTT	12
67	TCC	4
67	CCT	4
67	TYT	3
67	TCY	2
68	TCT	254876
68	TTT	433
68	TYT	46
68	TGT	16
68	YCT	9
68	TAT	8
68	GCT	5
68	TCY	4
68	TCC	2
69	AGA	255116
69	ATA	146
69	AKA	16
69	AAA	12
69	AGG	4
69	WGA	3
70	GTT	255204
70	TTT	15
70	GTC	14
70	RTT	5
70	GYT	3
70	CTT	3
70	GTY	3
70	ATT	2
71	CCT	254548
71	TCT	443
71	CTT	191
71	CYT	28
71	YCT	5
71	CGT	4
71	CAT	3
71	CCY	2
72	GAT	255130
72	TAT	43
72	GGT	27
72	CAT	22
72	KAT	7
72	GRT	6
72	GAC	4
72	RAT	3
72	GMT	3
72	GAK	2
73	CTT	255068
73	TTT	247
73	YTT	24
73	CCT	16
73	ATT	5
73	CYT	4
73	GTT	4
73	CWT	3
73	MTT	2
73	TCT	2
73	CTG	2
73	CTY	2
74	CTG	254824
74	TTG	381
74	ATG	85
74	CTT	39
74	YTG	24
74	CTR	18
74	CTA	8
74	GTG	6
74	CCG	4
74	CTS	4
74	STG	2
75	GTC	255318
75	CTC	86
75	GTT	45
75	TTC	44
75	GTG	40
75	STC	29
75	GTY	16
75	GTA	13
75	KTC	5
75	GYC	4
75	ATC	2
76	TAA	255544
76	WAA	4
76	TAR	4

#WUHAN19|M
1	ATG	255438
1	MTG	3
1	ADG	3
1	ATT	2
1	AYG	2
1	AAG	2
2	GCA	254093
2	TCA	705
2	GTA	461
2	GCT	99
2	KCA	61
2	GYA	26
2	ACA	9
2	GCG	6
2	GCW	5
2	CCA	4
2	GCM	3
2	RCA	2
2	GSA	2
2	GCR	2
3	GAT	254681
3	GGT	913
3	GRT	107
3	TAT	44
3	CAT	10
3	KAT	9
3	GCT	8
3	GAC	7
3	AAT	3
3	GTT	2
3	GWT	2
3	GAY	2
3	SAT	2
4	TCC	255729
4	TCT	83
4	TTC	68
4	TYC	23
4	GAC	12
4	TCY	11
4	YCC	6
4	GCC	4
4	WCC	3
4	CCC	3
4	WYC	2
5	AAC	255961
5	AAT	30
5	CAC	3
5	AAY	3
6	GGT	256018
6	TGT	6
6	GTT	4
6	GAT	3
6	KGT	2
6	GGC	2
7	ACT	255871
7	AYT	103
7	ATT	72
7	ACA	25
7	AMT	9
7	ACY	8
7	ACC	7
7	AAT	5
7	ACG	2
8	ATT	256210
8	ACT	10
8	AKT	7
8	ATY	4
8	MTT	4
8	GTT	4
8	AGT	3
9	ACC	256177
9	ACT	51
9	ACY	7
9	AYC	4
9	AMC	3
10	GTT	256138
10	ATT	39
10	GTC	31
10	GCT	13
10	GTY	8
10	RTT	6
10	KTT	6
10	GYT	2
10	GGT	2
11	GAA	256201
11	GGA	15
11	GAG	10
11	KAA	7
11	GAC	6
11	GAW	3
11	AAA	2
11	SAA	2
12	GAG	256121
12	GAA	49
12	KAG	4
12	GAT	3
12	GAK	3
12	GGG	2
13	CTT	256159
13	CTC	9
13	TTT	5
13	YTT	4
13	CWW	3
13	CTW	3
14	AAA	255696
14	GAA	21
14	AAR	6
14	AAG	4
14	TTT	3
14	AGA	2
15	AAG	255802
15	AGG	105
15	AAT	62
15	ARG	20
15	AAA	17
15	AAR	3
15	AAK	3
15	GAG	2
16	CTC	255973
16	TTC	14
16	CTY	8
16	CTT	8
16	CTA	4
16	YTC	3
16	ATC	3
17	CTT	255258
17	ATT	473
17	TTT	289
17	TTA	6
17	YTT	5
17	CTY	4
17	CTC	2
18	GAA	256000
18	CAA	12
18	GAG	10
18	GAR	3
18	GAW	3
18	GRA	2
19	CAA	255950
19	CAT	7
19	CGA	6
19	CAG	5
19	CAR	2
20	TGG	255904
20	TGK	14
20	TKG	4
20	TTT	2
21	AAC	255646
21	AAT	8
21	AAY	4
21	GAC	2
22	CTA	255570
22	TTA	86
22	CTT	7
22	YTA	5
23	GTA	255446
23	TTA	144
23	CTA	31
23	ATA	8
23	KTA	8
23	GWA	6
23	GTG	2
23	GTW	2
23	GCA	2
23	RTA	2
23	GYA	2
24	ATA	255645
24	AYA	4
24	CTA	4
24	ATC	3
25	GGT	255921
25	GKT	14
25	GGA	9
25	GTT	8
25	GGW	2
25	GGY	2
26	TTC	255974
26	TTT	30
27	CTA	255960
27	TTA	27
27	CHA	3
27	YTA	2
27	MTA	2
28	TTC	255798
28	TTT	208
28	TTY	13
28	YTC	4
28	CTC	3
28	TTM	3
28	TCC	2
29	CTT	255515
29	CTC	422
29	TTT	97
29	YTT	9
29	CTY	8
29	CTA	6
29	MTT	2
29	ATT	2
30	ACA	255982
30	ACT	34
30	ACG	13
30	ATA	8
30	ASA	3
31	TGG	255975
31	TGT	59
31	TGK	5
31	TGR	5
31	TKG	2
32	ATT	256064
32	WTT	6
33	TGT	256046
33	TTT	47
33	TCT	19
33	TKT	16
33	TGC	11
33	TGY	6
33	TST	3
34	CTT	256083
34	TTT	57
34	YTT	9
34	CTY	6
34	CTC	4
35	CTA	255733
35	TTA	394
35	YTA	11
35	MTA	4
35	CYA	2
36	CAA	256131
36	YAA	9
36	CAG	7
36	CAW	2
37	TTT	256125
37	TTC	6
37	TTW	2
37	ATT	2
37	YTT	2
38	GCC	255718
38	TCC	380
38	GCT	21
38	KCC	12
38	SCC	5
38	GMC	3
38	GTC	2
39	TAT	256149
39	TAC	8
39	YAT	4
40	GCC	256088
40	GCT	20
40	TCC	20
40	GCA	13
40	SCC	10
40	GTC	3
40	KCC	3
40	GCY	2
41	AAC	255612
41	AAT	535
41	AAY	21
41	ACC	2
42	AGG	256165
42	AGR	11
42	AGA	4
42	AAG	3
42	ATG	2
43	AAT	256117
43	AAY	4
43	AAC	2
43	AGT	2
44	AGG	256109
44	AGK	22
44	AKG	3
44	AGA	3
44	AAG	2
44	AGT	2
45	TTT	256118
45	TYT	4
45	TTC	2
45	TTY	2
46	TTG	256065
46	TTT	45
46	TTA	23
46	TTR	8
46	CTG	7
46	TTK	4
47	TAT	256148
47	TAC	18
48	ATA	256116
48	GTA	57
48	ACA	6
49	ATT	256177
49	GTT	5
49	ATC	3
49	ATY	3
50	AAG	256166
50	AAA	2
51	TTA	256183
51	YTA	3
51	TTR	3
52	ATT	256139
52	ACT	48
52	AYT	5
52	AWT	2
53	TTC	255062
53	TTT	1059
53	TTY	63
53	TCC	6
53	CTC	4
54	CTC	256158
54	CTT	33
54	CTY	6
54	YTC	6
54	MTC	3
55	TGG	256216
55	TGR	3
56	CTG	255137
56	CTT	1007
56	CTA	25
56	CTK	13
56	CTR	12
56	YTG	5
56	CTC	3
56	TTT	3
56	TTG	2
57	TTA	256226
57	CTT	15
57	TTG	5
57	CTA	4
57	YTA	2
57	GTA	2
57	KTA	2
58	TGG	256433
58	TGR	2
58	TGK	2
58	TKG	2
59	CCA	256438
59	ACA	3
59	CCT	3
59	MCA	2
59	YCA	2
60	GTA	256082
60	TTA	334
60	KTA	22
60	GTT	3
60	GTG	3
60	ATA	2
61	ACT	256432
61	AYT	10
61	ACY	4
61	ACW	3
61	ACC	2
62	TTA	256443
62	TTG	5
62	TTR	3
62	TCA	3
62	CTA	3
63	GCT	256302
63	GTT	17
63	ACT	14
63	RCT	9
63	TCT	8
63	GYT	4
63	GCG	4
64	TGT	256272
64	TTT	60
64	TGC	16
64	TKT	11
64	TCT	7
64	YGT	4
64	AGT	4
64	WGT	3
64	TGK	2
64	TST	2
65	TTT	256413
65	KTT	54
65	TKT	3
65	TTC	3
65	TTY	2
66	GTG	256239
66	GTT	66
66	GTC	57
66	GTR	44
66	TTG	43
66	GTA	5
66	KTG	5
66	GTS	4
66	GYG	2
66	ATG	2
67	CTT	256387
67	YTT	4
67	MTT	3
67	CGT	3
67	CTA	2
67	TTT	2
68	GCT	256422
68	TCT	18
68	GCC	17
68	KCT	3
68	GCA	3
68	GMT	3
68	GCW	3
68	GYT	3
69	GCT	254817
69	GCC	1507
69	TCT	116
69	GTT	19
69	GCY	14
69	KCT	12
69	GYT	7
70	GTT	256013
70	TTT	325
70	ATT	80
70	CTT	20
70	KTT	18
70	GCT	7
70	GTC	6
70	GTG	2
70	RTT	2
71	TAC	248553
71	TAT	7759
71	TAY	116
71	TAM	6
71	YAC	4
71	TGC	4
71	TMC	3
72	AGA	256491
73	ATA	256467
73	ATG	7
73	ATC	6
73	GCA	3
73	AWW	3
73	ATT	2
73	ATW	2
74	AAT	256470
74	RAT	8
74	ACT	4
74	AGT	4
74	GAT	4
74	MAT	3
74	AAC	3
75	TGG	256412
75	TTG	47
75	TGR	8
75	TGK	6
75	TRG	3
75	TKG	2
76	ATC	256347
76	ATT	81
76	GTC	14
76	ATY	8
76	ATA	7
76	ACC	5
76	WTC	2
76	AYC	2
76	TTC	2
76	RTC	2
77	ACC	256409
77	ACT	49
77	ACA	11
77	ACY	5
77	AYC	4
77	AAC	3
77	ATC	3
78	GGT	256419
78	TGT	29
78	AGT	15
78	KGT	13
78	GGA	5
78	GAT	3
78	GGC	2
78	GKT	2
79	GGA	256206
79	GGT	278
79	GGG	5
79	GTA	2
80	ATT	256366
80	TTT	71
80	ATC	12
80	ACT	7
80	AYT	4
81	GCT	256421
81	TCT	32
81	GCC	8
81	GCG	5
81	SCT	4
81	GTT	4
81	KCT	4
81	GMT	3
81	GCA	2
82	ATC	256322
82	ATT	106
82	ATY	48
82	ACC	2
83	GCA	256417
83	TCA	71
83	ACA	11
83	GCT	7
83	RCA	2
83	GCG	2
84	ATG	256371
84	ACG	70
84	ATT	40
84	ATK	9
84	ATA	4
84	AKG	3
84	CTG	2
85	GCT	256374
85	TCT	45
85	GAT	15
85	GYT	14
85	GTT	14
85	KCT	7
85	GCA	3
85	ACT	2
85	RCT	2
86	TGT	256247
86	TTT	182
86	TKT	12
86	TCT	9
86	TGC	7
86	AGT	5
87	CTT	256401
87	TTT	31
87	CTC	9
87	YTT	5
87	MTT	4
88	GTA	256385
88	TTA	12
88	GTG	8
88	GTT	6
88	ATA	5
88	KTA	4
88	GTR	2
88	RTA	2
89	GGC	256350
89	GGT	15
89	GKC	6
89	AGC	5
89	TGC	4
89	RGC	4
89	KGC	3
89	GGY	2
89	GGA	2
89	CGC	2
90	TTG	256342
90	TTT	19
90	CTG	14
90	TWG	6
90	TTR	3
90	TTK	2
90	GTG	2
91	ATG	256377
91	RTG	6
91	AYG	3
91	TTG	2
91	CTG	2
91	ATK	2
92	TGG	256337
92	WGG	6
92	TGK	3
92	TGA	2
93	CTC	227591
93	CTG	28074
93	CTT	464
93	CTS	137
93	CTY	34
93	CTA	6
93	TTC	5
93	YTC	5
93	ATG	3
94	AGC	256327
94	ATC	27
94	ASC	6
94	AAC	4
94	AGT	4
94	AKC	3
94	AGA	2
95	TAC	256348
95	TAT	21
95	TAY	4
95	TRC	3
96	TTC	256367
96	TTT	6
96	TTY	3
97	ATT	256350
97	ATA	12
97	GTT	6
97	AGT	3
97	ACT	2
98	GCT	256299
98	TCT	50
98	GCC	20
98	KCT	5
98	ACT	2
98	GAT	2
99	TCT	256360
99	TCA	18
99	TYT	14
99	TCY	7
99	TCC	3
99	TCG	2
100	TTC	255271
100	TTT	1142
100	TTY	22
100	CTC	8
100	TYC	2
101	AGA	256453
101	AGG	15
101	AAA	12
101	GGA	2
101	AKA	2
101	CGA	2
102	CTG	256310
102	CTT	146
102	CTA	15
102	TTG	7
102	CTK	6
102	CTR	4
102	YTG	3
103	TTT	256507
103	TTC	6
104	GCG	256360
104	GCT	97
104	GTG	37
104	GCA	11
104	GYG	9
104	GCK	7
104	TCG	5
104	GCR	4
104	KCG	2
105	CGT	256484
105	YGT	14
105	CGC	9
105	CGA	6
106	ACG	256477
106	ACT	54
106	ACA	36
106	AYG	13
106	ACK	5
106	ATG	4
106	WCG	4
107	CGT	256513
107	CAT	43
107	CTT	10
107	CGG	7
107	CRT	7
107	CKT	5
107	YGT	4
107	CGC	4
107	TGT	3
108	TCC	256548
108	TCT	52
108	TCY	5
108	WCC	3
108	YCC	2
109	ATG	256479
109	ATT	119
109	ATK	18
109	ATS	11
109	ATC	5
109	AYG	3
109	GTG	2
110	TGG	256621
111	TCA	256585
111	TCC	12
111	TCG	2
111	TYA	2
112	TTC	256343
112	TTT	357
112	TTY	17
112	TTM	2
113	AAT	256686
113	AAC	57
113	AAY	4
113	RAT	2
114	CCA	256715
114	CCG	187
114	CCT	11
114	CCR	9
114	CYA	5
114	CTA	3
114	YCA	2
115	GAA	256883
115	RAA	9
115	GAG	6
116	ACT	256894
116	ACA	14
116	AYT	9
116	ACC	7
116	ACG	6
116	ACY	6
116	AMW	3
117	AAC	256653
117	AAT	235
117	AAY	40
117	CAC	3
117	AAM	3
117	AWC	3
118	ATT	253955
118	ATC	2863
118	ATY	123
118	ATA	5
119	CTT	256937
119	YTT	7
119	TTG	7
119	CTC	7
119	CTG	5
120	CTC	256682
120	CTT	232
120	CTY	25
120	YTC	8
120	CTM	7
120	TTG	6
120	CTG	6
121	AAC	256384
121	AAT	567
121	AAY	23
121	ARC	2
122	GTG	256956
122	KTG	5
122	GTK	4
122	GKG	3
122	GTA	3
123	CCA	256092
123	CTA	171
123	TCA	15
123	CCG	6
123	YCA	5
123	CCT	3
123	CCW	3
123	CAA	3
123	CYA	2
124	CTC	255944
124	CTT	210
124	TTC	44
124	CTY	39
124	CTA	25
124	GTC	5
124	TTG	5
124	CTG	4
124	YTC	4
124	MTC	2
125	CAT	255771
125	TAT	401
125	YAT	82
125	CAC	23
125	CRT	7
125	GAT	3
125	CTT	3
125	CGT	3
125	CAW	3
126	GGC	256248
126	GGT	28
126	KGC	7
126	GAC	4
126	GKC	3
126	AGC	3
127	ACT	256113
127	ACC	32
127	ACA	13
127	ACY	2
128	ATT	256211
128	ATC	27
128	GTT	11
128	ACT	9
128	ATY	2
129	CTG	255477
129	TTG	100
129	ATG	32
129	CTT	25
129	YTG	18
129	GTG	13
129	CTK	6
129	CYG	6
129	CTS	5
129	CTC	5
129	CTA	2
130	ACC	255585
130	ACT	38
130	ACY	13
130	MCC	6
130	ACG	3
130	AMM	2
130	CCC	2
130	ATC	2
131	AGA	255401
131	AKA	17
131	AGT	6
131	AGG	5
131	AGW	4
131	ATA	2
131	AGR	2
131	MGA	2
132	CCG	255037
132	CCT	397
132	CCA	31
132	CCK	16
132	YCG	9
132	TCG	4
132	CCC	3
132	CMG	2
132	CCS	2
132	CYG	2
133	CTT	255485
133	CTC	29
133	YTT	11
133	CYT	4
133	CTY	4
133	GTT	3
133	ATG	3
133	ATT	2
133	CTK	2
133	CTG	2
134	CTA	255522
134	CTG	29
134	CTR	9
134	TTA	7
134	STA	3
134	YTA	2
135	GAA	255371
135	GAG	176
135	GAR	17
135	RAA	5
135	GAT	3
135	KAA	3
135	GAW	2
136	AGT	255549
136	AAT	12
136	RGT	5
136	WGT	3
136	AGY	3
136	AST	2
137	GAA	255581
137	GRA	2
137	GAM	2
138	CTC	255230
138	CTT	344
138	CTY	14
138	ATC	11
138	CTA	2
138	CWC	2
138	MTC	2
139	GTA	255599
139	ATA	8
139	GTC	6
139	GTG	2
140	ATC	255521
140	ATT	78
141	GGA	255582
141	GGT	8
141	KGA	5
141	GKA	4
141	GGG	4
141	GGM	3
141	GGR	3
141	GRA	2
142	GCT	255525
142	GTT	83
142	GYT	9
142	GCC	5
142	CCT	3
142	SCT	2
142	TCT	2
143	GTG	255151
143	GTT	246
143	GTA	148
143	GTC	65
143	GTK	31
143	GTS	4
143	TTG	3
144	ATC	255615
144	ATT	22
144	GTC	7
144	ACC	6
144	WTC	4
144	ATY	2
145	CTT	255601
145	CTC	40
145	TTT	13
145	CTG	8
145	CTK	3
145	YTT	2
146	CGT	255558
146	CAT	65
146	YGT	25
146	CGC	23
146	CGA	7
146	AGA	5
146	TGT	4
146	CGY	2
146	CTT	2
147	GGA	255672
147	GGT	8
147	GGG	6
147	GKA	4
147	GTA	4
148	CAT	255615
148	CAC	36
148	TAT	15
148	YAT	7
148	CAA	6
148	CAG	5
148	CGT	4
148	CRT	3
148	CAY	3
149	CTT	255697
149	ATT	6
149	CTY	3
149	CWT	2
149	TTT	2
149	CTC	2
150	CGT	253742
150	CGC	1949
150	CGY	21
150	CGA	8
150	CRT	2
151	ATT	255728
151	ATC	10
151	RTT	7
151	ATA	4
151	GTT	4
152	GCT	255746
152	GCA	10
152	GGT	9
152	GCW	4
152	TCT	4
152	KCT	3
152	GMT	2
152	GCC	2
153	GGA	255754
153	GGG	7
153	GRA	3
154	CAC	255678
154	CAT	109
154	MMC	3
155	CAT	255617
155	TAT	139
155	YAT	18
155	CAC	7
155	CTT	4
155	MAT	3
155	CAY	3
155	CWT	2
156	CTA	255784
156	CTG	29
156	TTA	12
156	CTR	5
156	CCA	3
157	GGA	255776
157	GKA	6
157	GGR	4
157	GGW	3
157	GGG	3
157	GSA	2
157	KGA	2
158	CGC	255584
158	CTC	31
158	TGC	26
158	CGT	13
158	CGY	9
158	CAC	7
158	YGC	6
158	CSC	3
159	TGT	255672
159	YGT	7
159	TRT	3
159	TGY	3
160	GAC	255201
160	GAT	428
160	GAY	17
160	GWC	5
160	KAC	5
160	TAC	4
161	ATC	255465
161	ATT	199
161	ATY	17
161	ATA	5
161	ATG	4
161	RTC	2
162	AAG	255609
162	AAT	38
162	AAC	11
162	AAA	8
162	AAK	7
162	AAS	3
162	AAR	2
163	GAC	255703
163	GAT	6
163	GAY	6
163	KAC	2
163	AAC	2
164	CTG	255577
164	CTT	68
164	TTG	38
164	CTK	14
164	CTA	9
164	CYG	6
164	CAG	6
164	YTG	2
164	ATG	2
165	CCT	255691
165	CYT	10
165	CCA	9
165	TGG	6
165	YCT	5
165	CCC	4
165	CCY	2
166	AAA	255702
166	AGA	7
166	AGG	6
166	AAG	5
166	RAA	3
166	AAW	2
167	GAA	255682
167	CAA	10
167	RAA	9
167	GCT	6
167	GAR	2
167	GAG	2
168	ATC	255367
168	CTC	307
168	ATT	21
168	ATY	14
168	AGA	6
168	AYC	2
168	MTC	2
168	ATA	2
169	ACT	255730
169	GAT	6
169	TCT	6
169	ACK	2
169	ACC	2
170	GTT	255703
170	ATT	13
170	KTT	12
170	GTA	8
170	GYT	4
170	GTC	4
170	GTY	3
170	BTT	3
170	STT	3
170	RTT	3
171	GCT	255732
171	KCT	44
171	GYT	6
171	GCC	5
172	ACA	255755
172	ACT	10
172	ASA	3
172	ACG	3
172	ACW	3
172	ACR	2
173	TCA	255660
173	TMA	92
173	AAA	7
173	CCA	6
173	YCA	4
173	TYA	2
173	TAA	2
174	CGA	255892
174	CTA	4
174	CGC	2
175	ACG	254286
175	ATG	1359
175	ACA	127
175	AYG	64
175	ACT	40
175	ACC	7
176	CTT	255842
176	CYT	14
176	YTT	11
176	CTW	3
176	CTG	2
176	CCT	2
176	CTC	2
177	TCT	255858
177	YCT	11
177	TYT	6
177	TCY	4
178	TAT	255831
178	TAC	11
178	TMT	4
178	YAT	3
178	TAY	2
179	TAC	254096
179	TAT	1739
179	TAY	26
180	AAA	255822
180	AAG	3
180	AAM	3
180	AGA	3
180	MAA	3
180	ARA	3
180	AAR	2
181	TTG	255842
181	CTG	15
181	TTA	5
181	TTS	3
181	TTR	3
181	YTG	2
181	TTK	2
182	GGA	255872
182	GGC	3
182	KGA	2
182	GKA	2
182	GGG	2
183	GCT	255830
183	GCA	19
183	GCG	11
183	KCT	7
183	GCC	7
183	GYT	4
183	GCY	3
184	TCG	255765
184	TCT	70
184	TCA	34
184	TCK	5
184	TYG	2
185	CAG	255866
185	CGG	8
185	CAK	6
185	YAG	4
185	CAT	4
185	CAA	3
186	CGT	255859
186	YGT	15
186	TGT	10
186	CGY	4
186	CGC	3
187	GTA	255843
187	GTG	23
187	GYA	19
187	KTA	4
187	GTC	3
187	GTM	2
188	GCA	255791
188	ACA	45
188	TCA	12
188	GCG	11
188	GCC	6
188	GYA	2
188	GCT	2
189	GGT	255841
189	TGT	5
189	GGY	3
189	GTT	3
189	AGT	2
190	GAC	255894
190	GAT	90
190	GAY	9
190	KAC	8
190	AAC	3
191	TCA	256017
191	TCR	3
191	TYA	2
191	TCT	2
192	GGT	255984
192	GKT	11
192	GGG	6
192	GGC	3
192	KGT	2
193	TTT	256025
193	TTY	3
193	TTC	2
193	TYT	2
194	GCT	256016
194	GCC	4
194	GCK	3
194	GTT	3
194	GYT	2
194	SCT	2
195	GCA	255957
195	GCG	29
195	GYA	7
195	GCT	5
195	GCM	4
195	GTA	4
195	GTG	3
195	RCA	2
196	TAC	255887
196	TAT	110
196	TAY	16
196	TWC	6
196	YAC	5
196	CAC	3
197	AGT	255999
197	AAT	15
197	AKT	4
197	AST	4
197	AGC	4
197	ATT	2
197	ACT	2
198	CGC	255995
198	CGT	12
198	YGC	11
198	CKC	9
198	CRC	5
198	CGY	3
198	CSC	2
199	TAC	256005
199	TAT	18
199	TGC	3
199	TWC	3
200	AGG	255989
200	AGA	14
200	CGG	8
200	AGK	4
200	ARG	4
200	AKG	3
200	AGT	3
201	ATT	255958
201	ATC	27
201	GTT	11
202	GGC	255845
202	GGT	123
202	GGY	10
202	KGC	7
202	GGM	5
202	GGA	4
202	RGC	2
202	GKC	2
202	GTC	2
203	AAC	254788
203	AAT	1174
203	AAY	11
203	ARC	2
204	TAT	255846
204	TAC	41
204	CAT	9
204	TAY	8
204	TTT	6
204	TAA	2
205	AAA	255797
205	AAG	91
205	ARA	5
205	AGA	2
206	TTA	255865
206	TKA	12
206	CTA	9
206	TTW	7
206	TTG	4
206	TWA	4
206	YTA	3
206	TTR	3
206	KTA	2
206	CTT	2
207	AAC	255756
207	AAT	168
207	AAY	12
207	MAC	6
207	AAA	4
207	HAC	3
207	GAC	3
207	CAC	3
207	AGC	2
207	RWC	2
208	ACA	255868
208	ATA	63
208	AYA	12
208	ACT	10
208	ACW	3
209	GAC	255669
209	TAC	333
209	GAT	29
209	KAC	21
209	CAC	20
209	GMC	6
209	SAC	3
209	GGC	2
210	CAT	256264
210	CAC	8
210	CRT	6
210	CAY	4
210	CTT	2
211	TCC	256387
211	TCT	29
211	GCC	3
212	AGT	256429
212	GGT	14
212	AAT	10
212	AGC	5
212	AKT	4
212	AGY	3
212	AGG	2
213	AGC	256458
213	CGC	6
213	AGT	5
213	AKC	3
213	AGY	3
214	AGT	256371
214	ATT	41
214	AGG	41
214	AKT	10
214	AGC	4
214	GGT	2
214	AST	2
214	AAT	2
214	AGY	2
215	GAC	257096
215	GAT	19
215	GAY	11
215	KAC	8
215	TAC	7
215	SAC	3
216	AAT	257089
216	AGT	9
216	ART	4
216	AAY	3
216	WRT	3
217	ATT	257122
217	GTT	3
217	WTT	3
218	GCT	257077
218	GYT	16
218	GTT	6
218	GCW	3
218	GCG	3
218	GCK	3
218	GCY	2
218	KCT	2
219	TTG	257124
219	TTK	5
220	CTT	257046
221	GTA	257057
221	KTA	8
221	GTG	3
221	TTA	3
222	CAG	257053
222	CAK	10
222	YAG	3
223	TAA	256934
223	AAA	6
223	WAA	3
223	TRR	2
223	TAM	2
223	TAG	2

#WUHAN19|N
1	ATG	256541
1	ATK	3
2	TCT	256469
2	CCT	37
2	TTT	18
2	TAT	8
2	TCK	3
2	TCC	2
3	GAT	256080
3	CTA	292
3	TAT	91
3	GAC	50
3	GGT	9
3	GAA	6
3	KAT	5
3	GAK	3
3	SWW	3
3	AAT	3
3	GRT	2
4	AAT	256533
4	AAK	3
4	GAT	3
5	GGA	256507
5	GAA	15
5	AGA	7
5	GKA	6
5	GTA	5
5	RGA	4
5	KGA	3
5	GGT	2
6	CCC	256196
6	CCT	148
6	CTC	129
6	TCC	21
6	ACC	21
6	CYC	8
6	CCY	8
6	CCA	7
6	YCC	7
6	CMC	3
6	CAC	2
7	CAA	256377
7	AAA	81
7	CAC	46
7	MAA	10
7	CGA	7
7	YAA	4
7	CAT	3
8	AAT	256438
8	AAC	33
8	AGT	23
8	ATT	7
8	TAT	7
8	ACT	7
8	CAT	3
8	AAY	2
8	AAG	2
9	CAG	255609
9	CAT	548
9	CAC	276
9	CAK	26
9	CAR	16
9	CAS	9
9	CAA	7
9	TAG	6
9	MAG	3
9	YAG	2
10	CGA	256445
10	YGA	17
10	CTA	10
10	CAA	8
10	CCA	8
10	CRA	6
10	AGA	5
10	CGR	2
10	CGT	2
11	AAT	256441
11	AGT	25
11	ATT	14
11	ART	12
11	AAC	7
11	CGT	6
11	ACT	5
11	GAT	3
11	AAY	3
11	TAT	2
11	CGC	2
11	AAA	2
12	GCA	256283
12	TCA	86
12	GGA	49
12	GTA	30
12	ACA	30
12	GCG	10
12	KCA	4
12	SCA	3
12	GAA	3
12	RCA	3
13	CCC	252553
13	CTC	3000
13	ACC	416
13	TCC	222
13	CCT	118
13	CYC	78
13	YCC	19
13	CGC	17
13	CCY	14
13	MCC	12
13	CTT	4
13	ATC	3
13	CCA	2
14	CGC	256191
14	TGC	113
14	CTC	91
14	CGT	30
14	YGC	22
14	CAC	21
14	CKC	19
14	GGC	13
14	CGY	9
14	CCC	3
15	ATT	256509
15	ATC	11
15	AYT	4
15	WTT	3
16	ACG	256112
16	ACA	173
16	ACT	140
16	ATG	56
16	AYG	16
16	ACR	9
16	GCG	3
16	AMG	3
16	ACK	2
17	TTT	256517
17	TYT	3
18	GGT	256231
18	GTT	88
18	TGT	84
18	GKT	46
18	AGT	29
18	GCT	10
18	KKT	10
18	KGT	6
18	GGC	6
18	RGT	3
18	GST	2
19	GGA	256381
19	AGA	45
19	GTA	29
19	GAA	15
19	GKA	4
19	GRA	3
20	CCC	256351
20	CTC	52
20	CCT	33
20	TCC	29
20	CCA	7
20	CCY	5
20	CAC	3
20	CYC	3
21	TCA	256463
21	TTA	7
21	CCA	6
21	TCT	6
21	TCW	4
21	TCG	3
21	TCR	3
21	ACA	2
21	TYA	2
22	GAT	256030
22	GGT	370
22	TAT	41
22	GRT	18
22	GTT	12
22	AAT	11
22	KAT	8
22	GAY	3
22	GAC	3
22	RAT	2
22	CAT	2
23	TCA	256431
23	TTA	19
23	CCA	15
23	TCG	8
23	TYA	4
23	ACA	3
23	TMA	3
23	YCA	3
23	TCT	2
23	TCW	2
24	ACT	256271
24	ATT	113
24	AAT	74
24	AYT	12
24	GCT	9
24	ACA	3
24	RCT	3
24	WCT	3
24	AMT	2
25	GGC	256157
25	TGC	146
25	GAC	83
25	GTC	15
25	GGT	8
25	KGC	7
25	AGC	4
25	TTC	3
26	AGT	256410
26	AAT	24
26	TGT	13
26	ATT	10
26	AGC	7
26	AKT	4
27	AAC	256439
27	AAT	8
27	AAA	6
27	ARC	3
27	AAM	3
27	AMC	2
28	CAG	256361
28	CAT	36
28	CGG	21
28	GAG	8
28	CAK	6
28	CAC	5
28	YAG	4
28	CAA	4
28	CTG	2
28	CRG	2
29	AAT	256323
29	CAT	90
29	AAC	9
29	AGT	9
29	GAT	4
29	TAT	4
29	AAY	4
29	MAT	3
29	ATT	3
29	ACT	3
29	AAA	2
30	GGA	256257
30	AGA	81
30	GCA	22
30	GTA	17
30	CGA	14
30	GAA	12
30	KGA	7
30	GKA	6
30	GGC	5
30	GGT	5
30	GGG	5
30	RGA	2
31	GAA	256337
31	GGA	26
31	GAC	14
31	CAA	11
31	GAG	6
31	KAA	4
31	AAA	3
32	CGC	255961
32	CAC	331
32	CTC	34
32	CGT	26
32	TGC	22
32	CRC	17
32	YGC	8
32	CKC	2
33	AGT	255791
33	ATT	540
33	AKT	14
33	AGC	6
33	GGT	5
33	ART	5
33	AAT	4
33	AGG	4
33	AGY	2
34	GGG	255643
34	TGG	465
34	GGT	172
34	GAG	26
34	GGA	13
34	TTG	10
34	KGG	9
34	GTG	6
34	GRG	6
34	AGG	5
34	GGK	2
34	RGG	2
35	GCG	255218
35	GCT	559
35	GTG	182
35	GCC	113
35	TCG	86
35	GCA	62
35	ACG	42
35	GCK	26
35	KCG	9
35	GYG	7
35	GCS	6
35	TCT	4
35	GMG	3
35	GCR	3
35	RCG	2
36	CGA	256261
36	CTA	17
36	CAA	15
36	AGG	8
36	CGG	8
36	CKA	7
36	CGC	5
36	AGA	5
36	CGT	3
36	CGR	2
37	TCA	256118
37	CCA	148
37	TTA	30
37	YCA	11
37	TCT	9
37	TYA	7
37	CCT	7
38	AAA	256332
38	AAG	4
38	AGA	3
38	RAA	2
39	CAA	256254
39	CTA	40
39	CAG	19
39	YAA	12
39	CGA	5
39	CAR	4
39	CAC	3
39	CWA	3
39	CRA	2
40	CGT	256036
40	TGT	218
40	CAT	21
40	CKT	15
40	CTT	15
40	AGT	12
40	YGT	12
40	CGA	8
40	CGC	7
41	CGG	255975
41	CGA	162
41	CGT	104
41	CGR	19
41	CGK	17
41	CTG	17
41	CAG	14
41	AGG	13
41	YGG	11
41	CKG	7
41	BGG	6
41	SGG	6
41	CRG	4
42	CCC	256294
42	CCA	76
42	CCT	44
42	CCY	8
43	CAA	256355
43	CGA	70
43	CAG	7
43	CTA	3
44	GGT	256561
44	GKT	19
44	TGT	11
44	GGA	8
44	GTT	6
44	RGT	6
44	GGY	3
44	GGW	3
44	GGC	2
45	TTA	256658
45	CTA	9
45	YTA	5
45	ATA	4
46	CCC	256555
46	CCT	45
46	TCC	43
46	YCC	24
46	CCY	20
46	CTC	4
46	CYC	3
47	AAT	256709
47	AAC	4
47	MAY	3
47	AAY	2
48	AAT	256657
48	ATT	50
48	AAC	3
48	AGT	3
48	WAT	3
48	ACT	3
48	AAY	3
48	GAT	2
49	ACT	256839
49	ATT	16
49	AAT	2
50	GCG	256851
50	GCT	10
50	GCA	9
50	GYG	5
50	GTG	4
50	TCG	2
51	TCT	256867
51	TYT	8
51	TCC	3
51	YCT	3
51	TCW	2
51	TCY	2
52	TGG	256882
52	TSG	3
52	TKG	2
53	TTC	256779
53	TTT	69
53	TAC	24
53	TTY	15
54	ACC	256745
54	ACT	110
54	ACY	14
54	MCC	6
54	AYC	5
54	ACA	2
55	GCT	256682
55	TCT	187
55	KCT	10
55	SCT	2
55	GCW	2
56	CTC	256852
56	CTY	5
56	TTC	4
56	YTC	3
56	CTT	2
57	ACT	256516
57	ACY	4
58	CAA	256511
58	YAA	3
58	MAA	3
59	CAT	256488
59	YAT	8
59	CAC	3
60	GGC	256140
60	GGT	255
60	GGY	24
60	GKC	23
60	CGC	20
60	TGC	18
60	KGC	6
60	GTC	3
60	SGC	2
61	AAG	256403
61	AAA	13
61	AGG	12
61	AAT	6
61	AAK	2
61	AAR	2
62	GAA	256209
62	GTA	94
62	AAA	10
62	GAG	3
62	KAA	2
62	CAA	2
63	GAC	256212
63	AAC	33
63	TAC	32
63	KAC	20
63	CAC	5
63	GAY	4
63	RAC	3
63	SAC	2
64	CTT	256203
64	CTW	20
64	CTC	10
64	YTT	3
65	AAA	256156
65	AGA	26
65	ATA	7
65	AAM	3
65	AAW	3
65	AAC	2
66	TTC	256075
66	TTT	40
66	TYC	8
66	TTM	7
66	TTY	6
67	CCT	251438
67	TCT	4384
67	CAT	98
67	ACT	63
67	YCT	28
67	CTT	15
67	CYT	9
67	CCY	7
67	MCT	3
67	CCC	2
68	CGA	256052
68	CTA	46
68	CKA	23
68	YGA	15
68	CAA	8
68	CCA	7
68	CGG	4
68	GGA	2
68	CSA	2
69	GGA	256135
69	GGT	18
69	GGR	7
69	KGA	7
69	GGG	7
69	GKA	6
69	GSA	3
69	GGW	2
70	CAA	256127
70	CGA	13
70	CAG	11
70	YAA	7
70	MAA	4
70	CAC	4
70	CRA	4
70	AAA	3
70	CTA	2
70	CAR	2
71	GGC	256104
71	GGT	45
71	GGY	11
71	GKC	6
71	KGC	4
71	GGM	3
71	GGS	3
72	GTT	255496
72	ATT	588
72	CTT	35
72	RTT	34
72	KTT	9
72	STT	2
72	GTC	2
73	CCA	256127
73	CCG	19
73	CCT	12
73	YCA	4
73	CCW	4
73	CHA	3
73	ACA	3
73	CCR	3
73	CMA	2
73	CYA	2
74	ATT	256185
74	ACT	4
74	ATY	2
74	GTT	2
75	AAC	256180
75	AAT	22
75	AAY	8
75	WAC	2
76	ACC	256135
76	ATC	66
76	AYC	6
77	AAT	256222
77	AAY	5
78	AGC	256138
78	AGT	81
78	AGY	10
78	AKC	3
79	AGT	256187
79	AGC	9
79	ACC	8
79	AAT	7
79	ACT	5
79	AKT	4
79	TGT	3
79	RGT	2
79	AGY	2
80	CCA	256083
80	CTA	45
80	TCA	29
80	AAA	8
80	CGA	8
80	CYA	7
80	CMA	6
80	CAA	4
80	YCA	3
80	CSA	3
80	ACA	2
80	CCC	2
81	GAT	255996
81	TAT	145
81	GAC	21
81	CAT	14
81	KAT	9
81	GAY	4
81	GCT	2
81	BAT	2
82	GAC	255965
82	KAC	109
82	GAT	104
82	TAC	15
82	SAC	3
83	CAA	256175
83	CGA	15
83	AAA	3
83	CAG	2
83	CRA	2
84	ATT	256081
84	GTT	101
84	ATG	3
84	AKT	3
84	WTT	2
85	GGC	256144
85	GGT	51
85	KGC	3
85	RGC	3
85	GGY	2
85	GSC	2
86	TAC	255998
86	TAT	177
86	TAY	23
87	TAC	256282
87	TAT	8
87	TAY	3
87	YAC	2
88	CGA	256357
88	AGA	32
88	CTA	3
88	CGM	3
88	MGA	3
89	AGA	256337
89	ATA	21
89	AAA	15
89	CGA	12
89	AKA	5
89	ACA	2
89	AGG	2
89	AGM	2
90	GCT	256266
90	TCT	77
90	ACT	22
90	KCT	16
90	GTT	14
90	GCC	11
90	SCT	4
90	GYT	2
91	ACC	256397
91	ACA	21
91	ATC	5
91	ACT	5
91	ACY	4
92	AGA	256374
92	AKA	5
92	AGC	3
92	AGR	3
92	CGA	2
93	CGA	256385
93	AGA	19
93	CTA	14
93	YGA	7
93	CKA	3
93	CGT	3
94	ATT	256418
94	GTT	10
94	RTT	3
94	ATY	2
95	CGT	256374
95	CTT	25
95	YGT	12
95	CKT	6
95	TGT	4
95	CGW	3
95	YKT	2
96	GGT	256054
96	KGT	244
96	GGK	73
96	TGT	28
96	GAT	2
97	GGT	256420
97	AGT	15
97	RGT	3
97	GGC	2
97	KGT	2
98	GAC	256419
98	GAT	11
98	TAC	4
98	GRC	4
98	GAY	3
98	SAC	3
98	AAC	2
99	GGT	256434
99	GCT	5
99	RGT	3
99	KGT	2
100	AAA	256455
100	AAW	2
101	ATG	256388
101	ATT	23
101	ATA	9
101	ATR	8
101	TTG	7
101	ATC	5
101	AWR	4
101	GTG	3
101	ACG	2
101	ATS	2
101	AWG	2
101	AYG	2
101	CTG	2
101	ATK	2
102	AAA	256446
102	RAA	7
102	AGA	3
102	AMA	3
103	GAT	253507
103	TAT	2773
103	GGT	50
103	GAC	31
103	KAT	29
103	AAT	22
103	CAT	16
103	GAG	6
103	GCT	3
103	GAY	2
103	GAA	2
104	CTC	256438
104	CTT	20
104	TTC	2
104	CTY	2
104	CYC	2
105	AGT	256440
105	AGC	5
105	AGY	4
105	AAT	3
105	GGT	3
106	CCA	256431
106	CCT	20
106	YCA	7
106	CCW	3
106	CCC	2
107	AGA	256449
107	CGA	7
107	AGG	5
107	AGR	4
107	AKA	2
108	TGG	256448
109	TAT	256425
109	TAC	37
110	TTC	255851
110	TTT	509
110	TTY	97
111	TAC	256325
111	TAT	91
111	TAY	39
111	TAS	7
111	YAC	3
112	TAC	256438
112	TAT	19
112	TRC	2
113	CTA	256422
113	ATA	9
113	CTT	8
113	CTG	7
113	TTA	5
113	YTA	4
113	GTA	2
113	CYA	2
114	GGA	256427
114	GGG	10
114	GGT	5
114	GKA	4
114	GRA	3
114	SGA	3
115	ACT	256397
115	ACW	13
115	ACC	9
115	ACA	7
116	GGG	256311
116	GGT	64
116	GGA	11
116	GGK	7
116	GKG	6
116	GAG	3
116	GGR	3
117	CCA	256354
117	CCG	30
117	CCT	29
117	CYA	4
117	CCW	3
117	TCA	3
117	YCA	3
117	CTA	3
118	GAA	256419
118	KAA	8
118	GAR	7
118	CAA	5
118	GAG	2
119	GCT	256136
119	TCT	183
119	GTT	93
119	KCT	23
119	GYT	7
119	CCT	6
119	GCY	6
119	GCC	5
119	GCG	4
119	ACT	3
120	GGA	256410
120	GTA	16
120	AGA	12
120	RGA	11
120	GKA	8
120	GRA	3
120	KBA	2
121	CTT	256349
121	YTT	5
121	CTC	5
121	CTY	4
122	CCC	256223
122	CAC	71
122	CTC	42
122	YCC	24
122	CCT	12
122	TCC	10
122	CCY	2
122	CYC	2
123	TAT	256256
123	TAC	7
124	GGT	255509
124	AGT	8
124	GAT	6
124	RGT	4
124	TGT	2
124	GGC	2
124	KGT	2
125	GCT	255452
125	GTT	31
125	GCC	20
125	ACT	16
125	KCT	4
125	GYT	3
125	TCT	3
126	AAC	254397
126	AAT	1089
126	AAY	35
126	ARC	4
126	AWC	4
127	AAA	255497
127	AGA	14
127	AAR	6
127	WAA	3
127	ARA	2
128	GAC	251309
128	GAT	3659
128	TAC	327
128	AAC	110
128	GAY	44
128	KAC	24
128	CAC	18
128	GAA	16
128	TAT	4
128	SAC	4
128	GAG	4
128	GCC	2
129	GGC	255486
129	AGC	13
129	GGT	6
129	GAC	5
129	RGC	3
129	TGC	3
129	GTC	3
129	GRC	2
130	ATC	255517
130	GTC	6
130	AYC	4
130	ATT	4
130	ACC	2
131	ATA	255525
131	TTA	8
131	AAA	3
131	ATR	3
131	AYA	2
132	TGG	255517
132	TKG	5
133	GTT	255507
133	RTT	3
133	GYT	3
134	GCA	255387
134	GTA	89
134	GYA	13
134	GCG	11
134	GCT	8
134	KCA	7
134	ACA	2
134	RCA	2
135	ACT	255230
135	ATT	174
135	GCT	29
135	ACC	22
135	AYT	10
135	MCT	10
135	AAT	9
135	ACA	4
135	ACW	3
135	ACY	2
135	CCT	2
135	RCT	2
136	GAG	255407
136	GAT	48
136	CAG	27
136	GAA	10
136	GGG	7
136	KAG	5
136	GAK	5
136	GAR	3
136	GWG	3
136	GRG	2
137	GGA	255533
137	GTA	9
137	RGA	9
137	AGA	8
137	GGG	6
137	GKA	5
137	GAA	2
137	KGA	2
138	GCC	255605
138	GCT	24
138	TCC	10
138	GCY	9
138	KCC	5
139	TTG	254481
139	CTG	811
139	TTT	317
139	YTG	20
139	TTK	18
139	TTR	8
139	TTA	6
139	TTC	4
139	TYG	4
139	TCG	2
139	YTR	2
139	KTG	2
140	AAT	255557
140	AAC	69
140	ACT	36
140	AAY	11
140	AGT	6
140	CAT	4
140	AAG	2
141	ACA	255496
141	ATA	121
141	AYA	11
141	ACC	4
141	AGA	4
141	ACM	3
141	GCA	3
141	ACT	2
142	CCA	255475
142	TCA	84
142	CTA	30
142	YCA	25
142	CYA	17
142	CCT	10
142	CCW	4
142	CCG	2
142	CCR	2
143	AAA	256040
143	AAG	8
143	AAR	7
143	AWA	3
143	AAW	2
144	GAT	255483
144	TAT	226
144	CAT	154
144	GAC	102
144	AAT	38
144	KAT	15
144	SAT	11
144	GGT	8
144	GAY	6
144	GTT	3
144	RAT	2
144	GRT	2
145	CAC	255165
145	TAC	587
145	CAT	220
145	YAC	56
145	CAY	15
145	CAG	9
145	MAC	2
146	ATT	256027
146	ATC	37
146	TTT	7
147	GGC	256002
147	GKC	23
147	AGC	22
147	GGT	6
147	RGC	4
147	GAC	4
147	SGC	3
147	GGY	2
147	KGC	2
148	ACC	255804
148	TCC	115
148	ACT	111
148	GCC	14
148	ACA	6
148	AYC	5
148	WCC	4
148	ACY	3
148	ATC	2
148	ASC	2
148	MCC	2
149	CGC	255887
149	CGT	127
149	CKC	21
149	CGA	12
149	CGY	12
149	MGC	3
149	CSC	3
149	CTC	3
150	AAT	256027
150	AAC	33
150	ATT	7
150	TAT	3
151	CCT	255624
151	CTT	354
151	TCT	44
151	CYT	20
151	YCT	11
151	CCA	8
151	CCC	2
151	ACT	2
151	CAT	2
151	SCT	2
152	GCT	255789
152	TCT	196
152	GYT	21
152	KCT	18
152	GTT	15
152	AAC	6
152	SCT	5
152	ACT	2
152	AAT	2
153	AAC	255990
153	AAT	60
153	AAY	11
154	AAT	255953
154	AAC	81
154	TAT	7
154	ACT	4
154	AAY	4
154	WAT	4
154	AAW	3
154	GAT	2
155	GCT	255959
155	GTT	45
155	TCT	16
155	KCT	5
155	GYT	4
155	GCA	4
155	RCT	4
155	GCG	3
155	GCY	2
155	GCC	2
155	ACT	2
155	GMT	2
156	GCA	255841
156	TCA	138
156	GCT	10
156	GCG	9
156	KCA	7
156	GYA	4
156	GCM	3
156	GSA	3
156	RCA	3
157	ATC	255699
157	ATT	241
157	ATY	48
157	ACC	12
157	GTC	8
157	ATA	2
158	GTG	255825
158	GTT	134
158	GTK	15
158	TTG	8
158	KTG	8
158	GTA	7
158	GYG	4
158	GTR	3
159	CTA	255916
159	TTA	58
159	YTA	9
159	CTG	4
159	GTA	2
160	CAA	255952
160	YAA	23
160	AAA	11
160	CGA	3
161	CTT	255756
161	CTC	69
161	TTT	65
161	YTT	19
161	CTY	12
161	CAT	5
161	MTT	2
162	CCT	253756
162	CCC	591
162	CCY	310
162	CTT	28
162	YCT	5
162	TCT	5
163	CAA	254689
163	AAA	19
163	CGA	7
163	CAG	6
163	MAA	5
163	CWA	4
163	CTA	2
163	YAA	2
163	CCA	2
164	GGA	254589
164	AGA	51
164	GGG	30
164	GKA	23
164	GTA	12
164	KGA	5
164	GGR	3
164	GGT	2
164	SGA	2
165	ACA	254676
165	ATA	12
165	GCA	7
165	AYA	4
165	ACR	4
165	ACT	3
165	GAA	3
165	ACW	2
166	ACA	254553
166	ATA	81
166	GCT	8
166	AYA	7
166	ACT	4
166	ACG	3
167	TTG	253985
167	TTT	63
167	TTR	5
167	YTG	4
167	CTG	4
167	TTK	4
167	TYG	2
168	CCA	253602
168	TCA	162
168	CAA	53
168	YCA	28
168	CTA	25
168	CCT	12
168	CYA	5
168	CMA	4
168	CCM	3
169	AAA	253678
169	AAW	107
169	AGA	45
169	AAR	14
169	AAD	8
169	ARA	7
169	AAG	2
170	GGC	253731
170	KGC	33
170	GGT	13
170	AGC	6
170	RGC	5
170	GKC	5
171	TTC	253773
171	TTT	18
171	TTY	4
171	YTC	3
171	WTC	3
171	TTS	3
172	TAC	253793
172	TAT	30
172	TAY	15
172	YAC	9
172	TWC	7
173	GCA	253517
173	GCT	82
173	GTA	40
173	GCW	34
173	GCG	16
173	GYA	11
173	RCA	10
173	GMA	7
173	KCA	5
173	ACA	5
173	GMR	3
173	SCA	3
173	TCA	2
173	GCR	2
174	GAA	253666
174	GAG	144
174	KAA	39
174	GAR	13
174	SAA	8
174	GRA	3
174	GMA	3
174	GAM	2
175	GGG	253758
175	GGA	21
175	GGK	19
175	GGT	13
175	GKG	6
175	GSG	6
175	GKK	3
175	GGR	3
176	AGC	253826
176	AGT	11
176	AGY	7
176	GGC	4
176	ARC	4
176	WGC	3
176	AGM	2
177	AGA	253816
177	AGR	9
177	RGA	6
177	AAA	6
177	MGA	3
177	WGA	3
177	AGM	3
177	AGW	3
177	AGG	2
178	GGC	253748
178	GGT	25
178	AGC	12
178	GAC	11
178	GRC	9
178	GTC	8
178	GKC	7
178	TGC	4
178	RGC	3
178	KKC	3
178	GSC	3
178	GGM	3
178	GGY	2
179	GGC	253708
179	TGC	43
179	GGT	30
179	GTC	21
179	GKC	13
179	GAC	11
179	AGC	10
179	KGC	8
179	GGY	6
179	RGC	5
179	DGC	3
180	AGT	253473
180	ATT	286
180	ACT	61
180	AKT	22
180	AST	10
180	AAT	10
180	GGT	5
180	TGT	5
180	RGT	5
180	CGT	4
180	AGC	4
180	AGK	3
180	AGY	3
180	AGG	2
181	CAA	253820
181	MAA	16
181	YAA	11
181	CRA	9
181	CAW	8
181	CWA	6
181	GAA	3
181	CAM	3
181	CAG	3
182	GCC	253312
182	TCC	476
182	GCT	32
182	KCC	23
182	ACC	14
182	GCA	8
182	GTC	6
182	SCC	4
182	GCY	4
182	GCM	3
182	GYC	2
183	TCT	251686
183	TAT	2183
183	TYT	13
183	TMT	13
183	TCC	7
183	TTT	6
183	CCT	4
183	TCG	3
183	TCW	3
183	TCY	3
183	YCT	3
183	YYT	3
183	TCA	2
184	TCT	253894
184	CCT	9
184	TCA	8
184	TTT	8
184	TCY	4
184	TCW	3
184	TGT	3
184	TYT	3
184	KCT	2
184	GCT	2
184	YCT	2
185	CGT	253668
185	TGT	170
185	YGT	42
185	CTT	30
185	CAT	19
185	CGC	14
185	CKT	11
185	CCT	8
185	CGY	7
185	CST	3
185	CRT	2
186	TCC	253259
186	TAC	564
186	TTC	47
186	TCT	30
186	TMC	17
186	CCC	11
186	TYC	6
186	TCY	5
186	TCA	3
186	KCC	3
186	WCC	3
187	TCA	253330
187	TTA	594
187	TYA	17
187	YCA	7
187	TCG	4
187	TCW	3
188	TCA	252991
188	TTA	842
188	CCA	69
188	TCG	12
188	TYA	12
188	YCA	5
188	WCA	3
188	TCR	3
188	KCA	3
189	CGT	253911
189	CAT	14
189	CKT	9
189	CGY	4
189	CTT	3
189	YGT	3
189	CGK	3
189	TGT	2
190	AGT	252684
190	ATT	1087
190	GGT	101
190	AGG	32
190	AKT	13
190	RGT	10
190	AAT	8
190	AST	4
190	AGC	4
190	AGW	3
190	ART	3
191	CGC	252431
191	CTC	1066
191	CGT	307
191	CGA	46
191	TGC	41
191	CAC	19
191	CGY	14
191	AGC	13
191	YGC	10
191	CRC	10
191	CGM	9
191	CKC	7
191	CGG	2
192	AAC	253385
192	AAT	506
192	AAG	49
192	AAY	37
192	WAC	8
192	AMC	4
192	TAC	4
192	ARC	3
192	GAC	3
192	AGC	2
193	AGT	252582
193	ATT	1137
193	ACT	96
193	AAT	74
193	AKT	36
193	AGC	15
193	AST	11
193	AGY	3
193	ART	3
193	GGT	2
194	TCA	241626
194	TTA	11968
194	TYA	126
194	GCA	61
194	TCG	29
194	TCC	12
194	TCT	7
194	ACA	6
194	CCA	5
194	TCR	4
194	TCW	4
194	KCA	4
194	TSA	3
194	TMA	3
194	WCA	2
195	AGA	253332
195	ATA	232
195	AAA	71
195	ACA	23
195	AGG	23
195	ARA	12
195	AKA	12
195	GGA	10
195	CGA	10
195	AAT	7
195	MGA	6
195	AGT	2
196	AAT	253634
196	AGT	198
196	AAC	51
196	ATT	18
196	TAT	8
196	AWT	6
196	AAY	4
196	RAT	3
196	GAT	3
196	MAT	2
196	AAG	2
196	ACT	2
196	AAK	2
197	TCA	251392
197	TTA	2459
197	TYA	19
197	CCA	10
197	ACA	7
197	TCR	6
197	TCD	3
197	YCA	3
197	TCC	3
198	ACT	253793
198	ATT	114
198	ACC	12
198	AYT	9
198	RCT	7
198	ACY	5
198	ACK	3
199	CCA	247477
199	CTA	5485
199	TCA	703
199	YCA	56
199	CYA	34
199	CCT	18
199	CCG	15
199	CAG	15
199	CCR	7
199	ACA	6
199	YYA	4
199	CAA	3
199	CCC	2
200	GGC	253902
200	AGC	37
200	GGT	14
200	GAC	11
200	TGC	8
200	GGY	7
200	GGA	4
200	GRC	4
200	KGC	2
200	GTC	2
201	AGC	253855
201	ATC	40
201	AGT	19
201	GGC	14
201	AAC	11
201	TGC	6
201	RGC	4
202	AGT	252523
202	AAT	853
202	TCT	258
202	TGT	71
202	ATT	25
202	WST	21
202	AGA	19
202	ART	19
202	AGC	14
202	GGT	11
202	AGY	8
202	AKT	3
202	AGW	3
202	AGG	2
203	AGG	162459
203	AAA	89857
203	ARR	417
203	AAG	228
203	ATG	147
203	AGT	80
203	GGG	33
203	ARG	21
203	AGA	14
203	AKG	12
203	AGK	5
203	AGR	5
203	WGG	3
203	AGS	3
203	AAR	2
203	AMA	2
203	ACG	2
204	GGA	163030
204	CGA	89466
204	SGA	431
204	CTA	319
204	AGA	63
204	GGR	24
204	GGG	14
204	CKA	11
204	CAA	10
204	GKA	7
204	GTA	7
204	RGA	4
204	GRA	3
204	ACA	3
204	YGA	3
204	GGW	3
204	CCA	2
205	ACT	251410
205	ATT	2137
205	AYT	42
205	AMT	9
205	MCT	7
205	ACC	7
205	RCT	6
205	AGT	4
205	ACY	3
205	ACK	3
205	ACW	2
205	AAT	2
205	WCT	2
205	GCT	2
205	CCT	2
206	TCT	252994
206	TTT	400
206	CCT	102
206	CTT	78
206	TYT	38
206	ACT	11
206	TCY	6
206	WCT	3
206	TCC	3
207	CCT	253175
207	TCT	189
207	CTT	187
207	CYT	20
207	CCY	10
207	CCC	9
207	CAA	9
207	ACT	6
207	YCT	6
207	MCT	4
207	CAT	4
207	CCK	3
207	CCA	2
207	CGT	2
208	GCT	252914
208	GGT	539
208	TCT	54
208	GCC	28
208	GYT	22
208	GTT	20
208	ACT	10
208	KCT	7
208	SCT	7
208	GCY	6
208	CCT	4
208	GCW	3
208	GCA	2
208	GST	2
209	AGA	252658
209	ATA	527
209	AAA	223
209	ACA	63
209	AGC	40
209	AKA	28
209	GGA	18
209	ARA	16
209	AGG	14
209	CGA	8
209	MGA	4
209	AGR	4
209	WGA	4
209	AGM	3
209	ASA	2
210	ATG	253118
210	ATT	423
210	TTG	23
210	ACG	19
210	ATA	9
210	AAG	6
210	GTG	5
210	ATC	5
210	ATR	4
210	ACC	3
210	AYG	2
210	ATK	2
210	GTT	2
211	GCT	253341
211	GTT	185
211	TCT	60
211	KCT	18
211	GYT	18
211	GCA	12
211	ACT	11
211	GCY	6
211	SCT	3
211	GCW	3
211	GMT	2
212	GGC	253199
212	GTC	235
212	TGC	144
212	AGC	119
212	GGT	42
212	GKC	14
212	KGC	10
212	GGM	9
212	RGC	4
212	GGY	4
212	SGC	3
212	GAC	2
213	AAT	253675
213	AAC	53
213	TAT	32
213	WAT	9
213	CAT	8
213	ART	6
213	ATT	6
213	AGT	3
213	AWT	3
213	AAY	2
213	AMT	2
214	GGC	253598
214	GGT	82
214	TGC	18
214	GTC	6
214	GGY	3
214	RGC	3
214	SGC	3
214	AGC	2
214	GKC	2
214	KGC	2
215	GGT	253310
215	GTT	110
215	AGT	89
215	TGT	47
215	GAT	27
215	GKT	15
215	RGT	10
215	KGT	7
215	GGY	4
215	GGK	4
215	CGT	2
215	GGW	2
216	GAT	253607
216	TAT	65
216	GCT	23
216	GAC	21
216	SAT	9
216	KAT	7
216	GGT	5
216	GWT	3
216	CAT	3
216	GRT	2
217	GCT	253524
217	TCT	62
217	GCC	46
217	SCT	19
217	GTT	18
217	KCT	10
217	GYT	10
217	GCA	4
217	GCY	4
217	RCT	3
217	ACT	3
217	GMT	3
217	GCW	3
218	GCT	253882
218	ACT	21
218	GTT	15
218	TCT	11
218	GCC	10
218	KCT	6
218	GYT	6
218	RCT	5
218	GCA	3
218	CCT	3
218	GCY	3
218	SCT	2
219	CTT	254057
219	CTC	17
219	YTT	15
219	CKT	9
219	TTT	9
219	CTY	3
219	CTG	3
219	CYT	3
220	GCT	226095
220	GTT	27967
220	GYT	187
220	GCY	22
220	ACT	10
220	RCT	3
220	KCT	2
220	GCC	2
220	GYY	2
221	TTG	254354
221	TTA	62
221	TTT	17
221	YTG	8
221	TTK	6
221	GTG	2
221	TCG	2
222	CTG	254361
222	CTT	57
222	TTG	10
222	CTK	9
222	YTG	8
222	CTA	7
222	CTR	6
222	CYG	3
223	CTG	254464
223	TTG	22
223	CTA	6
223	CWG	3
223	MTG	3
223	CTS	3
223	YTG	2
224	CTT	254470
224	CTC	4
224	YTT	4
224	TTT	3
224	CKT	3
224	CWT	3
224	CTY	3
225	GAC	254419
225	GAT	109
225	GAY	28
225	GWC	7
225	TAC	4
225	KAC	2
225	GCC	2
226	AGA	254484
226	AGG	12
226	CGG	8
226	AGR	7
226	AKA	4
226	ARA	3
226	WGA	3
226	ASA	3
226	AGW	2
226	RGA	2
226	ATA	2
227	TTG	254516
227	YTG	8
227	TYG	6
227	TTT	6
227	TTK	5
227	KTG	3
227	TTA	3
227	WTG	2
228	AAC	254338
228	AAT	155
228	AAY	26
228	TAC	16
228	ARC	6
228	WAC	5
228	GAC	5
228	RAC	3
228	CAC	2
229	CAG	254130
229	CAT	291
229	YAG	32
229	CGG	23
229	CAA	18
229	CAK	14
229	GCA	8
229	CRG	6
229	CWG	6
229	CTG	2
229	CAR	2
229	TAG	2
230	CTT	253854
230	TTT	534
230	YTT	16
230	CTA	8
230	CTY	7
230	CTC	7
230	CTG	4
230	CTW	3
230	STT	3
230	CYT	3
230	CWT	3
230	CKT	3
231	GAG	254386
231	GAK	11
231	GRG	8
231	GAA	7
231	KAG	4
231	GAS	3
231	GWG	3
232	AGC	254298
232	ATC	46
232	AAC	31
232	ARC	26
232	AGT	22
232	AGA	17
232	ACT	17
232	AKC	11
232	AGY	8
232	ASC	7
232	RGC	4
232	CGC	3
232	GGC	3
232	MGC	3
232	ASY	3
233	AAA	254349
233	AAR	6
233	ARA	3
233	RAA	3
233	AAG	2
233	AMA	2
233	AAT	2
234	ATG	250826
234	ATC	2804
234	ATT	732
234	ATS	69
234	TTG	17
234	ATA	13
234	ATK	8
234	AYG	6
234	AWK	4
234	RTG	3
234	GTG	3
234	AWG	3
234	AKM	3
234	AYC	2
234	WTG	2
234	RTS	2
235	TCT	253157
235	TTT	1235
235	TCC	35
235	TYT	17
235	YCT	5
235	TCK	3
235	KYT	3
235	CCT	3
235	TCA	2
236	GGT	254347
236	GGC	31
236	TGT	24
236	GTT	16
236	RGT	8
236	AGT	8
236	GKT	8
236	GAT	8
236	KGT	5
236	GGG	4
236	GRT	4
236	GGY	3
236	GGW	3
236	GGK	2
236	GGA	2
237	AAA	254366
237	AAR	16
237	AAG	5
237	ARA	3
237	ACA	3
237	AAM	3
237	AAC	3
237	AGA	3
237	RAA	3
238	GGC	253963
238	RGC	252
238	TGC	157
238	KGC	28
238	AGC	21
238	DGC	9
238	GGT	7
238	GTC	7
238	SGC	6
238	GKC	3
239	CAA	254495
239	CTA	10
239	TCA	6
239	CAR	5
239	CGA	4
239	CWA	3
239	CMA	2
239	YAA	2
240	CAA	254615
240	MAA	43
240	AAA	29
240	YAA	17
240	CGA	8
241	CAA	255099
241	YAA	11
241	CTA	11
241	CRA	9
241	CGA	6
241	SAA	4
241	AAA	3
242	CAA	255041
242	CGA	45
242	YAA	14
242	CAG	12
242	CTA	5
242	CAW	5
242	CAT	3
242	CAM	3
242	CRA	3
242	CWA	2
243	GGC	254925
243	TGC	115
243	GTC	56
243	GGM	25
243	KGC	21
243	GAC	17
243	AGC	15
243	GGT	15
243	GKC	9
243	GGY	4
243	GGA	3
243	RGC	2
244	CAA	255209
244	MAA	21
244	CAG	3
244	CAR	3
244	CCA	3
244	AAA	3
244	CTA	3
244	CGA	3
244	CMA	2
244	CAT	2
245	ACT	255193
245	ACC	14
245	ACA	13
245	GCT	4
245	ATT	4
245	CCT	3
245	AAT	3
245	AYT	3
245	RCT	2
245	MCT	2
245	AST	2
246	GTC	256386
246	ATC	21
246	GCC	10
246	KTC	6
246	STC	6
246	GYC	4
246	GTT	3
246	TTC	2
246	GTA	2
246	GTY	2
247	ACT	256209
247	ATT	161
247	AYT	22
247	AAT	12
247	ACC	5
247	AGT	5
247	GCT	4
247	ACY	4
247	WCT	3
248	AAG	256009
248	AAA	331
248	WAG	22
248	AAT	12
248	AAR	9
248	AAC	9
248	AAS	7
248	AAK	4
248	MAG	3
248	ARG	3
248	AGG	2
249	AAA	256393
249	AAG	4
249	WAA	4
249	AGA	3
249	AWA	3
249	ATA	2
250	TCT	256368
250	TCC	23
250	CCT	8
250	TTT	7
250	TCA	5
250	TCY	4
251	GCT	255942
251	TCT	279
251	GTT	133
251	GYT	13
251	KCT	10
251	GCC	8
251	RCT	4
251	GCA	3
252	GCT	256044
252	TCT	187
252	GTT	28
252	GCY	20
252	GYT	20
252	GCC	18
252	KCT	12
252	GCA	10
252	RCT	8
252	ACT	4
252	GAT	4
252	SCT	3
252	GCK	3
253	GAG	256139
253	GAA	61
253	KAG	36
253	GAK	28
253	GAR	14
253	GAT	9
253	GCG	9
253	GTG	7
253	GGG	7
253	GAS	6
253	GRG	4
253	SAG	4
253	GWG	4
253	GMG	3
253	RAG	2
254	GCT	256091
254	GYT	82
254	KCT	31
254	GCY	25
254	GTT	18
254	RCT	17
254	TCT	16
254	SCT	8
254	GCC	7
254	GCK	4
254	GMT	3
254	CCT	2
254	KCY	2
254	GCW	2
255	TCT	256198
255	TYT	37
255	YCT	19
255	TTT	14
255	TCC	11
255	TMT	7
255	KCT	4
255	TCY	3
255	GCT	3
255	TCW	2
255	WCT	2
256	AAG	256143
256	WAG	42
256	AAK	31
256	AAS	25
256	TAG	15
256	AAT	9
256	AAR	6
256	ARG	4
256	AMG	3
256	AAA	3
256	AWG	2
256	RAG	2
257	AAG	253928
257	AAA	614
257	AAR	5
257	RAG	3
257	AAK	2
258	CCT	254294
258	TCT	20
258	CCC	7
258	CMT	4
259	CGG	254286
259	CGC	12
259	CGT	9
259	CRG	8
259	CGA	6
259	TGG	4
259	YGG	4
259	CAG	3
259	MGG	3
259	CGR	2
260	CAA	254252
260	CTA	10
260	CAG	10
260	GAA	2
261	AAA	254206
261	AAG	60
261	AAM	2
262	CGT	254160
262	YGT	8
262	CGY	3
262	CKT	2
262	CGC	2
263	ACT	254147
263	ATT	8
263	AYT	8
263	ACW	4
263	AST	3
263	ACA	2
263	GCT	2
264	GCC	254113
264	GCT	6
264	KCC	6
264	TCC	5
264	GCA	3
264	GYC	2
265	ACT	254089
265	ATT	31
265	AYT	18
265	ACC	9
265	ACY	6
265	RCT	3
265	GCT	3
265	AMT	3
265	ACW	2
266	AAA	254171
266	AAG	7
266	AAW	3
267	GCA	253896
267	GTA	167
267	GCT	50
267	GCG	21
267	CAA	14
267	GYA	13
267	TCA	10
267	ACA	5
267	KCA	5
267	AAC	2
267	RCA	2
268	TAC	253628
268	TAT	528
268	TAY	25
268	CAC	4
268	YAC	2
269	AAT	254207
269	AAY	6
269	GAT	5
269	AWT	3
269	AAC	3
270	GTA	254053
270	TTA	119
270	GTG	20
270	KTA	19
270	CTA	12
270	GTC	8
270	ATA	5
270	STA	5
270	GTR	4
270	RTA	3
270	GYA	3
271	ACA	253983
271	ATA	198
271	ACT	37
271	AYA	23
271	GCA	11
271	ACG	6
271	ACR	3
271	ACM	2
272	CAA	254155
272	CAG	15
272	YAA	15
272	CAT	15
272	CAC	6
272	CTA	2
273	GCT	254098
273	TCT	73
273	GYT	26
273	KCT	11
273	GCA	10
273	GCK	6
273	GCG	3
274	TTC	252769
274	TTT	1396
274	TTY	49
274	TTM	4
274	YTC	3
274	TYC	2
275	GGC	254252
275	GGT	11
275	GKC	7
275	KGC	5
275	GGY	3
275	RGC	2
276	AGA	254193
276	AAA	19
276	ATA	15
276	AGG	7
276	AKA	5
276	RGA	2
277	CGT	254253
277	CGC	3
277	CKT	3
278	GGT	254240
278	GGC	7
278	KGT	4
278	RGT	3
278	GGY	2
278	GKT	2
279	CCA	254249
279	CTA	21
279	TCA	16
279	YCA	11
279	CCT	11
279	CAA	9
279	MCA	7
279	CCG	3
279	CYA	3
279	CMA	2
279	ACA	2
280	GAA	254309
280	GTA	15
280	KAA	5
280	GAC	2
280	GAG	2
281	CAA	254152
281	CTA	28
281	CGA	9
281	AAA	4
281	MAA	4
281	CWA	3
281	CAT	2
282	ACC	254001
282	ACT	166
282	ATC	43
282	ACY	13
282	AYC	4
282	AMC	3
282	RCC	3
282	AAC	3
282	MCC	2
283	CAA	254205
283	CAG	9
283	YAA	6
283	MAA	3
283	CGA	2
284	GGA	254142
284	GRA	17
284	GGG	9
284	RGA	6
284	KGA	5
284	SGA	4
284	GAA	4
284	GGT	3
284	GKA	3
284	GGR	2
285	AAT	254191
285	AAC	39
285	AAW	8
285	AAK	3
285	AAY	2
286	TTT	254247
286	TTC	4
286	TTK	2
287	GGG	254201
287	GGT	18
287	GGA	17
287	GGK	14
287	GKG	7
287	GRG	3
288	GAC	254180
288	GAT	40
288	KAC	30
288	RAC	6
288	GAY	5
288	AAC	5
289	CAG	253623
289	CAC	433
289	CAT	147
289	CAA	27
289	CAK	17
289	CWG	8
289	CAS	7
289	YAG	6
289	CTG	6
289	CGG	2
289	MAG	2
290	GAA	254251
290	GAC	21
290	KAA	8
290	CAA	4
290	TAA	3
291	CTA	253865
291	TTA	396
291	YTA	14
292	ATC	253188
292	ACC	786
292	ATT	213
292	GTC	47
292	ATY	19
292	AYC	6
292	AWC	3
292	RTC	2
292	CTC	2
293	AGA	254204
293	ARA	3
293	AGG	2
293	AAA	2
294	CAA	254219
294	CTA	10
294	AAA	6
294	CAR	5
294	CGA	3
294	YAA	2
295	GGA	254223
295	KGA	10
295	GKA	9
295	RGA	2
295	GGG	2
296	ACT	254147
296	ATT	44
296	AYT	7
296	ACC	5
296	ACA	4
296	ACY	3
296	RCT	2
296	GCT	2
297	GAT	254151
297	GGT	19
297	TAT	13
297	KAT	10
297	GAG	10
297	GAC	6
297	GRT	6
297	GTT	3
297	CAT	3
297	AAT	2
298	TAC	253640
298	TAT	487
298	TAY	24
298	CAC	13
299	AAA	254144
299	AAM	3
300	CAT	253790
300	TAT	245
300	YAT	29
300	CAG	12
300	CAC	10
300	CAA	7
300	CGT	5
300	SAT	2
300	CAY	2
300	CTT	2
301	TGG	253969
301	TRG	13
301	TKG	9
301	TGT	3
301	TGC	2
302	CCG	252711
302	CCT	1176
302	CCA	33
302	CCK	20
302	CSG	9
302	CYG	9
302	CCR	7
302	TCG	7
302	CMG	4
302	CCS	4
302	CCC	4
303	CAA	253997
303	AAA	3
303	CMA	3
303	CAG	2
304	ATT	253806
304	ATA	173
304	ATC	5
304	GTT	3
304	AWT	3
304	RTT	3
304	ATW	3
305	GCA	253677
305	GCT	141
305	GYR	88
305	GYA	6
305	KCA	5
305	GTA	3
305	GCG	3
305	GMA	3
305	KYR	3
305	GCR	2
305	GTG	2
306	CAA	253909
306	CAW	8
306	CAR	5
306	YAA	2
306	CTA	2
307	TTT	253907
307	TTC	40
307	CTT	7
307	TTA	5
307	ATT	3
307	TTK	3
307	KTT	3
308	GCC	253629
308	TCC	126
308	GCT	99
308	KCC	10
308	GCA	10
308	GCY	6
308	SCC	4
308	GYC	2
308	BCC	2
309	CCC	253465
309	CCT	423
309	CCY	28
309	CTC	8
309	CYC	8
309	CCM	5
309	YCC	2
310	AGC	253857
310	AGT	40
310	AGY	15
310	ASC	6
310	RGC	6
310	TGC	5
310	AAC	5
310	AKC	4
310	ATC	3
311	GCT	253864
311	GTT	16
311	TCT	15
311	GCC	11
311	GST	9
311	ACT	8
311	GYT	4
311	KCT	3
311	GSW	3
311	CCT	2
311	GCA	2
311	GCG	2
311	SCT	2
312	TCA	253792
312	TCT	22
312	TCG	17
312	TYA	9
312	YCA	5
312	TTA	4
312	TCW	2
313	GCG	253676
313	GCA	94
313	GCT	63
313	GCR	10
313	TCG	9
313	GYG	6
313	KCG	6
313	GTG	4
313	GCC	3
313	GCK	3
313	GGT	3
313	SCG	2
314	TTC	253892
314	TTT	27
314	TTY	5
314	YTC	5
314	TYC	4
315	TTC	253687
315	TTT	204
315	TTY	43
315	TYC	2
315	YTC	2
316	GGA	253889
316	GGG	12
316	GRA	5
316	SGA	4
316	GAA	3
316	TGA	2
317	ATG	253932
317	ATT	39
317	GTG	8
317	ATA	8
317	CTG	5
317	AYG	3
317	ATK	3
317	ACG	2
318	TCG	251476
318	TCT	2446
318	TCA	34
318	TCK	30
319	CGC	253917
319	CAC	31
319	CGT	27
319	CGY	10
319	CRC	8
319	CKC	6
319	CTC	2
319	YGC	2
320	ATT	253961
320	GTT	15
320	ATC	9
320	ATA	7
320	TTT	2
320	ATG	2
321	GGC	253970
321	GGT	17
321	GAC	7
321	GGA	7
321	GGY	6
321	KGC	5
321	TGC	4
321	AGC	4
321	TTC	3
321	GTC	3
322	ATG	253932
322	ATA	77
322	ATT	29
322	GTG	14
322	AYG	7
322	ATK	7
322	ACG	3
322	AAG	3
322	TTG	2
323	GAA	254043
323	GAG	21
323	AAA	12
323	RAA	5
323	GRA	4
323	GAT	4
323	GTA	4
323	GGA	3
323	GWA	2
324	GTC	254043
324	GTT	12
324	GCC	8
324	ATC	7
324	GTY	4
324	TTC	4
324	KTC	3
324	GYC	3
325	ACA	253879
325	ATA	195
325	AYA	20
325	ACR	4
325	AGA	3
325	GCA	2
326	CCT	253869
326	TCT	107
326	CTT	73
326	CYT	28
326	YCT	7
326	CCY	5
326	CCK	3
326	SCT	3
326	CAT	2
326	CGT	2
327	TCG	253262
327	TCT	451
327	TTG	167
327	TCA	139
327	TYG	47
327	TCK	22
327	TCR	6
327	TSG	3
327	TGG	2
328	GGA	254072
328	GTA	7
328	KGA	6
328	GSA	5
328	GGC	5
328	TGA	3
328	GCA	2
329	ACG	253511
329	ACT	508
329	ACA	33
329	ATG	31
329	ACK	21
329	AYG	8
329	ACC	5
329	AMG	3
329	ACR	2
329	ASG	2
330	TGG	254076
330	TTG	29
330	TGK	13
330	TKG	5
330	YGG	3
330	TGS	3
330	TGT	2
331	TTG	254017
331	TTA	59
331	TTT	31
331	CTG	20
331	TTK	17
331	YTG	5
331	TTS	4
331	KTG	2
331	TTC	2
332	ACC	254124
332	ACT	49
332	ACA	16
332	ACM	6
332	ATC	6
332	ACY	4
332	AAC	3
332	RCC	3
332	AYC	2
333	TAC	253802
333	TAT	410
333	TAY	20
333	CAC	3
333	YAC	2
334	ACA	253600
334	ATA	418
334	AYA	62
334	AAA	36
334	AGA	11
334	ACR	4
334	TCA	3
334	GCA	2
334	RCA	2
335	GGT	254121
335	GGY	4
335	KGT	4
336	GCC	253966
336	GCT	65
336	GTC	40
336	GYC	10
336	TCC	8
336	GCY	8
336	KCC	5
337	ATC	253777
337	ATT	286
337	ATY	19
337	GTC	12
337	ATM	7
337	TTC	6
337	ATA	4
337	AYC	3
338	AAA	254102
338	AAG	10
338	ACA	3
338	AAT	2
338	AGA	2
339	TTG	254039
339	CTG	14
339	TTA	10
339	TTT	10
339	CTT	8
339	YTG	5
339	TTR	4
339	WTG	3
340	GAT	254097
340	AAT	39
340	GAC	20
340	KAT	8
340	GAY	7
340	TAT	5
340	RAT	4
340	GTT	4
340	GGT	3
340	GRT	3
341	GAC	253806
341	GAT	257
341	AAC	66
341	GAY	31
341	TAC	15
341	KAC	6
341	GWC	2
341	GRC	2
342	AAA	254306
342	AAR	4
342	AAG	4
342	AGA	3
342	AAT	3
343	GAT	254466
343	TAT	22
343	CAT	22
343	KAT	18
343	SAT	10
343	GAC	9
343	GRT	3
343	GTT	3
343	GAY	2
343	AAT	2
343	GGT	2
344	CCA	254432
344	TCA	132
344	CTA	38
344	CYA	9
344	CMA	8
344	CCG	8
344	YCA	6
344	MCA	2
345	AAT	254677
345	ACT	9
345	AGC	8
345	AAC	6
345	AWT	5
345	CAT	3
346	TTC	254658
346	TTT	110
346	TTY	37
346	TYC	3
346	YTC	3
346	TCC	3
347	AAA	254881
347	AAR	11
347	AGA	3
348	GAT	254808
348	CAT	110
348	TAT	61
348	GAC	57
348	KAT	8
348	GAY	6
348	SAT	6
348	GRT	5
348	AAT	4
348	GWT	3
348	GMT	2
348	GGT	2
349	CAA	256428
349	YAA	28
349	CTA	11
349	CAC	9
349	AAC	8
349	CAW	6
349	CAG	5
349	MAA	4
349	CMA	4
349	GAA	3
349	CWA	2
349	CAR	2
349	CRA	2
350	GTC	256373
350	KTC	43
350	TTC	16
350	GTT	12
350	GYC	5
350	GCC	3
350	GAC	3
350	CTC	3
350	GGC	2
351	ATT	256495
351	GTT	10
351	ATA	8
351	ATY	6
351	TTT	6
351	ATC	4
351	ACT	3
351	WTT	2
352	TTG	256534
352	TTK	10
352	CTG	9
352	TTR	5
352	YTG	4
352	TTT	3
352	WTG	3
352	TTA	3
353	CTG	256326
353	CTT	227
353	TTG	10
353	CTR	10
353	CTK	7
353	CTA	3
353	YTG	3
354	AAT	256529
354	AAC	58
354	ART	5
354	CAT	4
354	AGT	4
354	AAY	3
355	AAG	256577
355	AAK	11
355	AAT	6
355	AWG	3
355	AAS	3
355	AAR	2
355	ARG	2
356	CAT	256540
356	CAC	26
356	CAY	5
356	YAT	5
357	ATT	256563
357	GTT	9
357	ATC	8
357	ATA	3
357	ATW	2
358	GAC	256403
358	GAT	159
358	GAY	9
358	AAC	4
358	KAC	3
359	GCA	256016
359	TCA	273
359	KCA	127
359	GCG	87
359	GYA	25
359	GCT	8
359	ACA	7
359	RCA	5
359	GTA	5
359	SCA	2
360	TAC	255951
360	TAT	619
360	TAY	30
360	TRC	3
360	TCC	2
361	AAA	256585
361	AGA	3
361	ATA	3
361	ARA	2
362	ACA	254882
362	ATA	215
362	AAA	29
362	ACT	10
362	AYA	7
362	ACC	7
362	AMA	4
362	GCA	4
362	ACR	3
362	ACW	3
362	WCA	3
362	ACM	3
363	TTC	255026
363	TTT	53
363	KTC	28
363	YTC	9
363	CTC	9
363	TTY	5
363	TCC	5
363	TYC	4
363	GTC	3
364	CCA	254897
364	CTA	125
364	TCA	53
364	CMA	22
364	CYA	15
364	CCG	5
364	YCA	5
364	CAA	4
364	CGA	4
364	CCM	2
365	CCA	252731
365	TCA	1627
365	YCA	462
365	CTA	74
365	CYA	19
365	CGA	14
365	CCR	7
365	CCG	5
365	CCT	4
365	CMA	3
366	ACA	253754
366	ATA	112
366	AGA	101
366	AYA	61
366	ASA	55
366	CCA	20
366	GCA	8
366	RCA	3
366	ACG	3
367	GAG	252429
367	GAA	54
367	GAT	51
367	GGG	21
367	GTG	14
367	AAG	13
367	GRG	9
367	GWG	8
367	GDG	6
367	GAR	6
367	KAG	5
367	TAK	3
367	GAS	2
367	CAG	2
367	AGG	2
367	GAK	2
368	CCT	252423
368	TCT	124
368	CTT	35
368	CCA	11
368	GCC	7
368	CCC	7
368	CAT	6
368	CCY	4
368	CAA	4
368	CYT	3
368	YCT	2
368	CMT	2
369	AAA	251351
369	AWA	21
369	ACA	11
369	AAG	7
369	AGA	7
369	AAM	6
369	AAC	5
369	AMA	4
369	AAR	3
369	WMA	3
369	WAA	2
369	ATA	2
369	MAA	2
370	AAG	252029
370	AAT	23
370	AAC	21
370	CAG	9
370	ARG	6
370	AAA	5
370	AAS	5
370	RAG	4
370	AAK	4
370	AWG	4
370	WAG	3
370	ATG	3
370	AAR	2
371	GAC	250436
371	GAT	1123
371	TAC	168
371	GAY	65
371	GGC	39
371	AAC	26
371	GAA	18
371	KAC	9
371	GTC	8
371	GCC	3
371	RAC	3
371	GAM	2
371	CAC	2
372	AAA	251882
372	AAG	7
372	AGA	4
372	RAA	4
372	TAA	2
373	AAG	251878
373	AAT	99
373	AGG	57
373	AAC	14
373	AAS	11
373	ARG	10
373	AAK	5
373	AAA	3
373	AAR	3
373	ATG	2
373	CAG	2
374	AAG	251950
374	AGG	117
374	AAC	32
374	AAT	29
374	AAA	25
374	AAS	9
374	AAK	4
374	CAG	4
374	AAR	2
375	AAG	252100
375	CAG	35
375	GAG	14
375	AAA	13
375	AAT	11
375	RAG	4
375	ARG	3
375	AAR	2
375	AGG	2
376	GCT	249162
376	ACT	2802
376	RCT	94
376	GCC	34
376	GTT	33
376	TCT	8
376	KCT	7
376	SCT	3
376	GCK	2
377	GAT	249761
377	TAT	2284
377	GGT	73
377	KAT	70
377	GAC	10
377	GCT	7
377	GAY	3
377	CAT	2
377	GTT	2
377	AAT	2
377	GWT	2
378	GAA	252017
378	CAA	91
378	GCA	63
378	GAG	26
378	KAA	17
378	RAA	15
378	AAA	9
378	GTA	6
378	SAA	5
378	GGA	4
378	GRA	3
378	GWA	2
379	ACT	251988
379	ATT	244
379	ACC	78
379	AYT	24
379	AGC	8
379	AAT	5
379	MCT	4
379	GCT	3
379	ACY	2
379	RCT	2
379	AMT	2
380	CAA	252299
380	CTA	14
380	CAG	13
380	CAT	8
380	YAA	8
380	CGA	7
380	CCA	4
380	MAA	2
381	GCC	252220
381	GTC	47
381	TCC	46
381	ACC	26
381	GCT	8
381	CCT	8
381	GCA	6
381	GCY	6
381	RCC	4
381	KCC	3
381	SCC	2
381	GYC	2
382	TTA	252412
382	TCA	13
382	CTA	7
382	TTG	3
382	TYA	3
383	CCG	251059
383	CTG	512
383	CCT	504
383	TCG	181
383	CCA	45
383	CYG	27
383	CCK	27
383	CCR	14
383	YCG	13
383	CAG	10
383	CMG	5
384	CAG	252036
384	CAT	302
384	CAS	26
384	CAK	21
384	CAA	14
384	CTG	14
384	CGG	5
384	YAG	3
385	AGA	251403
385	AAA	824
385	ATA	79
385	AKR	24
385	AKA	11
385	ARA	9
385	ASA	8
385	AGG	4
385	CGA	4
385	AGR	3
385	ACA	3
385	GGA	2
385	AGC	2
386	CAG	252341
386	CAT	25
386	YAG	14
386	CAA	7
386	CTG	6
386	CAK	5
386	AAG	4
386	CAR	4
386	CRG	4
386	CGG	3
386	CWG	2
387	AAG	252332
387	AAC	24
387	AGG	22
387	AAT	14
387	ARG	7
387	AAA	4
387	WWG	3
387	AAR	3
388	AAA	252394
388	AAG	12
388	AGA	9
388	ARW	3
388	RAA	3
388	ATA	3
389	CAG	252225
389	CAT	72
389	CAA	63
389	CTG	45
389	CAK	29
389	MAR	3
390	CAA	252354
390	YAA	11
390	GAA	8
390	CAC	8
390	CCC	7
390	CTA	6
390	MAA	6
390	AAA	4
391	ACT	252155
391	ATT	293
391	AYT	11
391	ACA	6
391	GCT	4
391	RCT	3
391	ATA	3
392	GTG	252115
392	GTT	298
392	GTK	38
392	TTG	36
392	GTC	10
392	GTS	4
392	GYG	3
392	STG	3
392	KTG	2
393	ACT	252207
393	ATT	223
393	AYT	29
393	ACC	12
393	ACW	3
393	ACG	3
393	RCT	3
393	ACY	2
394	CTT	252447
394	CTY	7
394	CTK	3
394	YTT	2
394	TTT	2
395	CTT	252476
395	CTY	10
395	TTC	3
395	CTC	2
395	TTT	2
395	YTT	2
395	CYT	2
396	CCT	252161
396	TCT	32
396	CYT	10
396	CCC	8
396	CCG	6
396	YCT	4
396	CAT	3
397	GCT	251707
397	GCC	196
397	TCT	16
397	GTT	14
397	KCT	8
397	GCA	7
397	CCT	6
397	GCW	6
397	GYT	4
397	ACT	3
397	SCT	3
397	GGT	2
398	GCA	249434
398	GTA	2455
398	GYA	36
398	TCA	35
398	KCA	7
398	GCG	6
398	GCT	6
398	GCC	2
399	GAT	251797
399	TAT	79
399	CAT	33
399	AAT	26
399	KAT	13
399	GTT	7
399	GRT	3
399	GAC	3
399	GAA	3
399	SAT	2
400	TTG	251856
400	TTA	49
400	YTG	4
400	TYG	3
400	TKG	3
400	CTG	3
400	TTR	2
400	TTS	2
401	GAT	251421
401	TAT	530
401	KAT	18
401	CAT	2
401	GMT	2
401	AAT	2
402	GAT	251682
402	TAT	207
402	KAT	26
402	GAA	7
402	GGT	6
402	GAC	6
402	CAT	5
402	GRT	4
402	GAY	3
402	GCT	2
402	GAG	2
402	AAT	2
402	GWT	2
403	TTC	251892
403	TTT	28
403	TTY	6
403	TWC	2
404	TCC	251867
404	TCT	50
404	TCY	10
404	TYC	7
404	YCC	5
404	WCC	3
404	TCS	3
404	TCA	2
404	GCC	2
405	AAA	251898
405	AAG	9
405	RAA	6
405	AGA	4
405	AAR	3
405	AAM	3
405	WAA	3
406	CAA	252048
406	CAG	10
406	YAA	6
406	MAA	3
406	CAW	2
406	CAT	2
407	TTG	252135
407	CTG	18
407	TTK	12
407	TTA	6
407	YTG	4
407	TYG	3
408	CAA	252603
408	YAA	3
408	CAG	2
409	CAA	252268
409	CAG	404
409	CTA	9
409	CAR	4
409	YAA	4
409	CGA	3
409	AAA	2
409	MAA	2
410	TCC	253328
410	TCT	22
410	TTC	9
410	TCY	6
410	TMC	2
411	ATG	253507
411	RTG	3
411	ATK	3
411	ATT	2
411	TTG	2
411	AKG	2
412	AGC	253405
412	AGT	80
412	ATC	50
412	AAC	20
412	AGY	6
412	GGC	4
412	RGC	4
412	CGC	3
412	AGM	3
412	AKC	3
412	TGC	3
413	AGT	253346
413	ATT	134
413	AKT	17
413	AAT	10
413	ART	8
413	WGT	4
413	ACT	4
413	AGC	4
414	GCT	254398
414	TCT	125
414	GTT	35
414	GCC	29
414	KCT	10
414	ACT	7
414	GCA	6
414	GCY	3
414	CTG	2
414	GCK	2
415	GAC	254182
415	GAT	389
415	GAY	12
415	GGC	8
415	AAC	6
415	KAC	5
415	GAA	2
415	CAC	2
415	GRC	2
415	GCC	2
416	TCA	254398
416	TCT	116
416	TTA	54
416	TYA	24
416	YYA	3
416	TCR	2
417	ACT	254519
417	ATT	58
417	ACC	26
417	AYT	8
417	ACA	5
417	GCT	3
417	ACY	2
417	CCT	2
418	CAG	254103
418	CAA	85
418	CAT	44
418	CTG	29
418	YAG	17
418	TAG	7
418	CRG	3
418	CAS	3
418	CAK	3
418	CAC	2
418	CAR	2
418	CWG	2
419	GCC	254426
419	GCT	81
419	TCC	11
419	ACC	8
419	GYC	7
419	KCC	7
419	GCY	4
419	GCA	4
419	GTC	3
419	SCC	3
419	GSS	3
419	GCM	2
420	TAA	254535
420	WAA	14
420	TAG	9
420	YAA	3

#WUHAN19|ORF10
1	ATG	254391
1	ATS	16
1	GTG	15
1	TTG	8
1	AYG	7
1	ATR	5
1	ATA	5
1	ATK	4
1	ACG	4
1	ATT	4
1	RTG	2
1	WTG	2
2	GGC	254457
2	GGT	12
2	GRC	7
2	GAC	4
2	GGM	3
2	GGY	2
3	TAT	254450
3	TGT	7
4	ATA	254241
4	GTA	126
4	CTA	115
4	ACA	13
4	RTA	5
4	ATR	3
5	AAC	254433
5	AAT	18
5	AWC	3
5	AAY	3
5	GAC	2
6	GTT	254378
6	TTT	16
6	GTC	9
6	GTG	4
6	KTT	4
6	ATT	4
6	GCT	3
7	TTC	254407
7	TTT	6
7	TGC	6
7	TTA	4
7	TCC	2
8	GCT	254163
8	GTT	80
8	ACT	68
8	GCY	27
8	TCT	8
8	GCC	6
8	RCT	5
8	GYT	3
8	GMT	2
8	GCW	2
9	TTT	254406
9	CTT	9
9	TTY	8
10	CCG	253982
10	TCG	329
10	CCA	32
10	CTG	26
10	YCG	21
10	CCT	9
10	CYG	5
10	CCK	4
10	CCR	4
10	CMG	3
11	TTT	254389
11	CTT	4
11	TCT	2
11	YTT	2
11	GTT	2
12	ACG	254336
12	ATG	46
12	ACT	46
12	ACA	15
12	ACK	9
12	ACR	6
12	AYG	2
13	ATA	254313
13	TTA	64
13	ACA	19
13	ATG	19
13	AGA	4
13	GTA	4
13	ATR	4
13	CTA	2
14	TAT	254406
14	TGT	28
14	CAT	15
14	TAW	3
15	AGT	254409
15	GGT	11
15	RGT	7
15	AGY	4
15	ART	3
16	CTA	254412
16	CYA	5
16	CCA	5
16	CTW	4
17	CTC	254158
17	CCC	226
17	TTC	13
17	CYC	6
17	CTM	3
17	YTC	3
17	CTA	2
17	CTY	2
18	TTG	254336
18	TYK	3
19	TGC	253503
19	TGT	745
19	TGY	88
19	TKC	12
19	TTC	5
19	CGC	2
20	AGA	253817
20	AGG	260
20	ATA	201
20	AAA	26
20	AGR	10
20	TGA	7
20	ACA	5
20	ARA	3
21	ATG	254284
21	AAG	24
21	ATR	7
21	ATC	5
21	GTG	4
21	ATS	3
21	AYK	3
21	ATK	3
21	ACG	2
22	AAT	254292
22	AAC	17
22	GAT	8
22	ACT	7
22	AAY	6
22	AGT	6
22	RAT	4
22	AAA	3
22	TAT	2
23	TCT	254031
23	TTT	264
23	TYT	30
23	TCG	3
23	YCT	2
24	CGT	254008
24	TGT	186
24	CTT	59
24	YGT	34
24	CCT	11
24	CRT	6
24	CAT	5
24	CKT	5
24	CGY	3
25	AAC	254279
25	AAT	32
25	AGC	14
25	AAY	14
25	ARC	3
25	RAC	3
26	TAC	254170
26	TAT	132
26	TAY	12
26	CAC	9
26	TWC	4
26	YAC	3
27	ATA	254253
27	ACA	16
27	ATT	8
27	ATR	6
27	ATM	4
27	ATW	3
27	AYA	3
28	GCA	254063
28	GTA	126
28	TCA	19
28	GYA	16
28	KCA	6
28	SCA	5
28	GGA	3
28	GCT	3
29	CAA	254045
29	TAA	132
29	CGA	26
29	YAA	26
29	CTA	3
29	CRA	3
29	CWA	2
29	CAG	2
30	GTA	225632
30	TTA	28331
30	KTA	195
30	GTR	12
30	GCA	7
30	GTG	6
30	AAA	3
30	GYA	3
30	ATA	2
30	BTW	2
30	CTA	2
31	GAT	254041
31	TAT	112
31	KAT	15
31	GGT	7
31	SAT	4
31	GAA	3
31	GAY	2
31	RAT	2
31	GAC	2
31	GTT	2
31	CAT	2
32	GTA	254066
32	TTA	16
32	GTG	13
32	ATA	6
32	GWA	3
32	GCA	3
33	GTT	254084
33	TTT	8
33	ATT	5
33	GTC	4
33	GCT	2
34	AAC	254002
34	AAT	51
34	AAY	12
34	TAC	4
34	MAC	3
35	TTT	253952
35	TCT	46
35	YTT	8
35	TGT	6
35	CTT	2
35	TTY	2
36	AAT	253921
36	AAC	11
36	AAW	6
36	ART	4
36	AAG	4
36	GAT	2
36	AAY	2
37	CTC	250967
37	CTT	766
37	TTC	110
37	CTY	15
37	YTC	13
37	ATC	5
37	CCC	3
37	GTC	3
38	ACA	251866
38	ATA	48
38	AYA	12
38	ACW	4
38	GCA	2
39	TAG	251699
39	CAG	146
39	TAT	11
39	TAA	10

#WUHAN19|ORF3a
1	ATG	256023
1	ACG	9
1	ATT	8
1	RTG	7
1	ATK	6
1	AYG	4
1	ATA	3
2	GAT	255991
2	TAT	45
2	GGT	14
2	KAT	12
2	GWT	5
3	TTG	256072
3	TTK	4
3	TTT	4
3	TYG	3
4	TTT	256096
4	TCT	2
5	ATG	256036
5	ATT	29
5	GTG	13
5	ATK	8
5	AKG	4
5	RTG	3
6	AGA	256035
6	ATA	18
6	ACA	11
6	CGA	9
6	AKA	5
6	AAA	4
6	ASA	2
7	ATC	255775
7	ATT	266
7	ATY	34
7	ACC	9
7	CTC	5
7	MTC	4
7	AYC	2
7	GTC	2
8	TTC	255942
8	TTT	70
8	CTC	29
8	TTY	25
8	TTA	4
8	TYC	3
8	YTC	3
9	ACA	255984
9	AAA	31
9	GCA	24
9	ATA	20
9	ACT	9
9	AYA	7
9	AMA	3
9	AAT	3
9	RCA	2
9	ACR	2
10	ATT	256033
10	CTT	24
10	ACT	6
10	ATK	4
10	ATY	4
10	RTT	4
10	AYT	3
10	ATA	2
11	GGA	255950
11	GRA	17
11	GCA	12
11	TGA	10
11	GTA	8
11	AAG	6
11	GAA	6
11	GGC	4
11	GSA	4
11	GKA	4
11	CGA	3
11	AGA	3
11	SGA	2
11	TTA	2
12	ACT	255852
12	ATT	94
12	AAT	28
12	AYT	27
12	CAA	6
12	TCT	6
12	ACK	3
12	TTT	2
12	AGT	2
12	ACC	2
12	RCT	2
13	GTA	253644
13	TTA	2283
13	KTA	59
13	ATA	10
13	GCA	6
13	CTA	5
13	TTC	4
13	GTC	3
14	ACT	255566
14	ATT	423
14	ACA	14
14	AYT	8
14	ACK	4
14	ACY	2
15	TTG	255642
15	TTT	348
15	TTC	15
15	TTK	14
15	GTG	8
15	ATT	6
15	CTG	6
15	TCG	4
15	TTR	2
15	TAG	2
16	AAG	255689
16	AAT	319
16	AAA	39
16	AAK	11
16	AMG	4
16	ACG	3
16	AAR	3
16	GAT	2
17	CAA	256002
17	CAC	11
17	CCA	10
17	YAA	6
17	CAG	6
17	CGA	4
17	CTA	3
17	GCT	2
17	TAA	2
18	GGT	255638
18	GTT	217
18	TGT	84
18	AGT	40
18	GAT	27
18	GKT	11
18	KGT	9
18	GGA	8
18	TTT	4
18	GGG	3
18	GGY	3
18	CGT	3
18	GGC	3
18	SGT	2
18	ACT	2
19	GAA	255989
19	GGA	44
19	GAG	13
19	AAA	12
19	RAA	12
19	GAW	7
19	GCA	7
19	TAA	7
19	GAC	6
19	CAA	5
19	GRA	3
19	GTA	3
19	GMA	2
19	GAM	2
19	GAT	2
19	KAA	2
20	ATC	255604
20	ATT	297
20	ACC	180
20	ATY	15
20	AYC	10
20	GTC	4
20	ATM	3
20	AGC	2
20	AWC	2
20	ACT	2
21	AAG	255812
21	AAT	264
21	AAK	25
21	AAA	9
21	GAA	8
21	ACG	4
21	AAC	4
21	CAG	3
21	TTG	2
21	GAG	2
22	GAT	255995
22	TAT	102
22	KAT	22
22	GGT	7
22	GAY	4
22	GAC	3
22	AAT	3
23	GCT	255403
23	GTT	406
23	TCT	238
23	GYT	31
23	KCT	23
23	GCC	13
23	ACT	6
23	SCT	5
24	ACT	256060
24	ATT	65
24	AYT	11
24	ACY	7
24	AAT	5
24	ACC	2
25	CCT	255979
25	CTT	74
25	TCT	54
25	CAT	26
25	CCC	5
25	YCT	5
25	CYT	5
25	CMT	3
26	TCA	255927
26	TTA	105
26	GCA	40
26	TYA	23
26	CCA	21
26	TCG	8
26	TCT	6
26	YCA	2
27	GAT	255533
27	TAT	246
27	CAT	159
27	GAC	145
27	KAT	22
27	GCT	9
27	SAT	5
27	GWT	4
27	GAY	3
27	GTT	3
27	AAT	2
28	TTT	256090
28	TCT	15
28	TTC	10
28	YTT	2
29	GTT	256037
29	TTT	52
29	ATT	16
29	KTT	8
29	GTY	5
29	STT	4
29	GGT	4
29	GTA	3
29	GYT	3
29	CTT	2
30	CGC	256034
30	TGC	32
30	CGT	29
30	CTC	11
30	CKC	9
30	CAC	9
30	YGC	8
30	CRC	5
30	CGY	4
30	AAA	2
30	CGA	2
31	GCT	256001
31	GCC	49
31	ACT	39
31	GTT	17
31	RCT	4
31	GCY	4
31	TCT	3
31	GCA	2
31	KCT	2
31	GYT	2
32	ACT	255976
32	ATT	121
32	GCT	10
32	AYT	8
32	ACA	6
32	AGT	4
32	TCT	2
33	GCA	255890
33	TCA	179
33	KCA	17
33	ACA	8
33	GCT	8
33	GCC	7
33	GCG	6
33	GAA	6
33	GCR	4
33	GCM	2
34	ACG	255078
34	ACT	873
34	GCG	53
34	ATG	29
34	ACA	27
34	ACK	25
34	AYG	10
34	WCG	3
34	RCG	3
34	ACS	2
34	MCG	2
35	ATA	256011
35	ACA	54
35	GTA	8
35	AYA	6
35	TTA	6
35	ATG	4
35	ATT	4
35	AAA	3
35	MTA	2
36	CCG	255828
36	CCT	88
36	CCA	88
36	TCG	37
36	CTG	23
36	CCR	15
36	ACG	8
36	CCC	3
36	CYG	2
37	ATA	256006
37	GTA	22
37	ACA	20
37	TTA	10
37	AYA	7
37	ATT	4
37	CTA	4
37	AAA	2
37	RTA	2
38	CAA	254813
38	CGA	961
38	CCA	179
38	CTA	26
38	GAA	22
38	YAA	8
38	CRA	8
38	CAG	5
38	TAA	5
38	CWA	3
38	AAA	3
38	CAM	3
39	GCC	255859
39	ACC	88
39	GCT	24
39	GTC	18
39	RCC	7
39	GCY	6
39	KCC	4
39	TCC	4
39	GCM	3
39	GYC	3
39	GCA	2
40	TCA	255729
40	TTA	207
40	TYA	37
40	CCA	14
40	ACA	6
40	TCC	6
40	TCM	3
40	YCA	2
41	CTC	255695
41	TTC	199
41	CTT	35
41	ATC	15
41	YTC	14
41	CYC	8
41	CTY	6
41	CCC	6
41	CAC	3
42	CCT	255789
42	CTT	77
42	TCT	29
42	CYT	23
42	CCC	17
42	CCA	8
42	YCT	7
42	CGT	7
42	CCG	6
42	CAT	6
42	MCT	5
42	CCY	5
43	TTC	255008
43	TTT	495
43	TTY	283
43	GTC	102
43	TTA	22
43	CTC	22
43	TCC	16
43	ATC	9
43	TAC	9
43	KTC	5
43	TYC	5
43	YTC	5
44	GGA	255627
44	GTA	338
44	AGA	16
44	GKA	9
44	RGA	7
44	GAA	6
44	GGG	4
44	KGA	4
44	CGA	2
45	TGG	255841
45	TTG	104
45	TGT	22
45	AGG	16
45	TKG	15
45	CGG	5
45	CAG	5
45	TGC	3
46	CTT	255414
46	TTT	575
46	TGT	12
46	CGT	9
46	CTY	6
46	YTT	6
46	ATT	4
46	CTC	2
47	ATT	255935
47	GTT	32
47	ATC	28
47	ATA	6
47	CTT	6
47	RTT	5
47	AYT	5
47	TTT	4
47	AGT	3
47	ATY	2
47	WTT	2
48	GTT	255895
48	TTT	55
48	GGT	27
48	GCT	27
48	KTT	16
48	ATT	11
48	GTC	4
48	GTA	3
48	GKT	3
48	GTY	2
49	GGC	255853
49	AGC	71
49	GTC	52
49	ATC	27
49	TGC	17
49	GAC	10
49	GKC	8
49	GGT	7
49	GRC	5
49	GGY	4
49	GCC	4
49	RGC	2
49	KGC	2
50	GTT	255992
50	GCT	28
50	ATT	26
50	TTT	2
50	GYT	2
50	RTT	2
51	GCA	256035
51	TCA	6
51	ACA	4
51	GTA	4
52	CTT	255661
52	TTT	202
52	ATT	57
52	YTT	25
52	CAT	17
52	CTC	9
52	STT	8
52	CTA	6
52	CTG	3
52	CTY	2
53	CTT	255525
53	TTT	347
53	CAT	66
53	YTT	28
53	ATT	10
53	CTY	5
53	CTC	5
54	GCT	254843
54	TCT	932
54	GTT	99
54	KCT	29
54	ACT	19
54	GCG	18
54	GYT	13
54	TTT	5
54	GHT	3
54	GCK	3
54	CCT	2
54	GCA	2
55	GTT	255665
55	TTT	161
55	GGT	53
55	GTC	22
55	KTT	21
55	CTT	12
55	GCT	5
55	ATT	4
55	GKT	4
55	KKT	3
55	TGT	3
55	GYT	3
55	GTG	3
55	STT	3
55	GTY	2
56	TTT	255953
56	TTC	12
56	TGT	9
56	TCT	8
56	CTT	5
56	TTY	4
56	TTG	3
56	TTK	2
56	GTT	2
57	CAG	187352
57	CAT	67991
57	CAK	287
57	AAA	82
57	CAC	47
57	CAA	23
57	TAT	15
57	YAG	5
57	CAS	3
57	CAR	3
57	CGT	3
58	AGC	255657
58	AAC	196
58	ATC	73
58	AGT	49
58	GGC	10
58	AGY	4
58	CGC	3
58	ARC	3
59	GCT	255894
59	ACT	41
59	GTT	27
59	GYT	14
59	TCT	5
59	GCC	5
59	RCT	4
59	GCG	4
59	KCT	3
59	GCY	2
59	GAT	2
60	TCC	254323
60	TAC	943
60	TCT	638
60	TTC	44
60	TCY	19
60	TYC	8
60	TCM	7
60	TCA	6
60	CCC	5
60	YCC	4
60	WCC	3
60	TMC	3
61	AAA	255862
61	AAC	122
61	ACA	11
61	WAA	3
61	RAA	2
61	AAM	2
61	AAT	2
61	AAG	2
62	ATC	255760
62	ATT	98
62	ACC	76
62	GTC	28
62	AGC	15
62	ATA	15
62	ATY	12
62	AYC	7
62	ATG	3
62	RTC	2
62	ATM	2
63	ATA	255924
63	ACA	73
63	ATT	8
63	GTA	5
63	AYA	4
64	ACC	255530
64	ACT	293
64	ATC	146
64	ACA	18
64	ACY	6
64	AYC	6
64	AMC	4
64	GCC	2
65	CTC	255507
65	CTT	214
65	TTC	91
65	CTY	25
65	CTA	19
65	CTG	17
65	CCC	9
65	YTC	4
65	ATC	3
65	CYC	2
65	MTC	2
66	AAA	255218
66	AAT	62
66	ATA	15
66	AAW	7
66	ACA	4
66	AWA	3
66	RAA	3
66	AAG	3
66	WMA	2
66	ARA	2
67	AAG	255769
67	AAT	95
67	AAC	75
67	AAS	12
67	AAK	7
67	AGG	7
67	RAG	6
67	AAA	5
67	GAG	4
67	AMG	3
67	ARG	3
67	AAR	3
67	ATG	3
68	AGA	255741
68	ATA	117
68	AGG	38
68	AAA	28
68	AKA	11
68	AGC	7
68	RGA	6
68	AGR	6
68	ACA	5
68	ARA	4
68	CGA	3
68	AGT	2
69	TGG	255638
69	TTG	189
69	TGT	88
69	TGK	13
69	TGC	5
69	CGG	4
69	TSG	4
69	KGG	4
69	AGG	3
69	TGS	2
69	TKG	2
69	TCG	2
70	CAA	255935
70	YAA	11
70	CAT	6
70	CTA	3
70	CAG	2
70	CRA	2
71	CTA	255800
71	TTA	178
71	YTA	20
71	TTT	6
71	CYA	4
71	CTG	3
71	MTA	3
71	CTT	3
71	CTR	2
71	ATA	2
72	GCA	255354
72	TCA	568
72	KCA	48
72	GTA	13
72	GCC	8
72	GCT	7
72	ACA	5
72	GYA	4
72	SCA	3
73	CTC	255848
73	CTT	82
73	ATC	27
73	TTC	27
73	CTA	12
73	CTY	10
73	CTM	7
73	YTC	6
73	MTC	4
73	GTC	2
73	CYC	2
74	TCC	254001
74	TCT	1823
74	TTC	160
74	TCY	39
74	TCA	34
74	TYC	32
74	CCC	18
74	YCC	5
74	GCC	5
74	TAC	2
75	AAG	254149
75	AAT	1878
75	AAK	24
75	AGG	22
75	GAG	16
75	AAA	9
75	ATG	5
75	AAR	2
76	GGT	256024
76	AGT	16
76	GKT	5
76	KGT	3
76	GTT	3
76	GGC	3
76	GST	3
76	RGT	2
76	GGG	2
77	GTT	255757
77	TTT	184
77	KTT	69
77	ATT	19
77	GCT	12
77	GTW	3
77	GKT	2
77	GTC	2
77	CTT	2
78	CAC	255187
78	TAC	477
78	CAT	409
78	YAC	59
78	CAY	39
78	AAC	9
78	CAG	7
78	CAA	3
78	GAC	2
78	YAY	2
78	SAC	2
79	TTT	256165
79	TTC	15
79	YTT	4
79	TTY	2
79	TCT	2
80	GTT	256149
80	TTT	18
80	ATT	8
80	KTT	7
80	GCT	7
80	CTT	3
81	TGC	256133
81	TGT	36
81	TTC	13
81	TKC	7
81	TGY	5
81	TRC	3
81	CGC	2
81	TAC	2
82	AAC	256124
82	AAT	65
82	WAC	3
82	TAC	2
82	AMC	2
82	GAC	2
82	AAY	2
83	TTG	256012
83	TTT	148
83	TTC	15
83	TTK	10
83	TCG	6
83	TYG	5
83	TTR	4
84	CTG	255954
84	CTT	152
84	TTG	49
84	YTG	15
84	CTA	14
84	CTK	9
84	ATG	4
85	TTG	253471
85	TTT	136
85	TTC	37
85	TTA	15
85	CTG	14
85	CTA	5
85	TCG	4
85	TTK	4
85	GTG	2
86	TTG	253474
86	TTT	117
86	TTK	29
86	CTG	13
86	CTA	5
86	TTA	5
86	TYG	5
86	TGG	3
86	TCG	2
87	TTT	253540
87	TYT	9
87	TTC	7
87	CTT	6
87	TCT	4
87	TAT	2
88	GTA	253304
88	TTA	127
88	GCA	82
88	KTA	25
88	ATA	18
88	GTT	5
88	GTG	2
89	ACA	253005
89	ATA	312
89	AYA	46
89	ACG	15
89	GCA	8
89	ACW	3
90	GTT	253069
90	TTT	103
90	KTT	31
90	CTT	20
90	GTC	6
90	ATT	6
90	STT	4
91	TAC	252555
91	TAT	390
91	CAC	65
91	TAY	58
91	AAC	5
91	CTC	3
91	YAC	3
92	TCA	250241
92	TTA	204
92	TCT	9
92	TYA	9
92	TCG	5
93	CAC	250116
93	TAC	313
93	YAC	51
93	CAT	32
93	CRC	3
93	GAC	3
93	CMC	2
93	HAC	2
94	CTT	250440
94	TTT	53
94	CTC	37
94	CYT	24
94	YTT	9
94	ATT	6
94	CTY	6
94	CTW	5
94	MTT	4
94	CTK	4
94	CCT	3
94	CTA	2
95	TTG	250669
95	TTT	72
95	TTK	8
95	TTA	5
95	TCG	5
95	TTR	3
95	KTG	2
95	GTG	2
95	YTG	2
96	CTC	250611
96	CTT	64
96	TTC	42
96	CTM	22
96	CTA	9
96	CTY	8
96	CCC	7
96	CAC	6
96	CTS	4
96	CKC	3
96	STC	3
96	CTG	2
97	GTT	250806
97	CTT	14
97	TTT	12
97	ATT	10
97	GCT	10
97	GTY	8
97	GYT	3
97	GTA	3
97	GWT	2
97	GTG	2
98	GCT	250858
98	GTT	53
98	GCC	19
98	TCT	15
98	GCA	10
98	GYT	10
98	ACT	3
98	GMT	3
98	GAT	3
98	GCW	2
98	GCY	2
99	GCT	250107
99	GTT	581
99	TCT	155
99	ACT	58
99	GAT	31
99	GYT	26
99	GCA	20
99	KCT	11
99	GCY	8
99	SCT	6
100	GGC	250408
100	TGC	278
100	GGT	163
100	GTC	80
100	AGC	21
100	GAC	10
100	GGY	7
100	TTC	7
100	KGC	7
100	GRC	5
100	GKC	4
100	CGC	4
100	RGC	3
100	TKC	3
101	CTT	250880
101	TTT	84
101	CTC	7
101	CGT	6
101	YTT	4
101	CCT	4
101	CYT	3
101	CTG	3
101	ATT	2
102	GAA	250966
102	GGA	8
102	GAR	6
102	KAA	5
102	AAA	3
102	CAA	3
102	GMA	3
103	GCC	250431
103	CCC	259
103	TCC	102
103	ACC	71
103	GCT	42
103	GTC	16
103	KCC	7
103	SCC	6
103	RCC	6
103	GCY	5
103	GYC	3
103	GCA	3
103	GMC	2
104	CCT	250466
104	CTT	355
104	TCT	42
104	CYT	21
104	YCT	15
104	CCY	11
104	CCA	7
104	CAA	6
104	CCW	6
104	CCC	6
104	CMT	5
104	YYT	3
104	ACT	2
105	TTT	250953
105	CTT	9
105	TTC	6
105	YTT	5
105	TTG	3
105	TCT	2
105	WTT	2
105	GTT	2
106	CTC	247461
106	CTT	3148
106	TTC	161
106	CTY	124
106	YTC	20
106	CAC	14
106	CYC	5
106	CCC	4
106	ATC	2
106	MTY	2
106	CTM	2
106	TTT	2
106	CTG	2
107	TAT	250712
107	CAT	93
107	TAC	28
107	TTT	6
107	TCT	5
107	KAT	3
107	YAT	2
108	CTT	250420
108	TTT	420
108	YTT	32
108	GTT	9
108	CTA	8
108	CYT	5
108	CCT	4
108	CTY	3
108	STT	3
108	ATT	3
109	TAT	250923
109	TAC	17
109	TGT	17
109	TTT	4
109	TAY	4
109	YAT	2
110	GCT	250242
110	TCT	556
110	GTT	122
110	GYT	22
110	KCT	16
110	GCC	8
110	ACT	6
110	GCY	3
110	GAT	2
111	TTA	250996
111	TCA	8
111	TTG	7
111	WTA	3
111	TWA	2
112	GTC	250542
112	GTT	305
112	TTC	139
112	GTY	27
112	KTC	15
112	GCC	12
112	CTC	9
112	ATC	4
112	GTA	3
113	TAC	250570
113	TAT	468
113	TAY	58
113	CAC	12
113	TWC	4
113	KAC	3
113	TWY	3
114	TTC	251117
114	GTC	31
114	TTT	7
114	YTC	7
114	KTC	3
114	TGC	3
115	TTG	251112
115	CTG	9
115	TTC	6
115	TTT	3
115	ATG	3
115	TCG	2
115	TTA	2
115	TTR	2
116	CAG	251106
116	CAT	17
116	CAA	13
116	YAG	5
116	CAK	3
116	TAG	2
116	CWG	2
117	AGT	251119
117	GGT	17
117	ATT	12
117	AAT	7
117	AGY	4
117	AGC	3
117	ART	2
118	ATA	251299
118	GTA	15
118	ACA	8
118	TTA	6
118	GTT	6
118	RTA	5
118	ACG	4
118	MTA	3
118	AYA	2
119	AAC	251376
119	GAC	13
119	AAY	12
119	AAT	8
119	CAC	7
120	TTT	251228
120	TCT	11
120	TTC	11
120	YTT	6
120	GCT	6
120	TGT	4
120	CTT	3
121	GTA	251242
121	GCA	13
121	TTA	11
121	GTG	7
121	TGC	6
121	GTR	2
122	AGA	251079
122	ATA	165
122	GGA	11
122	AAA	5
122	WGA	3
122	ASA	3
122	GAA	2
123	ATA	251285
123	GTA	19
123	ATT	8
123	AYA	3
124	ATA	251222
124	ATT	8
124	AYA	5
125	ATG	251050
125	ATT	109
125	ATK	10
125	ACG	8
125	ATC	3
125	ATS	3
125	WTG	2
125	TTG	2
126	AGG	250722
126	AGT	368
126	ATG	34
126	AAG	25
126	ARG	22
126	CGG	13
126	AGK	9
126	AGA	8
126	AKG	4
126	GGG	3
126	AGR	2
127	CTT	251140
127	TTT	26
127	YTT	18
127	CTG	14
127	ATT	5
127	CTC	3
127	MTT	2
128	TGG	251036
128	TGT	153
128	TTG	63
128	TKG	9
128	WGG	3
128	TCG	2
129	CTT	251213
129	TTT	152
129	YTT	29
129	CTG	10
129	TTG	7
129	CYT	5
129	MTT	2
130	TGC	251278
130	TGT	108
130	TGY	11
130	AGC	8
130	TKC	6
130	TTC	4
130	YGC	2
130	TCC	2
130	TAA	2
131	TGG	250641
131	TGT	437
131	CGG	183
131	TTG	64
131	TGC	58
131	TGK	16
131	TCG	14
131	TGR	9
131	TGS	6
131	TSR	3
131	KGG	3
131	TRR	3
131	TKG	2
132	AAA	251432
132	AAG	11
132	ATA	4
132	AMA	3
132	ARA	2
132	CAA	2
132	GAA	2
132	AGA	2
133	TGC	251355
133	TGT	69
133	TGY	10
133	TTC	3
133	TCC	3
133	TRC	3
133	TGA	2
133	AGC	2
133	TGM	2
133	TKC	2
133	WGC	2
134	CGT	251146
134	CTT	122
134	TGT	53
134	CAT	25
134	CKT	18
134	YGT	12
134	CGK	12
134	CGA	8
134	AGA	6
134	MGT	5
134	CGY	4
134	CRT	4
134	AGT	3
135	TCC	251740
135	TCT	65
135	TCM	17
135	TCY	16
135	TYC	13
135	TCA	9
135	ACC	8
135	CCC	3
135	TMC	2
136	AAA	251478
136	AAT	89
136	GAA	52
136	AWA	3
136	AAG	3
136	ACA	2
136	AAW	2
137	AAC	251681
137	TAC	81
137	AAT	33
137	AAM	5
137	AAY	4
137	CAC	4
137	AAA	4
137	RAC	4
137	AMC	3
137	WAC	3
138	CCA	251789
138	CCT	10
138	CCR	5
138	CMA	4
138	MCA	4
138	CCG	3
138	CCW	2
139	TTA	251747
139	KTA	6
139	TTW	4
139	YTA	4
139	TYA	3
139	AAA	3
139	TTG	3
140	CTT	251591
140	TTT	85
140	YTT	18
140	CTC	12
140	ATT	6
140	CYT	5
140	GTT	5
140	CTY	3
140	CTW	3
140	ATA	3
141	TAT	251729
141	TGT	18
141	TAC	6
141	TWT	4
141	KAT	3
141	TRT	3
141	TAY	2
142	GAT	251623
142	CAT	42
142	KAT	9
142	GGT	7
142	AAT	6
142	TAT	4
142	GAA	4
142	GAY	3
142	GAC	2
142	SAT	2
143	GCC	251213
143	ACC	244
143	GCT	40
143	TCC	13
143	GTC	7
143	GCY	4
143	GCM	4
143	GYC	3
143	GCA	3
143	KCC	3
143	RCC	2
144	AAC	251154
144	AAT	33
144	GAC	13
144	TAC	7
144	AGC	2
144	AAY	2
145	TAT	251141
145	TAC	38
145	CAT	7
145	TGT	4
145	TAY	3
145	TWT	3
146	TTT	251217
146	TTC	10
146	TAT	6
146	TTW	3
146	TTG	3
146	WTT	3
146	TTY	2
146	TYT	2
147	CTT	251083
147	TTT	137
147	YTT	32
147	CTG	7
147	CYT	6
147	CTK	3
147	CTA	3
148	TGC	251218
148	TGT	53
148	TGY	9
148	TAC	6
148	AGC	4
148	TRC	3
148	TSC	3
148	TKC	2
148	TGM	2
148	TTC	2
149	TGG	251298
149	TTG	18
149	TGT	13
149	TKG	5
149	YGG	3
149	CGG	3
150	CAT	251374
150	CAC	10
150	CAY	5
150	TAT	5
150	CGT	5
150	CCT	2
151	ACT	251041
151	ATT	357
151	AYT	20
151	RCT	4
151	ACC	4
151	GCT	3
151	ACY	3
151	ACG	3
151	AMT	2
152	AAT	251421
152	RAT	5
152	AAG	3
152	AGT	3
152	ATT	3
152	AAA	3
152	AAC	2
152	GAT	2
153	TGT	251333
153	TGC	17
153	TAT	12
153	TKT	7
153	TST	4
153	TGW	2
154	TAC	251135
154	TAT	75
154	CAC	13
154	TAY	13
154	TGC	6
154	AAC	2
154	WAC	2
155	GAC	250846
155	TAC	319
155	CAC	43
155	KAC	25
155	GAY	5
155	SAC	4
155	AAC	3
155	GAT	2
155	RAC	2
156	TAT	250916
156	TGT	286
156	TAK	6
156	TRT	6
156	TAC	5
156	CAT	3
157	TGT	251299
157	TKT	3
158	ATA	251126
158	GTA	112
158	ATT	9
158	ACA	5
158	AYA	4
158	ATM	2
158	MTA	2
158	ATG	2
159	CCT	251010
159	TCT	55
159	CYT	20
159	YCT	17
159	CCA	13
159	CHT	3
159	CTT	3
159	CCY	3
160	TAC	251099
160	TAT	36
160	CAC	9
160	TAY	4
161	AAT	251085
161	ACT	5
161	RAT	3
161	ART	2
162	AGT	250226
162	AGC	435
162	AGY	12
162	RGT	8
162	AKT	3
162	ATT	2
162	ART	2
163	GTA	250148
163	ATT	425
163	TTA	71
163	KTA	18
163	RTW	10
163	ATA	7
163	GTT	4
163	ACA	2
164	ACT	250641
164	AYT	5
164	ACW	4
164	ACA	3
164	AAT	2
165	TCT	250320
165	TTT	217
165	TYT	41
165	GCT	6
165	TCC	6
165	CCT	4
165	ATT	3
165	TCY	2
165	TGT	2
166	TCA	250041
166	TTA	548
166	TYA	23
166	YCA	3
166	TCC	3
167	ATT	250495
167	CTT	6
167	RTT	4
167	ATY	3
167	AAT	2
168	GTC	250518
168	GTT	19
168	GCC	5
168	ATC	4
168	GTY	3
168	RTC	2
168	KTC	2
169	ATT	250522
169	ATC	38
169	GTT	6
169	ATY	5
169	AYT	4
169	TTT	3
169	AWT	2
170	ACT	250211
170	ACW	374
170	ACA	12
170	ACC	9
170	RCT	5
170	TCT	3
170	TGT	2
170	ACG	2
171	TCA	250207
171	TTA	626
171	TYA	40
171	TCC	8
171	YCA	5
171	TCT	3
171	CCA	2
172	GGT	244550
172	GTT	4536
172	CGT	924
172	GGW	369
172	TGT	301
172	GKT	51
172	SGT	44
172	KGT	16
172	GAT	14
172	RGT	10
172	AGT	9
173	GAT	250872
173	GGT	237
173	TAT	31
173	GTT	16
173	GRT	4
173	GCT	3
173	GWT	3
173	GAC	3
173	AAT	2
174	GGC	252023
174	GSC	363
174	TGC	105
174	GAC	79
174	GTC	8
174	GRC	3
174	AGC	2
174	GKC	2
174	RGC	2
174	KGC	2
174	GGY	2
175	ACA	251951
175	ATA	631
175	AYA	105
175	ACG	34
175	AAA	8
175	ACT	6
175	ASA	3
175	ACW	2
175	RCA	2
175	AMA	2
175	CCA	2
176	ACA	252593
176	ATA	317
176	AYA	38
176	CCA	4
176	ASA	3
176	MCA	3
176	GCA	2
176	ACT	2
177	AGT	252864
177	ATT	120
177	AAT	8
177	AGY	5
177	AGC	4
177	AST	3
177	GGT	2
178	CCT	253135
178	TCT	11
178	CTT	10
178	CCC	7
178	CYT	4
178	CMT	2
179	ATT	255574
179	ACT	9
179	ATG	4
179	GTT	3
179	AYT	2
179	ATY	2
179	WTT	2
180	TCT	255535
180	CCT	37
180	TTT	13
180	ACA	13
180	TAT	11
180	YCT	8
180	TCC	6
180	TCY	5
180	TYT	2
181	GAA	255617
181	GGA	14
181	KAA	12
181	GAC	6
181	AAA	2
181	SAA	2
182	CAT	254600
182	TAT	925
182	YAT	103
182	CGT	34
182	CTT	15
182	CAW	2
183	GAC	255674
183	AAC	19
183	GAT	7
183	GAA	6
183	GGC	5
183	KAC	5
183	TAC	4
184	TAC	255743
184	CAC	19
184	YAC	3
184	TGC	3
184	TAT	3
184	TAY	3
185	CAG	254733
185	CAT	609
185	CAC	293
185	CAA	40
185	CAK	38
185	CAS	9
185	AAG	9
185	CGG	6
185	CTG	3
185	GAG	2
186	ATT	255635
186	GTT	43
186	ACT	15
186	ATY	5
186	ATW	3
186	AAT	3
186	ATC	2
186	RTT	2
187	GGT	255671
187	TGT	18
187	KGT	6
187	SGT	6
187	KKT	3
187	AGT	3
187	GGC	3
187	GGY	3
187	GRT	3
187	GKT	2
187	GGA	2
188	GGT	255613
188	GGC	33
188	GTT	16
188	TGT	8
188	GAT	7
188	AGT	7
188	GKT	5
189	TAT	255624
189	TGT	35
189	TAC	23
189	CAT	9
189	YAT	8
189	TAY	4
189	TAW	3
190	ACT	255529
190	AYT	45
190	ATT	17
190	ACG	11
190	TTT	7
190	GCT	3
190	ACY	2
190	AST	2
191	GAA	255419
191	GGA	82
191	AAA	66
191	GAG	11
191	GCA	9
191	RAA	8
191	GAC	2
192	AAA	255548
192	AAG	14
192	GAA	9
192	AAR	6
192	CAA	3
192	ARA	2
193	TGG	254260
193	TTA	133
193	CGG	37
193	TGT	17
193	TTG	16
193	YGG	4
193	AGG	4
193	WGG	2
193	TKG	2
194	GAA	254320
194	AAA	56
194	GAG	50
194	RAA	9
194	GGA	4
194	GAR	4
194	GMA	3
194	CAA	3
195	TCT	254220
195	TAT	130
195	TMT	12
195	TYT	11
195	TTT	10
195	CCT	7
195	TCC	3
195	TCY	2
196	GGA	252091
196	GTA	2268
196	AGA	38
196	GKA	20
196	GGT	19
196	GGC	18
196	GGG	4
196	KGA	3
196	RGA	2
196	GAA	2
197	GTA	254453
197	TTA	21
197	GTT	8
197	GTG	5
197	GWA	4
197	ATA	4
197	GTR	4
197	KTA	3
197	GYA	2
198	AAA	254358
198	AAT	161
198	CAA	6
198	AAW	5
198	AAR	5
198	ATA	4
198	AGA	4
198	AAD	3
198	WAA	2
198	AAG	2
199	GAC	253924
199	TAC	61
199	KAC	24
199	GAT	19
199	GAY	4
199	GMC	2
199	RAC	2
200	TGT	253738
200	TTT	5
200	TGC	5
200	TGY	4
200	TKT	4
200	YGT	2
200	AGT	2
201	GTT	253608
201	ATT	33
201	KTT	5
201	GCT	2
201	GTW	2
201	GTK	2
201	GTH	2
201	GYT	2
201	GKT	2
202	GTA	252520
202	TTA	1105
202	ATA	105
202	GTG	30
202	KTA	22
202	CTA	11
202	ACA	6
202	GYA	4
202	GTW	4
202	STA	3
202	GCA	3
202	GTR	3
202	RTA	2
203	TTA	253878
203	CTA	6
203	YTA	4
204	CAC	253849
204	AAC	22
204	CAT	19
204	YAC	8
204	CAA	5
204	TAC	5
205	AGT	253869
205	GGT	7
205	AGC	7
205	ACT	4
205	AGG	3
206	TAC	253821
206	TAT	133
206	TAY	12
206	CAC	10
206	TGC	6
206	TCT	3
206	TRC	3
206	TWC	2
207	TTC	253540
207	TTT	342
207	TTG	77
207	TTY	16
207	CTC	11
207	TYC	3
207	TAC	2
207	TTA	2
207	YTC	2
208	ACT	253953
208	ACA	8
208	GCT	6
208	AAT	5
208	AYT	3
208	ATT	3
208	ACW	2
209	TCA	253942
209	TCG	20
209	GCA	10
209	TCC	10
209	TTA	8
209	TCR	4
209	CCA	3
209	ACA	3
209	TCT	2
210	GAC	253588
210	GAT	324
210	TAC	69
210	GAY	14
210	GCC	11
210	GAA	7
210	AAC	4
210	KAC	4
210	GAG	3
210	GGC	2
210	GRC	2
211	TAT	253983
211	TAC	11
211	TGC	6
211	CAT	5
211	TTT	5
211	TGT	4
211	TCT	2
212	TAC	253633
212	TAT	343
212	TAY	13
212	TAS	3
212	TWC	2
213	CAG	253632
213	AAG	279
213	CAT	58
213	MAG	22
213	YAG	10
213	CAA	4
213	CAK	3
213	CAR	3
213	CGG	2
214	CTG	253967
214	CTA	11
214	TTG	10
214	CYG	2
215	TAC	253985
215	TAT	11
215	CAC	5
215	TAY	4
216	TCA	253954
216	CCA	31
216	TCT	12
216	TCG	7
216	TMA	4
216	TTA	3
216	ACA	2
217	ACT	254001
217	ATT	42
217	AYT	12
217	ACA	8
217	ACY	4
217	AMT	4
217	GCT	3
217	AAT	2
217	ACC	2
218	CAA	253995
218	CGA	54
218	YAA	10
218	SAR	9
218	GAA	3
218	CTA	3
218	MAA	3
218	TAA	3
219	TTG	252937
219	GTG	1017
219	TTT	80
219	KTG	42
219	CTT	6
219	TCG	6
220	AGT	254070
220	AGC	15
220	AAT	12
220	AGY	3
220	TGT	3
220	AKT	2
220	ART	2
221	ACA	254109
221	AYA	7
221	ACG	6
221	ATA	4
222	GAC	253943
222	GAT	173
222	GAY	25
222	TAC	21
222	GGC	8
222	AAC	4
222	SAC	3
222	GCC	3
223	ACT	251454
223	ATT	2736
223	AYT	44
223	GCT	10
223	AAT	8
224	GGT	253624
224	TGT	700
224	GTT	41
224	KGT	18
224	GGC	8
224	CGT	7
224	GKT	5
224	AGT	4
224	SGT	2
225	GTT	254277
225	TTT	94
225	GCT	35
225	KTT	9
225	CTT	7
225	GTC	5
225	GTY	2
225	ATT	2
226	GAA	254373
226	GGA	104
226	GRA	7
226	GAG	5
226	AAA	4
227	CAT	254456
227	TAT	6
227	CAC	5
227	CTT	5
227	AAT	3
227	CRT	2
227	CAY	2
228	GTT	254416
228	GTC	42
228	GTA	18
228	GCT	7
228	ACT	6
228	STT	4
228	GTY	2
229	ACC	253997
229	ATC	308
229	AYC	166
229	ACT	19
229	ACY	5
230	TTC	254458
230	TTT	14
230	TYC	6
230	GTC	4
230	TTG	3
230	TTY	2
231	TTC	254472
231	TTT	5
231	TTY	5
231	TCC	3
231	GTC	2
231	TGC	2
232	ATC	253914
232	ATT	547
232	GTC	14
232	ATY	11
232	ACC	8
232	TTC	4
232	AYC	3
233	TAC	254519
233	TAT	6
233	TAY	4
233	TGC	3
234	AAT	254387
234	AAC	110
234	AGT	10
234	AAY	4
235	AAA	254589
235	AGA	7
235	ARA	6
235	AAG	3
235	AWA	2
236	ATT	254581
236	ATC	8
236	TTT	5
236	ATA	4
236	ATW	3
236	ACT	2
236	GTT	2
236	CTT	2
236	AWT	2
236	AGT	2
237	GTT	254568
237	GCT	21
237	TTT	20
237	GTA	8
237	GTG	6
237	ATT	4
237	KTT	3
237	GTC	2
238	GAT	254511
238	TAT	15
238	GAC	9
238	GGT	6
238	GAG	3
238	GAY	3
238	RAT	3
238	AAT	3
238	KAT	2
239	GAG	254451
239	GAT	75
239	GAA	13
239	GGG	8
239	AAG	8
239	GAK	6
239	KAG	5
239	GTG	3
239	TAG	3
239	GAC	2
240	CCT	253951
240	TCT	442
240	CTT	160
240	CYT	32
240	YCT	18
240	CCA	10
240	CCC	7
240	CAT	6
240	CCY	4
240	CST	3
240	SCT	2
240	MCT	2
241	GAA	254602
241	CAA	9
241	TAA	7
241	GAG	5
241	GRA	4
241	GGA	4
241	GAC	3
241	GTA	3
241	GAT	2
241	AAA	2
242	GAA	254689
242	TAA	14
242	GAC	6
242	GAG	5
242	AAA	4
242	RAA	3
242	SAA	3
242	GCA	3
242	CAA	2
242	KAA	2
242	GRA	2
243	CAT	254714
243	CGT	5
243	CAY	4
243	YAT	4
243	CWT	3
243	CMT	3
243	TAT	2
243	CAK	2
244	GTC	254531
244	GTT	65
244	GTY	11
244	GCC	8
244	ATC	5
244	KTC	3
244	RTC	2
245	CAA	254585
245	CTA	6
245	TAA	5
245	CWA	4
245	CGA	3
245	CCA	3
245	CAT	3
245	AAA	2
246	ATT	254506
246	ATC	97
246	GTT	8
246	ATY	5
246	ATA	2
246	AGT	2
247	CAC	254556
247	TAC	28
247	CAT	19
247	YAC	9
247	CAY	5
248	ACA	254617
248	AYA	5
248	ATA	3
248	AMA	3
248	RCA	2
249	ATC	254512
249	ATT	120
249	ATY	7
249	AYC	3
249	MTC	3
250	GAC	254626
250	GAT	7
250	GAY	4
250	KAC	3
250	AAC	2
251	GGT	247627
251	GTT	6720
251	GKT	168
251	AGT	56
251	GAT	25
251	TGT	15
251	GGC	9
251	KGT	7
251	RGT	4
252	TCA	254589
252	TCG	42
252	CCA	13
252	TCT	6
252	TTA	4
252	TYA	2
253	TCC	254092
253	TCT	420
253	CCC	54
253	TTC	42
253	TCA	38
253	TCY	16
253	YCC	7
253	TYC	2
254	GGA	254290
254	TGA	104
254	AGA	84
254	GTA	63
254	RGA	8
254	KGA	5
254	SGA	4
254	GKA	4
254	GGC	4
254	GGR	3
254	GGT	3
254	CGA	3
254	GRA	2
254	GGM	2
254	GAA	2
255	GTT	254136
255	TTT	33
255	GYT	8
255	GTK	7
255	KTT	7
255	GTD	6
255	RTT	3
255	GCT	2
256	GTT	254153
256	GTC	107
256	TTT	56
256	KTT	13
256	GTA	10
256	ATT	5
256	GTW	4
256	GCT	3
256	GTY	2
257	AAT	253552
257	AGT	774
257	GAT	60
257	AAC	13
257	ART	6
257	TAT	4
257	AAY	3
257	AAA	3
257	WAT	2
258	CCA	254486
258	TCA	22
258	CTA	16
258	CYA	8
258	CCT	4
258	CAA	2
258	YCA	2
258	CMA	2
259	GTA	254472
259	TTA	37
259	GCA	17
259	ATA	12
259	KTA	10
259	GAA	9
259	CTA	3
259	STA	2
260	ATG	254486
260	AAG	44
260	ATT	39
260	ATA	14
260	ACG	5
260	GTG	5
260	ATS	3
260	WTG	2
260	TTG	2
260	AWG	2
260	CTG	2
260	ATK	2
261	GAA	254496
261	TAA	55
261	AAA	12
261	GCA	8
261	GAT	6
261	RAA	3
261	KAA	3
261	GWA	2
262	CCA	254472
262	CTA	39
262	TCA	38
262	YCA	12
262	CCT	8
262	CYA	4
262	MCA	4
263	ATT	254545
263	ACT	16
263	GTT	11
263	AYT	9
263	WTT	7
263	ATC	7
263	ATG	4
263	ATA	3
264	TAT	254509
264	TGT	77
264	CAT	10
264	TAC	8
264	YAT	4
264	YMK	3
265	GAT	254534
265	GAC	43
265	KAT	6
265	GAA	6
265	TAT	6
265	GGT	2
266	GAA	254545
266	GAG	6
266	KAA	4
266	GGA	3
266	CAA	3
266	AAA	2
266	GAR	2
267	CCG	254485
267	CTG	38
267	CCT	14
267	TCG	12
267	CYG	7
267	YCG	7
267	CCK	4
267	ACG	3
267	CCA	3
267	CAG	3
267	CCR	2
268	ACG	254411
268	ATG	97
268	AYG	21
268	ACT	13
268	ACA	7
268	ACC	6
268	WCG	6
268	ACK	4
268	AAG	3
268	GCG	2
269	ACG	254301
269	ATG	104
269	ACT	104
269	AYG	25
269	ACK	16
269	ACA	12
269	TCG	4
269	ACS	3
269	WCG	3
269	CCG	2
270	ACT	254793
270	ATT	15
270	AYT	6
270	ACK	4
270	ACY	4
271	ACT	254722
271	ATT	52
271	AYT	25
271	ACC	8
271	ACY	4
271	AGT	2
272	AGC	255735
272	AGT	57
272	AGY	26
272	TGC	9
272	ATC	8
272	WGC	3
272	ARC	2
272	AGM	2
273	GTG	255517
273	GTT	152
273	TTG	28
273	GTK	9
273	ATG	8
273	CTG	6
273	GTS	6
273	GKG	3
273	GYG	3
274	CCT	255639
274	CCA	12
274	TCT	6
274	CTT	6
274	YCT	4
274	CMT	3
274	CAG	3
274	CYT	3
274	CCY	2
275	TTG	255399
275	TTT	132
275	TTK	6
275	TTA	5
275	TTR	4
275	GTG	3
275	TCG	3
276	TAA	255663
276	TWA	3

#WUHAN19|ORF6
1	ATG	256688
1	ATT	36
1	ATK	12
1	AYG	3
2	TTT	256658
2	TCT	27
2	TTC	16
2	TTY	4
2	CTT	2
3	CAT	256546
3	TAT	52
3	YAT	34
3	CAC	24
3	CAY	9
3	CTT	6
3	GAT	3
3	MAT	2
3	CGT	2
4	CTC	255999
4	CTT	310
4	CCC	259
4	CTY	43
4	MTC	7
4	TTC	5
4	ATC	5
4	CTG	5
4	CTM	3
4	CAC	3
4	CTS	2
4	YTC	2
5	GTT	256523
5	TTT	43
5	ATT	19
5	RTT	17
5	KTT	3
5	GTA	3
5	GTY	2
6	GAC	256478
6	AAC	57
6	TAC	24
6	GAY	21
6	GAT	15
6	KAC	5
6	GRC	3
6	GGC	2
7	TTT	256421
7	CTT	42
7	TTC	29
7	TCT	9
7	TYT	7
7	TTY	4
7	YTT	3
7	ATT	2
8	CAG	256420
8	CCG	39
8	TAG	15
8	CAT	8
8	CAK	8
8	CGG	8
8	CRG	6
8	YAG	5
8	CAA	5
8	SAG	3
8	MAG	2
9	GTT	256409
9	TTT	43
9	GTA	34
9	KTT	10
9	GTW	4
9	GTC	2
10	ACT	256464
10	ATT	19
10	AYT	6
10	AST	3
10	ACC	3
10	ACA	2
11	ATA	256460
11	ACA	21
11	GTA	5
11	AYA	4
11	ATT	4
11	AGA	2
12	GCA	256421
12	GCG	34
12	GCT	7
12	GYA	6
12	RCA	6
12	KCA	5
12	ACA	5
12	GTA	3
12	GCR	2
13	GAG	256355
13	GAT	42
13	TAG	19
13	GAK	8
13	GAC	6
13	RAG	5
13	GTG	3
13	GAR	3
13	GGG	2
13	AAG	2
14	ATA	256396
14	GTA	14
14	ACA	12
14	AGA	2
15	TTA	256403
15	TTG	8
15	CTT	7
15	TYA	7
15	CTA	7
15	TTR	4
15	TTC	3
15	TTW	2
16	CTA	256176
16	TTA	122
16	YTA	20
16	ATA	7
16	ATT	6
16	TCA	3
16	CTW	2
16	CCA	2
16	GTT	2
16	CWA	2
17	ATT	255690
17	ACT	14
17	TTT	10
17	ATC	8
17	ATY	4
17	AYT	2
18	ATT	255681
18	GTT	23
18	AKT	5
18	RTT	2
19	ATG	255673
19	ATK	8
19	ATT	8
19	ATA	3
19	TTG	3
20	AGG	255391
20	AGT	102
20	AGA	30
20	AGK	12
20	AAG	7
20	ATG	5
20	AKG	4
20	AGR	3
20	AGS	2
20	GGG	2
20	CGG	2
21	ACT	255346
21	ACG	74
21	ATT	44
21	AAT	11
21	AYT	8
21	ACK	4
21	ACY	3
21	ACC	3
21	GCT	2
22	TTT	255340
22	TTC	15
22	YTT	4
22	HTT	3
22	GTT	2
23	AAA	255321
23	AGT	24
23	AAG	9
23	WAA	6
23	TAA	4
23	AAR	3
24	GTT	255220
24	TTT	88
24	ATT	13
24	KTT	4
24	GCT	3
24	RTT	3
25	TCC	255263
25	TCT	36
25	TCY	9
25	TTC	5
25	TCA	4
25	YCC	3
25	WCC	3
25	GCC	2
25	TAC	2
25	TCG	2
26	ATT	255258
26	ATG	35
26	GTT	17
26	WTT	3
26	AYT	3
26	ATC	3
26	RTT	3
26	AAT	2
27	TGG	254965
27	TTG	283
27	GGG	29
27	TKG	12
27	TGA	10
27	TGR	9
27	CGG	6
27	TRG	3
27	TSG	3
27	TGT	2
27	AGG	2
28	AAT	255494
28	AAC	39
28	RAT	4
28	ART	3
29	CTT	255572
29	TTT	8
29	GTT	4
29	CTA	3
29	CYT	2
29	CTC	2
30	GAT	255578
30	TAT	11
30	GAC	8
30	KAT	7
30	AAT	4
30	GAY	3
30	RAT	3
30	GRT	2
31	TAC	255332
31	TAT	326
31	TAY	48
31	CAC	16
31	TGC	3
32	ATC	255459
32	ATT	233
32	ACC	38
32	ATY	36
32	GTC	20
32	TTC	4
32	ATA	4
33	ATA	255019
33	ACA	742
33	TTA	14
33	ATT	6
33	AYA	4
33	AWA	3
33	ATR	2
33	GTA	2
33	CTA	2
33	ATC	2
34	AAC	255780
34	AAT	15
34	AAA	11
34	AAY	7
34	AGC	6
34	WAC	3
34	ARC	2
35	CTC	255688
35	CGC	11
35	TTC	5
35	CTT	2
36	ATA	255660
36	CTA	25
36	ACA	5
36	AYA	5
36	GTA	5
36	TTA	4
36	ATM	3
37	ATT	255677
37	ACT	5
37	ATW	3
37	ATC	2
37	AYT	2
38	AAA	255678
38	AAR	5
38	AWA	3
38	AAT	3
38	RAA	3
38	AAG	2
39	AAT	255616
39	AAA	58
39	AGT	11
39	AAW	8
39	CAT	7
39	AAC	5
39	ACT	5
39	TAT	3
39	ATT	2
39	AAY	2
40	TTA	255158
40	CTA	504
40	YTA	40
40	TTG	9
40	TCA	2
41	TCT	255692
41	TTT	34
41	TYT	16
41	YCT	5
41	TCG	5
41	CCT	3
41	GCT	3
42	AAG	255623
42	AAT	95
42	AGG	10
42	AAK	8
42	AAA	6
42	AAS	5
42	TAG	3
42	AAC	3
43	TCA	255738
43	CCA	13
43	CCT	7
43	TYA	5
43	TCT	4
43	GCA	4
43	TCG	2
43	TCR	2
43	YCA	2
43	TCC	2
44	CTA	255734
44	TTA	33
44	YTA	7
44	CYA	4
44	CTM	3
44	CTT	3
45	ACT	255751
45	ATT	9
45	AYT	7
45	ACG	3
45	ACC	2
45	ACW	2
46	GAG	255746
46	GAA	15
46	GGG	9
46	DAG	3
46	GAK	3
46	GTG	2
46	KAG	2
46	GAR	2
47	AAT	255681
47	AAC	118
47	AGT	6
47	AAY	5
47	CAG	4
47	ACT	3
47	ATT	2
47	AAW	2
47	ART	2
48	AAA	255804
48	GAA	7
48	AGA	5
48	RAA	3
48	WAA	2
48	AAT	2
48	ATT	2
49	TAT	255784
49	TAC	25
49	CAT	9
49	TGT	5
49	TTT	3
49	YAT	2
50	TCT	255813
50	TCG	4
50	TAT	4
50	TMT	4
50	TYT	2
50	TCC	2
50	CCT	2
51	CAA	255811
51	CAG	28
51	MAA	15
51	CAC	7
51	CAR	7
51	YAA	3
51	CTA	2
51	AAA	2
51	CCA	2
52	TTA	255893
52	CTA	4
52	TTG	3
53	GAT	255748
53	GGT	109
53	TAT	59
53	GAC	10
53	KAT	5
53	GAY	4
53	GTT	3
54	GAA	255869
54	TAA	5
54	GAG	3
54	KAA	3
54	GWA	3
54	GAC	2
54	GGA	2
55	GAG	255675
55	TAG	62
55	GAK	46
55	GAT	37
55	CAG	10
55	KAG	6
55	GAS	5
55	GAA	3
55	GAR	3
55	SAG	2
55	GAC	2
55	GGG	2
56	CAA	255846
56	TAA	8
56	YAA	5
56	CAG	5
56	CAT	2
57	CCA	256268
57	CTA	101
57	CYA	12
57	CCT	7
57	YCA	6
57	CCW	5
57	CMA	4
58	ATG	256379
58	ACG	13
58	ATT	9
58	TTG	7
58	ATK	5
58	GTG	4
58	AYG	2
58	RTG	2
59	GAG	256372
59	GAT	10
59	KAG	5
59	CAG	4
59	TAG	4
59	GGG	2
59	GAA	2
60	ATT	256335
60	GTT	13
60	RTT	9
60	AKT	8
60	ACT	8
60	ATA	7
60	CTT	4
60	WTT	4
60	ATY	3
60	ATC	2
61	GAT	254859
61	GAC	1130
61	CTC	178
61	TAT	86
61	GAY	59
61	CAT	40
61	SWY	26
61	KAT	11
61	AAT	7
61	GWT	4
61	CAC	3
61	CTT	2
62	TAA	256485
62	TGA	5
62	TAG	3
62	WAA	2
62	TWA	2

#WUHAN19|ORF7a
1	ATG	256454
1	ATT	24
1	ATR	12
2	AAA	256518
2	AGA	6
2	GAA	5
2	AAC	5
2	AAR	4
2	ARA	4
2	RAA	3
2	AAG	2
3	ATT	256499
3	ATC	17
3	GTT	12
3	ACT	8
3	WTT	6
3	CTT	3
3	AWW	2
3	ATY	2
3	TTT	2
4	ATT	256451
4	GTT	23
4	TTT	9
4	AAT	6
4	ATC	6
4	ACT	4
4	MTT	3
4	AGT	3
4	RTT	2
4	AYT	2
5	CTT	256389
5	TTT	44
5	YTT	17
5	CYT	10
5	CTC	10
5	ATT	7
5	CTY	4
5	CCT	4
5	STT	4
6	TTC	256173
6	CTC	299
6	TTY	8
6	YTC	7
6	TTT	6
6	TCC	4
7	TTG	256486
7	GTG	6
7	TTA	4
7	CTG	3
7	GTA	3
7	TTT	3
7	TAG	2
7	YTG	2
8	GCA	256226
8	ACA	176
8	TCA	47
8	GTA	31
8	GAA	11
8	GCG	9
8	GCC	3
8	GYA	2
8	RCA	2
9	CTG	256453
9	TTG	16
9	CTA	11
9	TTA	6
9	YTG	5
9	CTT	4
9	ATG	3
9	CCT	3
9	CCG	3
10	ATA	256483
10	ACA	17
10	GTA	13
10	GTT	6
10	CTA	6
11	ACA	256436
11	ATA	53
11	ACT	13
11	ACG	9
11	GCA	6
11	AYA	4
11	WCA	3
11	AAA	3
11	CCA	2
11	AMA	2
11	ACR	2
11	AGA	2
12	CTC	256376
12	CTT	33
12	CCC	20
12	TTC	8
12	CTY	6
12	TTT	6
12	ATC	4
12	CAC	3
12	CTA	3
12	CYC	2
13	GCT	256351
13	ACT	43
13	GTT	12
13	GCC	8
13	GCY	7
13	RCT	7
13	KCT	4
13	TCT	3
13	GAT	2
13	CAG	2
14	ACT	255524
14	ATT	770
14	AYT	69
14	ACA	8
14	GCT	6
14	AMT	3
14	ACC	2
15	TGT	256149
15	TGC	33
15	TTT	9
15	TAT	4
15	TGW	3
15	YGT	2
15	GCC	2
16	GAG	256079
16	GAT	61
16	GAA	7
16	KAG	5
16	GAK	4
16	GMG	3
16	GAC	3
16	GWG	3
16	GGC	2
16	AAG	2
16	GGG	2
17	CTT	256097
17	TTT	39
17	YTT	12
17	CTC	10
17	CGT	6
17	CYT	5
17	CKT	4
17	TAC	2
18	TAT	256107
18	TAC	58
18	TGT	6
18	TAY	3
18	TAW	3
18	AAC	2
19	CAC	256174
19	CAT	17
19	CGC	7
19	YAC	6
19	CRC	3
19	CAA	3
19	CAG	2
19	CTG	2
20	TAC	256173
20	AAC	14
20	TAT	9
20	TGC	8
20	CAC	7
20	TAY	4
20	YAC	4
20	GAC	3
20	KAC	3
20	WAC	2
20	TRC	2
21	CAA	255923
21	CGA	305
21	CAG	13
21	TAA	6
21	CAR	4
21	CRA	4
22	GAG	256214
22	GAT	56
22	GAA	14
22	GAK	7
22	AAG	5
22	TAG	2
22	GRG	2
23	TGT	256240
23	TTT	23
23	CGT	16
23	TKT	4
23	TGY	3
23	AGT	3
23	TGC	2
23	TST	2
24	GTT	256203
24	TTT	70
24	ATT	16
24	KTT	12
24	CTT	10
24	STT	6
24	RTT	5
24	GTG	3
24	GCT	2
25	AGA	256242
25	ATA	51
25	ACA	17
25	ARA	7
25	ASA	6
25	AAA	4
25	TCA	2
25	AGG	2
26	GGT	256334
26	GAT	6
26	GGC	4
26	GKT	4
26	SGT	3
26	GGY	3
26	AGT	3
26	RGT	2
26	CGT	2
26	KGT	2
27	ACA	256467
27	GCA	14
27	ACW	3
27	ACG	3
27	CCG	2
28	ACA	256227
28	ATA	217
28	AYA	35
28	ACT	8
28	ACR	5
28	ACC	4
28	TAA	2
29	GTA	256359
29	TTA	100
29	KTA	12
29	GTR	3
29	GCA	2
29	CTC	2
30	CTT	256321
30	CTC	87
30	YTT	14
30	CTA	7
30	TTT	3
30	CYT	3
30	MTT	2
30	CGA	2
30	CCT	2
30	CTY	2
31	TTA	256244
31	CTA	181
31	ATA	9
31	TTW	8
31	TTT	7
31	TKA	3
31	YTA	3
31	TTG	3
31	TCC	2
32	AAA	256402
32	AAT	27
32	AAG	27
32	ATA	15
32	AAR	14
32	AGA	4
32	AAC	2
33	GAA	256449
33	KAA	13
33	AAA	8
33	GGA	7
33	GRA	5
33	TAA	2
34	CCT	256200
34	CTT	110
34	TCT	93
34	CYT	23
34	ACT	16
34	YCT	14
34	CCC	6
34	CCA	6
34	CAT	5
34	CCG	4
34	CCY	4
34	CST	2
34	TTG	2
35	TGC	256415
35	TGT	28
35	TTC	8
35	YGC	7
35	TAC	4
35	AGC	4
35	TSC	3
35	TCC	2
35	TGY	2
35	TGA	2
36	TCT	256248
36	CCT	178
36	TTT	18
36	TCG	11
36	TCC	5
36	KCT	4
36	TGA	2
36	TCY	2
36	TMT	2
37	TCT	256328
37	TTT	45
37	TYT	22
37	ACT	19
37	TCC	19
37	TCA	12
37	TAT	7
37	TCY	3
37	GCG	2
37	GCT	2
37	TMT	2
38	GGA	256116
38	GTA	106
38	GKA	100
38	GAA	75
38	TGA	19
38	KGA	17
38	GCA	15
38	AGA	11
38	GGG	6
38	CGA	6
38	GSA	4
38	GBA	3
38	GRA	3
38	GGR	3
38	GTG	2
39	ACA	256286
39	ATA	198
39	AYA	70
39	AAA	15
39	ACT	11
39	ACW	5
39	ACG	4
39	ACR	3
39	WCA	3
40	TAC	247640
40	TAT	899
40	TAY	27
40	CAC	18
40	YAC	3
40	ATG	2
41	GAG	248343
41	TAG	17
41	GAA	16
41	KAG	13
41	GGG	8
41	GAT	7
41	AAG	7
41	GAK	6
41	GAR	3
41	GGC	2
42	GGC	248217
42	GGM	4
42	GAC	4
42	AGC	3
42	RGC	3
42	GTT	3
42	GRC	2
42	TGC	2
42	TGA	2
42	GGA	2
43	AAT	247670
43	AAC	15
43	GGT	7
43	TAT	5
43	AGT	4
43	ART	3
43	AAY	2
43	AGA	2
44	TCA	246500
44	TCG	53
44	TTA	15
44	TYA	11
44	YCA	7
44	ACA	2
44	TCC	2
44	TCT	2
44	CCA	2
45	CCA	236415
45	CTA	64
45	CGA	51
45	CCM	18
45	CYA	17
45	TCA	14
45	YCA	12
45	CCT	7
45	CSA	4
45	CMA	3
45	CCV	3
45	ACA	3
45	CAA	3
45	CCW	3
45	GAA	2
46	TTT	236194
46	TTC	45
46	YTT	6
46	GTT	3
46	CCT	3
46	KTT	2
46	TTG	2
46	TTY	2
47	CAT	233447
47	CAC	951
47	TAT	142
47	YAT	60
47	CAW	47
47	AAT	44
47	CAY	15
47	MAT	8
47	CGT	5
47	CAK	3
47	TAC	2
47	CWT	2
47	GAA	2
47	CAA	2
48	CCT	234562
48	CCC	19
48	CAT	7
48	CCY	7
48	TCT	7
48	CMT	6
48	CYT	5
48	YCT	5
48	ACT	4
48	CTT	3
48	CCA	2
49	CTA	234597
49	TTA	35
49	CCA	17
49	ATA	11
49	YTA	7
49	CTT	7
49	CTG	2
49	GTG	2
49	CGA	2
50	GCT	234562
50	GTT	75
50	TCT	21
50	KCT	8
50	GYT	6
50	GCC	3
50	ACT	2
50	GAT	2
51	GAT	234528
51	GGT	12
51	GAC	11
51	TAT	8
51	GRT	6
51	SAT	5
51	GWT	4
51	AAT	4
51	GAY	4
51	GAW	3
52	AAC	234452
52	AAT	84
52	AAY	16
52	AMC	6
52	AAA	4
52	AWC	3
52	RAC	3
52	CAT	2
53	AAA	234521
53	AMA	3
53	WAA	3
53	ARA	3
53	RAA	3
53	ATA	3
53	ACA	2
53	CAC	2
54	TTT	234446
54	TTA	10
54	TYT	8
54	CTT	8
54	TTC	6
54	TTY	4
54	GTT	4
54	YTT	3
54	WTT	3
54	TWT	3
54	TTG	2
54	TCT	2
54	KTT	2
55	GCA	234435
55	TCA	42
55	KCA	14
55	GTA	5
55	RCA	5
55	GCT	2
56	CTG	233977
56	CTT	396
56	TTG	29
56	YTG	13
56	CTK	10
56	MTG	9
56	CCG	8
56	CYG	8
56	CTA	4
56	CWG	4
56	CAG	2
57	ACT	234629
57	GCT	10
57	ATT	8
57	AYT	6
57	ACC	4
57	ACW	3
57	TGG	2
57	AAT	2
58	TGC	234650
58	TGT	20
58	TGY	20
58	YGC	6
58	TRC	6
58	TKC	2
58	GGC	2
58	CAC	2
59	TTT	234689
59	TTA	11
59	TYT	5
59	AGT	5
59	TCA	5
59	TCT	5
59	TTY	3
59	YTT	2
59	ACT	2
60	AGC	234578
60	AKC	8
60	AGT	8
60	ATC	8
60	AGM	7
60	AAC	6
60	AGY	6
60	TAC	5
60	GGC	2
60	GGT	2
61	ACT	234464
61	ATT	30
61	ACG	15
61	AYT	9
61	CAA	6
61	AAT	4
61	MCT	3
61	AMT	3
61	AMY	3
61	GTG	2
62	CAA	234400
62	TAA	125
62	YAA	60
62	CAT	51
62	AAA	22
62	CTA	20
62	CAG	9
62	CGA	8
62	MAA	5
62	CMA	4
62	CAW	3
62	CRA	3
62	GAA	3
62	CWA	2
62	CAC	2
63	TTT	234680
63	CTT	11
63	TTY	8
63	TTA	4
63	TYT	4
63	WTT	3
63	CGG	2
64	GCT	234644
64	TCT	52
64	GCY	16
64	GYT	10
64	KCT	9
64	SCT	3
64	GAT	3
64	GGT	2
65	TTT	234715
65	TTA	23
65	TTY	15
65	TWT	9
65	TTW	7
65	CTT	5
65	TYT	4
65	WTT	3
65	YTT	3
65	TAC	2
65	TAT	2
66	GCT	234779
66	ACT	67
66	GTT	11
66	TCT	9
66	KCT	7
66	GCK	4
66	GCG	4
66	GST	3
66	GYT	3
66	GCW	3
66	GCY	2
66	GCC	2
67	TGT	234883
67	TGC	18
67	TTT	7
67	TAT	6
67	TRT	6
67	TST	3
67	TGY	3
67	TGW	3
67	WGT	3
67	GAA	2
67	CGT	2
68	CCT	234772
68	CCC	53
68	TCT	30
68	MCT	6
68	CYT	6
68	CTT	5
68	CCY	4
68	MCW	3
68	SCT	2
68	CAT	2
69	GAC	234510
69	GAT	282
69	AAC	26
69	GAY	19
69	TAC	15
69	GGC	9
69	GWC	3
69	GAA	2
70	GGC	234161
70	GGT	458
70	GTC	37
70	GGY	31
70	GKC	17
70	RGC	8
70	KGC	6
70	TGC	5
70	GGA	4
70	AGC	3
70	GGM	3
70	GCC	2
70	SGC	2
71	GTA	235028
71	ATA	23
71	TTA	14
71	GTT	8
71	ACT	7
71	GWA	7
71	GTR	6
71	GTG	4
71	KTA	4
71	RTA	4
71	GYA	2
72	AAA	234948
72	AAC	299
72	CAA	23
72	AAM	21
72	AAR	6
72	ARA	4
72	AAG	4
72	RAW	3
72	TTC	2
72	MAA	2
72	AGA	2
72	AMA	2
73	CAC	234662
73	CAT	109
73	TAC	63
73	YAC	23
73	MAC	14
73	CAY	10
73	GAC	3
73	CWC	3
73	ACT	2
74	GTC	234792
74	ATC	23
74	TTC	23
74	GTT	9
74	ACC	8
74	GAC	5
74	KTC	4
74	GTY	3
74	GYC	3
74	GTG	2
74	GGC	2
75	TAT	234762
75	TAC	42
75	TAY	12
75	CAT	11
75	TTT	6
75	TTG	5
75	TGT	5
75	TAA	4
75	TWT	3
75	AAT	2
75	AAA	2
76	CAG	234327
76	CAT	64
76	CAA	42
76	YAG	20
76	TAG	8
76	MAG	7
76	CGG	5
76	CCG	5
76	AAG	3
76	CRG	3
77	TTA	234377
77	CTA	31
77	TGA	4
77	GTA	4
77	TTR	3
77	TTG	2
77	ATC	2
78	CGT	234297
78	TGT	46
78	YGT	34
78	CAT	11
78	CTT	8
78	CCT	8
78	GGT	7
78	CGA	4
78	CST	4
78	MGT	3
78	ACT	2
79	GCC	234126
79	GCT	223
79	GTC	15
79	GCY	13
79	ACC	12
79	TCC	11
79	GCA	9
79	GYC	8
79	GCG	7
79	GTA	2
80	AGA	233791
80	ATA	559
80	AKA	33
80	CGA	12
80	ACA	8
80	TGA	4
80	ARA	3
80	AGC	2
80	AGM	2
80	ASA	2
80	AGG	2
81	TCA	233497
81	TTA	502
81	CCA	132
81	TYA	33
81	GCA	7
81	TMA	3
81	TCW	3
81	CCT	2
81	TTG	2
81	TCR	2
81	WCA	2
82	GTT	234533
82	TTT	37
82	GTC	25
82	ATT	19
82	GWT	6
82	KTT	5
82	GTY	4
82	GTK	3
82	GKT	2
82	RTT	2
82	GTG	2
83	TCA	234635
83	TTA	122
83	TYA	18
83	GCA	8
83	TCW	3
83	YCA	3
83	GAA	2
83	AAA	2
84	CCT	234735
84	TCT	92
84	CTT	83
84	CYT	48
84	CCA	24
84	YCT	21
84	CCC	9
84	CCW	4
84	ACT	3
84	CAT	2
84	CGA	2
84	YYT	2
84	CGG	2
85	AAA	234728
85	TAA	11
85	AMA	9
85	AAG	7
85	AAR	4
85	ARA	3
85	CAA	3
85	MAA	3
85	RAA	3
85	GAA	2
86	CTG	234320
86	TTG	32
86	CTT	13
86	CTA	7
86	CTK	6
86	YTG	6
86	CTC	6
86	CTR	4
86	GTG	4
86	ATG	2
86	CAA	2
87	TTC	234471
87	TTT	205
87	TTG	193
87	TTY	15
87	TTA	8
87	TCC	6
87	WTC	6
87	CTC	3
87	AAT	2
87	TTS	2
88	ATC	235006
88	ACC	34
88	ATY	19
88	ATT	19
88	GTC	11
88	WTC	4
88	ATA	4
88	AYC	4
88	MTC	3
88	AWC	3
88	CTC	2
88	TAT	2
89	AGA	234770
89	TGG	126
89	ATA	33
89	AGG	19
89	AGC	12
89	AGV	10
89	AKA	9
89	ACA	6
89	ASA	4
89	ARA	4
89	TGA	3
89	CGA	2
90	CAA	235060
90	TAA	26
90	YAA	9
90	CAG	7
90	CGA	6
90	CCA	3
90	CTA	2
90	CAR	2
91	GAG	235227
91	GAA	52
91	GAT	9
91	GRG	6
91	KAG	5
91	RAG	4
91	GAK	3
91	GMG	3
91	SAG	3
91	GGG	2
91	GCG	2
92	GAA	234836
92	GAG	229
92	TAA	6
92	AAA	5
92	GAM	3
92	GRA	3
92	CCT	2
92	GAR	2
93	GTT	234841
93	TTT	217
93	GTC	21
93	KTT	19
93	CTT	12
93	ATT	10
93	GTY	9
93	GCT	7
93	RTT	6
93	GAT	4
93	GWT	3
93	GTW	3
93	GKK	3
93	GTA	2
94	CAA	234924
94	CTA	98
94	TAA	58
94	CAC	48
94	AAA	33
94	YAA	15
94	CRA	12
94	MAA	8
94	CAM	6
94	GAA	6
94	CAG	5
94	CWA	3
95	GAA	235131
95	TAA	47
95	CAA	28
95	AAA	10
95	KAA	7
95	SAA	6
95	RAA	3
95	GAG	3
95	GAW	3
95	GMA	3
95	CCC	2
96	CTT	234949
96	TTT	212
96	YTT	10
96	CTY	9
96	CCT	4
96	CTK	3
96	CYT	3
96	CGT	2
96	CTC	2
96	CGA	2
97	TAC	234954
97	TAT	144
97	TAY	11
97	CAC	11
97	KAC	4
97	YAC	3
97	GAC	3
97	CGG	2
98	TCT	234912
98	TTT	66
98	CCT	19
98	TCA	15
98	TCC	13
98	TYT	6
98	TAT	5
98	TMT	3
98	YCT	3
98	TCG	3
98	CTC	2
99	CCA	234862
99	TCA	138
99	CTA	81
99	YCA	18
99	CYA	17
99	CCT	11
99	CMA	6
99	MCA	4
99	CCW	3
100	ATT	235059
100	WTT	13
100	TTT	13
100	ATY	8
100	ATA	8
100	ACT	5
100	CTC	5
100	CTT	5
100	AWT	4
100	GTT	3
100	GCT	2
100	AGT	2
101	TTT	235247
101	TYT	13
101	TKT	6
101	YTT	5
101	GTT	5
101	TTC	3
101	ATT	3
101	CTT	2
102	CTT	234761
102	YTT	30
102	TTT	30
102	CGT	22
102	ATT	15
102	CTC	15
102	CTY	4
102	CYT	4
102	CKK	3
102	CCT	2
102	CCG	2
102	GTT	2
102	CWT	2
103	ATT	234801
103	CTT	41
103	TTT	34
103	GTT	18
103	ATA	12
103	AWT	7
103	MTT	6
103	ATC	5
103	RTT	4
103	AGT	3
103	WTT	2
103	ATG	2
104	GTT	234630
104	TTT	248
104	KTT	17
104	ATT	14
104	RTT	7
104	GTK	5
104	GTC	4
104	GWT	3
104	CTT	3
104	STT	3
104	TAA	2
105	GCG	234723
105	GTG	92
105	TCG	47
105	GCA	19
105	GCT	14
105	GYG	11
105	KCG	6
105	ACG	5
105	GCK	4
105	GCR	3
105	GMG	3
105	KCK	3
106	GCA	234910
106	TCA	24
106	GCG	9
106	KCA	8
106	GCT	6
106	GYA	6
106	GTA	6
106	GCR	6
106	RCA	4
106	GCW	3
107	ATA	234929
107	TTA	7
107	ACA	5
107	CTA	5
107	AYA	4
107	ATW	2
108	GTG	234802
108	TTG	22
108	GTA	19
108	GYG	9
108	GKG	6
108	RTG	4
108	KTG	2
108	GTK	2
109	TTT	234958
109	TTK	30
109	TWT	9
109	CTT	5
109	TTC	3
109	TKT	3
109	TTY	3
109	ATT	2
109	TYW	2
110	ATA	235129
110	ACA	42
110	AYA	11
110	ATW	3
110	AWA	3
110	WTA	3
110	GTA	2
111	ACA	235010
111	ACM	2
111	ATA	2
112	CTT	234652
112	YTT	18
112	TTT	8
112	CTY	7
112	CKT	6
112	CTC	6
112	CYT	3
112	CTW	2
113	TGC	234727
113	TGT	35
113	YGC	11
113	TTC	9
113	WGC	4
113	TSC	3
113	HGC	3
113	TGY	3
113	TAC	2
113	TRC	2
114	TTC	234744
114	TTY	13
114	TTT	12
114	CTC	10
114	GTC	7
114	TYC	6
114	ATC	4
114	TTS	3
114	TCC	3
114	KTC	3
114	TWC	3
114	YTC	2
114	TAC	2
115	ACA	234724
115	ATA	36
115	AYA	9
115	ACC	8
115	ACR	7
115	WCA	6
115	GCA	4
115	TCA	2
115	ACW	2
116	CTC	234364
116	CTT	266
116	TTC	90
116	CTY	44
116	ATC	21
116	YTC	20
116	CCC	17
116	CTM	13
116	CTA	6
116	CWC	6
116	GTC	4
116	CTG	4
116	TAC	2
117	AAA	234810
117	AAG	13
117	ARA	6
117	AAR	3
117	GAA	3
117	AHG	2
118	AGA	234823
118	ATA	48
118	RGA	12
118	ARA	11
118	AGR	7
118	AGG	4
118	AKA	4
118	ACA	3
118	GGA	2
119	AAG	234780
119	AAT	31
119	AAA	20
119	AAK	10
119	AAC	8
119	AAS	4
119	RAG	3
119	ATT	2
120	ACA	234340
120	ATA	306
120	AYA	39
120	ACT	12
120	TCA	12
120	ACC	7
120	WCA	3
120	ASA	3
120	ACG	3
120	AMA	3
120	RCA	3
120	ACR	2
121	GAA	234301
121	GTA	210
121	TAA	148
121	GWA	35
121	AAA	12
121	GRA	8
121	CAA	6
121	GAG	6
121	GAW	5
121	GAC	4
121	GCA	4
121	KAA	3
121	GMA	2
122	TGA	234578
122	TTA	39
122	TAA	22
122	TKA	17
122	TGG	6
122	TGW	4
122	CGA	3
122	KGA	3

#WUHAN19|ORF8
1	ATG	253978
1	ATR	10
1	ATT	8
1	ACG	7
1	GTG	6
1	ATK	5
2	AAA	254004
2	AAG	7
2	AAW	4
2	GAA	4
2	ACA	3
2	ATA	3
2	AAT	2
2	RAA	2
3	TTT	253925
3	TCT	28
3	WTT	11
3	CTT	11
3	ATT	9
3	TTC	8
3	TYT	5
3	YTT	3
3	TWT	3
3	TGT	2
4	CTT	253872
4	TTT	70
4	MTT	52
4	CCT	18
4	YTT	5
4	CTC	2
5	GTT	253912
5	STT	60
5	TTT	25
5	KTT	10
5	GCT	7
5	GTK	2
5	ATT	2
5	GGT	2
5	CTT	2
6	TTC	253926
6	TTT	82
6	TTA	8
6	TTY	7
7	TTA	253920
7	TTT	20
7	YTA	7
7	CTT	6
7	TYA	5
7	TCA	5
7	TAA	3
7	TTG	2
8	GGA	253514
8	AGA	237
8	TGA	100
8	GTA	54
8	GAA	25
8	GKA	7
8	RGA	6
8	KGA	6
8	GRA	5
8	GGG	3
9	ATC	253667
9	ATT	210
9	ACC	49
9	ATY	23
9	ATA	16
9	AYC	7
9	GTC	3
9	ATG	3
9	RTC	2
9	ATM	2
9	ATS	2
10	ATC	253666
10	ATT	187
10	ACC	101
10	AGC	14
10	TTC	11
10	ATY	11
10	AYC	8
10	CTT	7
10	WTC	7
10	CTA	6
10	AKC	3
10	GTC	2
10	AWC	2
11	ACA	253965
11	ATA	118
11	AAA	42
11	AYA	25
11	GCA	20
11	ACG	11
11	AMA	9
11	ACT	4
11	CAA	2
12	ACT	254129
12	ACA	24
12	AAT	8
12	ACC	8
12	ATT	7
12	GCT	3
12	AMT	3
12	RCT	3
12	ACG	2
13	GTA	254061
13	GTG	104
13	ATA	12
13	KTA	12
13	RTA	4
13	GCA	3
13	TTA	2
14	GCT	254134
14	ACT	16
14	RCT	12
14	TCT	9
14	GCA	8
14	CAC	6
14	GTT	3
14	GYT	2
15	GCA	254141
15	GCG	21
15	GCT	12
15	ACA	9
15	GYA	6
15	GCW	3
15	GTA	3
16	TTT	254124
16	TTG	22
16	TTC	14
16	TCT	5
16	GTT	4
16	CTT	4
16	WTT	4
16	YTT	2
17	CAC	233610
17	CAT	20369
17	CAY	87
17	TAC	51
17	MAC	5
17	YAC	5
17	AAC	2
17	CAG	2
18	CAA	253659
18	TAA	424
18	YAA	25
18	AAA	21
18	CAG	14
18	CAW	6
18	CAR	5
18	GAA	3
18	CGA	3
18	CAC	2
19	GAA	254006
19	GAC	84
19	TAA	42
19	KAA	9
19	CAA	8
19	RAA	7
19	GAG	4
19	GGA	4
19	GAW	3
19	SAA	3
19	GCA	2
19	AAA	2
20	TGT	254174
20	TTT	4
20	TGY	3
20	TAT	3
20	KGT	3
21	AGT	254087
21	AAT	186
21	AGG	6
21	ATT	5
21	WGT	4
21	ART	3
21	AGC	3
21	AKT	2
22	TTA	253940
22	CTA	366
22	TYA	7
22	GTA	2
23	CAG	254268
23	TAG	16
23	CAT	12
23	CAK	4
23	CTG	4
23	YAG	3
23	CAA	3
24	TCA	240830
24	TTA	13414
24	TYA	58
24	TCT	17
24	TCW	3
25	TGT	254209
25	TTT	144
25	TKT	9
25	TCT	3
25	TGY	3
25	TAT	2
26	ACT	254111
26	ATT	203
26	AYT	10
26	ACY	9
26	GCT	7
26	AAT	7
26	ACC	6
26	CAA	6
26	RCT	4
26	AGT	2
27	CAA	254034
27	TAA	420
27	AAA	17
27	YAA	13
27	TTC	6
27	CAG	5
27	CGA	4
27	CRA	3
27	CAR	3
27	CAM	2
27	CAW	2
28	CAT	254489
28	CAC	11
28	AAT	8
28	TAT	7
28	CTT	5
28	YAT	4
28	CGT	4
28	CAG	3
28	CRT	2
28	CWT	2
29	CAA	254460
29	CGA	11
29	CAC	10
29	TAA	8
29	TCA	6
29	YAA	3
29	CAG	3
29	CTA	2
30	CCA	254370
30	CTA	132
30	CYA	8
30	CCT	8
30	CAA	7
30	CCC	7
30	CMA	4
30	ACA	4
30	CCR	3
30	CCG	3
30	TCA	3
30	YCA	2
31	TAT	254454
31	CAT	34
31	TAC	13
31	TAG	9
31	YAT	9
31	TAK	6
31	TAA	2
32	GTA	254043
32	TTA	367
32	ATA	43
32	KTA	11
32	GTG	5
32	GTR	4
32	RTR	3
32	STA	3
32	RTW	3
32	CTA	3
33	GTT	254387
33	ATT	20
33	GTC	19
33	TTT	10
33	GCT	4
34	GAT	254314
34	AAT	53
34	GAA	18
34	GAC	15
34	GGT	13
34	GTT	7
34	TAT	4
34	GRT	4
34	GAG	3
34	GAY	2
35	GAC	254054
35	GAT	150
35	TAC	126
35	GAY	11
35	GAA	11
35	AAC	7
35	KAC	6
35	CAC	5
35	GCC	4
35	GRC	4
35	GAM	4
36	CCG	253297
36	CCT	493
36	TCG	254
36	CTG	102
36	CCK	32
36	CCC	30
36	YCG	22
36	CCA	21
36	CYG	18
36	ACG	7
36	CCS	4
36	MCG	2
37	TGT	254108
37	TTT	50
37	TCT	32
37	TGC	30
37	TGY	7
37	TKT	4
37	WGT	3
37	TRT	3
37	TAT	2
38	CCT	253838
38	TCT	149
38	CTT	26
38	YCT	14
38	CYT	10
38	GTT	6
38	CGT	3
38	CCA	3
38	CMT	3
39	ATT	253790
39	ACT	193
39	ATA	20
39	ATC	16
39	GTT	14
39	AYT	6
39	ATW	4
39	ATY	3
39	AAT	2
40	CAC	253789
40	TAC	189
40	YAC	12
40	CAT	8
40	CAA	2
40	AAC	2
41	TTC	253994
41	TAC	19
41	TTT	7
41	TCC	4
41	TTY	3
41	YTC	3
42	TAT	253984
42	TAC	26
42	YAT	5
42	TAY	3
42	TAG	2
42	TWT	2
43	TCT	253944
43	TCG	7
43	TMT	6
43	TYT	4
43	TCW	3
43	YCT	3
44	AAA	253956
44	AAG	8
44	CGA	6
44	AAM	4
44	AAR	4
44	RAA	3
44	TAA	3
45	TGG	253615
45	TTG	205
45	TGT	42
45	TCG	24
45	TAG	21
45	CGG	20
45	TGK	13
45	TKG	6
45	YGG	5
45	TGR	3
45	TSG	2
45	TGS	2
45	TGA	2
46	TAT	253937
46	CAT	68
46	TAC	14
46	TTT	6
46	TAY	4
46	TAK	3
46	YAT	2
47	ATT	254018
47	AKT	9
47	TTT	7
47	ATC	6
47	ATY	5
47	RTT	3
47	WTT	3
47	ATW	3
48	AGA	253768
48	AGG	12
48	ATA	9
48	AKA	5
48	GGG	2
49	GTA	253738
49	GTC	6
49	TTA	3
49	GTT	2
49	GYA	2
49	RTA	2
50	GGA	253670
50	KGA	17
50	GGG	12
50	TGA	12
50	GGT	11
50	AGA	10
50	GKA	8
50	GSA	3
50	GAA	2
51	GCT	253394
51	GTT	192
51	TCT	64
51	GAT	27
51	GYT	17
51	GCC	15
51	KCT	12
51	ACT	5
51	GCY	4
51	GMT	3
52	AGA	253323
52	ATA	367
52	AKA	14
52	ACA	11
52	AAA	8
52	ARA	7
52	AGR	4
53	AAA	253712
53	AAG	14
53	AAR	4
53	TAA	4
53	AAW	2
53	AAT	2
53	RAA	2
54	TCA	253499
54	TTA	154
54	TYA	27
54	CCA	13
54	TCG	11
54	TCT	6
54	YCA	4
54	TGA	3
54	WCA	3
54	GCA	2
55	GCA	253592
55	GTA	65
55	ACA	29
55	GYA	14
55	GCG	7
55	RCA	2
55	GCR	2
56	CCT	253668
56	CTT	8
56	TCT	8
56	CCY	7
56	CCC	7
56	CCA	7
56	CAT	6
56	CMT	5
56	YCT	3
56	CYT	3
57	TTA	253728
57	TTG	6
57	TWA	4
57	TCA	4
57	TYA	3
57	KTA	3
57	CTA	3
57	YTA	2
58	ATT	253702
58	CTT	26
58	GTT	14
58	ATA	7
58	ACT	4
58	AAT	3
58	ATW	3
58	ATY	3
59	GAA	253683
59	TAA	48
59	RAA	7
59	KAA	6
59	GTA	5
59	GAC	2
59	AAA	2
60	TTG	253661
60	TTA	12
60	TCG	10
60	CTG	6
60	CTC	6
60	TTT	5
60	TTK	4
60	TAG	3
60	TGG	3
60	WTR	3
61	TGC	253804
61	TGT	38
61	TGY	7
61	TTC	6
61	CGC	4
61	TRC	3
61	TGA	3
62	GTG	250648
62	CTG	1605
62	TTG	860
62	KTK	197
62	GTK	191
62	GTT	177
62	KTG	49
62	STG	35
62	GCG	24
62	ATG	16
62	GTA	3
62	RTG	3
62	GKG	3
62	GYG	2
63	GAT	253496
63	GGT	179
63	AAT	47
63	GWT	27
63	GRT	26
63	GAC	24
63	GMT	10
63	TAT	9
63	GTT	4
63	GCT	3
64	GAG	254137
64	TAG	223
64	GAT	32
64	GAA	28
64	GGG	7
64	KAG	5
64	CAG	4
64	GTG	3
64	GAK	2
64	GAC	2
64	GRG	2
65	GCT	251518
65	GTT	1947
65	TCT	441
65	GYT	232
65	KCT	135
65	RCW	86
65	TTT	42
65	ACA	20
65	ACT	11
65	GGT	10
65	GST	9
65	SCT	9
65	GTA	6
65	RCT	6
65	GAT	5
65	GCA	4
65	CCT	3
65	GCK	3
65	GCC	2
66	GGT	255060
66	KGT	99
66	GTT	44
66	TGT	20
66	GKT	10
66	GAT	6
66	AGT	4
66	GCT	4
67	TCT	254821
67	TTT	443
67	TAT	72
67	TYT	65
67	GCT	43
67	TCC	36
67	TCY	7
67	TCA	6
68	AAA	255414
68	GAA	90
68	TAA	54
68	CAA	9
68	AGA	4
68	AAG	3
68	AWA	3
68	DAA	3
68	AAR	2
68	RAA	2
69	TCA	255257
69	TTA	206
69	CCA	72
69	TCG	27
69	TYA	17
69	GCA	12
69	ACA	8
69	YCA	6
70	CCC	255605
70	CTC	15
70	CCT	12
70	CMC	8
70	ACC	5
70	CCG	4
70	CYC	4
70	TCC	4
70	YCC	2
71	ATT	255636
71	ACT	13
71	TTT	8
71	ATA	5
71	ATC	4
71	ATW	3
71	GTT	3
71	AKT	2
72	CAG	256299
72	CAT	106
72	CAK	101
72	CTG	14
72	CAA	9
72	AAA	5
72	YAG	4
72	YWG	3
72	CGG	3
73	TAC	256280
73	TGC	278
73	CAC	16
73	TAY	6
73	TWC	6
73	TAT	5
73	TRC	2
74	ATC	256504
74	ATT	33
74	ATY	16
74	CTC	14
74	ATA	7
74	GTC	4
74	ACC	4
74	AYC	3
74	TTC	2
75	GAT	256495
75	GAC	23
75	GTT	20
75	GAA	12
75	KAT	11
75	AAT	11
75	TAT	8
75	GGT	7
75	GRT	4
75	RAT	3
75	GCT	3
75	SAT	3
76	ATC	256492
76	ACC	58
76	ATT	23
76	GTC	11
76	ATA	9
76	ATY	8
76	AYC	4
76	AGC	3
76	RTC	2
76	TTC	2
77	GGT	256500
77	TGT	42
77	AGT	32
77	GTT	15
77	RGT	11
77	GGC	7
77	KGT	6
77	GGY	3
77	GKT	3
78	AAT	256621
78	AAC	9
78	AAG	3
79	TAT	256614
79	TAC	23
79	TRT	6
79	TAY	2
80	ACA	256332
80	ACT	277
80	ACG	7
80	AYA	4
80	ACD	2
80	ATA	2
81	GTT	256521
81	GCT	31
81	TTT	29
81	ATT	26
81	GYT	11
81	KTT	6
81	CTT	2
82	TCC	256525
82	TCT	68
82	TCA	16
82	TTC	9
82	TYC	8
82	TCY	3
82	CCC	3
83	TGT	256586
83	TTT	12
83	TKT	5
83	TGC	3
84	TTA	244004
84	TCA	12483
84	TYA	58
84	GTA	3
84	TTR	2
85	CCT	256431
85	TCT	10
85	CCG	6
85	CTT	4
85	ACA	3
85	CCC	3
85	ACT	3
85	MCT	3
85	CCY	3
85	YCT	3
86	TTT	256443
86	TTC	6
86	CTT	6
86	TCC	3
86	YTT	3
87	ACA	256258
87	ATA	143
87	AYA	15
87	ACT	9
87	ACG	8
87	ACC	3
88	ATT	256419
88	ATA	6
88	GTT	3
88	WTT	3
88	ACT	3
88	ATC	2
89	AAT	256367
89	AGT	25
89	AAC	14
89	TAT	12
89	ATT	4
90	TGC	256298
90	TGT	68
90	TGY	6
90	TKC	6
90	TTC	5
90	TGM	4
90	YGC	3
90	TAC	3
91	CAG	256127
91	CAA	75
91	AAG	62
91	CGG	22
91	CAK	7
91	CAT	6
91	CTG	3
91	CAR	3
91	MAG	2
92	GAA	253448
92	GAG	2623
92	AAA	156
92	GAR	43
92	RAA	6
92	KAA	6
92	GGA	5
92	GCA	5
92	GRA	3
93	CCT	256236
93	CTT	50
93	YCT	8
93	ACT	7
93	CAT	6
93	CMT	6
93	TCT	4
93	CCY	2
93	CCW	2
93	CYT	2
93	CCC	2
94	AAA	256284
94	AAG	6
94	WAA	5
94	ACA	5
94	GAA	3
95	TTG	256127
95	TTT	123
95	TTA	18
95	TTK	11
95	TGG	4
95	TTR	3
95	TTC	3
96	GGT	256151
96	TGT	44
96	CGT	40
96	GKT	28
96	GTT	9
96	GGC	9
96	AGT	8
96	GAT	4
96	KGT	4
97	AGT	256158
97	ATT	44
97	AAC	32
97	AGC	11
97	GGT	8
97	AKT	5
97	AAT	4
97	AGH	4
97	WGT	3
98	CTT	256200
98	ATT	51
98	CTC	26
98	MTT	5
98	YTT	3
98	TTT	3
98	CTY	2
99	GTA	256226
99	TTA	48
99	ATA	5
99	CTA	3
100	GTG	255938
100	GTT	172
100	TTG	15
100	GTA	7
100	GTK	6
100	STG	3
101	CGT	255840
101	CGC	113
101	CRT	17
101	CTT	16
101	CAT	9
101	CGY	5
101	YGT	3
101	TGT	3
101	CKT	2
102	TGT	255895
102	TTT	88
102	TKT	10
102	TGC	3
102	TCT	3
103	TCG	255863
103	TCA	76
103	TTG	15
103	TCT	11
103	TYG	6
103	TCR	5
103	YCG	3
104	TTC	255947
104	CTC	34
104	TYC	5
104	TCC	3
104	YTC	3
105	TAT	255970
105	TAC	15
105	TTT	3
105	CAT	3
106	GAA	255700
106	TAA	129
106	CAA	92
106	GAG	25
106	KAA	13
106	RAA	6
106	CAT	5
106	GGA	4
106	GTA	4
106	SAA	4
106	GAC	3
106	AAA	3
106	GAR	3
107	GAC	255851
107	GAY	57
107	TAC	9
107	AAC	9
107	GAA	9
107	GAT	7
107	KAC	4
108	TTT	255944
108	TCT	19
108	AAA	5
108	CTT	4
108	TYT	4
108	TTC	3
109	TTA	255958
109	CTA	16
109	GTT	6
109	TTT	5
109	TTR	4
109	TTG	2
110	GAG	255639
110	TAG	318
110	GGG	21
110	CAG	20
110	GAT	12
110	KAG	9
110	GCG	2
111	TAT	255991
111	TAC	39
111	TGT	5
111	TCT	3
111	YAT	3
111	TAY	3
112	CAT	256074
112	TAT	12
112	CAG	6
112	CAC	5
112	YAT	4
112	CGT	2
113	GAC	256058
113	GAT	46
113	TAC	12
113	KAC	7
113	GAY	6
113	AAC	2
113	SAC	2
114	GTT	256090
114	ATT	25
114	TTT	19
114	KTT	3
115	CGT	256006
115	CTT	51
115	TGT	41
115	CGC	13
115	CKT	8
115	CGW	7
115	CAT	6
115	YGT	5
115	CRT	3
115	CGY	2
116	GTT	256127
116	TTT	7
116	KYT	7
116	KTT	4
116	GCT	3
116	GKK	3
117	GTT	256079
117	TTT	36
117	KTT	21
117	STT	7
117	GTC	6
117	RTT	2
117	CTT	2
118	TTA	256132
118	GTA	16
118	ATA	16
118	KTA	12
118	TTW	5
118	TYA	2
118	CTA	2
118	TTC	2
118	AGA	2
118	TTG	2
118	TCA	2
119	GAT	256128
119	GAG	31
119	TAT	17
119	GGT	15
119	GAK	8
119	GAC	4
119	GAY	3
119	TCT	2
119	AAT	2
120	TTC	253904
120	TTT	1048
120	TTY	1017
120	GTT	105
120	TTA	20
120	CTT	17
120	CTC	13
120	GTC	11
120	TTS	6
120	TTG	4
120	YTC	4
120	TCC	4
120	TKC	3
120	TGT	2
121	ATC	255131
121	ATT	571
121	CTC	222
121	ATY	51
121	MTC	43
121	TTC	38
121	ATA	31
121	GTC	22
121	GTT	8
121	ACC	6
121	YTC	3
121	AWC	3
121	RTC	3
121	AYC	2
122	TAA	256413
122	TMA	6
122	WAA	5
122	TAG	3

#WUHAN19|S
1	ATG	250491
1	ATK	11
1	ATS	11
1	TTG	7
1	AYG	6
1	ATR	6
1	WTG	5
1	MTG	3
1	ATT	2
2	TTT	250468
2	TTA	26
2	YTT	11
2	CTT	8
2	TTW	4
2	TTY	3
2	TYT	3
3	GTT	250239
3	GGT	127
3	GKT	19
3	GTG	14
3	TTT	9
3	RTT	8
3	TTC	6
3	GTK	5
3	ATT	5
3	GYT	4
3	GAT	4
3	GTY	3
3	KTT	3
4	TTT	250504
4	TTC	14
4	TTY	7
4	TCT	4
4	TYT	4
4	WTT	3
5	CTT	247369
5	TTT	3041
5	YTT	272
5	CTY	10
5	CWT	3
5	ATT	3
5	CTW	3
6	GTT	250498
6	TTT	156
6	KTT	10
6	GTY	7
6	GKT	6
6	TTA	6
6	STT	4
6	ATT	4
6	CTT	4
6	GTK	3
6	GYT	3
6	GGT	3
7	TTA	250674
7	TCA	12
7	TYA	9
7	TTG	9
7	GTC	6
7	CAC	6
7	TTR	4
7	GTA	3
7	TWA	3
7	YTA	3
7	WTA	3
7	CTA	2
8	TTG	250702
8	GTG	41
8	TTT	33
8	TTK	10
8	TTR	9
8	TYG	7
8	TTA	4
8	TTS	4
8	YTG	3
8	CTG	3
8	TGG	2
9	CCA	250650
9	CTA	57
9	TCA	39
9	CYA	22
9	YCA	18
9	ACA	10
9	CAA	7
9	CMA	7
9	GCC	7
9	CCT	6
9	CCG	2
10	CTA	250757
10	TTA	40
10	CTG	10
10	YTA	6
10	TTG	6
10	ATA	6
10	STA	4
10	CTR	4
10	GTA	2
11	GTC	250605
11	GTT	135
11	ATC	69
11	GTY	32
11	STC	25
11	TTC	13
11	KTC	8
11	GTA	7
11	GCC	7
11	GYC	5
11	RTC	3
11	GTM	3
11	GTG	3
11	CTC	2
11	GTS	2
12	TCT	250687
12	TTT	284
12	TYT	22
12	TCC	10
12	YCT	10
12	AAT	6
12	TAT	5
12	TCY	4
12	CCT	3
12	TGT	3
12	TCK	3
13	AGT	250883
13	ATT	95
13	AAT	14
13	AGA	13
13	AGY	7
13	TCA	6
13	AKT	5
13	AGC	3
13	AST	3
13	AGW	3
13	ART	2
14	CAG	250720
14	CAT	112
14	CAA	21
14	CAK	14
14	YAG	11
14	CAC	6
14	AAG	6
14	CWG	6
14	CGG	5
14	CRR	3
14	MAT	3
14	CAS	3
14	MAG	2
15	TGT	250859
15	TTT	46
15	TKT	13
15	YGT	4
15	CGT	2
16	GTG	250778
16	GTT	250778
16	GTA	250778
16	GTC	250778
16	TTT	24
16	GKT	21
16	KTT	13
16	GWT	7
16	GTW	6
16	GTY	4
16	ATT	3
17	AAT	250769
17	RAT	10
17	AAY	10
17	AAC	8
17	MAT	3
17	TAT	3
17	AAW	3
17	AAG	3
17	ART	3
17	WAT	3
17	AAK	3
17	AAA	2
18	CTT	236970
18	TTT	13530
18	YTT	142
18	ATT	25
18	CWT	12
18	TTA	10
18	CTC	9
18	CYT	9
18	CTY	7
18	TTG	6
18	CCT	5
18	MTT	2
19	ACA	250543
19	ATA	57
19	AAA	49
19	AYA	42
19	ACR	9
19	ACG	6
19	WCA	6
19	ACC	5
19	AGA	4
19	RCA	3
19	MCM	3
19	GCA	3
19	TCA	2
20	ACC	250212
20	ACT	225
20	ATC	135
20	ACA	38
20	ACY	33
20	AYC	29
20	GGT	10
20	ACM	9
20	RCC	6
20	MCC	5
20	AMC	3
20	MCM	3
20	TCC	3
20	WCC	3
20	GCC	2
21	AGA	249024
21	ATA	1347
21	AAA	65
21	AGG	59
21	ACA	42
21	AKA	26
21	ARA	12
21	AGR	11
21	AGW	4
21	RGA	3
21	CGA	3
21	GGA	2
22	ACT	250145
22	ATT	178
22	AAT	167
22	AYT	29
22	ACY	15
22	GCT	15
22	ACC	13
22	RCT	10
22	ACK	7
22	ACG	7
22	AST	3
22	CCT	3
22	ACA	2
23	CAA	250345
23	CAT	232
23	YAA	14
23	GCT	10
23	CRA	8
23	CAR	7
23	GGA	6
23	CAW	5
23	MAA	5
23	CGA	5
23	CAG	4
23	SAA	3
23	AAA	3
23	GAG	2
24	TTA	250574
24	TCA	100000
24	ATC	10
24	TTM	8
24	ATA	7
24	TWA	7
24	YTA	7
24	WTA	6
24	GTA	5
24	TTW	5
24	CTA	4
24	TYA	4
24	TTR	4
24	TKA	3
24	TGA	2
25	CCC	247481
25	CCT	2621
25	TCC	304
25	CCY	48
25	CTC	29
25	YCC	21
25	CAG	11
25	ACC	10
25	CYC	9
25	CCM	6
25	CCG	5
25	CCA	4
25	CMC	3
25	CTT	3
25	GAC	2
26	CCT	249999
26	CTT	252
26	TCT	187
26	YCT	36
26	CYT	17
26	CCY	15
26	CCW	8
26	CST	7
26	CCA	6
26	MCT	6
26	CCC	5
26	CGT	4
26	CAT	3
26	CCK	3
26	CMT	3
26	CCB	3
26	TTT	2
26	SCT	2
26	ACT	2
27	GCA	250115
27	GTA	90
27	ACA	47
27	KCA	27
27	GYA	21
27	GCG	20
27	TCA	20
27	RCA	15
27	GCR	13
27	GCC	10
27	GCT	7
27	GGT	6
27	GAA	3
27	GCW	3
27	GMA	3
27	GCM	3
27	AAA	2
28	TAC	250097
28	TAT	289
28	CAC	103
28	TAY	18
28	TTC	13
28	YAC	10
28	AAC	9
28	WAC	6
28	TWC	4
28	TAM	3
28	KAC	3
28	TRC	3
28	TMC	3
28	CTC	2
29	ACT	250055
29	ATT	352
29	AYT	24
29	ACC	21
29	GCT	8
29	RCT	6
29	CCT	4
29	AMT	4
29	ACY	4
29	WCT	3
29	ACK	3
29	CAA	3
29	ASK	3
29	MCT	3
29	TCT	2
29	GGA	2
30	AAT	250164
30	MAT	237
30	RAT	13
30	CAT	12
30	ART	7
30	ATT	6
30	GAT	4
30	ACT	4
30	VAT	3
30	AGT	3
30	AAY	3
30	AMT	3
30	AAC	2
30	YAT	2
31	TCT	250285
31	TYT	20
31	TCC	18
31	TCY	16
31	TTT	7
31	YCT	7
31	TCA	7
31	TCK	5
31	TST	3
31	GTG	2
32	TTC	249915
32	TTT	181
32	TTM	117
32	TTY	56
32	CTC	31
32	TCT	16
32	TTG	14
32	YTC	10
32	TYC	7
32	TTH	6
32	TTS	4
32	TWC	4
32	YTM	3
32	TCC	3
32	TAT	2
32	GTC	2
32	TAA	2
33	ACA	250736
33	ATA	63
33	CAA	10
33	ACT	7
33	AYA	7
33	GCA	6
33	ACC	5
33	AAA	4
33	AAG	3
33	TCA	2
33	ACG	2
34	CGT	250716
34	CGG	35
34	AGA	21
34	CGK	9
34	CTT	8
34	TGT	7
34	CKT	7
34	CAT	6
34	YGT	5
34	CGA	4
34	CGY	3
34	CGC	2
34	CST	2
35	GGT	251048
35	GTT	61
35	SGT	5
35	GGC	3
35	KGT	2
35	CAG	2
36	GTT	253182
36	GTG	9
36	TTT	8
36	GTC	7
36	ATT	5
36	KTT	3
36	AGT	2
37	TAT	253347
37	AAT	8
37	TAC	5
37	YAT	4
38	TAC	253460
38	TAT	56
38	TAY	6
38	TGC	5
38	TWC	2
39	CCT	253532
39	CCC	9
39	CCA	8
39	YCT	3
39	CYT	2
39	CTT	2
40	GAC	253497
40	GAT	47
40	ACA	3
40	GAA	3
40	GAY	2
41	AAA	256257
41	AAG	16
41	ACC	10
41	AAR	9
41	ATA	8
41	CAA	4
41	RAA	4
41	WAA	3
41	ARA	3
41	GAT	2
42	GTT	256285
42	ATT	14
42	ATA	11
42	CTT	7
42	KTT	7
42	RYT	4
42	GCT	3
42	STT	3
43	TTC	256153
43	TTT	152
43	TTY	18
43	WTC	3
43	YTC	2
44	AGA	256258
44	AAA	20
44	AGG	14
44	ARA	9
44	ATA	6
44	AAG	4
44	AKA	3
44	AGR	2
45	TCC	256272
45	TCT	27
45	TCA	15
45	TCY	4
45	TYC	3
45	CCC	3
46	TCA	256246
46	AAC	10
46	TTA	9
46	GCA	9
46	TCT	4
46	TYA	3
47	GTT	256259
47	ATT	32
47	ACA	10
47	RTT	10
47	GTG	7
47	TTT	7
47	KTT	6
47	CTT	4
48	TTA	256298
48	CTT	10
48	CTA	9
48	TTG	6
49	CAT	255736
49	TAT	525
49	YAT	37
49	GTG	10
49	CWT	6
49	CAC	6
49	SAT	3
49	TGT	2
49	AAT	2
50	TCA	256170
50	TTA	92
50	TYA	15
50	TTG	10
50	CTT	7
50	ACA	3
50	TCG	2
50	TCR	2
50	TCT	2
51	ACT	256207
51	ATT	92
51	AYT	12
51	AGT	11
51	ACA	6
51	ACC	3
51	AAT	3
51	RCT	2
51	ACY	2
52	CAG	255808
52	YAG	76
52	CTG	70
52	CAT	55
52	CAA	40
52	CAK	15
52	CGG	7
52	CRG	5
52	GAG	3
52	CWG	3
52	CAR	2
53	GAC	255828
53	GAT	209
53	GAY	16
53	GGT	10
53	RAC	8
53	KAC	6
53	GAA	3
54	TTG	254668
54	TTT	972
54	TTA	301
54	TTK	32
54	TTC	29
54	TAC	10
54	CTG	8
54	CTT	6
54	TYG	5
54	TTR	4
54	TGG	3
55	TTC	255813
55	TTT	222
55	TTY	29
55	YTC	5
55	ATC	3
56	TTA	255996
56	YTA	8
56	TDA	3
56	TTW	3
56	TTM	2
56	TYA	2
56	KTA	2
57	CCT	255229
57	CCY	16
57	YCT	13
57	CYT	12
57	TCT	7
57	CTT	4
57	AGG	2
58	TTC	255049
58	TTT	123
58	TTY	30
58	TTA	3
58	TCC	3
58	TYC	2
59	TTT	255060
59	TCT	44
59	TAT	11
59	ATT	6
59	TTC	5
59	YTT	4
59	TYT	3
60	TCC	254906
60	TCT	176
60	TCY	16
60	TYC	9
60	TCM	6
60	YCC	3
61	AAT	254998
61	AAC	37
61	AWT	5
61	WAT	4
61	AAY	4
62	GTT	254984
62	CTT	40
62	ATT	23
62	KTT	9
62	GCT	7
62	GYT	5
62	GTC	5
62	GKT	4
62	GTY	2
62	RTT	2
63	ACT	255088
63	AGC	10
63	ACC	6
63	AYT	4
64	TGG	255064
64	TTG	18
64	AGG	15
64	TGC	4
64	GGG	3
64	KGG	3
64	WGG	2
64	TGT	2
64	CGG	2
64	TKG	2
65	TTC	255026
65	TTT	30
65	TAT	11
65	ATC	6
65	TTY	4
65	YTC	4
65	TAC	3
65	KTC	2
65	TTA	2
66	CAT	255061
66	CAC	23
66	TAT	11
66	CGT	7
66	AAC	6
66	CAY	4
66	CTT	4
66	CCT	2
67	GCT	254860
67	GTT	130
67	TCT	84
67	GYT	23
67	GCA	11
67	KCT	8
67	ACT	7
67	ACC	6
67	GAT	3
67	GCC	2
67	TCC	2
67	GCY	2
68	ATA	252518
68	ATC	2525
68	ACA	17
68	TTG	10
68	AYA	6
68	ATR	4
68	AWA	4
68	ATG	3
68	TTA	3
68	RTA	3
68	AGA	3
69	CAT	252416
69	TAT	94
69	YAT	27
69	CGT	11
69	ACA	10
69	CAC	7
69	AAT	5
69	CAG	4
69	CAY	3
69	CRT	2
69	CAA	2
69	GAT	2
70	GTC	252065
70	GTT	345
70	TTC	63
70	GTY	21
70	GCC	13
70	AAA	10
70	RTC	8
70	VTC	7
70	KTC	7
70	TAT	5
70	WTC	4
70	DTC	3
70	MTC	2
70	STC	2
71	TCT	254951
71	TTT	57
71	CCT	57
71	TCG	42
71	TCC	24
71	TCY	17
71	ACT	10
71	TYT	7
71	TCA	7
71	CAA	5
72	GGG	254997
72	GGA	78
72	AGG	29
72	GAG	22
72	GTG	14
72	GGR	9
72	GRG	7
72	TGG	7
72	GGK	6
72	SGG	4
72	GGT	4
72	KGG	2
73	ACC	254991
73	ATC	69
73	ACT	43
73	ACM	26
73	AAC	13
73	AYC	4
73	TCC	2
73	RCC	2
74	AAT	255220
74	AAC	14
74	AAA	12
74	AGT	10
74	GAT	6
74	CAT	5
74	AAW	3
74	AAY	2
75	GGT	255154
75	GTT	232
75	CGT	23
75	GAT	23
75	GKT	20
75	GCT	14
75	GGC	12
75	KGT	9
75	AGT	6
75	GGK	3
75	GGY	3
75	TGT	3
75	SGT	2
75	GRT	2
76	ACT	255507
76	ATT	147
76	AYT	24
76	GCT	19
76	GAA	10
76	ACY	9
76	TTT	5
76	AMT	4
76	ACC	3
77	AAG	255583
77	AAC	48
77	ATG	37
77	AAA	34
77	AAT	9
77	AAR	5
77	AAK	4
77	WAG	3
77	ATT	2
77	CAG	2
77	AWG	2
77	AGG	2
78	AGG	255541
78	ATG	67
78	GGG	26
78	AAG	25
78	AGA	17
78	AGT	12
78	AGK	11
78	AKG	10
78	AGS	2
79	TTT	255699
79	GTT	11
79	CTT	7
79	TYT	3
79	KTT	2
79	TTY	2
80	GAT	254357
80	TAT	1210
80	GAC	101
80	GCT	32
80	KAT	25
80	AAT	15
80	GAY	6
80	GTT	3
80	GGT	3
80	GAG	3
80	RAT	2
81	AAC	255756
81	AAT	15
81	TAC	2
82	CCT	255612
82	CCA	130
82	CAT	7
82	CCC	7
82	TCT	2
83	GTC	255492
83	GTT	194
83	GTA	44
83	ATC	26
83	TTC	21
83	GTY	14
83	KTC	7
83	GYC	4
83	GTG	4
83	CTC	2
83	RTC	2
84	CTA	255500
84	TTA	216
84	ATA	14
84	TTG	11
84	YTA	11
84	MTA	6
84	CWA	3
84	CTT	2
85	CCA	255707
85	GAT	10
85	CCT	5
85	YCA	5
85	CCC	3
85	TCA	3
85	CCR	3
85	CCG	2
86	TTT	255549
86	TTC	12
86	TCT	6
86	TTY	2
87	AAT	255649
87	AAA	15
87	AAC	12
87	AGT	6
87	TAT	3
87	GGT	2
87	WAT	2
88	GAT	255565
88	CAT	20
88	GAC	17
88	TAT	14
88	GAA	12
88	AAT	8
88	GAY	5
88	KAT	3
88	GRT	3
88	GCT	3
88	RAT	2
88	GTT	2
89	GGT	255645
89	GRT	3
89	GGK	2
89	GGC	2
90	GTT	255451
90	TTT	159
90	CTT	22
90	KTT	16
90	ATT	15
90	GTC	3
90	GKT	2
91	TAT	255649
91	TAC	25
91	TWT	8
92	TTT	255639
92	TTC	9
92	TYT	2
93	GCT	255625
93	TCT	12
93	KCT	8
93	GCC	7
93	GTT	3
94	TCC	255571
94	TCA	54
94	TCT	48
94	TTC	18
94	GCA	11
94	TYC	3
95	ACT	255289
95	ATT	333
95	AYT	65
95	GCT	19
95	ACG	6
95	AGT	3
95	CCT	3
95	ACA	3
95	AAT	2
95	MCT	2
95	RCT	2
96	GAG	255394
96	GAA	221
96	GAT	72
96	GGG	17
96	GAK	16
96	GAR	5
96	KAG	4
96	RAG	3
96	CAG	2
96	GMG	2
96	GCG	2
97	AAG	255649
97	ACG	17
97	AAT	16
97	AAA	15
97	AAC	6
97	AAS	6
97	CAG	6
97	GAG	5
97	AGG	4
97	AWG	4
97	AAR	3
98	TCT	254549
98	TTT	1142
98	TYT	35
98	CCT	17
98	TCC	7
99	AAC	255545
99	AAT	182
99	AAY	13
100	ATA	255668
100	ATT	16
100	ACA	11
100	TTA	10
100	MTA	3
100	ATG	3
101	ATA	255709
101	GTC	10
101	ACA	6
101	RTA	5
101	GTA	5
102	AGA	255533
102	ATA	111
102	GGA	11
102	AGT	11
102	AKA	8
102	CGC	6
102	RGA	3
102	AGG	3
102	ACA	3
102	ARA	3
103	GGC	255617
103	GGT	24
103	GGY	7
103	KGC	5
103	CGC	4
104	TGG	255629
104	TGK	3
105	ATT	255537
105	CTT	16
105	ATC	10
105	GTT	4
105	AKT	2
106	TTT	255607
106	TTC	5
106	TYT	3
106	CTT	3
106	TTG	2
107	GGT	255563
107	GGA	16
107	GGC	11
107	GKT	8
107	TGT	7
107	GST	4
107	KGT	4
107	GGY	3
108	ACT	255561
108	ACC	31
108	ACG	11
108	ACA	6
108	AYT	4
108	ACY	3
108	ATT	3
109	ACT	255563
109	ACC	31
109	ACY	7
109	ACA	7
109	AYT	6
110	TTA	255535
110	CTA	21
110	CTT	16
110	TTG	11
110	TYA	6
110	YTA	4
110	TTT	3
110	TTW	2
110	ATA	2
111	GAT	255340
111	AAT	194
111	GAC	13
111	GAY	7
111	KAT	3
112	TCG	255363
112	TCT	25
112	TCA	24
112	TTG	16
112	AAC	10
112	TYG	8
112	TCC	7
112	GCC	6
112	TCR	6
112	CCG	4
112	ACA	3
112	CCA	2
112	AAT	2
113	AAG	255417
113	AAA	20
113	ACA	10
113	AGA	6
113	AMG	4
113	ACG	4
113	AAR	4
113	AGG	4
113	AAT	3
113	MAG	3
114	ACC	255433
114	ACT	18
114	TCA	10
114	AYC	5
114	AMC	3
115	CAG	255398
115	CAC	28
115	CAA	10
115	CAS	6
115	CGG	3
116	TCC	255276
116	TCT	77
116	TCA	15
116	YCC	6
116	TCY	2
116	TCS	2
117	CTA	255091
117	TTA	39
117	CTT	16
117	YTA	11
117	ATA	2
117	MTA	2
118	CTT	254842
118	TTT	23
118	TTG	10
118	YTT	9
118	CTA	7
118	CKT	5
118	ATT	2
119	ATT	254752
119	GTT	66
119	ATA	17
119	ATY	2
119	RTT	2
120	GTT	254793
120	ATT	8
120	KTT	7
120	TTT	7
120	GTY	4
120	RTT	3
120	GTA	3
120	GAT	2
121	AAT	254429
121	AAC	381
121	AAY	6
121	ACT	3
122	AAC	254741
122	AAT	43
122	WAC	3
122	AAY	3
123	GCT	254698
123	GCA	16
123	GCC	12
123	GTT	7
123	ACT	6
123	GCY	6
123	KCT	4
123	GYT	2
124	ACT	254725
124	AYT	20
124	ATT	13
124	ACC	8
124	ACY	3
124	ACA	3
124	MCT	3
124	RCT	2
125	AAT	254711
125	AGT	7
125	AMT	3
125	AAY	2
126	GTT	254587
126	GTC	18
126	KTT	9
126	GYT	7
126	TTT	5
126	STT	4
126	RTT	3
126	GTA	2
127	GTT	254557
127	TTT	32
127	ATC	10
127	KTT	9
127	GYT	4
127	GCT	4
127	GAT	3
127	RTT	2
128	ATT	254607
128	ATC	16
128	TTT	9
128	GTT	6
128	RTT	4
128	ATA	2
129	AAA	254639
129	AAR	8
129	ARA	4
129	AAG	3
129	AAM	2
130	GTC	254426
130	GTT	360
130	GTY	26
130	GTG	8
130	GTA	7
130	GCC	6
130	GGC	4
130	KTC	3
130	TTC	2
130	STC	2
131	TGT	254713
131	TST	29
131	TKT	10
131	TGY	5
131	TRT	4
131	CGT	3
131	TCT	3
132	GAA	254710
132	AAT	11
132	GAG	11
132	CAA	9
132	RAA	6
132	GAC	4
132	GAW	4
132	GAR	3
132	GTA	2
133	TTT	254707
133	TTC	11
133	TTY	6
133	WTT	6
133	TCT	4
133	TTA	2
134	CAA	254738
134	CAG	19
134	YAA	18
134	CAT	7
134	MAA	7
134	CGA	3
134	TCA	3
134	ACA	3
134	CAW	3
134	CAC	2
134	CCA	2
135	TTT	254781
135	CTT	6
135	TTC	6
136	TGT	254783
136	TGG	6
136	TGC	6
136	TTT	4
136	CGT	3
136	TKT	2
137	AAT	255107
137	TAT	14
137	AAC	11
137	AGT	7
137	ACT	6
137	AAY	4
137	ATT	3
138	GAT	254151
138	CAT	1065
138	TAT	219
138	GAC	94
138	KAT	13
138	SAT	7
138	GTA	3
138	AAT	3
138	GAY	2
139	CCA	255593
139	CCT	14
139	YCA	8
139	CCC	3
139	CTA	3
139	CCG	3
139	ACA	2
139	CYA	2
140	TTT	255557
140	TAC	10
140	WTT	3
140	TWT	3
140	TTW	2
140	KTT	2
141	TTG	255238
141	TTT	61
141	GTG	11
141	TTK	11
141	CTT	10
141	TKG	9
141	TTA	7
141	CTG	3
141	YTG	2
142	GGT	254091
142	GAT	980
142	AGT	58
142	GTT	45
142	GCT	14
142	GKT	9
142	GGC	7
142	TGT	6
142	GST	4
142	RGT	4
142	KGT	3
142	GRT	3
143	GTT	254956
143	TTT	154
143	GTG	21
143	KTT	13
143	GGT	10
143	ATT	3
144	TAT	253973
144	TTT	25
144	TAC	20
144	CAT	16
144	GAT	14
144	TAY	12
144	TWT	9
144	AAT	5
144	TDT	3
144	KAT	3
144	TRT	3
144	TCT	2
145	TAC	255907
145	TAT	73
145	CAC	43
145	GAC	33
145	TAY	24
145	YAC	6
145	AAC	6
145	TAM	3
145	TMC	2
145	TAA	2
145	TWC	2
146	CAC	255300
146	TAC	477
146	CAT	144
146	CAY	34
146	YAC	21
146	CAA	15
146	CGC	14
146	CAM	13
146	CAG	7
146	MAC	5
146	CCC	3
146	AAC	2
146	MAM	2
147	AAA	255977
147	AAG	32
147	CAT	10
147	AAR	8
147	AAC	8
147	GAA	6
147	AMA	5
147	AWA	3
147	MAA	3
147	AAM	2
148	AAC	255847
148	AAT	32
148	AAY	22
148	AGC	21
148	AMC	9
148	AAM	5
148	GAC	4
148	TAC	4
148	ACC	4
148	AAA	3
148	ARC	2
149	AAC	255976
149	AAT	59
149	TAC	26
149	AAY	9
149	CAC	5
149	ARC	4
149	RAC	3
149	AAM	2
150	AAA	256069
150	ARA	9
150	AAR	7
150	ATA	5
150	RAA	4
150	AGA	3
150	TTT	2
150	AAT	2
150	AAC	2
151	AGT	254758
151	ATT	70
151	AKT	15
151	RGT	14
151	GGT	10
151	ACG	10
151	ACA	6
151	AGC	5
151	AAT	5
151	ACT	4
151	ART	2
151	TGT	2
152	TGG	254503
152	TGK	215
152	TTG	88
152	AGG	16
152	CGG	13
152	TKG	12
152	WGG	4
152	WKG	3
152	TRG	3
152	TGR	2
152	YGG	2
153	ATG	254147
153	ATT	206
153	ACG	202
153	ATA	179
153	GTG	21
153	AYG	13
153	AGC	10
153	ATK	8
153	GTT	6
153	RTG	4
153	ATR	4
153	ATC	3
154	GAA	254692
154	CAA	22
154	ACG	10
154	RAA	7
154	KAA	6
154	AAA	4
154	GRA	4
154	GAG	4
154	GTA	3
154	GGA	2
154	GAC	2
155	AGT	254422
155	ATT	43
155	AKT	11
155	AGA	10
155	AAT	7
155	AST	6
155	WGT	3
155	ACT	2
156	GAG	254196
156	GAT	21
156	GCG	21
156	GAC	14
156	CAG	10
156	GAA	8
156	GAK	5
156	KAG	4
156	GWG	2
156	GGG	2
157	TTC	252220
157	TTA	75
157	TTT	30
157	TCC	6
157	TTY	5
157	TYC	5
157	CTC	4
157	TKC	3
158	AGA	251923
158	GGA	11
158	AAA	10
158	GCT	10
158	CTA	6
158	AGC	5
158	AGG	5
158	AKA	4
158	ARA	4
158	ATA	3
158	RGA	3
158	ASA	3
158	CCA	3
158	AGM	2
159	GTT	251983
159	ATT	29
159	CTT	4
159	RTT	3
159	GTC	3
159	KTT	2
159	TTT	2
160	TAT	252089
160	TAC	22
160	TAY	6
160	ATT	3
160	YAT	3
160	TWT	2
161	TCT	252148
161	TCC	12
161	TCA	6
161	TTT	6
161	TCY	5
161	TMT	3
161	GCT	2
161	TAT	2
162	AGT	252054
162	ATT	15
162	TCT	10
162	AKT	7
162	AAT	4
162	AGW	2
162	ART	2
162	AGC	2
163	GCG	251599
163	GCT	438
163	GTG	18
163	GCA	15
163	GCR	13
163	GCC	12
163	TAT	10
163	GCK	8
163	KCG	3
163	ACG	3
163	GYG	2
164	AAT	251852
164	ACT	275
164	AAC	50
164	GCC	10
164	AMT	5
164	AGT	3
164	AAY	3
164	RAT	2
164	AWT	2
164	CAT	2
165	AAT	252235
165	CAT	21
165	AAY	3
165	AAC	2
166	TGC	252254
166	YGC	3
166	TGY	3
166	TGH	3
166	AGC	2
166	TGT	2
167	ACT	252153
167	AYT	52
167	TCT	4
167	RCT	3
168	TTT	252565
168	TTC	8
168	KTT	4
168	YTT	3
168	TAT	2
169	GAA	252568
169	GAG	16
169	CAA	6
169	GAW	4
169	KAA	2
169	GAC	2
169	RAA	2
170	TAT	252604
170	TAC	13
170	TCT	6
170	CAT	5
170	TRT	3
170	TAY	2
171	GTC	252281
171	GTT	263
171	GTG	10
171	GYC	7
171	RTC	7
171	TTC	7
171	ATT	6
171	GCC	6
171	KTC	4
171	GTY	4
171	GTM	3
171	CTC	2
171	GTA	2
172	TCT	252145
172	TCG	20
172	TCC	10
172	TYT	8
172	TTT	6
172	KCT	4
172	TCY	3
172	YCT	2
173	CAG	252060
173	AAG	58
173	CAT	15
173	CAA	10
173	CTG	8
173	CAC	4
173	YAG	3
173	CAS	2
173	CAR	2
173	MAG	2
173	TTT	2
174	CCT	252030
174	TCT	49
174	CCY	16
174	CYT	9
174	CAT	6
174	YCT	6
174	CTT	5
174	CCC	3
175	TTT	252211
175	TTC	6
175	TCT	5
175	YTT	5
175	TYT	4
175	TTY	4
175	ATT	2
176	CTT	251789
176	TTT	515
176	YTT	20
176	ATG	10
176	MTT	10
176	CTC	8
176	ATT	7
176	CAT	3
176	CTY	2
176	CKT	2
177	ATG	252067
177	ATA	42
177	ATT	37
177	ATC	15
177	ACG	13
177	CTA	10
177	ATK	10
177	AAG	4
177	ATR	4
177	RTG	3
177	ATS	3
177	MTG	3
177	CTT	2
177	AGG	2
177	GTG	2
178	GAC	252009
178	AAC	120
178	GAT	20
178	KAC	16
178	GGC	14
178	CAC	9
178	RAC	9
178	TAC	3
178	GAY	3
179	CTT	251897
179	TTT	15
179	ATA	10
179	CCT	7
179	CTC	6
179	CTY	5
179	CYT	5
179	KTT	3
179	YTT	2
179	ATT	2
179	CWT	2
180	GAA	251852
180	GTA	76
180	GCT	11
180	AAA	11
180	GAG	10
180	GGA	9
180	GRA	6
180	GAR	4
180	GWA	4
181	GGA	251635
181	GTA	95
181	AGA	32
181	CGA	29
181	GCA	27
181	GGT	25
181	GGR	21
181	GKA	21
181	GRA	20
181	GGC	11
181	KGA	8
181	GGW	5
181	SGA	4
181	GGG	2
181	RGA	2
181	GSA	2
182	AAA	251894
182	AGA	41
182	AAG	12
182	ATA	4
182	ARA	4
182	AAC	3
182	AAR	3
182	GAA	2
182	AAM	2
182	AAT	2
182	MAA	2
182	RAA	2
183	CAG	251829
183	CAT	21
183	CGG	11
183	AGT	10
183	YAG	9
183	CAA	6
183	CCG	5
183	CRG	5
183	CAK	4
183	CAS	4
184	GGT	251737
184	AGT	35
184	GTT	28
184	GGC	21
184	GKT	5
184	GGY	2
185	AAT	251850
185	TTA	10
185	AAG	9
185	AGT	9
185	ATT	7
185	GAT	6
185	GTT	3
185	RAT	2
186	TTC	251558
186	TTT	213
186	TTS	25
186	TCC	22
186	TTY	14
186	TTA	7
186	GTC	5
186	KTC	4
186	TKC	4
186	TWM	3
186	TTM	2
187	AAA	251866
187	AAG	15
187	GAC	10
187	CAA	6
187	AAR	5
187	AAC	3
187	ARA	3
187	AAT	2
188	AAT	251906
188	AAC	11
188	ACA	10
188	GAT	5
188	AAY	4
188	AAG	4
188	CAT	3
188	AAW	3
188	TAT	2
189	CTT	251700
189	TTT	195
189	CTG	11
189	CTC	10
189	TTA	10
189	YTT	8
189	CTY	4
189	GTT	3
190	AGG	251773
190	ATG	169
190	AGA	35
190	AAG	19
190	AGK	8
190	AKG	7
190	RGG	5
190	ARG	5
190	AGC	3
190	AGT	2
190	ATT	2
190	WGG	2
190	CGT	2
191	GAA	251996
191	GAG	31
191	RAA	12
191	KAA	4
191	GAR	3
191	GAW	3
191	GAC	2
191	AAA	2
192	TTT	252009
192	WTT	8
192	TTC	4
192	TTW	3
192	KTT	3
192	TAT	2
193	GTG	251718
193	GTA	69
193	STG	16
193	TTG	15
193	GTT	12
193	KTG	10
193	CTG	5
193	CTT	2
193	GCG	2
193	GTK	2
194	TTT	251786
194	TTC	12
194	TTA	5
194	TAT	3
194	TYT	3
194	TTY	3
194	GTT	2
194	TTW	2
195	AAG	251799
195	AAA	14
195	CGA	10
195	AAS	3
195	WRG	3
195	AAK	3
196	AAT	251744
196	AAC	43
196	RAT	3
196	GAT	3
196	AMT	3
197	ATT	251674
197	GTT	121
197	GTC	10
197	AYT	5
197	RTT	5
197	ATY	3
197	ATC	3
197	ATK	2
197	ACA	2
197	ACT	2
198	GAT	251555
198	GGT	125
198	GAC	16
198	TAT	6
198	GRT	4
198	GCT	4
198	GAG	3
198	GAA	3
198	GAY	2
199	GGT	251567
199	GGA	10
199	CGT	6
199	GGG	5
199	GGK	5
199	GKT	4
199	TGT	4
199	KGT	3
199	AGT	3
199	SGT	2
200	TAT	250812
200	TAC	715
200	AAT	12
200	TAY	7
200	CAT	7
200	YAT	6
200	TCA	3
200	GAT	3
200	TRT	2
200	TGT	2
200	TTT	2
201	TTT	251602
201	TTC	27
201	TTW	3
201	CTT	3
201	TYT	2
201	TWW	2
202	AAA	251596
202	AAG	43
202	WAA	9
202	ARA	5
202	CAA	4
202	AAW	2
202	AWA	2
203	ATA	251742
203	ATT	33
203	ATG	10
203	CTA	4
203	ATC	4
203	ATR	3
203	WTA	2
203	AWW	2
203	GTA	2
204	TAT	251819
204	TAC	18
204	TAY	5
204	AAT	3
204	TCT	3
204	WWW	2
204	ATA	2
204	YAT	2
205	TCT	251952
205	TCC	11
205	TCA	10
205	YCT	6
205	TYT	3
205	WCT	2
205	TYY	2
206	AAG	251966
206	AAA	32
206	AGG	5
206	AAC	4
206	AAR	4
206	AAT	3
206	WAR	2
206	AAK	2
207	CAC	251888
207	CGC	24
207	TAC	12
207	CTC	11
207	CAA	8
207	YAC	7
207	CAT	5
207	CAY	4
207	CRC	3
207	CCC	3
207	CAG	2
207	SMM	2
208	ACG	251897
208	ACA	31
208	ATG	13
208	TCG	7
208	ACT	5
208	CCG	4
208	CCA	3
208	AYG	2
208	ACK	2
208	MMS	2
208	ACR	2
209	CCT	252037
209	TCT	7
209	YCT	5
209	CCY	5
209	CYT	3
209	CCG	3
209	CTT	2
210	ATT	251962
210	GTT	13
210	ATC	4
210	AGT	3
210	AAT	3
210	MTT	3
210	AWT	3
210	AYT	3
210	ATY	3
210	ATA	2
210	ACT	2
211	AAT	252078
211	TAT	19
211	GAT	9
211	AGT	8
211	RAT	4
211	AAC	4
211	CAT	3
211	AAY	3
212	TTA	251963
212	GTA	10
212	TCA	8
212	TTR	7
212	TTG	7
212	WTA	4
212	CTA	3
212	TTW	2
213	GTG	252122
213	GTT	145
213	TTG	141
213	GCG	15
213	GTA	11
213	GGG	10
213	AAT	10
213	GTK	9
213	KTG	5
213	GTR	4
213	GYG	4
213	ATG	3
213	GWG	3
213	RTG	3
213	CTG	3
214	CGT	252236
214	CTT	123
214	CKT	15
214	AGT	15
214	CAT	14
214	CGC	9
214	CCT	7
214	CGK	5
214	CGG	4
214	CRT	4
214	MGT	3
214	TGT	3
214	SGT	3
214	YGT	2
215	GAT	251619
215	CAT	500
215	TAT	124
215	GTT	59
215	GGT	49
215	GAC	46
215	KAT	26
215	SAT	13
215	AAT	11
215	GAY	4
215	GRT	3
215	GAW	2
216	CTC	252422
216	TTC	90
216	CTT	72
216	YTC	30
216	CTY	10
216	TTA	10
216	CAC	3
216	CYC	3
216	ATC	2
216	MTC	2
217	CCT	252736
217	CCC	41
217	CMT	7
217	CCY	5
217	TCT	4
217	CYT	2
218	CAG	252612
218	CAT	90
218	YAG	13
218	ATA	10
218	GAG	7
218	AGA	6
218	CTG	4
218	CGG	4
218	CAK	3
218	CRG	3
219	GGT	252595
219	GKT	20
219	GGG	18
219	AGT	10
219	GGC	5
219	KGT	4
219	GGK	3
219	GGA	3
219	GST	3
219	RGT	3
219	GAT	2
220	TTT	252615
220	CTT	140
220	TTC	14
220	TTY	5
220	YTT	4
220	GTT	3
221	TCG	251756
221	TCT	653
221	TTG	196
221	TCA	60
221	TYG	31
221	TCK	15
221	TCC	9
221	TYS	8
221	GCT	6
221	TGG	5
221	YCG	3
221	CCG	2
221	TMG	2
222	GCT	223993
222	GTT	28421
222	GYT	208
222	TCT	25
222	GCA	16
222	ACT	10
222	CCT	9
222	GCY	5
222	TTT	5
222	SCT	4
222	ATT	2
223	TTA	252763
223	TTG	10
223	CTT	10
223	CTA	5
223	TTR	4
224	GAA	252745
224	AAA	35
224	CAA	13
224	GAG	5
224	GAR	2
225	CCA	252503
225	CCT	14
225	CYA	8
225	CGA	3
225	CCG	3
225	CCW	2
225	TCA	2
225	ACA	2
226	TTG	252460
226	CTG	12
226	CTT	10
226	TTT	6
226	TTA	4
226	ATT	4
226	TKG	3
226	TWG	2
226	TTK	2
226	YTG	2
227	GTA	252415
227	TTA	20
227	GTC	12
227	GCA	11
227	GTT	11
227	ATA	10
227	GTG	6
227	GTR	4
227	ATG	3
227	RTA	3
228	GAT	252320
228	GAC	21
228	AAT	18
228	GAA	16
228	CAT	8
228	TAT	6
228	SAT	5
228	KAT	3
228	GWT	3
228	ATT	3
228	GAY	2
228	GAG	2
229	TTG	252334
229	TTT	31
229	ATT	10
229	TTA	8
229	CTC	6
229	TYG	4
229	CTG	2
229	TTK	2
230	CCA	252275
230	CCT	59
230	CCC	26
230	CCG	24
230	CCR	3
230	CMA	2
230	CYA	2
230	CCW	2
231	ATA	251792
231	ATT	544
231	TTA	13
231	GCT	10
231	ATR	4
231	ATW	4
231	CTA	2
231	AYA	2
231	ACC	2
231	ATG	2
232	GGT	252288
232	GKT	28
232	GGC	11
232	TGT	8
232	GTT	5
232	GGA	4
232	GRT	3
232	GGW	3
232	KGT	3
232	RGT	2
232	TGA	2
233	ATT	252371
233	GTT	24
233	ATA	10
233	ATC	8
233	AYT	3
233	ACT	2
233	ATG	2
233	ATY	2
233	RTT	2
234	AAC	251995
234	AAT	301
234	AAY	26
234	WAC	6
234	AGC	3
234	AAM	2
234	AWC	2
235	ATC	251901
235	ATT	20
235	GTC	3
235	ATY	2
236	ACT	251867
236	ACC	20
236	ACY	16
236	AGT	2
237	AGG	251886
237	AAG	17
237	AGA	16
237	AAA	10
237	AGT	9
237	AGK	7
237	AGR	6
237	ARG	5
237	AKG	4
238	TTT	252350
238	WKT	15
238	TTC	14
238	YTT	4
238	WWT	3
238	GTT	3
238	TTY	2
239	CAA	252334
239	AAA	28
239	MAA	14
239	AGA	10
239	CAG	8
239	CGA	5
239	CCA	3
239	YAA	3
239	CMA	3
239	VAA	3
239	CAT	3
239	CWA	3
239	CAC	2
240	ACT	252207
240	ATT	41
240	ACC	23
240	AYT	21
240	ACA	16
240	AGT	9
240	CCT	4
240	ACY	3
240	AST	3
240	AAT	2
240	WCT	2
241	TTA	252521
241	TTG	11
241	CTC	9
241	CTA	8
241	TYA	3
241	GTT	2
242	CTT	252345
242	TTT	43
242	CCT	17
242	YTT	14
242	CTC	10
242	CTA	10
242	CTY	9
242	CGT	4
242	CTG	3
242	MTT	3
242	CAT	2
242	CYT	2
243	GCT	252266
243	GCC	105
243	TCT	99
243	ACT	40
243	GTT	17
243	KCT	12
243	GYT	11
243	SCT	6
243	GCY	5
243	RCT	4
243	GMT	3
243	GCA	3
243	CCT	2
243	GAT	2
244	TTA	253921
244	TTT	13
244	KTA	10
244	CTA	9
244	ATA	9
244	TYA	7
244	TTG	4
244	YTA	4
244	TTC	2
244	TTW	2
245	CAT	254092
245	TAT	186
245	CAC	38
245	YAT	34
245	CGT	13
245	CMT	9
245	MAT	5
245	SAT	2
245	CRT	2
245	CAA	2
246	AGA	254162
246	ATA	10
246	AAA	8
246	AKA	6
246	AGT	4
246	ACA	3
246	AGC	3
246	AGG	2
247	AGT	253937
247	GGT	21
247	AGG	17
247	AAT	15
247	AGK	14
247	GGA	9
247	ATT	6
247	AGC	5
247	RGT	2
248	TAT	254014
248	CAT	14
248	GAC	9
248	TAC	6
248	TCT	5
248	TRT	4
248	TTT	2
249	TTG	253901
249	TTA	25
249	CCC	9
249	TCG	9
249	TTT	7
249	CTT	6
249	WTG	5
249	TTK	4
249	TCC	3
249	TGT	3
250	ACT	253670
250	ATT	34
250	AAT	15
250	ACC	10
250	ATG	10
250	ACA	8
250	ACG	5
250	RCT	4
250	AST	3
250	TTT	3
250	AYT	2
250	GCT	2
250	AMT	2
250	TCT	2
251	CCT	253503
251	CCC	90
251	CTT	18
251	TCT	18
251	CAT	8
251	YCT	4
251	CYT	4
251	CCY	4
251	CGT	2
251	MCT	2
252	GGT	253588
252	AGT	19
252	AAT	9
252	GAT	9
252	GGC	6
252	GTT	6
252	GGG	4
252	GGY	3
252	KGT	3
252	GKT	2
253	GAT	252157
253	GGT	1297
253	TAT	30
253	GRT	17
253	AAT	14
253	KAT	6
253	GCT	5
253	GTT	5
253	AAG	4
253	GAY	3
253	GAC	3
253	RAT	2
254	TCT	253055
254	TTT	305
254	TYT	43
254	TCG	20
254	CTA	6
254	TCC	5
254	YCT	4
254	TCY	3
255	TCT	240308
255	TTT	428
255	TYT	28
255	GAA	6
255	CCT	5
255	TAT	4
255	TCW	3
255	TCC	2
255	TMT	2
255	TCK	2
256	TCA	239584
256	TTA	353
256	TYA	87
256	CCA	18
256	TCT	14
256	YCA	11
256	TCG	9
256	AGT	6
256	TCR	3
256	TTT	3
256	TCW	3
256	TCC	3
256	WCA	2
257	GGT	239168
257	GAT	54
257	GGC	22
257	GTT	21
257	AGT	21
257	GKT	10
257	GRT	8
257	KGT	5
257	CGT	4
257	GGY	4
257	RGT	3
257	GGA	3
257	TGG	3
257	AAT	2
257	KGK	2
258	TGG	237717
258	TTG	117
258	TGT	24
258	TKG	22
258	TGK	13
258	CGG	6
258	WGG	5
258	AGG	5
258	TCG	4
258	TGS	4
258	YGG	2
259	ACA	231722
259	ATA	6
259	ACM	6
259	ACR	3
259	ASA	3
259	WCA	2
259	AYA	2
259	AMA	2
260	GCT	226520
260	GCY	11
260	ACT	11
260	TCT	11
260	GTC	9
260	GTT	9
260	GCC	9
260	GYT	8
260	GCK	6
260	KCT	5
260	RCT	2
261	GGT	226761
261	GTT	291
261	AGT	83
261	CGT	50
261	GAT	30
261	TTT	12
261	KGT	11
261	GKT	8
261	TGT	8
261	GGC	7
261	GGA	6
261	GRT	6
261	GGW	5
261	RGT	3
261	GST	3
261	GCT	2
261	GGG	2
262	GCT	223480
262	TCT	1487
262	GST	156
262	KCT	147
262	ACT	88
262	RCT	18
262	GMT	15
262	GVT	9
262	TCA	9
262	GYT	6
262	GCY	6
262	GCC	4
262	CCT	3
262	GAT	3
262	GTT	2
263	GCA	225719
263	ACA	32
263	GCT	23
263	TCA	21
263	GCW	11
263	GTA	11
263	GMA	10
263	GCM	6
263	KCA	6
263	GYA	6
263	GCG	4
263	KCM	3
263	RCA	2
263	GCR	2
264	GCT	225831
264	TCT	12
264	GCY	10
264	GCK	8
264	GYT	8
264	KCT	6
264	RCT	6
264	SCT	4
265	TAT	226265
265	TAC	10
265	TRT	9
265	YAT	9
265	TMT	6
265	TGT	4
265	TWT	4
265	TAY	4
265	TAW	3
265	WAT	3
266	TAT	226410
266	TAC	17
266	TAY	6
266	YAT	5
266	TMT	4
266	TAK	4
266	TGT	3
266	AAT	2
266	TWT	2
266	CAT	2
267	GTG	226192
267	GTT	33
267	GTK	14
267	TTG	13
267	KTG	8
267	GTA	7
267	GTS	6
267	GTR	6
267	GWG	4
267	GYG	4
267	RTG	4
267	GKG	4
267	KTK	3
268	GGT	226477
268	GGC	11
268	KGT	10
268	GKT	6
268	GGY	4
268	GAT	3
268	KKT	3
268	GGW	3
268	CGT	2
269	TAT	226554
269	TAC	22
269	YAT	7
269	TAY	5
269	KAT	5
269	TWT	4
269	TAW	2
269	TMT	2
269	AAT	2
270	CTT	227127
270	TTA	10
270	CTY	9
270	MTT	7
270	CYT	7
270	CTA	6
270	CTW	4
270	YTT	4
270	CTC	2
271	CAA	227066
271	GAA	13
271	CGA	10
271	GCT	9
271	CAC	8
271	YAA	8
271	CRA	8
271	CAW	7
271	CAR	7
271	CMA	6
271	TAA	4
271	CWA	3
271	MAA	2
271	AAA	2
271	SAA	2
272	CCT	226316
272	CTT	1026
272	CYT	22
272	CCA	11
272	TCT	9
272	CCY	8
272	CCC	8
272	CAT	6
272	CAG	6
272	YCT	5
272	ACT	3
272	MMT	3
272	CTC	2
272	TTT	2
273	AGG	227132
273	AGA	29
273	AKG	23
273	AGT	15
273	WGG	15
273	AGK	12
273	CGT	10
273	AAG	9
273	AGS	8
273	RGG	4
273	ATG	3
273	GGG	3
273	AGR	2
274	ACT	226928
274	ACY	27
274	ACA	10
274	AYT	9
274	AMT	8
274	ATT	7
274	MCT	6
274	ACC	5
274	AAT	4
274	WCT	3
274	AGT	3
275	TTT	227234
275	TTY	11
275	YTT	9
275	TYT	8
275	CTT	7
275	TTC	4
275	TAT	3
275	ATT	3
276	CTA	224668
276	TTA	2404
276	YTA	30
276	ATG	12
276	CYA	11
276	CTC	7
276	CTR	7
276	CTG	5
276	ATA	4
276	MTA	4
276	CKA	3
276	CAA	3
276	CTW	3
276	STA	3
277	TTA	227044
277	CTA	8
277	TWA	7
277	YTA	6
277	TTR	5
277	ATA	3
277	TYA	2
278	AAA	227272
278	RAA	17
278	AAT	10
278	AGT	6
278	ARA	5
278	AAW	4
278	AAG	4
278	MAA	3
278	MMM	3
278	WAA	3
278	AAR	2
279	TAT	227317
279	WAT	21
279	TAC	18
279	YAT	8
279	TWT	7
279	TMT	6
279	TTT	3
279	AAT	3
279	AAA	3
279	TAW	2
280	AAT	227881
280	AWT	9
280	ART	8
280	AMT	6
280	AAY	6
280	GAT	3
280	WAT	3
280	AAW	2
281	GAA	227958
281	GTA	69
281	RAA	39
281	CAA	20
281	KAA	7
281	AAA	5
281	GRA	5
281	GAM	3
281	SAA	3
281	GAG	3
281	GAR	3
281	GWA	2
281	GGA	2
282	AAT	228464
282	AAC	8
282	AAW	6
282	AAY	6
282	AGT	5
282	RAT	4
282	AMT	3
282	AWT	2
282	AAG	2
283	GGA	228360
283	KGA	17
283	GKA	16
283	GGT	10
283	GGW	6
283	GGR	6
283	GGG	5
283	GDA	4
283	GRA	4
283	RGA	3
283	GGC	2
283	GTA	2
283	SGA	2
284	ACC	228456
284	ACM	11
284	ACT	10
284	ACA	10
284	ATC	7
284	WCC	6
284	AYC	6
284	AMC	4
284	ACY	4
284	AAA	3
284	RCC	2
285	ATT	229004
285	AYT	15
285	ATA	11
285	ATY	9
285	ACT	4
285	ATK	4
285	MTT	4
285	ATC	4
285	AAT	3
286	ACA	229124
286	ATA	11
286	AYA	8
286	RCA	6
286	ACW	4
286	GCA	3
286	AMA	3
286	WCA	3
287	GAT	228724
287	GGT	11
287	GAY	10
287	GRT	8
287	KAT	7
287	SAT	4
287	GAK	3
287	TAT	3
288	GCT	230365
288	GYT	13
288	GCY	11
288	TCT	10
288	RCT	9
288	GTT	7
288	CCT	7
288	ACT	4
288	GMT	4
288	GCK	3
288	GCC	3
288	KCT	2
289	GTA	230502
289	ATA	48
289	GTT	16
289	TTA	11
289	GTG	9
289	KTA	6
289	RTA	6
289	GYA	5
289	GAA	3
289	GKM	3
290	GAC	230260
290	GAT	160
290	KAC	15
290	GAY	14
290	CAC	4
290	GRC	3
290	GAG	3
290	KWM	3
290	RAC	3
290	TAC	3
290	GWC	2
290	AAC	2
291	TGT	229552
291	TGY	12
291	TGC	9
291	YGT	8
291	GGT	4
291	KGT	4
291	AKT	3
291	TKT	3
291	TRT	3
291	KGK	3
291	WGT	3
291	ATT	2
291	TTT	2
291	TST	2
292	GCA	229553
292	GCT	29
292	TCA	27
292	GCR	11
292	GCC	10
292	GYA	10
292	RCA	5
292	KCA	4
292	ACA	3
292	GMM	3
292	GCW	3
292	GTA	3
292	TCT	2
293	CTT	229236
293	CTA	17
293	CTY	13
293	GTT	8
293	CTC	8
293	YTT	7
293	CTK	6
293	CTG	4
293	MKK	3
293	ATG	3
293	CWT	2
294	GAC	225371
294	GAT	3368
294	GAY	37
294	KAC	22
294	GAA	8
294	RAC	7
294	GWC	4
294	ATC	3
294	GRC	3
294	SAC	3
295	CCT	228433
295	MCT	19
295	YCT	13
295	CYT	13
295	CCW	12
295	CCY	9
295	TCT	9
295	CMT	6
295	CCC	5
295	CAT	3
295	CCA	2
296	CTC	228250
296	CTT	384
296	CTY	55
296	CTA	17
296	CTG	13
296	CKC	6
296	CYC	5
296	YTC	4
296	CTM	4
296	MTC	3
296	TTT	3
296	TTC	2
297	TCA	228725
297	TYA	76
297	TCT	14
297	TCR	9
297	TSA	6
297	TCC	5
297	TTA	5
297	KCA	4
297	YCA	4
297	TGG	3
297	WCA	3
297	TCW	3
298	GAA	228829
298	GAG	22
298	RAA	21
298	CAA	8
298	GAR	8
298	AAA	6
298	GAW	6
298	GAM	4
298	KAA	3
298	SAA	3
298	TAA	2
299	ACA	228742
299	ATA	105
299	AYA	25
299	ACT	13
299	GCT	10
299	GCA	6
299	RCA	4
299	AMA	4
299	ASA	2
299	ACG	2
299	ACM	2
300	AAG	228948
300	AAA	14
300	RAG	13
300	ARG	11
300	AAK	11
300	AAR	5
300	AMG	3
300	AAT	3
300	AWG	3
301	TGT	228849
301	TGC	21
301	TGY	8
301	AGT	6
301	WGT	5
301	TRT	4
301	TTT	4
301	TKT	4
301	YGT	3
301	TGW	2
301	YKT	2
302	ACG	228376
302	ACT	571
302	ACA	44
302	ACK	21
302	GCG	6
302	WCG	4
302	AYG	4
302	AMG	4
302	RCG	4
302	CTA	3
302	AAG	2
302	ACR	2
302	ACS	2
303	TTG	229350
303	TTA	17
303	TTR	15
303	CTG	9
303	TTT	6
303	TWG	5
303	TTS	4
303	YWG	3
303	TTK	2
303	GTG	2
303	YTG	2
303	WTG	2
303	CTT	2
304	AAA	229458
304	AAM	12
304	RAA	12
304	ARA	9
304	AAG	5
304	AAR	5
304	AWA	2
304	WAA	2
305	TCC	229415
305	TCT	145
305	TCY	8
305	TYC	7
305	GCC	6
305	ACC	4
305	TCM	4
305	TCA	2
306	TTC	226211
306	TTT	3214
306	TTY	25
306	TTA	12
306	CTA	6
306	CTC	6
306	TYC	5
306	YTC	4
306	WTC	3
306	ATC	3
306	TKC	3
306	TWC	2
306	KTC	2
307	ACT	229330
307	ATT	132
307	TCT	14
307	ACC	12
307	AAT	11
307	RCT	10
307	AYT	10
307	ACA	6
307	CCT	3
307	ACW	3
307	GCT	2
307	ACY	2
308	GTA	229293
308	TTA	139
308	KTA	38
308	GTT	25
308	CTA	15
308	RTA	8
308	GTG	4
308	ATA	4
308	GKA	3
308	GYA	2
309	GAA	228737
309	CAA	74
309	SAA	32
309	RAA	26
309	GRA	17
309	GAR	7
309	GAW	7
309	KAA	4
309	GAM	3
309	GMA	3
309	DAA	2
310	AAA	229805
310	AAR	12
310	AAG	7
310	AAW	6
310	AAT	3
310	WAA	3
310	AWA	2
311	GGA	229315
311	KGA	13
311	GRA	8
311	GGR	4
311	GKA	4
311	SGA	3
311	RGA	3
311	GSA	3
311	GGM	3
311	GGC	3
312	ATC	229455
312	ATT	182
312	AYC	13
312	ATY	12
312	CTC	5
312	ATM	5
312	WTC	4
312	GTC	2
312	RTC	2
312	ATA	2
313	TAT	229740
313	TAC	17
313	TWT	12
313	TAY	8
313	TRT	5
313	TAW	5
313	WAT	3
313	TMT	3
313	KAY	3
313	CAT	2
313	YAT	2
314	CAA	229627
314	AAA	103
314	CAG	21
314	MAA	9
314	CTA	8
314	YAA	8
314	CCA	4
314	CGA	3
314	CAC	3
314	CRA	3
314	CAW	3
314	CWA	2
314	CAR	2
315	ACT	229530
315	AYT	22
315	MCT	5
315	ACY	4
315	AST	3
315	WCT	3
315	ATT	3
315	ACC	3
315	RCT	3
315	AMT	2
316	TCT	229383
316	TCY	3
316	TCK	3
316	WCT	3
316	TCA	3
316	YCT	2
316	TYT	2
316	TCC	2
317	AAC	229136
317	AAT	7
317	RAC	6
317	AAY	5
317	AAM	3
318	TTT	228082
318	TTW	214
318	TYT	36
318	TKT	15
318	TTC	12
318	TTK	12
318	TTY	11
318	YTT	9
318	KTT	3
318	TTD	3
318	TYW	3
318	TAT	2
319	AGA	230183
319	AGR	5
319	AGG	5
319	ARA	3
319	AGM	3
319	ATA	2
319	AKA	2
320	GTC	229425
320	GKC	142
320	ATC	127
320	GTT	35
320	GTM	15
320	GYC	12
320	RTC	7
320	GTY	7
320	STC	7
320	KTC	5
320	TTC	4
320	GCC	4
320	GTS	4
320	GCT	2
321	CAA	230874
321	CAG	176
321	SAA	41
321	MAA	30
321	CTA	17
321	YAA	10
321	GAA	4
321	VAA	3
321	CRA	2
322	CCA	242226
322	CCG	6
322	GCA	6
322	SCA	3
322	CCT	3
322	TCA	3
323	ACA	244112
323	ATA	109
323	AYA	45
323	ACT	11
323	WCA	2
324	GAA	244426
324	GAG	16
324	ATC	7
324	GAM	4
324	AAA	3
324	ACA	2
324	SAA	2
324	GTA	2
325	TCT	244705
325	AGT	6
325	TTT	5
325	AAG	2
326	ATT	244936
326	ATA	18
326	RTT	2
326	GTT	2
327	GTT	244845
327	ATT	4
327	GYT	3
327	TTT	2
328	AGA	255537
328	AGG	21
328	AKA	7
328	AGW	4
328	ACA	3
329	TTT	255654
329	TTC	7
329	TYT	5
329	TTY	4
329	YTT	2
330	CCT	255568
330	TCT	124
330	GCT	18
330	CYT	15
330	CCA	13
330	YCT	10
330	CCC	8
330	CTT	6
330	CCW	3
331	AAT	255745
331	AAC	11
331	AAY	6
332	ATT	255812
333	ACA	255809
333	ACG	17
333	AYA	10
333	AMA	5
333	ACR	4
333	ACW	2
333	ATA	2
334	AAC	255837
334	AAT	53
334	AAY	2
335	TTG	255845
335	TTA	25
335	TTT	8
335	TTR	5
335	CTG	4
335	TTK	4
335	TTS	3
336	TGC	255802
336	TGT	57
336	TSC	9
336	TGY	6
336	YSC	3
337	CCT	255714
337	CCC	42
337	CCY	27
337	YCT	8
337	CCA	7
337	TCT	6
337	MCT	5
337	CYT	4
337	ACT	3
337	CGT	3
338	TTT	255992
338	CTT	7
338	TYT	7
338	TTK	3
338	TTA	2
339	GGT	255989
339	KGT	10
339	GAT	10
339	GAC	7
339	GGA	6
339	AGT	4
339	TTT	3
339	GGC	2
339	SGT	2
340	GAA	256012
340	AAA	5
340	GAG	3
340	GCA	2
340	GGA	2
341	GTT	255977
341	ATT	34
341	GTG	7
341	GTC	4
341	RTT	2
341	KTT	2
342	TTT	256016
342	TTC	37
342	TTY	6
342	GTT	2
343	AAC	255792
343	AAT	243
343	AAY	12
343	RAC	2
344	GCC	256073
344	TCC	109
344	GCA	68
344	GCT	16
344	GCG	9
344	ACC	7
344	SCC	7
344	GTC	4
344	KCC	2
344	GCY	2
345	ACC	256274
345	TCC	9
345	ACT	7
345	ACY	6
345	ATC	5
345	AYC	2
346	AGA	256240
346	AAA	23
346	ACT	11
346	ACA	7
346	AGT	5
346	ATA	3
347	TTT	256312
347	TTC	4
348	GCA	256175
348	GCT	62
348	GCG	32
348	TCA	27
348	GTA	4
348	ACA	4
348	KCA	4
348	GYA	3
348	GMA	3
348	GCW	2
348	RCA	2
348	CCC	2
349	TCT	256290
349	TCA	7
349	CCT	4
349	YCT	2
349	TTT	2
349	TYT	2
349	TCC	2
350	GTT	256427
350	KTT	3
350	GWT	3
350	GTC	2
351	TAT	256430
351	TAC	6
351	YAT	3
352	GCT	256336
352	TCT	19
352	GYT	7
352	GCG	6
352	KCT	5
352	GTT	4
352	SCT	3
352	GCA	2
353	TGG	256230
353	TKG	10
353	TGK	6
354	AAC	256058
354	AAT	163
354	GAC	26
354	AAA	22
354	AAY	18
354	AGC	14
354	RAC	4
354	AAM	3
354	CAC	3
354	ARC	3
354	AAS	3
355	AGG	255070
355	AGA	85
355	ASG	3
355	AGR	2
355	RGG	2
355	AGT	2
356	AAG	255116
356	AGG	7
356	AAA	5
356	AAK	4
356	WAG	4
356	ACT	2
357	AGA	255058
357	AAA	19
357	ARA	10
357	AKA	4
357	AGR	2
358	ATC	255027
358	ATT	11
358	ACC	3
358	ATA	3
358	ATM	2
358	AYC	2
358	RTC	2
359	AGC	254933
359	AAC	20
359	AGT	12
359	ARC	3
359	TCT	2
360	AAC	254803
360	AAT	12
360	AAY	9
360	ARC	4
360	ACC	3
361	TGT	254577
361	WSW	28
361	TKT	9
361	ACA	7
361	TGW	4
361	TGC	4
361	YGT	3
361	TGY	2
361	WGT	2
361	TST	2
362	GTT	254674
362	TTT	7
362	GTA	7
362	KTT	6
362	GTC	3
362	CTT	3
362	GTK	2
362	GTY	2
363	GCT	254532
363	GYT	5
363	GCA	4
363	SCT	3
363	GCC	3
363	CCT	3
364	GAT	254647
364	GAC	18
364	KAT	9
364	GWT	3
364	TAT	3
364	AAT	2
365	TAT	254451
365	TAC	38
365	GAT	5
365	TAY	4
365	TCT	2
366	TCT	254444
366	TCC	9
366	TCG	5
366	WYT	3
366	TCA	2
367	GTC	254297
367	TTC	155
367	GTT	23
367	ATC	15
367	KTC	9
367	GTA	8
367	CTC	6
367	STC	5
367	BTC	3
367	GTY	2
368	CTA	254488
368	CTT	18
368	TTA	12
368	CCA	4
368	CYA	3
368	CTG	3
368	YTA	2
368	CTC	2
369	TAT	254573
369	TAC	29
369	YAT	4
369	TWT	3
369	TAY	2
370	AAT	254467
370	AAC	28
370	AGT	26
370	AAA	3
371	TCC	253944
371	TCT	387
371	CCC	11
371	TCY	6
371	TCA	3
371	ACC	3
371	TYC	3
371	WCC	3
371	YCC	2
372	GCA	254250
372	ACT	13
372	ACA	9
372	GTA	7
372	GCG	7
372	KCA	4
372	GYA	4
372	CCA	2
372	GCT	2
372	GMA	2
372	TCA	2
373	TCA	254203
373	TCC	26
373	TCT	18
373	TTA	14
373	TYA	13
373	TCG	7
373	TCW	4
373	CCA	3
374	TTT	254265
374	TTC	13
374	CTT	5
375	TCC	254194
375	TCT	77
375	TCA	12
375	TCG	7
375	TYC	5
375	CCC	5
375	TTC	3
375	TCY	2
376	ACT	254018
376	ACC	49
376	AYT	23
376	ACY	18
376	ATT	16
376	ACA	11
376	ACG	2
377	TTT	254122
377	TTC	17
377	CTT	9
377	YTT	5
378	AAG	254143
378	AAA	19
378	AAT	6
378	WAG	5
378	AAC	2
379	TGT	254224
379	TGC	6
379	TTT	3
379	TKT	2
380	TAT	254481
380	TAC	10
380	AAT	3
380	TGG	3
381	GGA	254530
381	GGT	4
381	KGA	3
381	GKA	2
382	GTG	254209
382	TTG	129
382	GTT	96
382	GTA	11
382	GTK	7
382	GTC	5
382	GYG	3
382	CTG	3
382	GAG	3
382	KTG	3
382	GCG	2
383	TCT	254455
383	TCA	18
383	TYT	10
383	WCT	4
383	TCY	4
383	TCG	4
383	TCC	2
384	CCT	254329
384	CTT	86
384	TCT	26
384	CCA	16
384	CGT	13
384	CYT	9
384	YCT	7
384	CCC	4
385	ACT	254480
385	ATT	29
385	ACC	11
385	TCT	6
385	ACA	6
385	AYT	4
385	GCT	2
386	AAA	254504
386	AAG	14
387	TTA	254545
387	CTA	12
387	CTC	6
387	TWA	2
387	TTG	2
388	AAT	254606
388	AAY	3
388	ATT	2
389	GAT	254534
389	GAC	63
389	GAY	4
390	CTC	254592
390	CTT	7
390	MTC	6
390	YTC	6
390	CYC	4
390	CCC	4
390	TTC	2
390	TTG	2
390	CTY	2
391	TGC	254589
391	TGT	20
391	TGY	12
391	GGC	2
392	TTT	254387
392	TTC	25
392	TTY	5
392	YTT	2
393	ACT	254362
393	ACC	13
393	ACK	3
393	AYT	3
393	CCT	3
393	RCT	3
393	ACW	3
393	ACA	2
394	AAT	254353
394	AAC	22
394	AAA	6
394	AAY	5
394	AGT	2
395	GTC	254310
395	GTT	86
395	GTY	9
395	GTG	8
395	ATC	6
395	GTA	5
395	KTC	4
395	GYC	3
395	CTC	2
396	TAT	254399
396	CAT	5
396	TRT	3
397	GCA	254359
397	KCA	5
397	GYA	3
397	SCA	3
397	GCT	2
397	GCG	2
398	GAT	254353
398	GAC	26
398	GAY	4
398	AAT	3
398	KAT	2
399	TCA	254326
399	TCG	27
399	TYA	9
399	TCW	5
399	TMA	3
399	CCA	2
399	TCC	2
399	YCA	2
400	TTT	254377
400	TTC	4
400	TTW	3
401	GTA	254391
401	KTA	11
401	GTT	5
401	GTG	4
401	TTA	3
402	ATT	254378
402	GTT	39
402	AAT	3
402	ATA	2
402	CTT	2
402	TTT	2
403	AGA	254327
403	AAA	41
403	ARA	6
403	ASA	3
403	ATA	2
403	AKA	2
403	ACA	2
403	WGA	2
403	AGG	2
404	GGT	254313
404	GKT	8
404	KGT	4
404	GGC	4
404	RGT	4
404	GGG	3
404	TTT	2
405	GAT	254370
405	GAC	17
405	TCA	2
405	GGT	2
406	GAA	254387
406	GAG	8
406	CAA	5
406	KAA	5
406	GAR	2
406	SAA	2
407	GTC	254305
407	GTT	68
407	CTC	8
407	GTA	4
407	GCC	4
407	ATC	3
407	GTM	3
407	RTC	3
407	GAC	3
407	GYC	2
408	AGA	254248
408	CGA	73
408	ATA	39
408	AKA	10
408	AGG	10
408	AAA	8
408	ACA	8
408	TGA	3
408	SGA	3
408	GGA	2
409	CAA	254363
409	YAA	11
410	ATC	254258
410	ATT	74
410	GTC	14
410	ATY	11
410	ATA	9
411	GCT	254294
411	TCT	27
411	GCA	12
411	ACT	7
411	GCC	7
411	GCW	5
411	GAT	3
411	GYT	3
411	KCT	2
411	GCY	2
411	GCG	2
412	CCA	254324
412	CCG	11
412	CCT	11
412	CYA	6
412	CMA	6
412	CCC	6
412	TCA	5
412	CCW	3
412	CAA	3
413	GGG	254201
413	GGT	161
413	GGK	74
413	GGA	27
413	GGR	7
413	GKG	3
413	AGG	3
413	CGG	3
413	GGC	2
413	GRG	2
413	TGG	2
413	GTG	2
413	GAG	2
413	GGS	2
414	CAA	254357
414	YAA	31
414	AAA	19
414	MAA	19
414	CGA	14
414	TAA	2
415	ACT	254668
415	ACA	11
415	AYT	2
415	AMT	2
416	GGA	254767
416	GRA	20
416	GGT	11
416	KGA	3
416	GGG	3
416	RGA	3
417	AAG	254662
417	AAA	87
417	AAT	16
417	AGA	10
417	GTT	7
417	ARG	5
418	ATT	254761
418	AYT	4
418	ATA	2
419	GCT	254768
419	TCT	12
419	KCT	5
419	GCG	3
419	GCY	3
420	GAT	255243
420	GAC	25
420	GAY	2
420	KAT	2
421	TAT	256067
421	TAC	145
421	TAY	6
422	AAT	256208
422	AAC	18
422	AAY	7
422	ART	3
423	TAT	256188
423	TWT	5
423	YAT	4
423	TAC	4
423	TAY	2
424	AAA	256217
424	AAG	6
424	AAW	3
424	AWA	2
424	AAC	2
425	TTA	256192
425	CTC	9
425	CTG	7
425	CTA	5
425	YTA	2
426	CCA	256185
426	CCT	12
426	CYA	4
426	YCA	3
426	CTA	3
427	GAT	255923
427	GAC	254
427	AAT	8
427	GGT	7
427	TAT	7
427	CAT	3
427	GAW	3
427	SAT	3
427	GTT	2
428	GAT	256217
428	GAC	23
428	KAT	2
428	GAW	2
429	TTT	256270
429	TTC	21
429	ATT	3
429	TTY	2
430	ACA	256347
430	ACT	8
430	ATA	6
430	AYA	5
430	ACG	5
430	ACC	3
430	GCA	2
430	ASA	2
431	GGC	256526
431	GGT	29
431	KGC	6
431	GKC	5
431	GGY	5
431	MGC	3
431	GRC	2
432	TGC	256100
432	TGT	462
432	TGY	30
432	TKC	5
432	AGA	3
433	GTT	256630
433	KTT	47
433	GTA	12
433	GTC	7
433	STT	2
434	ATA	256702
434	ATT	7
434	TTA	2
435	GCT	256584
435	GCC	11
435	GYT	9
435	KCT	6
435	TCT	6
435	SCT	3
435	GMT	3
436	TGG	256612
436	TKG	3
436	TSG	3
436	AGG	2
436	TGR	2
437	AAT	256609
437	AAC	10
437	AGT	4
437	ATT	3
437	AAY	2
437	RAT	2
438	TCT	256597
438	TYT	31
438	TCA	9
438	YCT	4
438	TCC	3
438	TCY	2
438	TGT	2
439	AAC	250104
439	AAA	3052
439	AAM	30
439	GTT	6
439	AAT	6
439	ARC	4
439	AAY	4
439	GCT	2
440	AAT	253290
440	AAG	40
440	AAC	14
440	TAT	7
440	CAT	6
440	GAT	3
440	AAY	2
441	CTT	253320
441	CAA	6
441	CTA	5
441	ATT	4
441	CTW	2
441	YTT	2
442	GAT	253338
442	GAC	7
442	GAY	4
443	TCT	253108
443	GCT	6
443	TGT	4
443	TYT	3
443	TCA	2
443	KCT	2
443	TST	2
444	AAG	252934
444	AAA	52
444	AGG	20
444	AAR	17
444	AAT	9
444	TTG	6
444	AAK	5
444	ARG	2
445	GTT	245284
445	ACT	6
445	GYT	5
445	GCT	4
445	GTY	3
445	ATT	3
445	STT	2
445	TTT	2
445	GTA	2
445	GTC	2
446	GGT	244721
446	GKT	329
446	GTT	63
446	KGT	7
446	AGT	7
446	RGT	7
446	GCT	4
446	SGT	3
446	GAT	3
446	GST	3
447	GGT	245238
447	GKT	6
447	KGT	4
447	GGG	3
447	GGA	3
448	AAT	244620
448	WAT	96
448	MAT	63
448	VAT	12
448	HAT	12
448	RAT	10
448	AAC	8
448	AAA	6
448	AAW	4
448	ART	3
448	AMT	2
449	TAT	244991
449	TAW	10
449	TMT	6
449	GAT	4
449	TTT	3
449	AAT	3
449	TAC	3
449	TAY	3
450	AAT	245146
450	AAC	18
450	AAG	7
450	GGT	5
450	GAT	3
450	AAA	3
450	RAT	3
450	AMT	3
450	ART	2
450	AAW	2
451	TAC	245358
451	TAT	9
451	WAC	5
451	TTC	3
452	CTG	245125
452	CTT	262
452	ATG	41
452	CGG	25
452	CTK	13
452	TTG	10
452	CTA	7
452	CTR	6
452	CAG	5
452	CCG	4
452	MTG	3
452	CWG	3
452	CKG	3
452	YTG	2
453	TAT	244980
453	TTT	829
453	TAC	26
453	TWT	8
453	TRT	4
453	YAT	4
453	TAW	3
453	WAT	3
454	AGA	245705
454	AGM	11
454	RGA	6
454	WGA	3
454	AGG	3
454	CGA	3
454	AGW	3
454	AGR	3
454	AKM	2
455	TTG	245643
455	TTT	65
455	TTK	11
455	TTA	6
455	YTG	6
455	TTR	3
455	TTS	3
455	CTG	2
455	TYG	2
456	TTT	245859
456	YTT	11
456	TTY	4
456	TAT	3
456	TWT	3
456	CTT	2
457	AGG	245695
457	AGA	33
457	AGK	16
457	AKG	9
457	ASG	9
457	AAG	6
457	RGG	5
457	MGG	4
457	AGR	4
457	ACG	4
457	AGT	3
458	AAG	245887
458	ARG	14
458	RAG	6
458	AAA	3
458	HAG	3
458	CAG	3
458	AAK	3
458	AAT	2
458	AWG	2
459	TCT	245930
459	TAT	38
459	TCC	37
459	TMT	9
459	YCT	8
459	TCY	6
459	TTT	5
459	TCA	3
459	TYT	3
460	AAT	246062
460	AAC	25
460	AAG	9
460	AMT	7
460	RAT	6
460	AGT	4
460	ACT	4
460	ATT	3
460	MAT	3
460	AWT	3
460	ART	3
460	AAY	2
461	CTC	246116
461	CTT	40
461	YTC	7
461	CTM	7
461	CTY	6
461	CTA	4
462	AAA	246197
462	AAM	8
462	AAC	4
462	WAA	3
462	RAA	3
462	AWA	2
462	ARA	2
463	CCT	246070
463	CCY	33
463	CYT	16
463	TCT	15
463	YCT	11
463	CCC	8
463	CTT	7
463	CCA	6
463	CMT	6
463	CGT	3
463	CAT	3
464	TTT	246248
464	YTT	7
464	TTC	6
464	TYT	5
464	TGT	3
464	TTA	3
464	TTK	2
465	GAG	246079
465	GAA	16
465	GRG	7
465	GWG	7
465	KAG	5
465	RAG	3
465	GAK	2
466	AGA	246143
466	CGA	30
466	WGA	7
466	AKA	6
466	AGW	3
466	AGG	2
466	ARA	2
466	AGR	2
467	GAT	246180
467	GAC	17
467	GAY	11
467	GWT	8
467	KAT	6
467	AAA	3
467	AAT	3
468	ATT	246298
468	ACT	12
468	AYT	12
468	TTT	9
468	GTT	8
468	CTT	4
468	ATC	4
468	AWT	4
468	ATY	3
468	ACC	3
468	WTT	3
468	RTT	2
469	TCA	246313
469	TCT	13
469	TCC	8
469	TMA	4
469	TCR	4
469	KCA	3
469	CAA	3
469	TYA	2
469	TCG	2
470	ACT	246260
470	ACA	11
470	ACC	10
470	GCT	10
470	AAT	8
470	AYT	7
470	ACG	3
470	ACY	3
470	AMW	3
470	MCT	3
470	RCT	3
470	ATT	2
471	GAA	246244
471	RAA	18
471	CAA	9
471	GGA	7
471	GAR	6
471	GAG	4
471	GAW	4
471	SAA	3
471	GCA	2
471	GAT	2
471	KAA	2
472	ATC	246292
472	ATT	49
472	ATA	15
472	GTC	8
472	RTC	3
472	AAC	3
472	ATM	3
472	AYC	3
472	AKC	3
472	ATY	2
473	TAT	246347
473	TAC	29
473	TAW	9
473	YAT	4
473	TWT	4
473	TRT	3
473	KAT	3
473	TAY	2
474	CAG	246252
474	CAA	60
474	YAG	12
474	CAK	6
474	CAR	3
474	CCG	3
474	CAC	3
474	CAS	2
474	MAG	2
475	GCC	245868
475	GCT	341
475	GCY	39
475	GTC	35
475	GCA	11
475	GYC	7
475	KCC	5
475	RCC	3
475	SCC	3
475	ACC	2
475	GCM	2
476	GGT	246174
476	AGT	48
476	RGT	26
476	KGT	11
476	GKT	8
476	GGC	7
476	GGY	4
476	GCT	3
476	GGG	3
476	GGA	3
477	AGC	222274
477	AAC	23702
477	ATC	126
477	AGT	81
477	ARC	58
477	AGG	23
477	AGY	11
477	AKC	7
477	GGC	5
477	AGA	5
477	AGS	3
477	WGC	3
477	RGC	3
477	ACC	2
478	ACA	246124
478	ATA	116
478	AAA	13
478	AYA	7
478	AGA	4
478	GCA	4
478	WCA	3
478	ASA	2
478	ACW	2
478	ACG	2
478	AMA	2
479	CCT	246063
479	TCT	108
479	CCC	15
479	YCT	15
479	CTT	10
479	CCY	4
479	CYT	4
479	CMT	3
479	SCT	3
479	CWT	3
479	CCK	3
479	CST	2
480	TGT	246292
480	TGC	11
480	TGY	5
480	YGT	4
480	TGG	3
480	WGT	2
481	AAT	246208
481	AAC	20
481	AWT	10
481	GAT	8
481	AAG	5
481	AAA	2
481	RAT	2
482	GGT	245792
482	GGG	23
482	AGT	8
482	SGT	6
482	RGT	5
482	GGY	4
482	RRT	3
482	KGT	2
483	GTT	245722
483	GCT	110
483	TTT	55
483	ATT	27
483	KTT	10
483	CAA	6
483	CTT	4
483	GTY	3
483	STT	2
483	GTW	2
483	GTA	2
484	GAA	245818
484	AAA	59
484	CAA	46
484	GAG	27
484	GCA	9
484	KAA	8
484	RAA	7
484	GRA	6
484	GTT	5
484	GGA	4
484	GAR	4
484	GAC	3
484	SAA	3
484	GTA	2
484	GAD	2
485	GGT	245673
485	CGT	111
485	GKT	49
485	GGG	24
485	RGT	12
485	KGT	12
485	GGK	8
485	AGT	6
485	RRT	3
485	AGG	3
485	GGY	3
485	GRT	2
486	TTT	244716
486	TTG	937
486	CTT	241
486	TYT	8
486	TTC	6
486	CTA	6
486	TTA	4
486	YTT	3
486	GAA	2
487	AAT	245846
487	AAC	19
487	ATT	15
487	WAT	4
487	CAT	3
487	AAA	3
487	RAT	2
487	AAY	2
488	TGT	245812
488	YGT	6
488	TKT	5
488	CGT	5
488	TGW	4
488	TGG	3
488	GGT	2
488	TGC	2
488	TRT	2
489	TAC	245775
489	TAT	137
489	TAY	20
489	TAM	10
489	YAC	3
489	CAC	2
489	TAS	2
489	TRC	2
490	TTT	245776
490	TCT	39
490	CTT	13
490	TTC	10
490	TYT	6
490	YTT	5
490	TAT	5
490	GTT	4
490	TTG	3
490	TWT	3
490	TTK	2
490	TKT	2
490	CGT	2
491	CCT	245691
491	CCY	16
491	CYT	12
491	CCC	8
491	YCT	5
491	CTT	4
491	MCT	3
491	CAT	3
491	CMT	2
492	TTA	245838
492	CTA	16
492	CTT	6
492	TTR	2
493	CAA	245787
493	CTA	19
493	YAA	9
493	GAA	5
493	MAA	5
493	CWA	4
493	AAA	4
493	TAA	4
493	CRR	2
493	AGT	2
493	CCA	2
494	TCA	245739
494	CCA	122
494	TYA	13
494	TCT	11
494	TTA	11
494	YCA	8
494	AGG	5
494	GCA	5
494	TCG	3
494	WCA	3
495	TAT	245829
495	TAC	24
495	YAT	15
495	TRT	4
495	WAT	3
495	TAW	3
495	TAY	2
496	GGT	245864
496	GRT	9
496	GGK	4
496	GAT	4
496	GKT	3
496	TTT	3
496	GGY	2
496	GGG	2
496	GGC	2
497	TTC	245767
497	TTT	41
497	TYC	6
497	TTY	4
497	TWC	3
497	ATC	3
497	TTM	2
498	CAA	245845
498	CAC	19
498	YAA	8
498	TAC	7
498	SAA	5
498	MAA	3
498	CAG	3
498	CCA	3
498	CWA	2
498	CAW	2
498	HAA	2
499	CCC	245582
499	CCT	25
499	CCA	11
499	CCY	7
499	ACG	6
499	CCM	3
499	YCC	2
499	CYC	2
499	CMC	2
499	TCC	2
500	ACT	245654
500	ACC	20
500	ATT	6
500	RCT	5
500	ACW	5
500	AYT	5
500	ACA	4
500	CCT	3
500	AAT	3
501	AAT	243493
501	ACT	1327
501	TAT	663
501	AMT	88
501	WAT	8
501	AGT	8
501	AAC	7
501	AAY	6
501	AWT	6
501	ACA	5
501	AGG	3
501	RAT	3
501	AAG	2
501	GTA	2
502	GGT	245393
502	GGG	18
502	RGT	8
502	GKT	7
502	GST	6
502	KGT	5
502	GRT	5
502	GGK	4
502	GGY	2
503	GTT	245280
503	KTT	9
503	TTT	8
503	RTT	5
503	GTG	5
503	TTA	4
503	GDT	3
503	GTC	3
503	CTT	2
503	ATT	2
503	GTA	2
504	GGT	245368
504	KGT	8
504	AAC	6
504	GAT	5
504	GKT	4
504	GRT	4
505	TAC	245253
505	TAT	90
505	TGG	19
505	YAC	10
505	CAC	9
505	TAY	7
505	TRC	6
505	TWC	2
506	CAA	245367
506	AAA	15
506	CRA	8
506	CAC	6
506	MAA	5
506	HAA	5
506	CCA	4
506	CWA	3
506	CAG	3
506	CAM	2
506	YAA	2
507	CCA	245213
507	CCT	19
507	CYA	16
507	CCG	15
507	YCA	6
507	CAT	3
507	TCA	3
507	CMA	3
507	CCW	2
507	CHA	2
507	GCT	2
508	TAC	244921
508	TAT	254
508	TAY	32
508	CAC	32
508	TRC	9
508	AAC	7
508	TTT	6
508	TCC	4
508	WAC	3
508	ACT	2
508	TWC	2
509	AGA	244975
509	AGW	10
509	AKA	6
509	AAA	5
509	WGA	3
509	ACA	3
510	GTA	244906
510	KTA	23
510	GTG	10
510	GAA	9
510	GTR	5
510	GKA	3
510	GWA	3
510	GTW	2
511	GTA	244878
511	GTT	8
511	GAA	7
511	GTG	7
511	ATA	6
511	GTC	3
511	GTR	3
511	GTW	3
511	KTA	2
512	GTA	244564
512	GTG	14
512	GTR	9
512	TTA	9
512	GTT	6
512	KTA	5
512	RTA	5
512	GAA	3
512	GYA	2
513	CTT	244247
513	YTT	24
513	CTC	14
513	TTG	11
513	TTT	9
513	CYT	9
513	TTA	6
513	CTY	6
513	STT	4
513	MTT	3
513	CTW	3
513	CTG	3
514	TCT	244063
514	TCY	22
514	TCA	18
514	TYT	13
514	TTT	7
514	TCC	6
514	TMT	3
514	TYY	3
514	CCT	3
515	TTT	244283
515	WTT	6
515	TYT	5
515	TTK	3
515	TTY	3
515	TTW	3
515	KTT	2
515	TTC	2
515	YTT	2
516	GAA	244240
516	CAA	9
516	GAG	7
516	GRA	7
516	KAA	4
516	GAR	3
516	GAW	2
516	TAA	2
517	CTT	244125
517	CTY	14
517	TTT	13
517	YTT	12
517	CTC	9
517	TTA	6
517	CYT	4
517	CKT	3
518	CTA	244033
518	TTA	105
518	CTW	15
518	YTA	10
518	CTT	10
518	ATA	6
518	MTA	4
518	CWA	3
518	CKA	3
518	STA	2
518	CYA	2
519	CAT	244181
519	AAT	22
519	CMT	12
519	CAA	12
519	YAT	9
519	CAC	6
519	SAT	3
519	ATT	3
519	MAT	3
519	CCT	2
519	CAY	2
519	AAA	2
520	GCA	243004
520	TCA	338
520	GCR	305
520	GCM	197
520	GCV	68
520	GCG	16
520	GCW	14
520	GTA	9
520	KCA	8
520	GYA	7
520	GCH	6
520	GCT	6
520	GGA	6
520	GCC	4
520	RCA	3
520	GSH	3
520	GAA	3
520	RCW	3
521	CCA	245201
521	CGA	22
521	CCT	22
521	TCA	17
521	CCG	5
521	CAA	4
521	CYA	3
521	CTA	2
522	GCA	244976
522	GTA	160
522	TCA	140
522	KCA	16
522	GCT	16
522	GYA	16
522	CCA	14
522	GCG	13
522	GGA	9
522	GMA	8
522	GCC	5
522	GCM	5
522	SCA	5
522	ACA	4
523	ACT	246539
523	RCT	10
523	AYT	9
523	WCT	4
523	ACC	4
523	GCT	3
523	CCT	3
523	HCT	2
523	VCT	2
524	GTT	253559
524	GTG	7
524	GKT	3
524	CTT	2
525	TGT	253897
525	TGG	12
525	TGK	2
526	GGA	253944
526	GKA	5
526	GGG	2
527	CCT	254075
527	CCC	10
527	CCY	4
527	CCA	4
527	ACA	3
527	YCT	2
527	ACT	2
528	AAA	253326
528	AAG	6
528	ARA	5
528	RAA	4
528	AAT	3
528	AAR	2
528	AGA	2
529	AAG	257326
529	AGG	34
529	AAA	11
529	CAG	10
529	ARG	9
529	AAT	8
529	TTG	8
529	AWG	6
529	ATG	6
529	AAK	5
529	RAG	5
529	AMG	4
529	ATA	3
529	ACG	3
529	GAG	3
530	TCT	257409
530	TCC	13
530	TYT	6
530	TTT	3
530	ACT	3
531	ACT	257428
531	ACC	14
531	ACA	9
531	AYT	5
531	AAT	3
531	AMT	3
532	AAT	257433
532	AAC	12
532	ACA	6
532	TAT	3
532	AWT	2
533	TTG	257399
533	CTA	18
533	TTR	7
533	TTA	4
533	TTK	4
533	YTG	3
533	AAG	3
533	TTT	2
533	TKG	2
533	GTG	2
534	GTT	257254
534	KTT	162
534	ATT	11
534	GTY	9
534	GGT	6
534	GTC	5
534	TTT	3
534	GTW	2
534	GTG	2
535	AAA	257413
535	WAA	7
535	AAG	4
535	GAA	4
535	AAR	3
535	ATA	3
535	GTT	3
535	GTA	3
535	TAA	2
535	AGT	2
535	GGA	2
536	AAC	257416
536	AAT	25
536	AAA	7
536	GAC	6
536	AGC	6
536	AAM	4
536	AAY	3
536	AMC	2
537	AAA	257458
537	AAG	4
537	RAA	2
538	TGT	257437
538	TGG	7
538	YGT	6
538	TKT	5
538	AGT	3
538	WGT	3
538	TGC	2
538	TGY	2
539	GTC	257438
539	GTT	9
539	ATC	6
539	GTY	4
539	TTC	3
539	GGC	3
539	GTM	2
540	AAT	257444
540	AAC	13
540	AAA	3
540	CAT	2
540	AWT	2
540	AGT	2
541	TTC	256867
541	TTT	559
541	TTY	30
542	AAC	257421
542	AAT	33
542	AAY	5
542	ACC	2
543	TTC	255701
543	TTT	1637
543	TTY	44
543	TYC	7
543	YTC	6
543	TTM	4
543	KTC	2
544	AAT	257372
544	AAC	11
544	ACT	6
544	AMT	3
544	TGT	2
544	RAT	2
545	GGT	257358
545	GKT	5
545	AGT	3
545	KGT	2
545	GTT	2
545	GGK	2
545	GGA	2
546	TTA	257356
546	CTA	11
546	TYA	3
546	TTW	2
546	YTA	2
547	ACA	257232
547	ATA	69
547	AAA	18
547	AYA	11
547	ACT	8
547	ACR	7
547	AMA	5
547	ACG	4
547	WCA	2
547	ACW	2
547	ACV	2
548	GGC	257284
548	RGC	8
548	GGT	8
548	KGC	4
548	GKC	2
549	ACA	257184
549	GCA	56
549	ATA	22
549	AYA	8
549	ACG	5
549	ACT	4
549	RCA	2
550	GGT	257284
550	GKT	7
550	KGT	2
550	SGT	2
550	TGT	2
551	GTT	257240
551	KTT	8
551	GTY	3
551	TTT	2
552	CTT	257230
552	TTT	15
552	YTT	6
552	MTT	5
552	TTA	3
552	CCT	2
552	CTY	2
553	ACT	257174
553	ACA	27
553	ATT	23
553	ACG	6
553	ACY	6
553	AAT	6
553	AGT	5
553	AYT	4
554	GAG	257138
554	GAT	77
554	GGG	11
554	GAK	7
554	ACA	6
554	CAG	4
554	GTG	4
554	GAA	3
554	GMG	3
554	GRG	2
554	KAG	2
554	RAG	2
555	TCT	257225
555	TCC	10
555	TYT	10
555	TTT	3
555	TCY	3
555	CCT	2
555	YCT	2
555	TCG	2
556	AAC	257130
556	AAT	73
556	AGC	12
556	AAA	9
556	AAG	6
556	AAY	4
556	GAC	4
556	AAM	3
557	AAA	257208
557	AGA	3
557	RAA	3
557	AAR	3
557	AAG	2
558	AAG	257112
558	AAT	87
558	AAK	22
558	ARG	7
558	CAG	7
558	AGG	7
558	AAA	5
558	AWG	3
558	GAG	2
558	AAR	2
558	ATG	2
559	TTT	257292
559	WTT	3
560	CTG	257265
560	TTG	11
560	CTT	6
560	CYG	3
560	YTG	3
560	CCG	3
560	CAG	2
560	CTA	2
561	CCT	257234
561	CCG	22
561	TCT	15
561	CTT	10
561	CCC	4
561	YCT	4
561	CYT	4
561	CAT	2
562	TTC	256845
562	TTT	440
562	TTY	21
562	TYC	2
563	CAA	257289
563	YAA	14
563	CAG	9
564	CAA	257292
564	CAG	5
564	YAA	4
564	CAW	4
564	CTA	3
564	CAT	2
565	TTT	257246
565	CTT	34
565	TTW	3
565	TTY	3
565	WTT	3
565	TTC	3
565	GTT	3
565	TCT	2
565	TGT	2
566	GGC	257281
566	GGT	13
566	AGC	13
566	RGC	4
566	GKC	2
567	AGA	257309
567	AAA	5
567	WGA	3
567	AGM	3
567	AKA	3
568	GAC	257304
568	GAT	21
568	CAC	6
568	AAC	4
568	RAC	4
569	ATT	257311
569	ATY	7
569	ATC	6
569	ACT	4
569	ATA	3
569	AAT	3
569	GTT	2
569	AGT	2
570	GCT	256948
570	GAT	280
570	TCT	40
570	GTT	39
570	GCC	18
570	GYT	5
570	GMT	4
570	GGT	3
570	GCA	3
570	ACT	2
570	KCT	2
571	GAC	257334
571	GAT	14
571	SAC	3
571	GAY	3
572	ACT	257045
572	ATT	252
572	AYT	17
572	AMT	6
572	AGT	3
572	ACG	3
572	AST	3
572	ACC	3
572	ACY	2
572	TTT	2
572	AAT	2
573	ACT	257239
573	ATT	58
573	AYT	16
573	ACC	8
573	GCT	2
574	GAT	256999
574	TAT	307
574	KAT	14
574	GAC	9
574	SAT	7
574	CAT	3
575	GCT	257106
575	GCC	96
575	TCT	46
575	GYT	13
575	GCA	12
575	KCT	12
575	GMT	7
575	GTT	5
575	RCT	4
575	SCT	4
575	GCG	3
575	GGT	3
576	GTC	257170
576	KTC	128
576	GTY	4
576	GTT	3
576	KYC	3
576	GYC	3
576	ATC	2
576	GTA	2
577	CGT	257219
577	YGT	61
577	YKT	22
577	CGC	14
577	CKT	10
577	CRT	4
577	TGT	3
577	CGY	3
578	GAT	257224
578	GAC	101
578	KAT	8
578	GAY	2
579	CCA	257183
579	CCG	59
579	CYA	46
579	YCA	13
579	CSA	8
579	TCA	7
579	CCT	2
579	CCM	2
580	CAG	257233
580	CAK	64
580	YAG	9
580	CAT	9
580	CGG	4
580	CAA	4
580	CAC	2
580	SAG	2
581	ACA	257313
581	AYA	20
581	ACC	6
581	ACG	2
582	CTT	257327
582	CTY	7
582	CTC	4
582	YTT	3
583	GAG	256062
583	GAC	693
583	GAT	428
583	CAG	98
583	GAA	24
583	GAK	19
583	GAS	6
583	GCG	5
583	SAG	4
583	GMG	3
583	CAA	2
584	ATT	257328
584	GTT	14
584	ATA	8
584	ATY	2
585	CTT	257296
585	TTT	38
585	YTT	8
585	CTC	4
586	GAC	257260
586	GAT	61
586	GAA	10
586	KAC	10
586	RAC	4
586	GAY	3
587	ATT	257346
587	ATC	15
588	ACA	257342
588	AYA	7
588	ACC	6
588	TCA	5
589	CCA	257315
589	CCG	14
589	CCT	12
589	TCA	8
589	YCA	7
589	CMA	3
590	TGT	257343
590	TGC	12
590	TGY	4
590	TST	3
590	TKT	2
591	TCT	257297
591	TYT	16
591	TCY	15
591	TCC	6
591	YCT	5
591	TCA	4
591	TMT	3
591	TTT	2
591	TCW	2
592	TTT	257336
592	YTT	8
592	TTK	7
592	TTC	4
592	TCT	4
593	GGT	257330
593	GGC	8
593	GGA	6
593	KGT	4
594	GGT	257173
594	GKT	163
594	AGT	9
594	GGA	6
594	GGC	3
594	GRT	2
595	GTC	257338
595	GTT	12
595	KTC	3
595	ATC	3
595	GTA	2
596	AGT	257322
596	ATT	13
596	AKT	10
596	RGT	3
596	WGT	3
596	AGC	2
596	CGT	2
597	GTT	257353
597	GTG	6
597	KTT	5
598	ATA	257351
598	GTA	6
598	RTA	4
598	ATT	2
599	ACA	257349
599	ACG	4
599	AYA	2
600	CCA	257336
600	YCA	7
600	CCM	2
600	TCA	2
600	CCT	2
601	GGA	257300
601	GGG	12
601	RGA	11
601	GGT	8
601	SGA	3
601	GGC	3
601	GGR	3
602	ACA	257324
602	AAA	3
602	ACG	2
602	ATA	2
603	AAT	257271
603	AAC	42
603	AAA	6
603	AGT	5
603	AAY	5
603	ATT	3
603	CAT	3
604	ACT	257263
604	ATT	49
604	ACC	10
604	AYT	8
604	TAT	3
604	MCT	3
604	ACY	2
604	ACG	2
605	TCT	257324
605	TCY	6
605	TYT	5
605	TMT	4
605	TCC	4
605	TST	3
605	TCA	3
605	TTT	3
606	AAC	257254
606	AAT	58
606	AAY	19
606	AAA	9
606	TAC	3
606	AGC	2
606	TCT	2
606	AAM	2
607	CAG	257300
607	CAA	19
607	YAG	4
607	CTG	3
607	CAT	3
607	CAR	2
608	GTT	257272
608	GTG	18
608	GTA	4
608	GTY	2
609	GCT	257342
609	GYT	7
609	GCY	5
609	KCT	3
610	GTT	257437
610	GTA	6
610	GTC	2
611	CTT	257342
611	YTT	55
611	TTT	21
611	CYT	3
611	STT	3
611	CTA	2
611	CTG	2
612	TAT	257452
612	TAC	14
612	AAT	3
612	YAT	3
613	CAG	232856
613	CAA	24407
613	CAT	159
613	CAK	17
613	CGG	8
613	YAG	7
613	CAC	2
613	CAR	2
614	GGT	227823
614	GAT	29113
614	GRT	322
614	AAT	29
614	RGT	9
614	KGT	7
614	GST	5
614	AGT	4
614	GKT	4
614	GCT	3
614	GGK	2
614	SAT	2
614	GTT	2
614	RAT	2
614	GGC	2
615	GTT	257389
615	ATT	46
615	TTT	20
615	GTC	11
615	CTT	10
615	KTT	4
615	GCT	2
616	AAC	257405
616	AAT	61
616	AAY	9
616	CAC	3
617	TGC	257440
617	TGT	50
617	CGC	4
617	YGC	4
617	TSC	3
617	TKC	3
618	ACA	257276
618	ACT	169
618	ATA	26
618	AYA	10
618	ACW	8
618	AGA	7
618	ACG	5
618	GCA	5
618	TCA	2
619	GAA	257448
619	GGA	20
619	AAA	18
619	KAA	9
619	CAA	8
619	GAW	3
619	GAC	3
619	GAG	2
620	GTC	257285
620	GTT	130
620	GTY	27
620	GTS	10
620	GTG	7
620	TTC	6
620	ATC	5
620	RTC	3
620	KTC	3
620	GTA	2
621	CCT	257421
621	TCT	22
621	YCT	8
621	CYT	8
621	CCG	8
621	CCC	7
621	CGT	3
621	CTT	2
622	GTT	257027
622	TTT	399
622	KTT	17
622	CTT	16
622	ATT	12
622	GCT	11
622	ATG	6
622	GTA	4
622	RTT	3
622	ACG	2
622	GYT	2
623	GCT	257345
623	GTT	44
623	TCT	38
623	GCC	29
623	GYT	10
623	ACT	10
623	ATT	6
623	KCT	6
623	GMT	4
623	GAT	3
623	GCA	3
624	ATT	257491
624	ATC	6
624	ACT	2
624	ATY	2
625	CAT	257426
625	YAT	42
625	TAT	24
625	CAC	7
625	CGT	3
625	CAY	3
625	CAK	3
626	GCA	256931
626	TCA	436
626	GTA	92
626	KCA	16
626	GCG	10
626	GYA	9
626	GCT	3
627	GAT	257440
627	GAC	34
627	AAT	12
627	GAY	9
627	GAA	6
627	GAW	3
627	CCT	2
627	KAT	2
627	GGT	2
627	CAT	2
628	CAA	257547
628	YAA	11
628	GAA	5
628	CTA	4
628	CAW	3
628	CAG	2
628	CWA	2
629	CTT	257557
629	CTC	11
629	TTA	10
629	YTT	7
629	ATT	3
629	TTT	2
630	ACT	257578
630	ACA	17
630	ACC	10
630	AMT	4
630	RCT	4
630	AYT	3
630	ACY	3
631	CCT	257575
631	TCT	76
631	CCA	10
631	CCY	6
631	CTT	5
631	CCC	4
631	YCT	2
632	ACT	257085
632	AAT	548
632	ATT	16
632	ACC	10
632	GCC	6
632	AMT	3
632	GCT	3
632	MCT	3
632	AYT	2
632	WCT	2
633	TGG	257654
633	YGG	3
633	TKG	3
633	CGG	3
633	TGK	2
634	CGT	257652
634	YGT	4
634	CAT	3
634	AGT	3
634	CKT	3
634	CTT	2
635	GTT	257670
635	ATT	6
635	GTY	2
635	GYT	2
635	TTT	2
636	TAT	257653
636	TAC	23
636	TTT	5
636	TRT	2
636	YAT	2
637	TCT	257672
637	TCY	4
637	TYT	4
637	TCC	4
637	TTT	2
638	ACA	257539
638	ACT	54
638	GCA	38
638	ATA	21
638	AYA	10
638	ACG	7
639	GGT	257568
639	AGT	54
639	GTT	9
639	GGA	7
639	KGT	7
639	GKT	5
639	GGC	4
640	TCT	257365
640	TTT	178
640	TYT	54
640	TCA	13
640	TCC	13
640	KCT	9
640	GCA	6
640	YCT	5
640	GCT	5
640	TCW	4
640	CCT	4
640	TAT	3
641	AAT	257650
641	AAC	10
641	AAY	4
641	WAT	3
641	ATT	2
641	AAA	2
642	GTT	257594
642	TTT	25
642	KTT	10
642	GTC	7
642	GTG	7
642	GKT	6
642	GGT	6
643	TTT	257612
643	CTT	37
643	TTC	8
643	YTT	3
643	TTG	3
643	TTA	3
644	CAA	257632
644	YAA	29
644	MAA	6
644	CRA	3
645	ACA	257652
645	ACG	16
645	ACC	3
645	AMA	3
645	ACR	2
646	CGT	257611
646	AGA	6
646	YGT	4
646	CAT	4
646	CCT	3
646	CRT	3
646	CST	3
646	MGT	3
646	CKT	3
646	CGY	2
646	CAG	2
646	GGT	2
647	GCA	257128
647	TCA	84
647	KCA	25
647	GTA	20
647	GCT	6
647	GCG	6
647	GYA	6
647	GSA	4
647	ACA	3
647	RCA	2
647	GCR	2
648	GGC	257140
648	GKC	88
648	GGT	32
648	GGY	11
648	CGC	10
648	KGC	2
649	TGT	257148
649	TGY	4
649	TGC	4
649	TKT	3
650	TTA	257167
650	CTA	4
650	TCA	2
651	ATA	256886
651	GTA	9
652	GGG	255817
652	GGA	28
652	RGG	10
652	CGG	7
652	GSG	6
652	GGT	6
652	AGG	5
652	KGG	3
652	GKG	3
652	SGG	3
652	GGC	3
652	GGK	2
653	GCT	255701
653	GTT	84
653	KCT	36
653	GYT	13
653	CCT	10
653	SCT	10
653	TCT	2
653	GCY	2
654	GAA	255498
654	CAA	82
654	AAA	40
654	GAC	25
654	GRA	16
654	GAG	11
654	RAA	9
654	GTA	6
654	SAA	5
654	GCA	5
654	GMA	3
654	GWA	3
655	CAT	254891
655	TAT	725
655	YAT	43
655	CRT	18
655	CAC	9
655	CGT	6
655	CAY	3
656	GTC	255697
656	GTT	18
656	GTY	4
656	GCC	3
656	GYC	2
657	AAC	255531
657	AAT	148
657	AAY	20
657	RAC	4
657	AAG	3
657	ATC	3
657	TAC	3
657	AAA	2
658	AAC	255547
658	AAT	116
658	GAC	15
658	TAC	12
658	CAC	9
658	AAA	7
658	AAY	5
658	ACC	4
658	AWC	2
659	TCA	255647
659	TTA	26
659	TCT	17
659	TYA	17
659	ACT	9
659	TCC	3
659	YCA	3
659	TCG	2
660	TAT	255709
660	TAC	17
660	YAT	9
660	TTT	5
660	TWT	3
660	TRT	2
661	GAG	255662
661	GAA	24
661	GAC	10
661	GAT	9
661	KAG	7
661	SAG	3
661	GGG	3
661	AAG	3
661	GCG	2
661	GAR	2
662	TGT	255354
662	TGC	374
662	TKT	7
662	YGT	4
662	TGY	2
663	GAC	255684
663	GAT	72
663	GAY	6
663	KAC	5
664	ATA	255730
664	ATT	8
664	CTW	6
664	ATC	5
664	CTA	3
664	ATG	2
664	GTA	2
665	CCC	255281
665	CCT	368
665	CCY	35
665	CCA	17
665	YCC	6
665	CYC	5
665	CCM	4
665	SCC	3
665	CCG	2
666	ATT	255685
666	ATC	8
666	GTC	6
666	ATA	5
666	GTT	2
666	ATY	2
667	GGT	255667
667	KGT	12
667	GGC	8
667	GGY	4
667	GKT	2
667	GCT	2
667	GGK	2
668	GCA	255657
668	GCT	21
668	TCA	11
668	GTA	7
668	GYA	7
668	GCC	4
668	GCG	3
668	RCA	3
668	GCR	2
668	KCA	2
669	GGT	255648
669	GGC	29
669	GGA	13
669	CGT	9
669	KGT	5
669	GKT	5
669	CGC	5
669	GGY	2
669	GCT	2
669	SGT	2
670	ATA	255649
670	TTA	33
670	ATG	14
670	GTA	8
670	RTA	7
670	ATC	5
670	WTA	3
670	ATT	2
670	ATW	2
671	TGC	255520
671	TGT	177
671	TGY	14
671	TKC	4
671	KGC	3
671	TAC	2
672	GCT	255634
672	GTT	22
672	KCT	19
672	GCC	13
672	GCA	11
672	GYT	7
672	CCT	5
672	CCC	5
672	SCT	4
672	GAT	3
673	AGT	255579
673	ACT	102
673	AST	11
673	AKT	7
673	ATT	6
673	GGT	3
673	RGT	3
673	AGC	2
673	CGT	2
674	TAT	255708
674	TAC	19
674	TTT	8
674	TAY	6
674	YAT	6
674	TRT	3
674	TAW	3
674	TWT	2
675	CAG	255112
675	CGG	290
675	CAT	186
675	CAC	148
675	CAA	22
675	YAG	10
675	CAK	8
675	CAS	6
675	MAG	5
675	AAG	4
675	CRG	3
675	TAG	2
676	ACT	255720
676	ATT	32
676	ACC	15
676	ACA	7
676	TCC	6
676	CCT	5
676	GCT	4
676	TCT	4
676	AYT	3
676	ACW	2
676	ACG	2
677	CAG	255002
677	CAT	555
677	CAC	133
677	CAK	42
677	CGG	15
677	CAA	14
677	CAS	7
677	ATG	6
677	YAG	6
677	CTG	3
677	MAG	2
678	ACT	255720
678	ATT	56
678	AYT	9
678	TCA	6
678	ACC	6
678	ACG	6
679	AAT	255673
679	AAG	53
679	AAA	22
679	AGT	22
679	AAC	21
679	TAT	10
679	TCA	6
679	ART	3
680	TCT	255712
680	TTT	38
680	TCC	13
680	TYT	9
680	YCT	7
680	CCT	5
680	TCY	4
680	TMT	4
680	TST	3
681	CCT	254941
681	CAT	585
681	CTT	197
681	CGT	19
681	TCT	14
681	CCA	10
681	CYT	10
681	CCG	9
681	YCT	7
681	CMT	4
681	CCC	3
682	CGG	255554
682	CGT	132
682	CGK	24
682	CGA	20
682	YGG	16
682	TGG	14
682	CAG	8
682	CGC	7
682	CKG	6
682	CGR	5
682	GGG	3
682	CTG	3
682	CCG	2
682	CRG	2
683	CGG	255590
683	CGT	94
683	CGA	25
683	CGK	20
683	YGG	15
683	TGG	9
683	CKG	7
683	CGR	6
683	CAG	6
683	CCG	3
683	CTG	2
684	GCA	255640
684	GTA	91
684	KCA	34
684	TCA	26
684	ACA	8
684	RCA	5
684	GYA	4
684	GCG	3
684	GMA	3
684	TTG	3
685	CGT	255806
685	CCT	4
685	CKT	3
685	CGA	3
685	GGT	2
686	AGT	255776
686	ACT	10
686	AGC	8
686	AKT	6
686	GGT	4
686	AAT	3
686	ATW	3
687	GTA	255593
687	TTA	163
687	ATA	27
687	GTT	11
687	GTC	6
687	GCA	6
687	GTR	4
687	KTA	2
687	GTG	2
688	GCT	254909
688	GTT	778
688	TCT	22
688	GYT	20
688	ACT	12
688	TCA	11
688	GCC	10
688	RCT	10
688	CCT	10
688	KCT	7
688	SCT	6
688	AAC	6
688	GMT	3
688	GCW	3
689	AGT	255745
689	ATT	60
689	CAG	7
689	AKT	6
689	AAT	4
689	GGT	3
689	AGC	3
689	AGG	3
690	CAA	255774
690	CAC	17
690	CGA	14
690	CTA	7
690	CGT	6
690	YAA	6
690	CAT	3
690	AAA	3
691	TCC	255357
691	TCT	317
691	TTC	41
691	GCC	37
691	TCY	27
691	TCA	19
691	TYC	12
691	GCT	11
691	CCC	8
691	YCC	7
691	TCG	2
692	ATC	255542
692	ATT	241
692	ATY	47
692	GTC	10
692	WTC	3
692	TTC	3
693	ATT	255813
693	ATA	13
693	ATY	4
693	GTT	3
694	GCC	255309
694	GCT	501
694	GTC	13
694	GCY	9
694	GYC	9
694	TTC	6
694	GCA	4
694	KCC	3
694	GTT	3
694	ACC	2
695	TAC	255810
695	TAT	21
695	AAC	7
695	GAC	3
696	ACT	255854
696	GCA	3
696	ACC	2
697	ATG	255846
697	ATT	10
697	ATK	4
697	ACG	3
697	AAG	3
697	AYG	3
698	TCA	255199
698	TTA	621
698	TYA	23
698	TCT	6
698	GCA	6
698	TCC	5
698	YCC	3
699	CTT	255821
699	ATT	9
699	YTT	8
699	TTA	6
699	TTT	2
699	CTC	2
700	GGT	255802
700	GST	11
700	GKT	7
700	GTT	6
700	SGT	2
701	GCA	255433
701	GTA	221
701	KCA	55
701	ACA	44
701	TCA	35
701	GYA	12
701	GCW	3
701	GCC	3
701	GCM	2
701	GCT	2
702	GAA	255683
702	CAA	20
702	AAA	11
702	RAA	7
702	GAC	6
702	GWA	4
702	GRA	4
702	GAG	3
702	SAA	3
703	AAT	255749
703	AAC	6
703	AGT	4
703	AMT	3
703	GAT	3
703	RAT	3
703	AWT	2
704	TCA	255659
704	TTA	66
704	TYA	23
704	TCG	10
704	CCA	7
704	YCA	6
704	GCA	3
704	TCT	2
704	TSA	2
705	GTT	255633
705	GTC	41
705	GTA	36
705	ATT	15
705	TTT	15
705	KTT	13
705	STT	6
705	CTT	6
705	GTW	3
705	MTT	3
705	ATA	3
705	RTT	2
706	GCT	255630
706	GTT	70
706	TCT	33
706	GYT	10
706	KCT	6
706	SCT	4
706	GCC	3
706	CGT	3
706	GCW	3
706	GCY	2
707	TAC	255562
707	TAT	179
707	TAY	22
707	YAC	3
707	AAC	3
708	TCT	255698
708	TTT	17
708	GCT	16
708	TYT	12
708	TCY	5
708	KCT	4
708	TMT	3
708	TCC	3
708	TGT	2
709	AAT	255732
709	AAC	27
709	TAT	7
709	AAA	3
709	AAY	2
709	AAG	2
710	AAC	255737
710	AAT	12
710	AGC	8
710	AAY	7
710	ACC	6
711	TCT	255491
711	TCC	208
711	TCA	31
711	TCY	8
711	TTT	6
711	YCT	5
711	TYT	2
711	GCT	2
712	ATT	255741
712	MTT	3
713	GCC	255665
713	GCT	32
713	KCC	2
713	TCC	2
713	GYC	2
714	ATA	255688
714	TTA	7
714	AYA	3
714	ATG	3
714	CTA	3
714	ACA	2
714	ATW	2
715	CCC	254256
715	CCT	1403
715	CCY	21
715	YCC	5
715	TCC	5
715	ACC	4
715	CYC	3
716	ACA	255275
716	ATA	376
716	AYA	20
716	ACT	9
716	CCA	5
716	AMR	3
716	ACW	2
717	AAT	255663
717	AGT	7
717	ACT	6
717	AAW	5
717	AMT	3
717	AAK	3
717	RAT	3
717	GTT	3
717	AAY	2
717	AAC	2
718	TTT	255685
718	TTC	18
719	ACT	255632
719	ATT	46
719	AYT	11
719	ACA	5
719	ACY	4
719	ACC	2
720	ATT	255693
720	ATA	6
720	GTT	5
720	ATC	3
720	AAA	3
720	AYT	3
721	AGT	255682
721	AGC	14
721	ATT	5
721	ACT	4
721	AST	3
721	AGY	2
722	GTT	255663
722	GYT	17
722	GTG	12
722	ATT	6
722	GCT	4
722	GTC	4
722	GTA	4
723	ACC	248906
723	ACT	6058
723	ATC	592
723	ACY	79
723	AYC	6
724	ACA	255597
724	ACT	17
724	AAA	9
724	ACG	9
724	WCW	4
724	GCA	4
724	ACC	3
724	ATA	2
725	GAA	255651
725	AAA	7
725	CAA	4
725	GRA	3
725	RAA	3
725	SAA	2
725	GAG	2
726	ATT	255602
726	WTT	22
726	TTT	5
726	AWT	4
726	ACT	2
726	GTG	2
727	CTA	255594
727	YTA	8
727	TTA	6
727	CCA	4
727	ATA	4
727	CYA	2
728	CCA	255491
728	CYA	78
728	CCT	13
728	CCG	9
728	CTA	4
728	CCC	4
728	YYA	3
728	CBA	3
728	CCW	2
728	TCA	2
729	GTG	255666
729	KTG	18
729	GTT	10
729	GCG	8
729	GTR	3
729	ATG	3
730	TCT	255716
730	TCC	8
730	TCA	8
730	TYT	4
730	TMT	3
731	ATG	255611
731	ATT	100
731	ATK	15
731	ATC	8
731	AAG	4
731	WTR	3
731	ATS	3
731	AWG	3
732	ACC	255438
732	ACT	130
732	GCC	124
732	ACY	27
732	ATC	14
732	ACA	14
732	TCC	13
732	AYC	9
732	AAC	3
732	ACG	2
733	AAG	255738
733	AAA	13
733	AAK	3
733	CAG	2
733	AAR	2
734	ACA	255768
734	AYA	14
734	ACT	10
734	ASA	2
735	TCA	255555
735	TYA	210
735	TTA	11
735	TCT	10
735	TCR	6
735	TSA	4
735	TCW	3
735	TBA	2
735	TCG	2
736	GTA	255800
736	KTA	14
736	GTR	4
736	CTA	2
737	GAT	255804
737	TAT	6
737	CAT	3
737	KAT	3
737	GAC	2
737	GAY	2
738	TGT	255769
738	TKT	23
738	TST	4
738	TGC	2
738	TGY	2
739	ACA	255740
739	ACT	29
739	ACG	4
739	AYA	3
739	TCA	3
739	ACC	3
740	ATG	255737
740	ATT	31
740	ATK	9
740	ATS	4
740	AYG	3
740	AAG	2
740	RTG	2
741	TAC	255721
741	TAT	14
741	TAY	8
741	YAC	4
741	TWC	3
741	TCC	3
741	TTC	2
742	ATT	255684
742	ATC	20
742	AYT	5
742	RTT	4
742	CTT	2
742	ATA	2
742	TTT	2
742	WTT	2
742	ATW	2
743	TGT	255622
743	DGT	17
743	TGY	4
743	TKT	4
743	WGT	3
743	TGC	3
743	BGT	2
744	GGT	255650
744	GGA	6
744	AGT	5
744	GTT	5
744	RGT	3
744	KGT	2
744	GGY	2
745	GAT	255709
745	GGT	17
745	GAC	14
745	GRT	8
745	GAY	7
745	CAT	3
745	GAG	2
746	TCA	256241
746	TYA	8
746	TCT	6
746	YCA	3
746	WCA	3
746	TMA	3
746	TCC	2
747	ACT	256561
747	ATT	58
747	AYT	15
747	ATA	11
747	CCT	6
747	ACA	6
747	RCT	3
747	AAT	3
747	CAG	2
748	GAA	256616
748	GAG	22
748	RAA	19
748	AAA	2
748	GAR	2
748	CAA	2
749	TGC	256616
749	TGT	30
749	TGY	5
749	TKC	2
749	KGC	2
750	AGC	256597
750	AGT	20
750	AAC	5
750	AGY	4
750	ATA	3
750	AGA	3
750	ACC	3
751	AAT	256997
751	AAC	32
751	AAG	16
751	TAT	13
751	AAY	12
751	GAT	8
751	AGT	4
751	CAT	2
751	ART	2
752	CTT	256773
752	YTT	26
752	CYT	17
752	CTY	13
752	TTA	10
752	TTT	8
752	AGG	6
752	CKT	3
752	CCT	3
752	ATT	2
752	MTT	2
753	TTG	256985
753	TTA	8
753	TTK	8
753	YTG	2
754	TTG	256469
754	CTG	12
754	CTC	11
754	TTT	10
754	CTA	8
754	TTA	5
755	CAA	256492
755	CGA	3
755	CAG	2
755	CAW	2
755	CAR	2
756	TAT	256466
756	AAG	3
756	TAY	3
756	AAT	2
756	WAT	2
757	GGC	256358
757	GGT	18
757	GGY	15
757	GKC	6
757	SGC	6
757	GGM	4
757	KGC	4
757	CGC	2
758	AGT	255978
758	AKT	9
758	ATT	8
758	AGC	5
758	AGY	4
758	ACT	4
758	AGK	2
759	TTT	255645
759	TTC	3
759	TCT	2
759	TTY	2
760	TGT	255256
760	TGC	28
760	TKT	12
760	TGY	7
760	TST	5
760	YGT	2
761	ACA	255237
761	AYA	17
761	ACT	9
761	ACG	4
761	GCA	4
761	WCA	3
761	ATA	2
761	AMA	2
762	CAA	255411
762	CAW	21
762	CAG	5
762	YAA	4
762	MAA	4
762	TTA	3
762	CWA	2
762	CAM	2
763	TTA	255392
763	CTA	47
763	TTG	41
763	CTT	10
763	TWA	7
763	YTA	6
763	ATA	3
763	KTA	3
763	TYA	2
763	TTW	2
764	AAC	255321
764	AAT	125
764	AAY	15
764	ACC	2
764	AMC	2
765	CGT	255052
765	YGT	85
765	YKT	81
765	CTT	69
765	CKT	43
765	TGT	33
765	CAT	15
765	CGC	8
765	CRT	4
765	CGG	3
765	AGT	3
766	GCT	255365
766	GCC	19
766	GYT	8
766	GCY	7
766	KCT	7
767	TTA	255375
767	CTA	18
767	TTG	10
767	YTA	5
767	GTA	3
767	CTG	2
768	ACT	255220
768	CCT	5
768	ATT	4
769	GGA	254371
769	GTA	385
769	GKA	24
769	GCA	18
769	GRA	14
769	AGA	9
769	KGA	7
769	GGG	6
769	GSA	3
769	MGA	3
769	RGA	3
769	GAA	3
769	GGT	2
769	CGA	2
769	SGA	2
770	ATA	254817
770	ATT	20
770	GTA	9
770	RTA	3
770	TTA	3
770	AYA	2
770	ACA	2
771	GCT	254652
771	TCT	102
771	KCT	53
771	GCG	12
771	GCY	7
771	GTT	6
771	SCT	6
771	GCC	5
771	GMT	4
771	GYT	4
771	CCT	3
771	GCA	2
771	ACT	2
771	GAT	2
772	GTT	254670
772	ATT	199
772	GTC	16
772	RTT	7
772	GTY	6
772	TTT	5
772	GKT	4
772	GCT	2
772	GTA	2
772	GGT	2
772	KTT	2
773	GAA	254883
773	GAG	8
773	GRA	4
773	GTA	2
773	CAA	2
773	KAA	2
774	CAA	254866
774	CAG	8
774	YAA	6
774	CRA	5
774	CAR	3
774	CAC	3
774	CGA	3
774	CWA	3
774	CAM	3
775	GAC	254882
775	GRC	10
775	AAC	5
775	SAC	4
775	GAT	3
775	KAC	2
775	CAC	2
775	GAY	2
776	AAA	254877
776	AAG	15
776	AAR	3
776	RAA	2
776	AAT	2
777	AAC	254728
777	AAT	37
777	AAS	3
777	ARC	2
778	ACC	254343
778	ATC	210
778	ACT	151
778	ACY	32
778	ACA	18
778	AYC	13
778	WYC	10
778	ACG	8
778	GCC	5
778	AAC	4
779	CAA	254689
779	CTA	27
779	CAC	23
779	CAG	11
779	YWR	10
779	AAA	7
779	YAA	7
779	CAT	6
779	CAR	3
779	CCA	3
779	GAA	2
779	CGA	2
779	CRA	2
780	GAA	254347
780	CAA	358
780	GAT	14
780	KAA	11
780	AAA	10
780	GRW	10
780	GAC	5
780	SAA	4
780	GAR	4
780	GAW	3
780	GAG	3
780	GRA	3
780	RAA	2
780	GCA	2
781	GTT	254704
781	GTC	12
781	TTT	9
781	RTT	7
781	KTT	3
781	ATT	3
782	TTT	254721
782	TKT	6
782	TTC	6
782	TWT	3
783	GCA	254605
783	TCA	27
783	GTA	18
783	GCC	12
783	KCA	10
783	GCT	9
783	RCA	8
783	GYA	7
783	ACA	4
783	GCG	3
784	CAA	254529
784	YAA	16
784	CAG	9
784	CTA	6
784	CAR	4
784	CAC	3
785	GTC	254449
785	GTT	26
785	ATC	25
785	KTC	9
785	GTY	7
785	GYC	6
785	CTC	5
785	GCC	4
785	GTM	3
785	RTC	3
785	GWC	3
785	STC	3
785	GTA	2
786	AAA	254458
786	AAG	51
786	AAT	6
786	GAA	3
786	CAA	3
786	RAA	2
787	CAA	254458
787	CAC	16
787	YAA	11
787	CGA	7
787	CCA	3
787	MAA	3
787	AAA	3
787	CAG	2
788	ATT	254426
788	ATC	16
788	AWT	6
788	WTT	3
788	ATG	2
788	TTT	2
789	TAC	252240
789	TAT	2171
789	TAY	43
789	CAC	6
789	TWT	3
789	GAC	3
789	TCC	3
789	TWC	2
790	AAA	254499
790	AAG	16
790	CAA	6
790	ACA	4
790	AAT	2
790	RAA	2
791	ACA	254383
791	ATA	52
791	AAA	35
791	CCA	20
791	AYA	12
791	GCA	8
791	AMA	4
791	ACR	3
791	ACC	3
791	RCA	2
792	CCA	254505
792	CCG	7
792	ACA	4
792	CCT	4
792	CCC	3
792	TCA	2
792	CTA	2
793	CCA	254636
793	CCT	36
793	CCC	9
793	CTA	9
793	TCA	6
793	MCA	3
793	CCW	3
793	CSA	3
793	CYA	2
794	ATT	254676
794	CTT	29
794	ATA	12
794	ATC	9
794	TTT	8
794	GTT	5
794	ACT	2
795	AAA	254599
795	AAG	114
795	AAR	4
795	CAA	4
795	ARA	2
796	GAT	254587
796	TAT	51
796	CAT	24
796	GGT	11
796	KAT	10
796	RAT	6
796	AAT	5
796	GAW	5
797	TTT	254753
797	TGT	9
797	TKT	7
797	TYT	2
797	TTC	2
797	CTT	2
798	GGT	254718
798	GGG	18
798	AGT	7
798	GCT	6
798	GRT	6
798	TGT	4
798	GKT	4
799	GGT	254713
799	GKT	18
799	GGC	10
799	AGT	5
799	GGG	3
800	TTT	254827
800	TTC	12
800	TTW	4
800	YTT	3
800	GTT	2
801	AAT	254649
801	AAC	19
801	AAW	3
801	RAT	2
802	TTT	254871
802	TCT	4
802	WTT	3
802	TTC	2
803	TCA	254859
803	TCT	11
803	TCC	10
803	TTA	3
803	CCA	3
803	TCR	2
803	TYA	2
804	CAA	254907
804	CCA	4
804	YAA	3
804	CAR	2
804	MAA	2
804	CAT	2
804	AAA	2
805	ATA	254947
805	GTA	38
805	ATG	10
805	MTA	4
805	TTT	3
806	TTA	254946
806	TTG	11
806	CTA	11
806	TYA	4
806	TTC	3
806	YTA	2
806	GTA	2
806	CAA	2
806	KTA	2
807	CCA	254920
807	CTA	6
807	ACA	3
807	YCA	3
807	CCT	2
807	TCA	2
807	CYA	2
807	CCG	2
808	GAT	254763
808	GAC	117
808	GGT	14
808	AAT	9
808	GAY	5
808	RAT	4
808	GTT	3
808	CAT	3
808	GAG	2
808	AAA	2
809	CCA	254787
809	TCA	65
809	CTA	39
809	YCA	13
809	CCG	11
809	CCT	5
809	CSA	4
809	ACA	3
809	CAA	2
810	TCA	254824
810	TCT	74
810	TTA	21
810	TCR	4
810	TYA	3
810	TCG	3
810	CCA	2
811	AAA	254895
811	AAG	8
811	MAA	6
811	AAC	4
811	AGA	4
811	TCA	3
811	AAW	3
811	AAT	3
811	ARA	2
811	ACA	2
812	CCA	254469
812	CTA	228
812	TCA	84
812	CCT	28
812	YCA	14
812	CAA	14
812	CYA	13
812	CCG	6
812	CCR	5
812	CMA	4
812	ACA	4
812	SCA	3
813	AGC	254793
813	ATC	31
813	AKC	11
813	AGT	8
813	GGC	5
813	ASC	4
813	ACC	3
813	ARC	3
813	RGC	3
813	AAC	3
813	CGC	3
813	AYC	3
813	CCC	2
813	AGY	2
814	AAG	254756
814	AAA	35
814	ACG	11
814	AMG	10
814	AAK	10
814	CAG	7
814	GAG	5
814	ARG	4
814	AAT	4
814	AAC	3
814	AGG	2
814	ATG	2
815	AGG	254843
815	CGG	12
815	AKG	6
815	AAG	6
815	AGK	5
815	AGA	4
815	AGT	3
816	TCA	254811
816	TCG	101
816	CCA	8
816	TCT	8
816	TCR	6
816	YCA	5
816	TCC	3
816	GCA	2
816	ACC	2
817	TTT	254987
817	TTY	5
817	TTC	5
817	CTT	4
818	ATT	254969
818	GTT	71
818	ATC	4
818	AGT	3
818	TTT	2
819	GAA	255157
819	GAG	11
819	GWA	3
819	GAR	3
820	GAT	255182
820	AAT	33
820	GAC	28
820	TAT	2
820	RAT	2
821	CTA	255050
821	TTA	214
821	YTA	25
821	GTA	7
821	CTG	4
821	ATA	3
821	MTA	3
821	STA	2
821	CGA	2
821	CAA	2
821	CYA	2
822	CTT	255187
822	TTT	312
822	YTT	39
822	CTC	21
822	CYT	6
822	MTT	3
822	ATT	2
823	TTC	255638
823	TTT	30
823	WTC	3
823	TTY	2
823	TGC	2
824	AAC	253584
824	AAT	2043
824	AAY	47
824	ACC	5
824	AAA	3
824	YAC	3
824	CAC	2
824	AGC	2
825	AAA	255698
825	AAR	20
825	AAG	8
825	CAA	6
825	AGA	6
825	TAA	2
826	GTG	255468
826	GTT	86
826	TTG	52
826	ATG	22
826	GGG	22
826	KTG	20
826	GTA	20
826	GTK	11
826	RTG	4
826	GTR	3
826	CTG	2
827	ACA	255671
827	ACC	23
827	ACG	12
827	TCA	9
827	ACT	8
827	ATA	7
827	GCA	4
827	AMA	4
827	GCC	2
827	AYA	2
827	ACR	2
828	CTT	255767
828	YTT	11
828	MTT	6
828	CCT	4
828	CTW	2
828	ATT	2
828	TTT	2
828	CTC	2
829	GCA	255615
829	ACA	187
829	GCT	24
829	GCC	5
829	GTA	4
829	GCR	3
829	GYA	3
829	TCA	3
829	GAA	2
829	GCG	2
830	GAT	255759
830	AAT	22
830	GGT	12
830	KAT	11
830	GAC	10
830	CAT	9
830	TAT	9
830	GRT	2
830	GCT	2
830	SAT	2
830	GAK	2
831	GCT	255824
831	GTT	39
831	GCC	11
831	TCT	9
831	GYT	7
831	GCY	2
832	GGC	255821
832	GGT	9
832	AGC	6
832	KGC	5
832	GGY	4
832	GAC	3
832	TGC	3
832	GGA	2
832	GKC	2
832	RGC	2
833	TTC	255861
833	TTT	5
833	YTC	3
833	KTC	2
833	TTA	2
834	ATC	255818
834	ACC	39
834	GTC	18
834	ATT	12
834	AGC	8
834	ATY	5
834	TTC	3
834	MTC	3
834	GAC	3
834	RTC	2
835	AAA	255875
835	AAG	5
835	AAW	5
835	RAA	5
835	AAR	3
835	AAC	3
835	GAA	2
835	AAM	2
836	CAA	255849
836	CAT	18
836	CTA	15
836	YAA	13
836	CAC	8
836	GAA	7
836	CWA	6
836	CCA	4
836	CRA	4
836	CAG	4
836	CAW	3
836	CAR	2
837	TAT	255917
837	TAC	21
837	CAT	12
837	AAT	7
837	TAY	4
838	GGT	254510
838	GGC	1344
838	GAT	31
838	GGA	25
838	GGG	15
838	GTT	7
838	GGY	4
838	GGK	3
838	AGT	3
838	GCC	2
838	GCT	2
838	RGT	2
839	GAT	255433
839	TAT	374
839	GAC	36
839	KAT	11
839	AAT	8
839	GAA	6
839	GAY	5
839	GWT	4
840	TGC	255890
840	TGY	82
840	TGT	53
840	TKC	5
840	TSC	3
841	CTT	255885
841	CGT	65
841	CTA	8
841	CYT	8
841	CTY	6
841	ATT	6
841	TTT	5
841	CCT	3
841	YTT	3
841	CWT	3
841	CTG	2
841	CWY	2
842	GGT	255048
842	GGC	1443
842	GTT	67
842	GGY	21
842	AGT	11
842	GAT	8
842	GGG	7
842	GST	4
842	GRT	4
842	TGT	3
842	KGT	3
842	RGT	2
842	GKT	2
842	CGT	2
842	GCT	2
843	GAT	256734
843	GGT	10
843	GAA	7
843	GAC	4
843	GRT	3
843	AAT	2
843	GAY	2
844	ATT	256786
844	ATG	4
844	ATY	3
844	TTT	3
844	ATA	2
845	GCT	256298
845	TCT	234
845	GAT	124
845	GTT	73
845	GYT	29
845	KCT	18
845	GCC	16
845	ACT	11
846	GCT	256565
846	TCT	128
846	GTT	127
846	KCT	16
846	GYT	10
846	TTT	4
846	GCY	3
846	GGT	2
846	RCT	2
847	AGA	256953
847	AAA	176
847	ACA	42
847	AKA	15
847	ARA	12
847	AGG	7
847	ASA	6
847	ATA	6
847	AGR	2
848	GAC	256778
848	GAT	376
848	GAY	16
848	AAC	16
848	KAC	13
848	GGC	11
848	GAA	3
848	GWC	3
848	GCC	2
849	CTC	257144
849	CTT	33
849	TTC	11
849	CCA	11
849	YTC	6
849	CTY	5
849	TTT	2
850	ATT	257110
850	ATC	13
850	ACT	3
850	ATY	2
850	WWT	2
850	AAT	2
850	TTT	2
851	TGT	257160
851	TGG	13
851	TKT	8
851	TGC	4
852	GCA	257141
852	GTA	10
852	GCG	9
852	GYA	9
852	GCC	7
852	TCA	6
852	ACA	4
853	CAA	257107
853	CAG	28
853	CAR	4
853	YAA	3
854	AAG	257053
854	AAA	38
854	AAT	30
854	AAK	23
854	ARG	14
854	AGG	4
854	AAC	3
854	WAG	2
854	ATG	2
854	GAG	2
855	TTT	257155
855	TTC	16
855	TYT	7
855	CTT	7
855	TTY	4
856	AAC	256774
856	AAT	314
856	AGC	60
856	AAY	31
856	AAA	3
856	RAC	2
857	GGC	257097
857	GGT	39
857	GGA	10
857	GGY	6
857	KGC	6
857	GGG	3
857	TGC	2
858	CTT	257080
858	CTC	27
858	TTT	20
858	YTT	13
858	CTY	5
858	CTK	2
858	MTT	2
858	ATT	2
859	ACT	256762
859	ATT	225
859	AAT	126
859	AYT	30
859	ACC	10
859	ACG	6
859	ACA	2
860	GTT	257086
860	KTT	11
860	GTC	9
860	TTT	7
860	GCT	4
860	ATT	4
860	GTY	2
861	TTG	257135
861	CTG	12
861	CTA	9
861	TTK	8
861	TTA	4
862	CCA	255816
862	TCA	10
862	CCG	8
862	YCA	7
862	CCC	3
862	CYA	2
863	CCT	255739
863	CAT	59
863	CCC	14
863	CCY	12
863	CYT	3
863	TCT	2
864	TTG	255808
864	CTG	14
864	GTG	6
864	TYG	5
864	TTK	4
864	YTG	3
864	KTG	2
864	TTA	2
865	CTC	255668
865	CTT	13
865	YTC	5
865	TTC	5
865	CYC	3
865	CCC	2
865	CTY	2
866	ACA	255640
866	CCA	3
866	ACG	2
867	GAT	255615
867	GGT	16
867	AAT	4
867	GAC	3
867	KAT	3
867	GAA	2
868	GAA	255567
868	RAA	11
868	GGA	5
868	GAG	5
868	AAA	2
869	ATG	255464
869	ATT	6
869	ATK	5
869	AKG	3
870	ATT	255293
870	GTT	29
870	ACT	11
870	RTT	10
870	MTT	3
870	ATC	3
870	ATY	2
871	GCT	255207
871	TCT	63
871	GTT	25
871	GCC	23
871	KCT	20
871	GYT	11
871	GCY	4
871	GCG	4
871	GMT	3
872	CAA	255286
872	CAG	11
872	YAA	5
872	CTA	3
872	MAA	2
872	CWA	2
873	TAC	255286
873	TAT	24
873	TWC	6
873	TAY	6
873	AAC	3
873	KAC	2
874	ACT	255290
874	ACC	14
874	CCT	9
874	AYT	6
874	WCT	6
874	ATT	5
874	ACA	4
874	MCT	2
874	ACY	2
875	TCT	255338
875	TTT	11
875	YCT	5
876	GCA	255339
876	GCC	4
876	RCA	3
876	GCT	3
876	GCR	3
876	TCA	2
877	CTG	255018
877	CTT	196
877	CTC	66
877	CTA	34
877	CYG	6
877	ATG	4
877	CTS	3
878	TTA	255295
878	CTT	19
878	CTA	4
878	TTG	3
879	GCG	254843
879	TCG	360
879	GCT	87
879	ACG	34
879	GTG	32
879	GCA	23
879	KCG	21
879	GYG	18
879	SCG	9
879	GCK	6
879	CCG	3
879	GCR	3
879	GCC	2
880	GGT	255261
880	GGC	158
880	GGA	11
880	GGG	11
880	RGT	10
880	GKT	5
880	GGY	4
880	AGT	2
881	ACA	255327
881	ACT	110
881	ACG	2
881	ACW	2
881	MCA	2
882	ATC	255425
882	ATT	11
882	GTC	4
882	ATY	2
883	ACT	255366
883	AYT	18
883	ACC	18
883	ACA	11
883	ATT	4
883	ACY	4
883	WCT	2
884	TCT	255192
884	TYT	114
884	TTT	50
884	TCA	18
884	TCC	13
884	GCT	9
884	YCT	7
884	KCT	4
884	TCY	3
884	TGT	2
885	GGT	255348
885	GGC	11
885	SGT	4
885	TGT	4
885	GGY	3
885	GAT	3
885	KGT	2
885	RGT	2
886	TGG	255369
886	TGS	7
886	TGK	4
886	GGG	3
886	TGT	3
886	YGG	3
887	ACC	255301
887	ACY	41
887	ACT	26
887	ACA	16
887	WCC	3
887	AYC	3
887	GCC	3
887	ACM	2
888	TTT	255286
888	TTA	6
888	YTT	5
888	TTG	3
888	CTT	3
888	TTK	2
888	TTC	2
889	GGT	255307
889	GRT	6
889	GGA	5
889	KGT	4
889	GCT	3
889	GGG	3
889	GKT	3
889	TGT	2
889	GTT	2
890	GCA	255162
890	GCG	137
890	GCT	13
890	GCR	5
890	CCG	3
890	GTA	2
891	GGT	255288
891	GGA	8
891	KGT	5
891	CGT	3
892	GCT	255147
892	TCT	73
892	GTT	30
892	GCA	17
892	KCT	14
892	GYT	12
892	GCY	5
892	GCG	5
892	GCC	3
892	SCT	3
893	GCA	255219
893	SCA	17
893	GTA	16
893	GCT	11
893	GCM	4
893	GAA	3
893	GYA	3
893	GCG	2
893	KCA	2
894	TTA	255286
894	TTC	3
894	CTA	3
895	CAA	255241
895	YAA	21
895	CAG	11
895	CAM	4
895	TAA	3
895	CAR	2
896	ATA	255420
896	ACA	4
896	ATR	3
896	WTA	2
896	AKA	2
897	CCA	255035
897	CCT	376
897	CCC	8
897	CMA	4
897	YYA	3
897	CCG	3
897	YCA	2
898	TTT	255385
898	YTT	4
898	TTC	4
899	GCT	255264
899	GTT	53
899	TCT	44
899	GCA	13
899	GCW	8
899	GCC	6
899	KCT	3
899	CCT	3
899	GGT	3
899	GYT	2
900	ATG	255248
900	ATT	120
900	WWG	8
900	ATR	8
900	AYG	4
900	TTG	4
900	TAG	2
901	CAA	255382
901	CAG	3
902	ATG	255388
902	TTG	2
903	GCT	255544
903	TCT	10
903	GGT	6
903	GYT	4
904	TAT	255510
904	TAC	55
904	KAT	2
905	AGG	255543
905	AGT	7
905	AGK	6
905	AGA	2
905	AGR	2
906	TTT	255512
906	CCT	3
906	TKT	3
906	TTC	3
906	TTY	2
906	YTT	2
906	KTT	2
907	AAT	255498
907	AAC	9
908	GGT	255467
908	GGC	10
908	GTT	4
908	TGT	3
908	GKT	3
908	GGY	3
909	ATT	255496
909	GTT	22
909	ATC	5
909	RTT	4
909	ATW	3
909	ATY	2
910	GGA	255518
910	GGG	7
910	GGT	4
910	GKA	4
910	GSA	3
910	GGR	2
910	GTA	2
911	GTT	255516
911	GTC	17
911	ATT	10
911	GWT	3
912	ACA	255500
912	AYA	14
912	ACT	11
912	ACC	5
912	MCA	3
912	ATA	3
912	GCA	2
912	ACW	2
913	CAG	255298
913	CAA	23
913	CAT	15
913	YAG	13
913	CAK	8
913	CAC	5
913	CRG	4
913	CWG	3
914	AAT	255376
914	AAC	4
914	AWT	2
915	GTT	255383
915	KTT	7
915	ATT	6
915	STT	3
915	GTY	2
916	CTC	255376
916	TTC	10
916	CTT	8
916	CTA	6
916	TTT	3
916	CTS	3
916	CYC	3
917	TAT	255394
917	TAC	16
917	TAY	4
917	CAT	3
917	YAT	2
918	GAG	255376
918	GAA	9
918	GAR	4
918	GTG	4
918	GAT	4
918	GAS	3
918	CAG	3
918	CCG	3
918	GAK	2
918	GGG	2
918	SAG	2
919	AAC	255302
919	AAT	47
919	AAY	8
919	ATC	5
919	ARC	4
919	AWC	2
920	CAA	255282
920	YAA	12
920	CAG	7
920	CMA	3
921	AAA	255359
921	AAG	15
922	TTG	255233
922	TTA	59
922	TTC	45
922	TTT	31
922	CTA	10
922	TTK	3
923	ATT	255356
923	ATA	4
923	ATC	4
923	ATK	3
923	ATW	2
923	AYT	2
924	GCC	248875
924	GCT	6172
924	GCY	52
924	GCA	20
924	GTC	17
924	TCC	15
924	GYC	4
924	GTT	4
924	RCC	4
924	KCC	3
924	TCT	2
925	AAC	255266
925	AAT	54
925	AAY	8
925	TAC	4
926	CAA	255295
926	CAC	23
926	CAG	12
926	CWA	7
926	CAW	6
926	CAT	3
926	YAA	3
926	GAA	2
926	CAR	2
927	TTT	255246
927	TTC	18
927	TTW	2
927	WTT	2
928	AAT	255216
928	AAC	24
928	AAY	7
928	AWT	6
928	GAT	4
929	AGT	254902
929	ACT	197
929	ATT	45
929	AKT	26
929	AGC	12
929	AGY	3
929	AAT	2
930	GCT	254880
930	GTT	271
930	GCA	9
930	GCC	6
930	KCT	6
930	GYT	5
930	GST	2
930	ACT	2
931	ATT	255160
931	GTT	8
931	ACT	3
931	AWT	3
932	GGC	255049
932	GGA	45
932	GGT	24
932	GGM	24
932	TGC	12
932	GSC	7
932	GCC	4
932	GRC	3
932	GGG	3
932	GTC	3
932	AGC	2
933	AAA	255142
933	AGA	5
933	AAR	3
933	ARA	2
934	ATT	255167
934	ATA	13
934	ATC	8
934	ATY	5
934	ATK	3
934	ACT	3
935	CAA	255160
935	CAG	26
935	YAA	8
935	CAC	3
935	TAA	2
936	GAC	253800
936	TAC	1021
936	GAT	197
936	CAC	71
936	GAY	30
936	KAC	17
936	GTC	13
936	SAC	8
936	AAC	7
936	GAA	3
936	GGC	3
936	CAT	2
936	GCC	2
937	TCA	255146
937	TTA	17
937	TYA	9
937	TCG	4
937	GCA	2
937	TCW	2
938	CTT	255013
938	TTT	75
938	CTC	50
938	YTT	18
938	ATT	14
938	CTY	3
938	CTK	2
938	CYT	2
939	TCT	254588
939	TTT	523
939	TYT	23
939	TCA	17
939	TCY	9
939	KCT	4
939	TAT	4
939	TMT	3
939	TCC	3
940	TCC	254759
940	TCT	232
940	TTC	105
940	TCY	24
940	TYC	19
940	YCC	5
940	GCC	4
940	TCG	3
940	KYS	2
940	TMC	2
941	ACA	255072
941	ACT	16
941	ACG	15
941	GCA	14
941	ATA	11
941	AYA	6
941	ASA	4
941	RMA	2
941	CCC	2
942	GCA	255043
942	TCA	51
942	GCT	12
942	KCA	11
942	GCG	10
942	GTA	6
942	ACA	4
942	GYA	2
942	GMA	2
942	RCA	2
943	AGT	255096
943	MST	120
943	CCT	16
943	AGW	16
943	ATT	13
943	AGD	8
943	ACT	7
943	GGT	7
943	WGT	3
943	CGT	2
943	AST	2
943	RGT	2
943	MGT	2
944	GCA	255423
944	GTA	4
944	GYA	2
945	CTT	255393
945	YTT	6
945	CTC	4
945	CTK	3
945	CTG	2
945	CTA	2
946	GGA	255365
946	GTA	14
946	GGT	12
946	GGR	9
946	GGG	9
946	GAA	6
946	GRA	5
946	AGA	3
946	KGA	2
947	AAA	255462
947	AGA	3
948	CTT	255612
948	ATT	9
948	CTC	4
948	CYT	3
948	CTW	3
948	CTG	3
948	MTT	2
949	CAA	255608
949	YAA	21
949	CAG	15
949	CRA	3
949	CAR	3
950	GAT	255573
950	AAT	21
950	GAC	14
950	GAY	9
950	KAT	9
950	CAT	9
950	TAT	8
950	RAT	4
950	GCT	3
950	GAW	2
951	GTG	255660
951	GTT	16
951	GTC	9
951	GTR	7
951	GKG	5
951	KTG	3
951	STG	2
952	GTC	255611
952	GTT	52
952	GTA	8
952	ATC	5
952	TTC	4
952	KTC	3
952	CTC	3
952	GYC	3
952	GKC	2
953	AAC	256791
953	AAT	22
953	AAY	5
954	CAA	256854
954	AAA	7
954	MAA	4
954	CTA	3
954	YAA	3
955	AAT	256842
955	CAT	12
955	AAC	4
955	AAY	2
956	GCA	256835
956	GMA	4
956	GCR	3
956	GCC	3
956	GCT	2
956	KCA	2
957	CAA	256594
957	CTA	209
957	CAG	19
957	YAA	5
957	CGA	4
957	CTT	4
957	CAC	3
957	CWA	3
958	GCT	256779
958	TCT	21
958	GCY	20
958	GCC	12
958	GYT	4
958	GMT	3
958	KCT	2
959	TTA	256827
959	TTG	5
959	YTA	5
959	TWA	4
959	CTA	3
959	TTR	3
960	AAC	256762
960	AAT	70
960	AAY	17
960	WAC	3
960	AAA	3
960	AGC	2
961	ACG	256452
961	ACA	28
961	ACK	7
961	AYG	6
961	ATG	4
961	GCG	2
961	ACR	2
961	RCG	2
962	CTT	256481
962	CTC	3
962	CWT	3
962	CTW	2
963	GTT	256499
963	GTC	9
963	TTT	6
963	GTY	5
964	AAA	256448
964	ARA	15
964	AGA	5
964	AAG	3
964	WAA	3
965	CAA	256396
965	YAA	5
965	CAR	2
966	CTT	256273
966	CTC	11
966	YTT	3
966	TTT	3
966	CTY	3
966	CTA	2
966	MTT	2
967	AGC	255932
967	AGT	16
967	AGY	5
967	AKC	5
967	GGC	4
967	AGM	4
967	ASC	3
967	WGC	2
967	AGA	2
968	TCC	255952
968	TCT	18
968	TVC	3
968	GCC	3
968	TCY	3
968	TAC	2
969	AAT	255899
969	AAC	33
969	AAY	4
969	AGT	4
969	CAT	3
970	TTT	255928
970	YTT	8
970	TTC	5
970	TTY	4
971	GGT	255924
971	GGA	19
971	GKT	7
971	KGT	5
971	GGK	3
971	TGT	3
971	GST	3
972	GCA	255977
972	GCT	11
972	GCC	10
972	GCG	3
972	SCA	2
973	ATT	255991
973	TTT	3
973	AYT	3
973	MTT	2
973	WTT	2
973	GTT	2
974	TCA	255960
974	TCG	39
974	TCT	9
974	TYA	6
974	CCA	3
974	TCC	2
975	AGT	255993
975	WGT	5
975	AGY	4
975	AAT	3
975	AGC	2
975	AKT	2
976	GTT	256010
976	GTG	21
976	TTT	8
977	TTA	256054
977	CTT	8
977	CTA	5
977	YTA	3
978	AAT	256071
978	AAC	3
978	GAT	2
979	GAT	255883
979	KAT	99
979	GAC	83
979	GAY	5
979	CAT	4
979	RAT	2
979	TAT	2
980	ATC	255987
980	ATA	55
980	ATT	42
980	AAC	3
980	AWC	3
981	CTT	256262
981	CYT	6
981	CTC	3
981	TTT	3
981	CTA	3
981	YTT	2
981	CTG	2
982	TCA	255989
982	GCA	279
982	TYA	8
982	TCG	7
982	TCT	6
982	TCM	4
982	WCA	3
982	TCR	2
982	YCA	2
983	CGT	256312
983	YGT	16
983	CRT	3
983	CGY	2
983	CKT	2
984	CTT	256329
984	YTT	6
984	CTA	4
984	MTT	3
984	CTC	2
984	CTY	2
985	GAC	256298
985	GAY	15
985	GAT	14
985	GAM	3
985	KAC	3
985	GRC	2
986	AAA	256317
986	AGA	13
986	AAR	9
986	AMA	2
986	ATA	2
986	GAA	2
987	GTT	256389
987	STT	9
987	TTT	6
987	GYT	4
987	GTY	3
987	KTT	3
988	GAG	256389
988	GAA	3
988	GAK	2
989	GCT	256371
989	GCC	9
989	GYT	5
989	GCY	4
989	KCT	4
990	GAA	256357
990	GAG	26
990	SAA	3
991	GTG	256308
991	GTT	54
991	GTK	13
991	GTC	11
991	KTG	5
991	TTG	2
991	GTA	2
991	GCG	2
992	CAA	256366
992	YAA	10
992	CAG	4
993	ATT	256285
993	ATA	7
993	TTT	4
993	ATY	3
994	GAT	256282
994	GAC	44
994	KAT	4
994	GAY	4
994	RAT	3
994	GWT	2
994	GRT	2
995	AGG	256318
995	AGA	7
995	AKG	5
995	AGK	2
996	TTG	256265
996	TTA	36
996	CTG	4
996	TTK	4
996	TTR	3
996	YTG	2
997	ATC	256314
997	ATT	21
997	ATY	3
997	AYC	2
997	ATM	2
998	ACA	256286
998	ACT	13
998	AYA	5
998	ACC	3
998	CCA	2
999	GGC	255934
999	KGC	361
999	GSC	10
999	GGA	9
999	GKC	8
999	GGT	7
999	RGC	2
1000	AGA	256316
1000	AKA	2
1000	AGG	2
1000	CGA	2
1001	CTT	256301
1001	CTA	14
1001	TTA	12
1001	CTC	10
1001	YTT	3
1001	CTG	3
1001	CTY	2
1002	CAA	256321
1002	YAA	10
1002	CAG	9
1002	GAA	4
1002	MAA	2
1002	CAW	2
1003	AGT	256329
1003	AKT	10
1003	RGT	8
1003	AGC	3
1004	TTG	256411
1004	CTG	10
1004	TTA	8
1004	CTT	7
1004	TTK	5
1004	TTR	4
1004	TYG	3
1004	YTG	3
1004	CTC	2
1005	CAG	256390
1005	CAA	41
1005	CAK	6
1005	CAS	4
1005	CAT	4
1005	YAG	4
1005	CMG	3
1006	ACA	256404
1006	ATA	41
1006	AYA	9
1006	ACT	6
1006	ACG	5
1006	ACC	4
1007	TAT	256368
1007	YAT	19
1007	TAC	18
1007	TAK	3
1007	CAT	3
1008	GTG	256123
1008	GTT	293
1008	GTK	11
1008	RTG	5
1008	ACA	3
1008	CTG	2
1008	KTG	2
1009	ACT	256336
1009	ATT	20
1009	GCT	12
1009	AYT	12
1009	ACA	10
1009	ACC	6
1009	AGT	2
1010	CAA	256406
1010	TAA	2
1011	CAA	256421
1011	YAA	3
1011	CAT	2
1012	TTA	256424
1012	CTA	19
1012	TYA	3
1013	ATT	256447
1013	ATC	8
1014	AGA	256387
1014	AGG	6
1014	AKA	4
1014	CGA	3
1014	ATA	2
1014	RGA	2
1014	AAA	2
1014	AGW	2
1014	ARA	2
1015	GCT	256334
1015	GCA	11
1015	GCC	11
1015	ACT	4
1015	GYT	4
1015	GCW	3
1015	GTT	3
1015	CCT	2
1016	GCA	256326
1016	GCG	23
1016	ACA	7
1016	KCA	6
1016	TCA	3
1016	RCA	2
1017	GAA	256332
1017	RAA	6
1017	AAA	3
1018	ATC	256253
1018	ATT	49
1018	ATY	13
1019	AGA	256090
1019	AAA	6
1019	CGA	5
1019	AGG	4
1019	AKA	3
1019	AGR	2
1020	GCT	255444
1020	GCY	209
1020	TCT	174
1020	GTT	131
1020	GYT	18
1020	GCC	13
1020	KCT	8
1020	GAT	6
1020	GMT	2
1021	TCT	255987
1021	TAT	10
1021	TTT	7
1021	TCC	4
1021	TYT	3
1021	TMT	3
1021	GCT	3
1021	CCT	3
1021	YCT	2
1022	GCT	256014
1022	TCT	20
1022	GCC	10
1022	GYT	4
1022	GMT	3
1022	KCT	2
1023	AAT	256010
1023	AAC	42
1024	CTT	256033
1024	YTT	5
1024	CTC	4
1024	CCT	3
1024	CYT	2
1024	TTT	2
1025	GCT	255999
1025	GCC	11
1025	KCT	9
1025	TCT	6
1025	GYT	5
1025	GCY	2
1026	GCT	255939
1026	TCT	47
1026	GCA	19
1026	GCC	12
1026	KCT	8
1026	GCY	4
1026	GYT	4
1026	CCT	3
1026	GTT	2
1027	ACT	255933
1027	ATT	67
1027	AYT	15
1027	ACA	13
1027	AGT	10
1027	RCT	4
1027	ACW	3
1028	AAA	256038
1028	AAG	13
1029	ATG	256051
1029	ATK	4
1029	AYG	3
1029	ATT	2
1029	GTG	2
1030	TCA	256005
1030	TCT	37
1030	TYA	9
1030	YCA	5
1030	TCC	2
1030	TTA	2
1031	GAG	256082
1031	GAA	11
1031	GRG	6
1031	KAG	3
1031	GAT	3
1032	TGT	256062
1032	TGC	12
1032	TST	6
1032	WGT	6
1032	YGT	5
1032	TGK	4
1032	TKT	2
1033	GTA	256097
1033	GTT	12
1033	GCA	6
1033	GYA	5
1033	GTW	4
1033	KTA	2
1034	CTT	256107
1034	CTC	9
1034	CTK	3
1034	CYT	3
1034	ATT	2
1034	CTY	2
1035	GGA	256087
1035	GGG	8
1035	GTA	6
1035	KGA	4
1035	GKA	3
1036	CAA	256073
1036	CAG	7
1036	MAA	6
1036	AAA	3
1037	TCA	255553
1037	TCT	18
1037	YCA	3
1037	TCG	2
1038	AAA	256090
1038	AAR	4
1038	AAW	3
1039	AGA	256069
1039	RGA	15
1039	AKA	9
1039	ARA	3
1040	GTT	256057
1040	TTT	19
1040	GYT	12
1040	KTT	8
1040	GTY	6
1040	GTC	2
1041	GAT	256038
1041	GAC	27
1042	TTT	256077
1043	TGT	256045
1043	TKT	8
1043	TGC	6
1043	YGT	4
1043	TGY	3
1043	TTT	3
1043	GGT	2
1043	TST	2
1044	GGA	255111
1044	GGT	921
1044	GRA	10
1044	GGW	4
1044	KGA	4
1044	GGM	3
1044	TGA	3
1044	GAA	3
1044	GGC	3
1045	AAG	255950
1045	AAT	29
1045	AAA	24
1045	ARG	23
1045	ADG	6
1045	CAG	4
1045	ATG	4
1045	AWG	2
1045	GAG	2
1046	GGC	256094
1046	GGA	25
1046	GGT	15
1046	AGC	6
1046	GRC	2
1047	TAT	256099
1047	TAC	20
1047	TAY	19
1047	WAT	3
1048	CAT	256441
1048	CAC	24
1048	YAT	13
1048	TAT	4
1049	CTT	256595
1049	YTT	19
1049	TTA	7
1049	CTY	5
1049	CYT	4
1049	TTT	3
1049	CTC	3
1049	ATT	2
1050	ATG	256613
1050	ATC	11
1050	ATT	7
1050	RTG	4
1050	ATK	4
1050	TTG	3
1050	GTG	3
1050	ATA	2
1051	TCC	256611
1051	TCT	24
1051	TCA	6
1051	TCY	6
1051	CCC	2
1052	TTC	256383
1052	TTA	230
1052	TTT	20
1052	TTM	6
1052	YTC	6
1052	CTC	2
1052	TTY	2
1053	CCT	256566
1053	CCC	31
1053	CCG	14
1053	CCY	4
1053	CBT	3
1053	CCK	3
1053	ACT	3
1054	CAG	256931
1054	YAG	16
1054	CAA	11
1054	CRG	3
1054	CAT	2
1055	TCA	256952
1055	TTA	6
1055	GCA	5
1055	TCW	4
1055	TCT	3
1055	TYA	2
1056	GCA	256946
1056	GCT	15
1056	GTA	14
1056	KCA	14
1057	CCT	256959
1057	CCC	18
1057	CCY	7
1057	CCG	5
1057	CYT	4
1057	CCA	3
1058	CAT	256954
1058	YAT	27
1058	TAT	15
1058	CAC	10
1058	CAG	2
1058	CTT	2
1059	GGT	256879
1059	GGC	118
1059	GKT	6
1059	GGY	3
1059	KGT	2
1060	GTA	256986
1060	GTT	7
1060	GTG	5
1060	KTA	2
1060	TTA	2
1061	GTC	256939
1061	GTT	68
1061	KTC	7
1061	GTY	5
1061	ATC	3
1061	GTA	2
1062	TTC	256954
1062	TTT	53
1062	TTY	8
1062	WTC	3
1063	TTG	256915
1063	TTT	84
1063	TTA	11
1063	CTG	6
1063	TTK	3
1063	YTG	2
1064	CAT	256985
1064	CAC	7
1064	YAT	3
1065	GTG	256861
1065	GTT	83
1065	TTG	53
1065	GTK	7
1065	KTG	6
1065	GTC	3
1065	GYG	2
1066	ACT	257006
1066	ATT	7
1066	AAT	5
1066	ACA	3
1066	AST	3
1066	AMT	3
1066	ACY	2
1067	TAT	256955
1067	TAC	64
1067	TAY	5
1067	YAT	5
1068	GTC	256643
1068	TTC	192
1068	ATC	23
1068	GTT	18
1068	KTC	10
1068	GTA	8
1068	GYC	4
1068	RTC	3
1068	STC	3
1068	GTY	2
1069	CCT	256522
1069	CCC	249
1069	TCT	90
1069	CCA	12
1069	CCY	3
1069	CCG	3
1070	GCA	256733
1070	TCA	92
1070	GTA	31
1070	TCT	11
1070	GYA	8
1070	ACA	5
1070	RCA	4
1070	KCA	2
1070	GCG	2
1071	CAA	256813
1071	CTA	17
1071	YAA	15
1071	CAT	13
1071	CWA	2
1072	GAA	256826
1072	GAG	8
1072	CAA	8
1072	RAA	5
1072	GRA	4
1072	GTA	3
1073	AAG	256130
1073	AAT	635
1073	AAK	18
1073	AGG	12
1073	GAG	11
1073	AAC	7
1073	AAA	7
1073	ACG	5
1073	AAR	4
1073	RAG	3
1073	ARG	3
1073	AAS	2
1074	AAC	256763
1074	AAT	22
1074	GAC	20
1074	AAA	3
1074	AAY	3
1074	CAC	2
1075	TTC	256745
1075	TTT	36
1075	TTY	10
1075	TAC	3
1076	ACA	256661
1076	ACT	19
1076	ACM	15
1076	AYA	11
1076	ATA	7
1076	TCA	3
1076	ACG	2
1077	ACT	256684
1077	AYT	8
1077	ATT	4
1077	ACA	2
1077	ACC	2
1077	GCT	2
1077	RCT	2
1077	ACG	2
1077	ACW	2
1078	GCT	256227
1078	TCT	262
1078	GTT	91
1078	ACT	54
1078	GCC	36
1078	KCT	14
1078	ACC	11
1078	GYT	10
1078	GMT	3
1079	CCT	256639
1079	TCT	38
1079	ACT	9
1079	YCT	8
1079	CCC	5
1079	CMT	5
1080	GCC	256678
1080	GCT	21
1080	KCC	7
1080	TCC	3
1080	GCA	3
1081	ATT	256633
1081	ATC	42
1081	ATG	6
1081	GTT	4
1081	WTT	4
1081	MTT	3
1082	TGT	256676
1082	TST	3
1082	TGC	2
1082	AGT	2
1082	TGY	2
1083	CAT	256570
1083	CAA	66
1083	TAT	16
1083	YAT	8
1083	CGT	5
1083	CAD	3
1083	CAC	2
1084	GAT	256177
1084	TAT	335
1084	GAC	95
1084	GAA	20
1084	GGT	14
1084	KAT	10
1084	GWT	6
1084	TAC	4
1084	GAW	3
1084	AAT	3
1084	GAY	2
1084	GTT	2
1085	GGA	256519
1085	GCA	71
1085	CGA	25
1085	GRA	10
1085	AGA	8
1085	GGG	4
1085	SGA	4
1085	GGR	4
1085	RGA	4
1085	GAA	4
1085	GGC	4
1085	GTA	3
1086	AAA	256662
1086	AAR	9
1086	AGA	6
1086	AAT	4
1086	AAW	3
1086	AAG	2
1086	ARA	2
1087	GCA	256558
1087	TCA	79
1087	GYA	16
1087	KCA	9
1087	GTA	7
1087	SCA	3
1088	CAC	256606
1088	CAT	25
1088	CAY	14
1088	TAC	9
1088	CGC	7
1088	CRC	5
1088	GAC	3
1088	MAC	3
1089	TTT	256644
1089	TTC	21
1089	GTT	6
1089	YTT	4
1089	WTT	3
1089	TYT	2
1089	TCT	2
1089	TTY	2
1090	CCT	256699
1090	CYT	6
1090	CCC	4
1090	CTT	3
1090	YCT	3
1090	CCY	2
1090	CCG	2
1091	CGT	256583
1091	CGC	27
1091	CTT	25
1091	CRT	24
1091	CAT	12
1091	YGT	12
1091	TGT	10
1091	CKT	5
1091	SGT	3
1091	CST	2
1091	CGY	2
1092	GAA	256700
1092	KAA	4
1092	GAG	4
1092	GAT	3
1092	TAA	3
1092	SAA	3
1092	GCA	2
1093	GGT	256710
1093	RGT	2
1093	GGC	2
1094	GTC	256584
1094	GTA	64
1094	GTT	56
1094	ATC	27
1094	GCC	5
1094	GTY	4
1094	STC	3
1094	GYC	2
1095	TTT	256704
1095	TTC	28
1095	TYT	5
1095	TTW	2
1095	YTT	2
1096	GTT	256723
1096	KTT	7
1096	TTT	5
1096	GTA	2
1096	GTC	2
1096	GCT	2
1097	TCA	256695
1097	TTA	17
1097	TCT	8
1097	TCW	3
1097	ACA	2
1098	AAT	256685
1098	AAC	20
1098	AAY	2
1098	AGT	2
1099	GGC	256600
1099	GAC	14
1099	GRC	13
1099	RGC	5
1099	GTC	3
1099	GSC	3
1100	ACA	255923
1100	ACG	693
1100	ACT	15
1100	ACR	10
1100	ATA	3
1100	ACC	3
1100	AYA	3
1100	ACW	3
1101	CAC	256427
1101	CAT	185
1101	TAC	86
1101	CAY	17
1101	YAC	15
1101	CAA	4
1101	AAC	2
1102	TGG	256850
1102	TTG	14
1102	TGK	11
1102	TGT	4
1102	TKG	4
1102	TTT	2
1102	TRG	2
1102	TCG	2
1103	TTT	257021
1103	CTT	7
1103	TKT	3
1103	YTT	2
1104	GTA	256751
1104	TTA	141
1104	GTG	48
1104	ATA	23
1104	CTA	19
1104	GTR	16
1104	KTA	14
1104	STA	7
1104	ATT	6
1104	GTW	4
1104	GTT	4
1104	CTG	3
1105	ACA	257010
1105	AYA	6
1105	ACG	4
1106	CAA	256924
1106	CAR	4
1106	CAG	3
1106	CCA	3
1107	AGG	256892
1107	AGT	15
1107	AGR	9
1107	ATG	6
1107	RGG	5
1107	WGG	4
1107	ARG	4
1107	AKG	4
1107	AGK	3
1107	AGC	2
1107	AAG	2
1108	AAT	256922
1108	AAC	5
1108	AGT	3
1108	AAY	2
1108	AAG	2
1108	AAW	2
1109	TTT	256898
1109	TTC	17
1109	CTT	17
1109	ATT	4
1110	TAT	256880
1110	TAC	39
1110	YAT	4
1110	TAY	4
1110	TWT	3
1110	TTT	2
1111	GAA	256871
1111	CAA	20
1111	GCA	20
1111	KAA	5
1111	AAA	4
1111	GAC	2
1112	CCA	256798
1112	CTA	86
1112	TCA	13
1112	CYA	13
1112	YCA	10
1112	CCT	8
1112	ACA	4
1112	CCG	2
1113	CAA	256887
1113	YAA	11
1113	CAG	9
1113	CAW	3
1113	SAA	2
1113	CTA	2
1114	ATC	256453
1114	ATT	403
1114	ATY	48
1114	ACC	11
1114	ATA	6
1114	GTC	4
1114	ATM	3
1115	ATT	256944
1115	GTT	6
1115	ATC	4
1115	ATY	2
1115	TTT	2
1116	ACT	254944
1116	ACC	1946
1116	ACY	35
1116	AAT	19
1116	AYT	8
1116	ATT	5
1116	RCT	2
1116	ACA	2
1117	ACA	256573
1117	ATA	145
1117	ACT	17
1117	ACG	13
1117	AYA	6
1117	ACR	3
1118	GAC	256566
1118	CAC	281
1118	TAC	58
1118	GTC	16
1118	KAC	8
1118	GCC	6
1118	SAC	6
1118	GWC	6
1118	GAY	6
1118	GAT	6
1119	AAC	256858
1119	AAT	85
1119	AAY	10
1120	ACA	256811
1120	ACG	84
1120	ATA	27
1120	ACT	14
1120	AYA	12
1120	ACR	4
1120	ACW	2
1121	TTT	256792
1121	CTT	132
1121	TTC	33
1121	YTT	5
1121	TYT	3
1122	GTG	256572
1122	TTG	260
1122	GTT	86
1122	GTC	21
1122	KTG	11
1122	ATG	4
1122	GTK	3
1123	TCT	256967
1123	TCG	3
1123	CCT	3
1124	GGT	255839
1124	GKT	561
1124	GTT	525
1124	TGT	6
1124	GGA	4
1124	GGC	3
1124	RGT	2
1124	GGY	2
1125	AAC	256922
1125	AAT	27
1125	AGC	21
1125	ACC	3
1125	AAY	3
1125	GAC	2
1126	TGT	256957
1126	TGY	3
1127	GAT	256905
1127	GWT	45
1127	TAT	8
1127	GAC	3
1127	GGT	3
1127	GTT	2
1127	GRT	2
1128	GTT	256941
1128	TTT	7
1128	GCT	4
1128	STT	3
1128	GTA	3
1129	GTA	256821
1129	TTA	87
1129	GTG	14
1129	GCA	7
1129	ATA	4
1129	GAA	3
1129	KTA	3
1130	ATA	256891
1130	ATT	19
1130	ATG	14
1130	ATR	8
1130	TTA	3
1130	ATC	2
1131	GGA	256867
1131	GGG	21
1131	GGR	7
1131	KGA	6
1131	GRA	4
1131	GSA	4
1131	GGC	4
1131	RGA	3
1132	ATT	256888
1132	ATC	9
1132	ATA	8
1132	GTT	6
1132	ATY	4
1133	GTC	256821
1133	TTC	47
1133	RTC	8
1133	GTT	5
1133	ATC	5
1133	GCC	4
1133	KTC	3
1133	KWC	3
1133	GYC	2
1134	AAC	256899
1134	AAT	10
1134	AAY	4
1134	RAC	3
1134	CAC	2
1135	AAC	256895
1135	ATC	5
1135	AAT	5
1135	AWC	3
1136	ACA	256888
1136	ATA	10
1136	AYA	9
1136	WCA	3
1136	ACG	3
1136	AMA	2
1137	GTT	256834
1137	GTC	4
1137	GWT	3
1137	GYT	3
1137	GTY	3
1137	RTT	2
1138	TAT	256839
1138	TAC	12
1139	GAT	256736
1139	CAT	27
1139	GAC	19
1139	TAT	12
1139	KAT	8
1139	AAT	4
1139	GAY	4
1139	SAT	3
1139	GAA	2
1140	CCT	248160
1140	CCC	694
1140	CCY	8
1140	CYT	8
1140	TCT	3
1141	TTG	256776
1141	TTT	27
1141	TTK	5
1141	TKG	3
1141	TTA	2
1141	CTG	2
1142	CAA	256792
1142	CAG	7
1142	YAA	7
1142	CTA	3
1142	CAM	3
1142	CWA	3
1143	CCT	256805
1143	CTT	23
1143	CCA	14
1143	CCC	8
1143	YCT	6
1143	CYT	5
1143	SCT	3
1143	TCT	2
1143	ACT	2
1144	GAA	256646
1144	CAA	233
1144	GAG	9
1144	SAA	6
1144	GCA	5
1144	RAA	4
1144	GMA	2
1145	TTA	256694
1145	CTT	21
1145	CTA	17
1145	TTG	9
1145	TTR	5
1145	TKA	3
1146	GAC	256275
1146	GAT	309
1146	CAC	65
1146	TAC	40
1146	GAY	20
1146	KAC	17
1146	GAA	8
1146	AAC	5
1146	GGC	5
1146	SAC	3
1147	TCA	256644
1147	TTA	68
1147	TCG	18
1147	TYA	6
1147	TCT	2
1148	TTC	256561
1148	TTT	239
1148	TTY	50
1148	TTS	3
1148	YTC	3
1149	AAG	256813
1149	AAA	15
1149	AGG	7
1149	AAK	7
1149	AAR	4
1149	ARG	3
1149	AWG	3
1149	WAG	2
1150	GAG	256725
1150	GAA	76
1150	GAT	20
1150	AAG	7
1150	KAG	6
1150	GAK	5
1150	RAG	4
1150	GAS	3
1150	GTG	2
1151	GAG	256805
1151	KAG	15
1151	GAT	5
1151	GAK	3
1152	TTA	256797
1152	TTG	14
1152	CTA	5
1152	TTW	3
1152	TTT	2
1153	GAT	256694
1153	TAT	65
1153	GAC	22
1153	KAT	13
1153	GGT	6
1153	GCT	3
1153	SAT	3
1153	GWT	3
1153	GAA	3
1154	AAA	256850
1154	RAA	3
1154	ARA	3
1154	AAG	2
1155	TAT	256842
1155	TAC	14
1155	TWT	4
1155	WAT	3
1155	TAW	3
1155	CAT	3
1156	TTT	256926
1156	CTT	7
1156	TTC	7
1156	YTT	5
1157	AAG	256886
1157	AAA	30
1157	AAT	9
1157	WAG	7
1157	AAR	4
1157	AAK	3
1158	AAT	256909
1158	AAC	29
1158	AGT	3
1159	CAT	256885
1159	TAT	33
1159	CAC	19
1159	CGT	7
1159	MAT	6
1159	CAY	5
1159	YAT	2
1159	CRT	2
1159	CTT	2
1160	ACA	256951
1160	ATA	11
1160	AYA	8
1160	ACR	4
1160	ACG	3
1161	TCA	256973
1161	GCA	3
1161	YCA	3
1162	CCA	256528
1162	TCA	139
1162	CTA	134
1162	CYA	38
1162	CGA	37
1162	CCT	35
1162	YCA	23
1162	CAA	10
1162	CCG	6
1162	CSA	6
1162	GCA	5
1162	CCR	4
1162	CCW	3
1162	ACA	3
1163	GAT	255854
1163	TAT	1029
1163	KAT	29
1163	GTT	18
1163	GAC	11
1163	GGT	8
1163	GAY	6
1163	RAT	3
1163	GMT	2
1163	GAK	2
1164	GTT	256608
1164	ATT	18
1164	TTT	5
1164	GTC	4
1164	GTA	2
1164	GCT	2
1165	GAT	256590
1165	TAT	19
1165	GGT	10
1165	GRT	5
1165	AAT	4
1165	KAT	3
1165	GTT	3
1165	GAC	2
1166	TTA	256590
1166	CTA	11
1166	TTG	9
1166	CTT	7
1166	TTT	4
1166	TYA	3
1166	GTA	3
1166	YTA	3
1166	TTR	2
1167	GGT	255562
1167	GTT	954
1167	TTT	28
1167	GKT	23
1167	GGC	13
1167	GAT	9
1167	KGT	4
1167	AGT	4
1167	TGT	3
1167	GGG	3
1167	CGT	2
1167	RGT	2
1168	GAC	256527
1168	GAT	31
1168	GGC	11
1168	GAY	7
1168	TAC	4
1168	CAC	3
1169	ATC	256465
1169	ATT	28
1169	TTC	6
1169	ATA	6
1169	ATY	4
1169	ACC	4
1169	GTC	4
1170	TCT	256289
1170	TTT	3
1170	TYT	3
1170	ACT	3
1170	CCT	2
1171	GGC	256160
1171	GGT	49
1171	GTC	14
1171	GGY	13
1171	GAC	10
1171	AGC	8
1171	GGA	5
1171	SGC	4
1171	GKC	2
1172	ATT	256014
1172	ATC	16
1172	GTT	15
1172	ATA	6
1172	AWT	3
1173	AAT	256004
1173	AAC	19
1173	ART	6
1173	GAT	3
1173	RAT	3
1174	GCT	255909
1174	GTT	104
1174	GYT	5
1174	GCC	5
1174	TCT	4
1174	KCT	2
1175	TCA	256004
1175	TCG	7
1175	TYA	5
1175	TCT	3
1175	KCA	3
1175	TSA	3
1175	TCR	2
1176	GTT	255447
1176	TTT	538
1176	GTC	24
1176	KTT	20
1176	GTY	5
1176	CTT	3
1176	GYT	2
1177	GTA	255959
1177	TTA	39
1177	GTC	20
1177	GTG	4
1177	ATA	2
1177	GAA	2
1177	GTR	2
1178	AAC	255653
1178	AAT	366
1178	AAY	18
1178	GAC	7
1178	RAC	4
1179	ATT	256024
1179	ATA	11
1179	WTT	7
1179	AYT	4
1179	AAT	3
1179	MTT	3
1179	GTT	3
1179	ATC	3
1179	AWT	3
1180	CAA	255596
1180	YAA	13
1180	MAA	12
1180	CAG	10
1180	AAA	4
1180	CAR	4
1180	CAT	3
1180	TTA	3
1180	CCA	2
1181	AAA	255917
1181	AGA	43
1181	AAG	34
1181	CAA	8
1181	AAR	5
1181	ARA	5
1181	AMA	3
1181	RAA	3
1181	ATA	3
1182	GAA	256008
1182	CAA	18
1182	GAC	10
1182	RAA	3
1182	SAA	3
1182	GAW	3
1182	KAA	2
1183	ATT	255782
1183	ATA	265
1183	GTT	5
1183	AWT	3
1183	ATY	3
1183	RTT	2
1183	TTT	2
1184	GAC	256046
1184	TAC	12
1184	GAY	7
1184	GMC	6
1184	AAC	4
1184	KAC	4
1184	GCC	3
1185	CGC	255985
1185	CGT	51
1185	CAC	13
1185	CGY	7
1185	TGC	6
1185	YGC	5
1185	CRC	4
1185	AGC	3
1186	CTC	256088
1186	CYC	5
1186	CGC	3
1187	AAT	255895
1187	TAT	211
1187	AAC	66
1187	WAT	4
1187	AGT	4
1187	AAG	3
1187	AWT	3
1187	GAT	3
1187	AMT	2
1187	AAW	2
1188	GAG	256141
1188	GAA	16
1188	GCG	6
1188	KAG	5
1188	GAK	4
1188	SAG	2
1188	GGG	2
1189	GTT	256144
1189	ATT	20
1189	TTT	4
1189	GTC	3
1189	GTY	2
1189	GCT	2
1190	GCC	256153
1190	GCY	5
1190	GHC	3
1190	GCT	3
1190	RCC	2
1190	GYC	2
1191	AAG	255811
1191	AAT	104
1191	AAA	27
1191	AAK	13
1191	AAC	10
1191	AAR	4
1191	WAG	2
1192	AAT	256107
1192	ACT	48
1192	AGT	11
1192	AWT	8
1192	AAC	6
1192	RAT	5
1192	AAW	4
1192	ART	3
1193	TTA	256163
1193	CTA	33
1193	TTG	10
1193	YTA	4
1193	TTW	3
1193	TTM	3
1193	TTR	2
1194	AAT	256203
1194	AAC	6
1194	AGT	3
1194	TAT	2
1194	CAT	2
1195	GAA	256098
1195	CAA	74
1195	RAA	21
1195	GGA	8
1195	GAC	5
1195	GTA	3
1195	SAA	3
1196	TCT	256127
1196	TCC	34
1196	TCA	8
1196	TYT	5
1196	YCT	4
1196	TTT	4
1196	TMT	2
1197	CTC	256152
1197	CTT	30
1197	ATC	4
1197	YTC	3
1197	CYC	2
1198	ATC	256122
1198	ATT	48
1198	RTC	11
1198	AYC	4
1198	ATY	2
1199	GAT	256130
1199	GAC	30
1199	TAT	20
1199	GWT	7
1199	AAT	5
1199	CAT	3
1199	SAT	2
1199	GAY	2
1199	GAG	2
1199	KAT	2
1200	CTC	256042
1200	CTA	45
1200	TTC	38
1200	CTT	18
1200	YTC	10
1200	MTC	6
1200	CTY	5
1200	CKT	3
1200	CTM	2
1200	CYC	2
1200	CCA	2
1201	CAA	256109
1201	AAA	40
1201	CAT	17
1201	CAC	6
1201	YAA	2
1201	CAG	2
1201	MAA	2
1202	GAA	256069
1202	CAA	69
1202	GTA	10
1202	GAG	8
1202	GAC	7
1202	AAA	6
1202	GGA	3
1202	GWA	3
1202	GCA	3
1202	BAA	3
1202	SAA	3
1202	KAA	2
1203	CTT	256030
1203	TTT	75
1203	YTT	20
1203	CYT	3
1203	CTC	2
1203	CTY	2
1204	GGA	256132
1204	GRA	14
1204	GGR	10
1204	SGA	4
1204	GAA	2
1205	AAG	255994
1205	AAT	133
1205	AAK	14
1205	AAA	10
1205	AGG	8
1205	ARG	5
1205	CAG	3
1205	AAR	2
1206	TAT	256172
1206	TAC	5
1206	YAT	4
1207	GAG	256086
1207	GAT	55
1207	GAA	11
1207	GAK	9
1207	GCG	4
1207	AAG	3
1207	RAG	2
1207	SAG	2
1208	CAG	256026
1208	CAT	78
1208	CAA	19
1208	YAG	15
1208	CAK	9
1208	CAR	4
1208	CWG	3
1209	TAT	256175
1209	TAC	9
1209	TAY	5
1209	YAT	4
1209	CAT	3
1210	ATA	256156
1210	ATC	8
1210	ACA	7
1210	GTA	4
1210	ATG	3
1210	ATR	3
1210	RTA	2
1211	AAA	256130
1211	AAG	7
1211	CAA	3
1212	TGG	256068
1212	TGR	5
1213	CCA	255955
1213	CCG	19
1213	CCC	10
1213	CCT	8
1213	CMA	3
1213	GCA	3
1213	YCA	2
1213	CCW	2
1213	CYA	2
1214	TGG	253636
1214	KGG	2361
1214	TGK	7
1214	TKG	5
1214	TTT	2
1214	YGG	2
1215	TAC	255527
1215	TAT	455
1215	TAY	47
1216	ATT	256012
1216	ATC	7
1216	GTT	7
1216	ACT	6
1216	AYT	4
1216	ATW	4
1216	TTT	3
1216	AWT	3
1216	WTT	3
1216	ATG	2
1217	TGG	255984
1217	TGR	10
1217	TKG	8
1217	TGK	3
1217	YGG	2
1217	CGG	2
1218	CTA	256053
1218	TTA	18
1218	CTT	8
1219	GGT	255475
1219	TGT	273
1219	GTT	234
1219	KGT	37
1219	GKT	14
1219	AGT	12
1219	GGA	10
1219	GGK	7
1219	SGT	6
1219	GCT	3
1219	GGG	2
1220	TTT	256077
1220	TTC	33
1220	CTT	2
1221	ATA	256092
1221	ATT	13
1221	ACA	6
1221	AYA	4
1222	GCT	256145
1222	GCA	14
1222	RCT	5
1222	GCG	5
1222	GCC	3
1222	KCT	3
1222	GCW	3
1223	GGC	256165
1223	AGC	63
1223	GGT	17
1223	GGG	8
1223	GGM	5
1223	GTC	2
1224	TTG	256184
1224	TTA	28
1224	TCG	13
1224	CTA	8
1224	TTT	7
1224	TTC	3
1224	KTG	3
1224	GTG	3
1224	TYG	2
1224	CTG	2
1224	TTK	2
1225	ATT	256121
1225	TTT	98
1225	ATA	21
1225	ATY	9
1225	RTT	3
1225	AKT	2
1226	GCC	256232
1226	GCT	30
1226	GYC	6
1226	KCC	6
1226	SCC	3
1226	GMC	3
1226	GTC	3
1227	ATA	256280
1227	ATG	21
1227	ATC	8
1227	ATW	5
1227	AYA	4
1227	TTA	3
1227	GTA	2
1228	GTA	255934
1228	TTA	329
1228	CTA	38
1228	KTA	14
1228	ATC	9
1228	ATT	8
1228	GTC	7
1228	GCA	6
1228	ATA	5
1228	GYA	3
1228	STA	3
1228	GTT	2
1229	ATG	256000
1229	ATT	191
1229	ACG	90
1229	ATK	17
1229	ATC	17
1229	ATS	4
1229	TTG	3
1229	WTG	3
1229	AYG	2
1229	CTG	2
1230	GTG	256230
1230	GTT	73
1230	TTG	22
1230	KTG	11
1230	GTC	10
1230	GTK	7
1230	GAG	3
1230	ATG	3
1230	GWG	3
1230	GTA	3
1231	ACA	256319
1231	GCA	24
1231	ACT	6
1231	RCA	3
1231	ACC	3
1231	CCA	3
1231	ATA	3
1231	ACR	3
1231	ACG	3
1232	ATT	256357
1232	ATC	25
1232	ACT	6
1232	TTT	4
1232	CTT	4
1232	AYT	4
1232	GTT	3
1233	ATG	256357
1233	ATT	9
1233	AYG	5
1233	ATS	3
1233	ATR	3
1233	GTG	3
1233	ATK	2
1234	CTT	256289
1234	ATT	20
1234	YTT	18
1234	TTA	9
1234	CTA	8
1234	CTC	7
1234	CYT	7
1234	GTT	3
1234	CTY	2
1234	CTG	2
1235	TGC	256104
1235	TTC	129
1235	TGT	108
1235	TKC	8
1235	AGC	6
1235	TGY	5
1235	TTT	3
1236	TGT	256316
1236	TTT	20
1236	TKT	11
1236	TCT	11
1236	GGT	3
1237	ATG	256052
1237	ATT	137
1237	ACG	95
1237	ATK	36
1237	ATC	34
1237	GTG	13
1237	RTG	5
1237	AYG	5
1237	ATS	3
1237	TTG	3
1237	ATR	3
1238	ACC	256106
1238	ACT	152
1238	ATC	77
1238	ACA	21
1238	ACY	18
1238	ACM	7
1238	AYC	6
1238	RCC	4
1238	AMC	2
1239	AGT	256350
1239	AKT	11
1239	ACT	9
1239	ART	3
1239	ATT	3
1239	WGT	2
1239	RGT	2
1240	TGC	256393
1240	TGT	32
1240	TGY	25
1240	TTC	11
1240	TKC	2
1240	TRC	2
1241	TGT	256421
1241	TGC	15
1241	TTT	5
1241	TAT	5
1241	YGT	3
1241	KGT	2
1241	TKT	2
1242	AGT	256391
1242	ATT	33
1242	ACT	18
1242	WGT	10
1242	AKT	7
1242	GGT	5
1242	AGC	3
1242	AGG	3
1242	AGY	2
1243	TGT	256412
1243	TTT	87
1243	TKT	22
1243	TGC	14
1243	AGT	8
1243	TGG	3
1243	TGY	2
1244	CTC	256612
1244	CTA	26
1244	TTC	19
1244	CTT	19
1244	CCC	15
1244	CTY	3
1244	YTC	2
1245	AAG	256639
1245	AAA	21
1245	AAT	16
1245	AAK	5
1245	AAR	4
1245	ARG	3
1245	AAC	3
1245	AGG	2
1245	AWG	2
1246	GGC	256643
1246	GGT	29
1246	AGC	12
1246	GGY	7
1246	KGC	5
1246	GTC	4
1246	GKC	3
1246	GCC	3
1246	RGC	2
1247	TGT	256557
1247	TTT	89
1247	TKT	16
1247	TAT	12
1247	GGT	9
1247	TGC	6
1247	AGT	3
1247	TCT	3
1248	TGT	257281
1248	TTT	24
1248	TKT	11
1248	TGC	9
1248	TCT	7
1248	TAT	5
1248	TGG	4
1248	CGT	4
1248	TGY	3
1248	YGT	2
1248	KGT	2
1249	TCT	257323
1249	TAT	15
1249	TCG	5
1249	TYT	5
1249	CCT	4
1249	TTT	3
1249	WCT	2
1250	TGT	257133
1250	TTT	187
1250	TGC	10
1250	TKT	8
1250	YGT	6
1250	TAT	4
1250	TGG	3
1250	TGW	3
1251	GGA	257130
1251	GTA	114
1251	GGG	36
1251	AGA	17
1251	GKA	12
1251	GGC	10
1251	GGT	8
1251	GAA	7
1251	KGA	3
1251	GRA	3
1252	TCC	257001
1252	TTC	155
1252	CCC	75
1252	TCT	73
1252	TYC	9
1252	TCY	4
1252	YCC	4
1252	TCA	3
1253	TGC	256958
1253	TTC	285
1253	TGT	37
1253	TKC	4
1253	TAC	3
1253	TSC	2
1253	GGC	2
1253	TRC	2
1253	WGC	2
1254	TGC	257193
1254	TTC	29
1254	TGT	19
1254	TGM	17
1254	TGY	11
1254	TKC	4
1254	AAC	3
1254	TGA	3
1254	TRA	3
1254	TRM	2
1255	AAA	257231
1255	AAG	40
1255	AAW	12
1255	AWA	7
1256	TTT	257288
1256	WTT	7
1257	GAT	257245
1257	GAC	11
1257	KAT	6
1257	GAA	6
1257	GAY	4
1257	GWT	3
1258	GAA	257213
1258	GAM	14
1258	GAT	10
1258	CAA	5
1258	KAA	5
1258	GRA	4
1258	GAC	3
1258	SAA	2
1258	GAG	2
1258	GAR	2
1258	RAA	2
1259	GAC	257100
1259	GAT	89
1259	TAC	34
1259	CAC	22
1259	SAC	20
1259	GAY	9
1259	KAC	3
1259	GRC	2
1260	GAC	257151
1260	TAC	64
1260	AAC	21
1260	GAT	12
1260	GAA	9
1260	KAC	9
1260	SAC	8
1260	GAY	8
1260	CAC	4
1261	TCT	257175
1261	TTT	15
1261	TCA	8
1261	TYT	7
1261	KCT	4
1261	ACA	3
1261	TCC	3
1261	TAT	2
1261	TCG	2
1261	TCY	2
1262	GAG	257068
1262	GAA	11
1262	GAT	7
1262	KAG	6
1262	RAG	4
1262	GAK	4
1262	GRG	2
1262	GCG	2
1262	SAG	2
1262	GGG	2
1262	GWG	2
1262	TAG	2
1263	CCA	256035
1263	CTA	894
1263	CYA	54
1263	ACA	53
1263	CCT	19
1263	TCA	10
1263	CCC	6
1263	YCA	5
1263	CAA	3
1263	CCW	3
1263	CCG	2
1263	MCA	2
1264	GTG	256698
1264	KTG	161
1264	GTT	93
1264	TTG	82
1264	GTA	14
1264	KTK	6
1264	GTK	6
1264	CTG	6
1264	STG	4
1264	TTT	4
1264	BTK	3
1264	GYG	3
1264	ATG	3
1264	GTS	3
1265	CTC	257047
1265	CTM	9
1265	CCC	8
1265	CTG	8
1265	YTC	8
1265	TTC	5
1265	CYC	5
1265	CTY	5
1265	CGC	3
1265	CTA	2
1265	ATC	2
1265	CTT	2
1266	AAA	257043
1266	AAR	11
1266	ARA	8
1266	AGA	6
1266	AAW	3
1266	RAA	3
1266	AAG	2
1267	GGA	256275
1267	GTA	12
1267	GGG	4
1267	GKA	3
1267	GGM	3
1267	KGA	3
1267	GGR	2
1267	AGA	2
1268	GTC	256288
1268	GTT	9
1268	GTY	5
1268	GCC	4
1268	GTM	4
1268	KTC	3
1268	TTC	2
1268	ATC	2
1268	GYC	2
1269	AAA	256281
1269	AMA	6
1269	AAG	3
1270	TTA	256258
1270	TTW	3
1271	CAT	256268
1271	YAT	7
1271	TAT	4
1271	CAC	2
1271	SAT	2
1272	TAC	256238
1272	TAT	23
1272	TAY	14
1272	YAC	3
1272	CAC	3
1273	ACA	256180
1273	ACC	37
1273	ACM	29
1273	ATA	15
1274	TAA	256323
1274	CAA	13
1274	TAG	11
1274	YAA	4
1274	TGA	4

#WUHAN19|orf1ab
1	ATG	248135
1	AGG	3
1	RTG	2
1	AYG	2
2	GAG	248504
2	GAT	27
2	GGG	9
2	GAA	6
2	AAG	5
2	RAG	2
2	GAK	2
3	AGC	248223
3	AGT	267
3	GGC	9
3	AGA	6
3	AGY	4
3	ASC	2
3	ATC	2
3	AAC	2
4	CTT	248506
4	ATT	9
4	CTY	8
4	TTT	5
4	CTC	4
4	STT	3
4	YTT	3
4	CKT	3
5	GTC	248348
5	GTT	34
5	GTY	15
5	GYC	10
5	GCC	4
5	RTC	3
5	ATC	3
5	GKC	2
5	TTC	2
6	CCT	248288
6	CTT	17
6	CCC	14
6	YCT	12
6	TCT	11
6	CYT	5
6	MCT	2
6	CCK	2
7	GGT	248100
7	GKT	185
7	GAT	18
7	GTT	7
7	TGT	6
7	GGK	5
7	GCT	4
7	AGT	3
7	RGT	3
7	GGY	2
7	SGT	2
8	TTC	248319
8	TTT	17
8	TTY	8
8	TKC	3
8	GTC	3
8	TTA	3
8	TGC	3
8	YTC	2
9	AAC	248312
9	AAT	29
9	AAY	3
9	RAC	3
9	AGC	3
9	AAS	2
9	AWC	2
10	GAG	248299
10	GAR	14
10	AAG	9
10	KAG	3
10	GAC	3
10	GAA	3
10	GMG	3
10	SAG	3
10	GWG	2
11	AAA	248286
11	ARA	5
11	RAA	5
11	AGA	4
11	GAA	2
11	AAR	2
12	ACA	248165
12	ATA	48
12	AYA	14
12	ACG	7
12	ACM	2
13	CAC	248230
13	CAT	19
13	TAC	7
13	YAC	6
14	GTC	248150
14	GTT	24
14	ATC	7
14	GWC	6
14	KTC	5
14	RTC	2
14	GYC	2
15	CAA	248248
15	CGA	6
15	CTA	4
15	YAA	3
15	CAG	2
16	CTC	243706
16	CTT	4402
16	CTY	111
16	TTC	15
16	YTC	12
16	CTM	4
16	CGC	3
16	CCC	3
16	CYC	2
17	AGT	248097
17	ATT	24
17	AKT	7
17	TGT	6
17	AAT	6
17	WGT	4
17	AGK	3
17	WKT	3
17	AGY	2
18	TTG	248170
18	TTA	11
18	TTT	5
18	YTG	5
18	TYG	5
18	TTK	3
18	TTS	2
19	CCT	248179
19	SCT	151
19	CYT	13
19	CCY	12
19	SYT	10
19	TCT	8
19	YCT	8
19	CCW	4
19	MCT	3
19	CCK	3
19	HCT	3
19	CGT	2
20	GTT	248482
20	KTT	6
20	GTK	3
20	GTD	3
20	GTW	3
20	GKT	2
20	KYT	2
21	TTA	248713
21	CTT	6
21	TKA	3
21	CTA	3
21	YTA	3
21	TCA	3
21	TTW	3
21	TWA	2
21	WWA	2
22	CAG	248957
22	CRG	67
22	CAA	12
22	CAS	4
22	CCG	4
22	CAT	3
22	CGG	2
22	CAK	2
22	AAG	2
22	CAR	2
22	CWG	2
23	GTT	250416
23	GTC	13
23	TTT	3
23	GWT	2
23	KTT	2
24	CGC	249024
24	TGC	996
24	CGT	328
24	CGY	91
24	YGC	38
24	AGC	18
24	MGC	4
24	CKC	4
24	CAC	3
24	TGT	2
24	CRC	2
25	GAC	250544
25	TAC	9
25	GAT	7
25	GAY	7
25	AAC	5
25	GGC	5
25	RAC	4
26	GTG	250549
26	GTT	59
26	GTA	15
26	GTK	7
26	GTS	2
26	GKG	2
26	GTR	2
27	CTC	254935
27	CTT	197
27	TTC	92
27	CTY	45
27	YTC	13
27	ATC	10
27	CTA	7
27	CGC	4
28	GTA	255249
28	ATA	59
28	KTA	12
28	STA	5
28	GCA	5
28	RTA	4
28	GYA	3
28	GTC	3
28	GWA	2
29	CGT	255272
29	CAT	10
29	CRT	9
29	TGT	6
29	YGT	5
29	CGC	2
29	CGY	2
30	GGC	255049
30	GAC	119
30	GGT	79
30	GGY	20
30	AGC	19
30	GCC	10
30	TGC	2
31	TTT	255349
31	TTC	7
31	YTT	5
31	CTT	3
31	KTT	3
31	TTW	2
31	TKT	2
32	GGA	255241
32	GGG	121
32	GGR	7
32	KGA	5
32	GKA	4
32	GRA	2
32	AGA	2
33	GAC	255250
33	AAC	49
33	GAT	48
33	GGC	16
33	RAC	11
33	GAY	8
33	GRC	3
33	KAC	2
33	GAA	2
34	TCC	255339
34	TCT	31
34	TCY	9
34	TTC	7
34	TYC	6
34	YCC	5
34	ACC	4
34	TCS	2
35	GTG	255225
35	GTT	70
35	GTA	46
35	GTK	16
35	TTG	14
35	ATG	12
35	KTG	7
35	GTR	4
35	RTG	4
35	GTS	3
35	GCG	2
35	GKG	2
36	GAG	255398
36	GAA	17
36	GAT	16
36	KAG	12
36	GAK	4
36	GAR	3
36	AAG	2
36	TAG	2
36	SAG	2
37	GAG	255038
37	AAG	182
37	GAT	170
37	GAA	40
37	GAK	12
37	KAG	5
37	GMG	5
37	RAG	4
37	BAG	3
37	GAS	2
37	GGG	2
38	GTC	254298
38	GTA	1091
38	KTC	21
38	GTG	18
38	GCT	13
38	TTC	12
38	GTT	10
38	GTY	9
38	GCC	7
38	GYC	4
38	STC	2
39	TTA	255497
39	TTG	9
39	CTA	7
39	ATC	6
39	KTA	5
39	TTR	3
39	TCA	2
40	TCA	255407
40	TCG	45
40	ACA	16
40	TCC	15
40	TCT	13
40	CCA	12
40	TTA	8
40	TYA	5
40	GCA	4
40	TCM	3
40	YCA	3
41	GAG	255128
41	GAA	18
41	KAG	14
41	GAT	7
41	AAG	6
41	GGG	2
42	GCA	255153
42	GTA	9
42	GCG	8
42	GCR	3
42	GCT	2
42	GYA	2
43	CGT	255121
43	TGT	40
43	CAT	17
43	CGC	17
43	CTT	15
43	CGY	6
43	CKT	4
43	CRT	3
43	YGT	3
44	CAA	255210
44	CAG	6
44	CGA	5
44	YAA	4
44	TAA	2
45	CAT	255069
45	TAT	121
45	YAT	30
45	CAC	12
45	CAY	2
46	CTT	255121
46	TTT	30
46	CTC	25
46	CTW	10
46	ATT	7
46	CTA	5
46	YTT	5
46	CTK	4
47	AAA	255133
47	AAG	26
47	WAA	5
47	CTT	5
47	TAA	4
47	ARA	3
47	AAR	3
47	MAA	3
47	AAT	2
48	GAT	254657
48	GGT	454
48	GAC	27
48	GRT	10
48	KAT	8
48	GMT	5
48	GWT	4
48	RAT	2
48	GAA	2
48	AAT	2
49	GGC	254829
49	GRC	49
49	TGC	28
49	GAC	16
49	GGY	15
49	GGT	10
49	KGC	4
49	GGM	3
49	AGC	2
50	ACT	254902
50	ATT	33
50	WCT	4
50	RCT	3
50	AYT	3
51	TGT	254934
51	TGY	7
51	TKT	5
51	YGT	4
51	TGW	4
51	KGT	3
51	TRT	3
52	GGC	254883
52	AGC	33
52	GGT	13
52	TGC	8
52	GKC	5
52	GGM	5
52	KGC	4
52	GGY	4
52	RGC	3
52	GAC	2
53	TTA	254868
53	CTA	18
53	ATA	7
53	TTR	6
53	TTM	5
53	TYA	4
53	WTA	3
53	TCA	3
53	YTA	3
54	GTA	254849
54	TTA	36
54	ATA	15
54	GTR	9
54	STA	8
54	KTA	5
54	GWA	5
54	ATC	5
54	GCA	4
54	GTG	4
54	RTA	3
54	GKA	3
54	GTM	3
54	GTT	2
55	GAA	254836
55	GAC	34
55	AAA	15
55	KAA	14
55	GAR	13
55	SAA	11
55	GAG	7
55	GGA	6
55	GAT	5
56	GTT	254775
56	ATT	109
56	GTC	16
56	TTT	10
56	GYT	9
56	KTT	6
56	STT	6
56	GTW	4
56	GTA	3
56	GCT	3
57	GAA	254686
57	GGA	148
57	RAA	10
57	AAA	7
57	GRA	4
57	GAM	4
57	GAC	2
58	AAA	254902
58	AAR	9
58	AAG	6
58	RAA	6
58	AGA	5
58	AAM	3
58	AWA	3
58	RRR	3
59	GGC	254817
59	GGT	41
59	TGC	16
59	GRC	10
59	GGY	9
59	GAC	8
59	AGC	7
59	GKC	6
59	GGA	5
59	KGC	5
59	SGC	4
59	GGM	3
59	GGG	2
60	GTT	226565
60	GTC	27974
60	GTY	150
60	ATT	75
60	ATC	32
60	TTT	10
60	GTA	7
60	KTT	6
60	CTT	6
60	GCT	5
60	GTW	4
60	STT	3
60	GWT	3
60	GGT	2
60	RTT	2
60	GYT	2
61	TTG	254864
61	TTK	13
61	TTA	9
61	CTG	7
61	TTT	5
61	CTC	5
61	TYG	5
61	YTG	4
61	TGG	2
61	TTS	2
61	GTG	2
62	CCT	254843
62	TCT	35
62	CTT	15
62	CYT	9
62	YCT	8
62	CCC	7
62	CAT	5
62	CCY	3
62	CCW	3
62	MCT	3
63	CAA	255027
63	CAG	12
63	CWA	5
63	CAM	3
63	MAA	3
63	CTA	2
63	CGA	2
63	CRA	2
64	CTT	255421
64	CTC	6
64	YTT	5
64	CTK	3
64	TTT	3
64	MTT	3
64	CTA	2
64	CKT	2
65	GAA	255508
65	GRA	10
65	RAA	5
65	GAG	4
65	CTA	3
65	GCA	3
65	GAR	3
65	GAW	3
66	CAG	255512
66	YAG	10
66	CAA	6
66	CAT	4
66	CAR	4
66	CMG	3
66	CGG	3
66	CAK	3
66	CWG	3
66	MAG	2
67	CCC	255581
67	CCT	32
67	CCY	7
67	CYC	7
67	CCM	7
67	CMC	6
67	SCC	3
67	YCC	3
67	CCA	3
68	TAT	255591
68	TAC	30
68	TAY	7
68	TRT	4
68	WAT	3
68	TAW	3
68	YAT	3
68	CAA	3
69	GTG	255615
69	GTK	5
69	ATG	5
69	GTT	5
69	GWG	4
69	GTR	3
69	KTG	2
69	GTA	2
70	TTC	255480
70	TTT	89
70	TTY	12
70	YTC	8
70	TWC	6
70	TTM	5
70	TYC	5
70	TTA	2
71	ATC	255513
71	ATT	71
71	GTC	37
71	ATY	10
71	AYC	7
71	AWC	6
71	ACC	5
71	ATM	4
71	AGC	4
71	ATA	3
71	TTC	2
71	RTC	2
72	AAA	255631
72	AAG	9
72	GAA	9
72	RAA	5
72	MAA	3
72	ARA	3
72	RRA	3
72	AAM	3
73	CGT	255245
73	YGT	124
73	TGT	67
73	CGC	12
73	CAT	6
73	CST	3
73	CGY	3
74	TCG	255499
74	TCA	46
74	TCR	41
74	TCT	37
74	TYG	18
74	TCK	17
74	TTG	12
74	TMG	6
74	TYK	4
74	TGG	3
74	YCG	2
74	GCG	2
74	CCG	2
75	GAT	253888
75	GAA	1554
75	GGT	108
75	GAC	58
75	AAT	24
75	GAW	16
75	KAT	7
75	GMT	3
75	GRT	3
75	RAT	3
75	TAT	2
76	GCT	255570
76	ACT	42
76	GCC	20
76	GTT	8
76	GCY	7
76	KCT	7
76	TCT	6
76	GYT	5
76	SCT	3
76	RCT	3
76	GCG	2
77	CGA	255665
77	CGG	11
77	CAA	10
77	MGA	5
77	CKA	3
77	CGM	3
77	CRA	2
78	ACT	255664
78	ATT	12
78	AYT	8
78	ACC	7
78	GCT	4
78	ACY	2
79	GCA	255613
79	KCA	13
79	GYA	11
79	GTA	7
79	GCT	5
79	ACA	4
79	GCR	3
79	RCA	3
80	CCT	255316
80	CCC	280
80	TCT	48
80	CTT	11
80	CCG	6
80	CAT	5
80	CCY	4
80	YCT	3
81	CAT	255308
81	TAT	165
81	CAA	24
81	CAC	14
81	YAT	12
81	CAY	6
81	CAK	4
81	CRT	3
81	CGT	3
81	MAT	3
82	GGT	254821
82	GGC	83
82	AGT	31
82	RGT	8
82	GAT	5
82	GKT	5
82	GGY	4
82	CGT	3
82	TGT	3
82	GRT	2
82	GGW	2
82	GTT	2
82	KGT	2
83	CAT	254150
83	CAC	655
83	YAT	36
83	CGT	24
83	TAT	22
83	CAY	5
83	CRT	4
83	MAT	2
84	GTT	253926
84	ATT	19
84	GTY	15
84	GTA	11
84	RTT	4
84	GTK	3
84	KTT	3
84	GYT	3
84	GKT	3
84	GTC	3
85	ATG	253573
85	GTG	562
85	ATT	24
85	ATA	14
85	WTG	8
85	ATK	7
85	AYG	4
85	AKG	3
85	ATS	3
85	AYK	3
85	CTG	2
86	GTT	254947
86	KTT	38
86	TTT	37
86	ATT	6
86	GTY	4
86	GTK	4
86	GTW	3
86	GTA	3
86	RTT	2
87	GAG	255281
87	GAT	255
87	AAG	34
87	GAK	27
87	GAA	20
87	GAR	6
87	RAG	6
87	GAS	4
87	GAC	3
87	GMG	3
87	KAG	3
87	GGG	2
87	CAG	2
88	CTG	255434
88	TTG	168
88	CTT	45
88	YTG	26
88	CTK	11
88	CTA	7
88	CKG	6
88	CTR	3
88	MKG	3
88	CTS	3
88	CYG	2
89	GTA	255634
89	GTT	49
89	GTG	18
89	GKA	7
89	GTR	6
89	GYA	3
89	ATA	2
90	GCA	255722
90	GTA	28
90	ACA	15
90	GCG	10
90	KCA	6
90	GYA	5
90	GMA	3
90	GCR	3
90	GCW	3
90	RCA	2
91	GAA	255692
91	GAG	62
91	GAW	18
91	GAR	6
91	GRA	4
91	KAA	3
91	RAA	3
91	GWW	3
91	GAT	2
92	CTC	254622
92	TTC	1004
92	CTT	108
92	YTC	21
92	CTY	12
92	MTC	10
92	CTS	6
92	CYC	3
92	MKM	3
92	CWC	3
92	CAC	3
92	CTA	3
92	CCC	2
92	ATC	2
93	GAA	255647
93	GAG	38
93	AAA	31
93	GAR	13
93	GAT	9
93	AAT	7
93	GCA	7
93	GAW	5
93	GMA	4
93	RAA	3
93	GWA	3
93	GGA	3
93	AAG	3
93	GRA	3
93	KAA	2
94	GGC	255726
94	GGT	30
94	KGC	14
94	TGC	9
94	RGC	3
94	AGC	3
94	GGM	3
95	ATT	255726
95	GTT	18
95	RTT	7
95	ACT	6
95	AYT	5
95	ATC	5
95	AKT	4
95	AKK	3
95	ATK	3
95	ATY	2
96	CAG	255685
96	CAK	83
96	CAT	6
96	MAG	6
96	CAA	4
96	CMG	3
96	CAC	3
96	CRG	3
96	CWG	2
97	TAC	255468
97	TAT	284
97	TAY	25
97	KAM	3
97	YAC	3
97	TRC	3
97	WAC	3
98	GGT	255174
98	GKT	456
98	GTT	66
98	TGT	7
98	GRT	4
98	GGW	4
98	GGK	3
98	SGT	3
98	GGC	3
98	GST	2
99	CGT	255663
99	TGT	25
99	YGT	10
99	CAT	10
99	CRT	6
99	CKT	6
99	CGK	3
99	MGK	3
100	AGT	255657
100	AGC	14
100	RGT	10
100	TGT	9
100	AKT	6
100	AGK	6
100	ATT	5
100	AAT	4
100	AGY	3
100	WGT	3
101	GGT	255629
101	GGC	17
101	KGT	7
101	GGA	6
101	GGK	5
101	GGY	4
101	RGT	4
101	TGT	2
102	GAG	255436
102	GAA	143
102	AAG	56
102	GRG	6
102	CAG	5
102	GAK	5
102	GGG	4
102	GAR	4
103	ACA	255502
103	ACW	9
103	ACT	6
103	ACG	5
103	AYA	4
103	RCA	3
103	AMA	3
103	ASA	3
103	ATA	2
104	CTT	255506
104	CYT	13
104	TTT	12
104	CTY	11
104	CTC	5
104	CTA	4
104	MTT	4
104	CTW	3
104	ATT	2
105	GGT	255496
105	AGT	20
105	GGC	12
105	GGA	9
105	GGK	6
105	GGW	6
105	KGT	4
105	TGT	3
105	GST	3
105	GGY	3
105	GAT	2
106	GTC	255312
106	GTT	211
106	GTY	12
106	GCC	9
106	ATC	7
106	GTM	4
106	GYC	4
106	GKM	3
106	GGC	3
106	TTC	3
106	GWC	3
107	CTT	255454
107	TTT	59
107	CTC	23
107	YTT	22
107	CTW	13
107	CTA	6
107	CTY	6
107	CWT	2
108	GTC	255425
108	GTT	94
108	ATC	17
108	GTA	15
108	GTY	12
108	GYC	9
108	RTC	5
108	STC	4
108	GWC	3
108	GTM	2
108	GCC	2
109	CCT	255536
109	CCC	38
109	CYT	10
109	CCA	8
109	YCT	6
109	CCY	5
109	CMT	4
109	CAT	4
109	MCT	2
110	CAT	255094
110	TAT	400
110	YAT	40
110	CAC	31
110	CRT	14
110	CAG	4
110	CAA	3
110	CGT	3
110	SAT	3
110	CAK	3
110	CAW	3
110	MAT	2
111	GTG	255418
111	GTT	65
111	TTG	32
111	ATG	19
111	KTG	19
111	GTK	10
111	RTG	8
111	GTA	7
111	GCG	6
111	GYG	6
111	STG	3
111	GKK	3
112	GGC	255296
112	GGT	234
112	TGC	54
112	AGC	28
112	GGY	17
112	GAC	9
112	KGC	6
112	RGC	6
112	GKC	5
112	GRC	4
112	GTC	3
112	GSC	3
112	GGM	2
113	GAA	255627
113	RAA	19
113	GAR	13
113	AAA	8
113	GRA	7
113	GAG	6
113	SAA	3
113	GMM	3
113	GCA	2
114	ATA	255544
114	ACA	69
114	ATG	17
114	GTA	15
114	RTA	8
114	AYA	8
114	AKA	6
114	ATR	6
114	AGA	5
114	TTA	3
114	MTA	3
114	CTA	3
114	RTR	3
115	CCA	255624
115	CCT	23
115	CCR	12
115	CCW	9
115	CCG	8
115	MMA	6
115	CTA	5
115	CYA	5
115	CCM	4
115	SCA	3
115	TCA	2
116	GTG	255633
116	GTA	24
116	GTT	21
116	ATG	14
116	GTK	3
116	GKG	3
116	KTG	3
116	GCG	3
116	GTR	2
117	GCT	255609
117	ACT	23
117	SCT	18
117	GTT	12
117	TCT	11
117	KCT	4
117	GCY	4
117	GYT	4
117	KMT	3
117	GMK	3
117	RCT	2
117	GCC	2
117	GAT	2
118	TAC	255359
118	TAT	258
118	TGC	37
118	YAC	7
118	CAC	7
118	TRC	6
118	TAM	6
118	TAS	3
118	TAY	3
118	KAC	3
119	CGC	255557
119	CGT	43
119	TGC	12
119	CAC	12
119	YGC	10
119	CGM	9
119	CGY	6
119	CKC	6
119	CRC	4
119	MGC	3
120	AAG	255324
120	AAT	246
120	AAA	49
120	AAK	26
120	ARG	9
120	AAR	6
120	AAS	5
121	GTT	255565
121	ATT	27
121	TTT	18
121	KTT	8
121	GTY	8
121	RTT	4
121	GAT	3
121	GKT	3
121	GYT	3
121	GTW	3
122	CTT	255597
122	TTT	19
122	CTY	9
122	ATT	4
122	YTT	3
122	CKT	3
123	CTT	255594
123	TTT	15
123	CTC	9
123	CTY	9
123	CYT	4
123	YTT	4
123	CKT	3
124	CGT	254866
124	YGT	586
124	TGT	118
124	CGC	14
124	MGT	7
124	CKT	4
124	MSK	3
124	CAT	3
124	CGY	2
125	AAG	255591
125	AAA	14
125	ARG	10
125	AAS	4
125	AGG	4
125	MMG	3
125	AAK	2
125	AAT	2
126	AAC	255237
126	AMC	125
126	AAT	111
126	AGC	63
126	ARC	31
126	AWC	27
126	AAY	26
126	MAC	4
126	WAC	3
126	AHC	3
127	GGT	255926
127	KGT	3
127	GKT	3
127	GGC	2
128	AAT	255944
128	AGT	16
128	GAT	5
128	MAT	3
128	ART	3
128	RAT	2
128	AAY	2
129	AAA	256110
129	AAT	27
129	AAG	19
129	AAR	11
129	ARA	5
130	GGA	256203
130	KGA	5
130	GAA	5
130	GGR	5
130	GGG	5
130	AGA	4
130	GKA	3
130	GRA	3
130	GGW	3
130	RGA	2
131	GCT	256100
131	GCC	80
131	GYT	36
131	GCY	27
131	GTT	26
131	SCT	11
131	ACT	4
131	GCW	3
132	GGT	255923
132	GKT	313
132	AGT	15
132	GGC	4
132	GDT	3
132	GTT	3
132	SGT	3
132	KGT	2
132	GST	2
132	GGY	2
132	GRT	2
132	GBT	2
133	GGC	255892
133	GKC	277
133	GGT	97
133	GGY	22
133	TGC	15
133	SGC	7
133	GAC	3
133	KGC	3
133	GRC	2
133	KKC	2
134	CAT	256719
134	CAC	13
134	CGT	4
134	YAT	2
135	AGT	256662
135	AGC	16
135	AAT	8
135	AKT	7
135	ATT	5
135	ART	4
135	AGY	2
136	TAC	256538
136	TAT	123
136	AAC	42
136	TAY	24
136	YAC	5
136	TTC	5
136	TGC	2
136	TWC	2
137	GGC	256581
137	GGT	64
137	GAC	24
137	GGY	18
137	GTC	8
137	AGC	7
137	GSC	7
137	KGC	5
137	GRC	4
137	GGM	4
137	TGC	3
137	RGC	2
138	GCC	256540
138	GCT	52
138	ACC	48
138	GTC	33
138	GCA	27
138	GCY	14
138	RCC	13
138	ATC	8
138	TCC	6
138	GYC	5
138	KCC	4
138	GCM	3
139	GAT	256567
139	AAT	79
139	GGT	53
139	GAC	26
139	TAT	22
139	KAT	8
139	RAT	4
139	GAG	3
139	GAY	3
139	GAK	3
140	CTA	255896
140	TTA	556
140	YTA	192
140	CTG	15
140	CWA	7
140	STA	3
140	CTR	2
141	AAG	255250
141	AGG	20
141	AAT	10
141	ARG	7
141	AAK	7
141	AAA	7
141	AMG	4
141	RAG	2
141	GAG	2
142	TCA	255246
142	CCA	17
142	TCC	14
142	TCT	9
142	TTA	9
142	TCG	8
142	GCA	3
142	TCR	3
142	TYA	2
143	TTT	255262
143	TAT	15
143	TTC	8
143	TTY	6
143	YTT	5
143	CTT	4
143	TTG	3
143	TTR	2
143	TCT	2
143	TYT	2
143	TTA	2
143	ATT	2
144	GAC	255753
144	GCC	988
144	GAT	11
144	GAA	8
144	GGC	7
144	KAC	6
144	SAC	5
144	TAC	4
144	GAY	4
144	CAC	2
144	AAC	2
145	TTA	256813
145	TTG	13
145	TTM	3
145	ATA	2
145	TTC	2
146	GGC	256638
146	GGT	90
146	TGC	48
146	GGY	14
146	KGC	10
146	SGC	6
146	RGC	5
146	GGM	3
146	AGC	3
146	GTC	3
146	GRC	2
146	GAC	2
147	GAC	256539
147	GGC	75
147	AAC	57
147	GAT	24
147	GRC	15
147	GAM	6
147	TAC	5
147	KAC	4
147	GAA	3
147	GAY	2
148	GAG	256691
148	GAA	11
148	GAT	6
148	AAG	6
148	GWG	4
148	GMG	4
148	GAK	4
148	GRG	3
149	CTT	256701
149	ATT	8
149	CTA	7
149	CCT	7
149	CTG	7
149	CGT	4
149	CTW	4
149	TTT	3
149	CTC	2
149	CWT	2
149	YTT	2
150	GGC	256447
150	GGT	198
150	TGC	39
150	GGY	13
150	KGC	9
150	AGC	8
150	GAC	8
150	SGC	4
150	GKC	3
150	GTC	3
150	GCC	3
150	GRC	3
151	ACT	256507
151	GCT	67
151	RCT	31
151	ACA	10
151	ATT	7
151	ACC	4
152	GAT	256549
152	GAC	18
152	GAY	5
152	GGT	5
152	KAT	4
152	GRT	3
152	GCT	3
152	SAT	3
153	CCT	256559
153	CCC	11
153	CTT	7
153	TCT	7
153	YCT	6
153	CYT	6
153	ACT	2
154	TAT	256412
154	TAK	9
154	YAT	9
154	TAY	9
154	ATT	8
154	TAC	4
154	TRT	3
154	CAT	2
155	GAA	256419
155	RAA	6
155	GAT	5
155	KAA	5
155	GCA	3
155	CAA	3
155	SAA	2
155	DAA	2
155	GGA	2
155	GAC	2
156	GAT	256412
156	GAC	10
156	KAT	6
156	GWT	3
156	AAT	3
156	GGT	3
157	TTT	256435
157	TAT	8
157	TWT	4
157	CTT	3
157	TYT	3
158	CAA	256292
158	CAG	149
158	YAA	8
158	GAA	7
158	CAC	2
159	GAA	256393
159	GAG	13
159	RAA	12
159	AAA	9
159	GTC	8
159	GAR	4
159	CAA	3
159	GRA	3
160	AAC	256306
160	AAT	126
160	AAY	22
160	RAC	4
160	AAA	3
160	AWC	2
160	AAS	2
160	ACC	2
161	TGG	256370
161	KGG	40
161	TGK	8
161	TTG	6
161	TGR	4
161	TKG	2
161	TGS	2
161	YGG	2
161	TGT	2
162	AAC	256339
162	AAT	72
162	AAY	20
162	WAC	4
162	AGC	2
163	ACT	256414
163	AYT	20
163	ATT	11
163	ACW	5
163	ACY	2
164	AAA	256461
164	RAA	3
165	CAT	256431
165	CAC	17
165	TAT	10
165	CRT	3
165	CDT	3
165	CTT	2
166	AGC	256360
166	GGC	74
166	AAC	8
166	AGY	6
166	AGT	4
166	AGM	4
166	RGC	3
167	AGT	256460
167	AGY	7
167	ART	4
167	WGT	3
167	AKT	2
167	AGC	2
168	GGT	256471
168	GKT	4
168	GGY	4
168	GGC	3
168	GTT	3
168	GAT	2
169	GTT	256074
169	GTC	403
169	GTA	15
169	GCT	13
169	GTY	3
170	ACC	256267
170	ACT	199
170	ATC	17
170	ACY	9
170	AYC	5
170	AAC	3
171	CGT	256472
171	CAT	4
171	CKT	3
171	CGC	3
171	YGT	2
172	GAA	256442
172	GAG	16
172	RAA	5
172	KAA	4
172	GMA	3
172	GGA	2
173	CTC	256468
173	CTT	29
173	CCC	5
173	YTC	4
173	TTC	3
174	ATG	256484
174	ATT	9
174	ATK	6
174	ATA	4
174	ATS	2
174	AAG	2
175	CGT	256478
175	TGT	13
175	YGT	12
175	CAT	4
175	CGY	4
175	CRT	4
175	CGK	4
175	CGC	3
175	CKT	2
176	GAG	256508
176	GAA	6
176	GGG	5
176	KAG	3
176	GAT	2
177	CTT	256516
177	TTT	5
177	YTT	4
177	CTC	3
178	AAC	256373
178	AAT	136
178	AGC	14
178	ARC	8
178	AAA	6
178	AAY	6
179	GGA	256487
179	GGG	44
179	AGA	5
179	GGT	4
179	GGW	3
179	GGC	3
179	GTA	3
179	GGM	2
179	GKA	2
180	GGG	256446
180	GGA	55
180	GGC	15
180	GGT	14
180	GGR	5
180	SGG	3
180	GRG	3
180	RGG	2
180	GGK	2
180	GKG	2
181	GCA	256495
181	ACA	34
181	GCT	23
181	GTA	8
181	GCW	4
181	GCG	3
181	GYA	3
182	TAC	256436
182	CAC	82
182	AAC	21
182	TGC	14
182	TAT	11
182	YAC	6
183	ACT	256513
183	ATT	35
183	AAT	5
183	ACC	4
183	ACG	3
183	AYT	3
183	GCT	3
184	CGC	256133
184	TGC	326
184	YGC	61
184	CGT	19
184	CAC	11
184	CRC	5
184	SGC	3
184	CGY	3
184	CKC	2
185	TAT	256549
185	YAT	5
185	CAT	3
186	GTC	256181
186	GTT	331
186	GTY	43
186	GTA	8
187	GAT	256525
187	GAC	30
187	KAT	6
187	GAY	4
188	AAC	256042
188	AAT	449
188	AAY	76
188	ATC	3
189	AAC	255952
189	AAT	514
189	AGC	58
189	AAY	30
189	RAC	4
190	TTC	253824
190	CTC	2446
190	TTT	250
190	TTY	25
190	TAC	7
190	YTC	6
190	TTM	4
190	TCC	4
190	TTA	3
190	TGC	2
191	TGT	256589
191	TGC	7
191	TKT	4
191	WGT	2
191	TTT	2
191	TGY	2
192	GGC	256419
192	GGT	41
192	GGY	31
192	GAC	23
192	GGM	23
192	AGC	21
192	KGC	14
192	GSC	6
192	GKC	6
192	RGC	3
192	TGC	3
192	GRC	3
193	CCT	256380
193	CTT	123
193	TCT	39
193	MCT	20
193	CCG	18
193	CYT	15
193	YCT	11
193	CCC	6
193	CCA	5
194	GAT	256555
194	GAC	15
194	GAY	10
194	TAT	8
194	GAG	7
194	KAT	4
194	GWT	4
194	AAT	3
195	GGC	256622
195	GGT	23
195	KGC	11
195	GGA	6
195	GGY	6
195	TGC	4
195	GKC	3
195	SGC	3
196	TAC	256601
196	TAT	46
196	CAC	9
196	AAC	8
196	YAC	5
196	TAY	5
197	CCT	256564
197	TCT	87
197	CCY	21
197	CAT	5
197	YCT	5
197	CCC	4
197	CYT	4
198	CTT	256672
198	TTT	8
198	YTT	4
198	CYT	3
198	CWT	3
198	CTC	2
199	GAG	256624
199	GTG	19
199	GAT	16
199	AAG	15
199	GGG	6
199	GAA	5
199	GAR	4
199	GAK	3
199	GRG	2
199	GWG	2
199	TAG	2
199	KAG	2
200	TGC	256599
200	TGT	78
200	TRC	3
200	TGY	2
201	ATT	256650
201	ATC	14
201	GTT	10
201	ATY	4
201	ATK	3
201	TTT	2
202	AAA	256646
202	AAT	14
202	AAG	5
202	AGA	3
202	AAR	3
203	GAC	256156
203	TAC	275
203	GAT	104
203	AAC	75
203	GGC	22
203	KAC	9
203	CAC	5
203	SAC	4
203	GAY	4
204	CTT	256508
204	TTT	104
204	ATT	12
204	YTT	7
204	TTG	7
204	TTA	7
204	CYT	7
204	CTC	7
205	CTA	256599
205	TTA	18
205	YTA	14
205	CTG	11
205	CYA	4
205	CTW	3
205	ATA	3
206	GCA	256469
206	GTA	119
206	GCG	9
206	KCA	9
206	TCA	8
206	GCT	8
206	GYA	6
206	ACA	5
206	GAA	4
206	RCA	4
206	GCC	4
206	GCR	3
206	GCM	2
207	CGT	256265
207	TGT	329
207	YGT	22
207	CTT	15
207	GGT	7
207	CKT	4
207	AGT	2
207	CGC	2
208	GCT	256589
208	GTT	35
208	KCT	10
208	GCC	9
208	GAT	2
209	GGT	256664
209	GGA	7
209	KGT	4
209	GST	2
209	GGC	2
210	AAA	256496
210	AAG	164
210	AGA	9
210	AAR	5
210	AWA	4
211	GCT	256636
211	GTT	28
211	TCT	9
211	GYT	8
211	GCC	5
211	GCA	2
211	ACT	2
211	KCT	2
211	GCY	2
212	TCA	256503
212	TTA	140
212	TCT	15
212	TYA	9
212	TCG	6
212	TMA	3
212	YCA	3
213	TGC	256206
213	TGT	461
213	TTC	15
213	TGY	6
213	CGC	4
213	TAC	2
213	GGC	2
214	ACT	256588
214	AYT	49
214	ATT	13
214	TCT	5
214	ACG	3
214	ACC	2
214	CCT	2
215	TTG	256643
215	TTK	12
215	TTT	9
215	TYG	6
215	TTA	4
215	WTG	2
216	TCC	256260
216	TCT	362
216	TCY	22
216	TTC	15
216	TCM	5
216	TYC	4
216	AAC	2
216	CCC	2
217	GAA	256651
217	GGA	15
217	GWA	8
217	GAG	5
217	AAA	4
217	KAA	2
218	CAA	256669
218	CTA	4
218	YAA	4
219	CTG	255181
219	TTG	1313
219	CTA	130
219	CTT	32
219	YTG	20
219	ATG	5
219	CYG	3
219	CTK	3
219	CAG	2
220	GAC	256570
220	AAC	60
220	GAT	43
220	GAY	24
220	TAC	2
221	TTT	256669
221	CTT	9
221	GTT	5
221	TTY	4
221	YTT	2
222	ATT	256626
222	GTT	21
222	ATY	12
222	ATC	10
222	CTT	7
222	ATA	5
222	RTT	4
222	ATG	2
222	ATW	2
223	GAC	256525
223	GAT	98
223	GAY	23
223	TAC	15
223	KAC	6
223	GAS	3
223	GCC	3
223	AAC	3
223	GGC	2
224	ACT	256232
224	ATT	402
224	AAT	32
224	AYT	16
224	ACC	6
224	CCT	2
225	AAG	256525
225	AAA	138
225	AGG	19
225	AAK	3
225	ARG	2
226	AGG	256526
226	AAG	37
226	AGA	27
226	ARG	19
226	AGR	15
226	GGG	7
226	AKG	7
226	AGT	4
226	AGV	3
226	ATG	3
227	GGT	256598
227	GKT	68
227	AGT	25
227	GGC	6
227	GTT	6
227	GGY	4
227	GST	2
227	RGT	2
227	GRT	2
228	GTA	256683
228	GTG	52
228	KTA	4
228	TTA	3
228	ATA	3
228	GTT	2
228	RTA	2
228	GTC	2
229	TAC	256770
229	TAT	21
229	CAC	15
229	TAY	15
229	TAS	2
229	TRC	2
229	YAC	2
229	TGC	2
230	TGC	256880
230	TGT	17
230	TGY	4
230	TTC	2
231	TGC	256459
231	TGT	82
231	TAC	47
231	AGC	4
231	TKC	4
232	CGT	256307
232	TGT	125
232	CAT	41
232	AGT	26
232	CRT	8
232	CGY	6
232	CTT	3
232	MGY	3
233	GAA	256513
233	GAG	16
233	GGA	10
233	KAA	5
233	GTA	2
234	CAT	256471
234	CAC	31
234	YAT	9
234	CRT	8
234	TAT	5
234	CAY	5
235	GAG	256516
235	GAA	57
235	GAC	7
235	GAK	5
235	AAT	4
235	AAG	3
235	GAR	3
235	RAG	3
235	GGG	3
235	GAT	3
236	CAT	256593
236	CAC	7
237	GAA	256579
237	RAA	8
237	GAG	5
237	GAR	4
237	AAA	2
237	GMA	2
238	ATT	256568
238	ATA	11
238	ATC	6
238	WTT	4
238	TTT	3
239	GCT	256565
239	GTT	20
239	GCA	7
239	RMT	3
239	ACT	3
239	RCT	2
239	GCG	2
239	GYT	2
240	TGG	256606
240	GGG	2
241	TAC	256521
241	TAT	89
241	TGC	3
241	TAY	2
242	ACG	256599
242	ACA	8
242	ACT	8
242	AYG	7
242	ACK	5
242	GCG	4
242	RCG	2
242	ATG	2
243	GAA	256602
243	GAG	10
243	AAA	4
243	KAA	3
243	RAA	2
243	GMA	2
244	CGT	256574
244	CGC	21
244	YGT	10
244	CGY	3
244	CRT	3
244	CST	3
244	CGG	2
244	CAT	2
244	TGT	2
245	TCT	256462
245	TYT	15
245	TTT	10
245	TCK	7
245	TCC	6
245	TCA	4
245	KCT	2
245	YCT	2
246	GAA	254881
246	RAA	28
246	GAT	9
246	GRA	7
246	AAA	7
246	GAC	6
246	GGA	5
247	AAG	256131
247	AGG	14
247	ARG	12
247	AAT	9
247	AAA	4
247	AAR	2
248	AGC	256122
248	AGT	16
248	ATC	12
248	CGC	3
248	AGY	2
248	RGC	2
249	TAT	256127
249	TAC	7
249	TAY	3
250	GAA	256097
250	GAG	13
250	RAA	5
250	GRA	3
250	KAA	3
251	TTG	255942
251	TTK	130
251	TTA	10
251	TCG	4
251	TTT	4
251	YTG	2
251	ATG	2
252	CAG	255996
252	CAA	32
252	CAT	3
252	CAR	3
252	CAS	2
253	ACA	255675
253	GCA	17
253	AYA	6
253	RCA	3
253	ATA	2
254	CCT	255666
254	CYT	11
254	YCT	7
254	CCC	5
254	TCT	2
254	CCY	2
255	TTT	255590
255	TTC	9
255	TWT	6
255	TAT	6
255	TTY	6
255	TYT	2
255	TTW	2
255	YTT	2
256	GAA	255594
256	RAA	30
256	GWA	3
256	GAR	3
256	GRA	3
257	ATT	255579
257	ACT	13
257	ATC	11
257	GTT	4
257	WTT	3
257	ATW	3
257	ATA	2
257	MTT	2
258	AAA	255614
258	RAA	4
259	TTG	255535
259	TTA	55
259	CTG	10
259	TYG	7
259	TTT	4
260	GCA	255500
260	GTA	9
260	KCA	8
260	GYA	8
260	ACA	3
260	TCA	3
260	GCT	3
260	RCA	2
260	GCG	2
261	AAG	255547
261	AAR	12
261	ARG	10
261	AAT	6
261	AAA	4
261	WAG	3
262	AAA	255590
262	RAA	5
262	AAG	3
262	GAA	3
263	TTT	255585
263	YTT	9
263	WTT	4
263	TTY	4
263	CTT	2
264	GAC	255286
264	GAT	308
264	GAY	10
264	KAC	5
264	GMC	3
264	TAC	2
264	GCC	2
265	ACC	204258
265	ATC	50685
265	ACT	211
265	AYC	186
265	ATT	37
265	ACY	17
265	ACA	9
265	ACM	7
265	AAT	6
265	ATY	6
265	AAC	5
266	TTC	255432
266	TTT	157
266	TTY	22
266	YTC	4
266	CTC	4
266	TAC	3
266	TTM	3
266	TCC	2
267	AAT	255516
267	TAT	75
267	AGT	17
267	AAC	9
267	ACA	8
267	ACT	6
267	AMT	3
267	MAT	3
267	GAT	3
267	WAT	2
267	AAA	2
268	GGG	255531
268	GGA	25
268	GAG	19
268	GGT	11
268	GGK	7
268	AGG	5
268	RGG	5
268	GTG	3
268	GGS	3
269	GAA	255561
269	GAG	10
269	GRA	3
269	GAM	3
270	TGT	255570
270	TKT	10
270	TGC	8
270	TTT	2
271	CCA	255155
271	TCA	338
271	CTA	46
271	YCA	19
271	CAA	6
271	CYA	6
271	CMA	4
271	CGA	3
272	AAT	255487
272	CAT	55
272	AAC	21
272	GAT	6
272	AAW	4
272	ACT	4
272	AGT	4
272	AWT	3
272	AAG	2
273	TTT	255615
273	TTY	6
274	GTA	255544
274	TTA	34
274	GTG	11
274	GTC	6
274	GTR	5
274	KTA	5
274	GTW	4
274	GCA	2
274	ATA	2
275	TTT	255555
275	TTC	19
275	TTY	9
275	TYT	4
275	CTT	2
276	CCC	255460
276	CCT	45
276	TCC	34
276	CCA	8
276	CCY	7
276	YCC	5
276	CYC	5
276	CMC	5
276	CCM	3
276	MCC	3
277	TTA	255522
277	TTG	35
277	CTA	22
277	TCA	9
277	YTA	6
277	CTT	6
277	CTC	3
277	TWA	2
278	AAT	255556
278	AAC	13
278	AGT	10
278	AAG	5
278	CAT	4
278	WAT	3
278	AWT	3
278	GAT	3
278	AAW	2
278	ACT	2
279	TCC	255244
279	TCT	160
279	TTC	133
279	TCY	16
279	TYC	11
279	TCA	9
279	YCC	3
280	ATA	255410
280	GTA	20
280	ACA	18
280	TTA	17
280	ACT	6
280	ATG	6
280	ATR	6
280	AAA	6
280	AYA	4
280	RTA	4
281	ATC	255529
281	ATT	24
281	ATY	15
281	ACC	12
281	GTC	5
281	ATS	3
281	AYC	2
282	AAG	255558
282	AAA	15
282	WAG	8
282	AGG	2
282	AAK	2
283	ACT	255461
283	ATT	30
283	AYT	15
283	ACA	12
283	ACC	10
283	GCT	2
284	ATT	255500
284	ACT	16
284	ATC	14
284	AKT	4
284	GTT	4
284	RTT	2
284	AYT	2
285	CAA	255600
285	CRA	4
285	CAG	3
286	CCA	255644
286	TCA	29
286	CCG	19
286	CCT	11
286	CTA	8
286	YCA	4
286	CAA	4
286	CCW	3
287	AGG	255541
287	AGT	58
287	AGK	11
287	AGA	11
287	CGG	10
287	AAG	9
287	CGT	9
287	AKG	5
287	GGG	5
287	ARG	4
287	AGR	3
287	AGS	3
287	ATG	2
288	GTT	255631
288	TTT	14
288	GYT	4
288	GCT	3
288	GWT	3
288	RTT	3
288	KTT	2
289	GAA	255707
289	GGA	3
289	RAA	2
289	AAA	2
289	GAG	2
289	GTA	2
290	AAG	255643
290	AAT	85
290	ARG	11
290	AAR	9
290	AGG	7
290	ACG	3
291	AAA	255788
291	RAA	3
291	GAA	3
291	AGA	2
292	AAG	255674
292	AAT	104
292	AAS	7
292	GAG	6
292	ACG	6
292	AAK	3
292	ARG	3
293	CTT	255781
293	TTT	63
293	CYT	5
293	YTT	3
294	GAT	255799
294	GAG	13
294	GGT	10
294	GAC	10
294	AAT	9
294	KAT	6
294	GAA	5
294	GRT	5
295	GGC	255364
295	GGT	281
295	TGC	142
295	GTC	21
295	KGC	19
295	GGY	18
295	GAC	12
295	AGC	3
296	TTT	255858
296	TTW	3
296	YTT	3
296	WTT	3
296	TKT	3
297	ATG	255844
297	GTG	38
297	ATT	5
297	AYG	4
297	ACG	3
297	AKG	2
298	GGT	255816
298	AGT	25
298	GAT	22
298	GGC	6
298	GGA	3
298	GKT	3
298	TGT	3
298	GTT	3
298	GRT	3
298	RGT	2
298	GGY	2
299	AGA	255853
299	AGG	21
299	RGA	3
299	AKA	2
299	AAA	2
300	ATT	227944
300	TTT	27896
300	WTT	22
300	ATC	10
300	GTT	7
301	CGA	255820
301	CGG	11
301	YGA	11
301	CKA	7
301	CGW	6
301	CAA	5
301	CRA	3
301	CGM	3
301	CTA	2
302	TCT	255486
302	TTT	329
302	TYT	20
302	CCT	11
302	TCC	5
302	TCY	4
302	KCT	3
303	GTC	255841
303	GTT	18
303	ATC	8
303	GYC	4
303	KTC	4
303	GTG	3
303	GTY	3
303	TTC	2
303	GCC	2
304	TAT	255863
304	TAC	24
304	YAT	4
304	TAK	3
304	TAY	2
305	CCA	255822
305	TCA	25
305	CCT	18
305	CTA	11
305	YCA	2
305	CYA	2
306	GTT	255636
306	TTT	180
306	KTT	6
306	ATT	4
306	GTC	3
306	GTY	3
306	GTA	2
307	GCG	255568
307	GCA	92
307	GTG	52
307	ACG	37
307	GCT	19
307	GCC	4
307	GMG	4
307	GSG	3
307	GCR	3
307	KCG	3
307	GYG	2
307	TCG	2
308	TCA	255719
308	TTA	55
308	TYA	7
308	TCG	6
308	GCA	3
308	CCA	3
309	CCA	254892
309	CTA	585
309	TCA	250
309	CYA	45
309	YCA	21
309	CCT	10
309	CAA	9
309	MCA	6
309	CMA	4
309	GCA	3
310	AAT	255825
310	AAY	3
310	AGT	3
310	AAC	3
310	RAT	2
311	GAA	255804
311	GAG	12
311	RAA	4
311	GRA	3
311	GWA	3
311	KAA	2
312	TGC	255774
312	TGT	30
312	TSC	3
312	TGS	3
312	TGY	3
312	YGC	2
313	AAC	255665
313	AAT	120
313	GAC	34
313	TAC	5
313	AGC	4
313	AAY	2
314	CAA	255771
314	AAA	25
314	MAA	7
314	CCA	6
314	CAG	4
314	CAR	3
314	TGG	3
314	CCC	2
314	YAA	2
315	ATG	254479
315	ATT	1283
315	ATK	23
315	ACG	22
315	ATS	4
315	GTG	4
315	ATC	2
315	ATA	2
316	TGC	255663
316	GGC	49
316	TGT	34
316	TGY	11
316	CAC	7
316	TCC	7
316	TAC	5
316	TTC	4
316	CGC	3
316	AGC	3
316	WGC	3
316	TKC	2
316	CAT	2
317	CTT	255748
317	CTG	8
317	CTC	8
317	ATT	6
317	TTT	5
317	YTT	4
317	CYT	4
317	CCT	3
317	MTT	3
318	TCA	255433
318	TTA	330
318	TYA	20
318	TCG	6
318	TCR	3
319	ACT	255711
319	ATT	53
319	ACG	10
319	AYT	10
319	ACC	5
319	AST	3
320	CTC	255749
320	TTC	34
320	CTT	30
320	CTY	10
320	YTC	4
321	ATG	255807
321	ACG	6
321	ATA	6
321	MTG	5
321	ATT	3
321	ATK	3
321	GTG	3
321	ATR	2
322	AAG	255712
322	AGG	80
322	ARG	10
322	AAA	3
322	AAT	3
323	TGT	255745
323	TKT	11
323	TGC	8
324	GAT	255597
324	GGT	126
324	GAC	18
324	GRT	12
324	GAA	8
324	AAC	6
324	SAY	5
324	KAT	3
324	SAT	2
325	CAT	255686
325	TAT	65
325	YAT	17
325	CAY	5
325	CGT	5
325	AAT	4
325	CAC	2
326	TGT	255676
326	TRT	47
326	TGC	18
326	WRT	5
326	TST	3
327	GGT	255785
327	AGT	15
327	KGT	9
327	GAT	8
327	GKT	4
327	GRT	4
328	GAA	255782
328	GAG	16
328	AAA	10
328	RAA	7
328	GAR	3
328	SAM	3
328	GGA	3
328	GCA	2
328	GAW	2
329	ACT	255968
329	ATT	7
329	GCT	4
329	AAT	3
329	RCT	3
329	AYT	2
330	TCA	256073
330	TCG	63
330	TYA	7
330	TCR	2
330	TTA	2
331	TGG	256161
332	CAG	256116
332	CAA	12
332	YAG	8
332	CAT	6
332	CAK	2
332	CTG	2
333	ACG	255927
333	ATG	92
333	ACA	56
333	ACT	44
333	AYG	15
333	GCG	8
333	ACK	6
333	RCG	4
333	ACR	4
333	AAG	4
333	CTG	3
334	GGC	256147
334	GGT	82
334	AGC	27
334	GGY	11
334	GRC	4
334	KGC	4
334	GTC	3
334	TGC	3
334	GKC	3
334	RGC	2
335	GAT	256135
335	GAC	40
335	AAT	16
335	KAT	11
335	GGT	10
335	GCT	6
335	GAY	2
335	GRT	2
335	RAT	2
336	TTT	256260
336	TTC	10
336	TTY	5
337	GTT	256306
337	TTT	68
337	CTT	22
337	KTT	7
337	ATT	4
337	STT	3
337	GYT	3
337	GTW	2
338	AAA	256395
338	AGA	11
338	AAG	6
338	AAR	3
338	ARA	3
339	GCC	256343
339	GTC	67
339	GCT	15
339	ACC	6
339	GYC	6
339	GAC	3
340	ACT	256373
340	ATT	15
340	AYT	14
340	GCT	10
340	ACA	3
341	TGC	255713
341	TGT	691
341	TGY	46
341	TKC	2
342	GAA	256436
342	GAG	7
342	RAA	5
342	GAM	3
342	GRA	2
342	GGA	2
342	GCA	2
343	TTT	256440
343	TTC	17
343	CTT	7
343	TCT	3
343	WTT	2
343	TTY	2
343	TYT	2
344	TGT	256398
344	TGC	80
344	YGT	7
344	TKT	4
345	GGC	256244
345	AGC	197
345	GGT	23
345	GGY	4
345	GAC	4
345	TGC	3
345	KGC	3
345	RGC	2
345	GKC	2
346	ACT	256079
346	ATT	372
346	ACC	10
346	AYT	7
346	ACY	4
346	ACG	3
346	AAT	2
347	GAG	256235
347	GAT	65
347	GGG	21
347	GAA	20
347	GTG	6
347	AAG	5
347	SAG	4
347	GRG	3
347	GAR	3
347	GAC	2
347	GMG	2
347	GAK	2
348	AAT	256439
348	AAC	18
348	AGT	5
348	ART	4
348	AWT	4
348	AAK	3
348	AAW	3
348	ACT	3
349	TTG	256455
349	TTT	13
349	CAA	6
349	YTG	4
349	TTK	4
349	TTR	4
349	TTA	2
349	TCG	2
350	ACT	255482
350	ATT	209
350	AYT	19
350	GCT	10
350	GTC	7
350	AMT	3
351	AAA	255682
351	AGA	35
351	GAA	14
351	AMA	4
351	AAR	2
351	ARA	2
352	GAA	255556
352	AAA	46
352	GAC	14
352	KAA	12
352	GAT	6
352	CAA	5
352	GRA	4
352	GAR	3
352	SAA	2
352	RAA	2
353	GGT	255522
353	GTT	14
353	GGC	10
353	TGT	9
353	GGA	8
353	AGT	5
353	GRT	3
353	RGT	2
354	GCC	255458
354	GTC	40
354	GCT	16
354	GCY	9
354	CCT	6
354	GYC	3
354	TCC	2
355	ACT	255361
355	ACY	16
355	ACC	13
355	ACA	7
355	AAT	4
355	ATT	3
356	ACT	254459
356	AYT	11
356	ACA	11
356	ACC	5
356	ACY	3
356	ATT	2
356	WCT	2
356	GCT	2
357	TGT	254431
357	AGT	24
357	TGC	6
357	TCT	2
358	GGT	254072
358	GGC	9
358	RGT	4
358	GCT	2
358	GGY	2
358	GTT	2
358	GKT	2
358	GST	2
359	TAC	254011
359	TAT	91
359	TAY	16
359	CAC	5
359	YAC	2
360	TTA	253405
360	TCA	684
360	TYA	34
360	CTT	12
360	CTA	3
360	YTA	3
360	TTG	2
361	CCC	253743
361	CCT	212
361	TCC	90
361	ACC	67
361	CTC	47
361	CCY	17
361	CYC	11
361	YCC	11
361	CCA	7
361	MCC	3
361	CTT	2
361	CAC	2
361	CCM	2
361	CMC	2
362	CAA	254162
362	CTA	32
362	AAA	5
362	CAG	5
362	MAA	4
362	YAA	4
362	CGA	3
362	CWA	2
362	TAA	2
362	CRA	2
363	AAT	254261
363	AAC	11
363	RAT	3
364	GCT	254183
364	TCT	48
364	GCG	16
364	KCT	5
364	GCY	3
365	GTT	254151
365	ATT	39
365	TTT	21
365	GYT	20
365	GCT	19
365	GTA	7
365	GTW	4
365	KTT	3
365	GTC	3
365	GKT	2
365	STT	2
366	GTT	254277
366	KTT	15
366	ATT	12
366	GTA	11
366	GTC	8
366	TTT	5
367	AAA	254324
367	AAG	4
367	AWA	3
367	RAA	3
367	WAA	2
367	ARA	2
368	ATT	254207
368	ACT	126
368	ATY	7
368	AYT	7
368	WTT	4
368	CTT	3
368	GTT	2
369	TAT	254293
369	TGT	39
369	TAC	11
369	YAT	6
369	TTT	6
369	AAT	2
370	TGT	254342
370	TKT	7
370	TGC	7
370	TGY	5
370	WGT	2
371	CCA	254277
371	CTA	68
371	TCA	35
371	CYA	7
371	YCA	7
371	CCT	3
371	CCR	2
372	GCA	254121
372	GTA	277
372	ACA	10
372	GCR	8
372	GCT	7
372	GCG	5
372	SCA	3
372	GMA	3
372	KCA	3
372	GYA	2
373	TGT	254369
373	TKT	10
373	TGC	4
374	CAC	253152
374	TAC	858
374	CAT	254
374	CGC	35
374	CAY	20
374	YAC	15
374	CRC	5
374	CWC	2
375	AAT	254021
375	AAC	12
375	AAG	11
375	AGT	6
375	RAT	3
375	GAT	2
375	ART	2
376	TCA	253788
376	TTA	284
376	CCA	19
376	TYA	18
376	TCG	4
376	TCR	4
376	GCA	4
377	GAA	254118
377	KAA	8
377	AAA	4
377	GTA	3
377	GAG	3
377	GCA	2
378	GTA	253293
378	ATA	861
378	GTG	7
378	ATG	6
378	RTA	5
378	KTA	4
378	GYA	4
378	TTA	3
378	GTR	3
378	GKR	3
379	GGA	253811
379	GAA	319
379	AGA	15
379	KGA	10
379	GRA	7
379	GKA	7
379	RGA	3
379	GGR	2
380	CCT	254105
380	CTT	48
380	TCT	39
380	CMT	14
380	CAT	11
380	CCG	3
380	YCT	3
380	CCA	2
380	ACT	2
380	CCC	2
380	CCY	2
381	GAG	254227
381	KAG	110
381	GAT	17
381	GGG	14
381	GAA	10
381	GRG	6
381	GCG	5
381	GAK	4
381	AAG	3
381	SAG	2
382	CAT	254431
382	YAT	17
382	CAC	7
382	CTT	2
383	AGT	254409
383	AAT	17
383	ATT	12
383	GGT	8
383	AKY	3
383	AGC	2
384	CTT	254407
384	TTT	35
384	CTC	9
384	YTT	7
384	CCT	3
384	CTY	3
384	ATT	3
385	GCC	253450
385	GTC	599
385	GCT	405
385	GCY	12
385	GYC	11
385	GCA	9
385	SCC	4
385	KCC	2
385	ACC	2
386	GAA	254412
386	AAA	20
386	GAG	6
386	GGA	6
386	RAA	6
386	GAC	5
386	GAM	5
386	GAR	2
386	GRA	2
387	TAC	254267
387	TAT	150
387	TAY	36
387	CAC	3
387	YAC	3
387	TGC	3
388	CAT	254220
388	TAT	271
388	YAT	14
388	CAC	14
388	CAY	3
388	CGT	2
389	AAT	254430
389	AAC	88
389	GAT	12
389	CAT	6
389	AWT	5
389	ACT	3
389	AGT	2
390	GAA	254489
390	GAC	14
390	RAA	12
390	AAA	8
390	GAG	5
390	GAR	4
390	GRA	3
390	GCA	2
391	TCT	253973
391	TTT	394
391	TCG	96
391	TYT	45
391	TCC	10
391	YCT	7
391	CCT	5
391	TCA	4
392	GGC	252601
392	GAC	1532
392	GGT	255
392	TGC	57
392	GRC	21
392	AGC	14
392	GGY	13
392	KGC	10
392	GTC	4
392	AAC	3
392	GKC	2
393	TTG	254405
393	CTG	25
393	TTR	13
393	TTT	7
393	ATT	7
393	CTA	6
393	YTG	5
393	TTK	3
393	TTA	3
394	AAA	254463
394	GAA	8
394	AAG	7
395	ACC	254423
395	ATC	30
395	ACT	30
395	ACA	3
395	ACY	3
395	MCC	2
395	AYC	2
396	ATT	254483
396	ACT	21
396	ATK	4
396	AAT	3
396	ATY	3
396	ATG	3
397	CTT	254463
397	TTT	25
397	YTT	8
397	CTY	7
397	CTC	6
397	CCT	4
397	CGT	3
398	CGT	254039
398	TGT	470
398	YGT	49
398	CTT	6
398	CGK	3
398	CAT	3
398	CGC	2
398	CST	2
398	CKT	2
399	AAG	254417
399	AGG	81
399	AAT	27
399	AAA	18
399	ARG	15
399	GAG	10
399	MAG	4
399	AWG	3
399	AAR	2
399	AAK	2
399	RAG	2
400	GGT	253749
400	GAT	583
400	AGT	163
400	RGT	6
400	GKT	5
400	GCT	5
400	TGT	3
400	GGC	3
400	GRT	2
401	GGT	254836
401	GAT	11
401	GGG	9
401	AGT	7
401	KGT	4
401	GKT	4
401	GRT	3
401	GTT	2
401	GGC	2
401	TGT	2
402	CGC	254653
402	CGT	167
402	TGC	124
402	CAC	24
402	CGY	20
402	YGC	11
402	CKC	3
402	CSC	3
402	SGC	3
403	ACT	254918
403	ATT	100
403	AYT	17
403	ACC	13
403	AAT	6
403	TCT	3
403	AST	3
404	ATT	255083
404	ATA	9
404	AAA	7
404	ACT	7
404	ATC	2
404	AGT	2
405	GCC	254966
405	GAC	47
405	GCT	35
405	GTC	18
405	GCA	12
405	ACC	11
405	SCC	9
405	GCY	8
405	TCA	6
405	GYC	3
405	GMC	3
406	TTT	255058
406	TAT	27
406	TTC	7
406	TTA	4
407	GGA	255064
407	GGC	9
407	GGT	7
407	KGA	7
407	GKA	2
407	GTA	2
408	GGC	254848
408	GKC	135
408	GGT	40
408	GGA	15
408	AGC	13
408	GGY	7
408	KGC	7
408	GSC	4
408	TGC	3
409	TGT	255052
409	AGT	7
409	TKT	4
409	KKT	3
410	GTG	254778
410	GTT	135
410	GTK	17
410	GTC	6
410	ATG	5
410	KTG	4
410	GTS	3
410	TTG	3
410	GCG	2
410	GKG	2
411	TTC	254903
411	TTT	38
411	TTY	14
411	YTC	3
411	CTC	3
411	TYC	2
412	TCT	254914
412	GCT	14
412	TCC	10
412	TAT	7
412	TTT	5
412	TMT	3
412	TCW	3
412	TCG	2
413	TAT	254998
413	YAT	9
413	TRT	3
413	TAY	2
414	GTT	254956
414	KTT	7
414	GTG	6
414	GTC	5
414	ATT	4
414	GTK	3
414	GTY	2
415	GGT	254896
415	GGC	17
415	AGT	13
415	KGT	8
415	GGY	3
415	GKT	3
415	GGK	2
415	RGT	2
416	TGC	253787
416	TGT	1099
416	TGY	48
416	TSC	8
417	CAT	254164
417	CGT	505
417	TAT	237
417	CAC	16
417	YAT	11
417	CRT	9
417	CAY	3
417	MAT	2
418	AAC	254900
418	AAT	43
418	AAY	7
418	AAA	4
418	AWC	3
418	ARC	2
418	GAC	2
419	AAG	254940
419	AAA	6
419	AAT	5
419	AGG	2
419	ARG	2
420	TGT	254885
420	CGT	14
420	TAT	13
420	TKT	7
421	GCC	254860
421	GCT	34
421	KCC	7
421	TCC	5
421	GCA	4
421	GAC	2
422	TAT	254882
422	TAY	6
422	TAC	6
422	CAT	3
422	KAT	3
423	TGG	254847
423	TGS	7
423	TSG	6
423	TTG	4
423	YGK	3
423	YGG	3
423	TGK	3
423	TCG	2
424	GTT	254717
424	GTC	52
424	ATT	33
424	RTT	8
424	KTT	7
424	GTG	6
424	GTA	5
424	GCT	4
424	GWT	3
424	GTY	3
424	GYT	2
425	CCA	254795
425	CCT	7
425	YCA	6
425	CCR	5
425	CYA	2
426	CGT	254683
426	CGA	39
426	TGT	23
426	CAT	8
426	CRT	8
426	CGC	7
426	CTT	4
426	CKT	3
427	GCT	254688
427	GTT	47
427	TCT	29
427	GYT	5
427	GCY	3
427	KCT	3
427	GCC	2
428	AGC	254352
428	GGC	112
428	WGC	53
428	AGT	35
428	AAC	24
428	DGC	13
428	RGC	13
428	GCT	6
428	AGY	4
428	AKC	3
428	MGC	3
429	GCT	254655
429	ACT	29
429	GTT	29
429	GCC	8
429	GCA	4
429	GYT	3
429	RCT	2
430	AAC	254679
430	AAT	44
430	GAC	4
430	RAC	3
430	AAY	2
431	ATA	254622
431	ATG	77
431	GTA	15
431	CTA	2
431	ATR	2
432	GGT	254757
432	GKT	11
432	GGA	6
432	TGT	3
433	TGT	254565
433	CGT	135
433	TTT	25
433	TGC	9
433	TKT	9
433	TAT	2
434	AAC	254620
434	AAT	73
434	AAY	42
434	AAA	8
434	GAC	4
434	AAM	3
434	AGC	2
435	CAT	254602
435	CAC	80
435	YAT	16
435	TAT	15
435	CAY	2
436	ACA	254542
436	ATA	61
436	AYA	21
436	ACR	15
436	ACC	11
436	ACW	8
436	ACG	3
436	WCA	3
436	ACD	3
436	GCA	2
436	RCA	2
437	GGT	254781
437	GGC	86
437	GGA	11
437	TGT	4
437	GGK	3
437	GGY	2
438	GTT	254641
438	GCT	23
438	TTT	12
438	KTT	10
438	GYT	7
438	GTK	6
438	GTA	6
438	GTY	5
438	ATT	5
438	GTC	5
438	STT	4
439	GTT	255467
439	ATT	47
439	GCT	12
439	GTW	10
439	KTT	10
439	TTT	8
439	GTG	6
439	GTA	4
439	GTK	3
439	RTT	3
439	GTC	3
440	GGA	255678
440	AGA	30
440	GAA	13
440	GGT	10
440	RGA	9
440	KGA	5
440	GGR	3
440	GGC	2
441	GAA	255722
441	GGA	32
441	GAG	10
441	RAA	7
441	GAR	4
441	KAA	4
442	GGT	255438
442	RGT	157
442	GTT	87
442	GRT	51
442	AGT	47
442	GAT	21
442	GGC	19
442	TGT	17
442	GKT	10
442	KGT	3
442	GGY	2
442	SGT	2
443	TCC	254783
443	TCT	692
443	TTC	302
443	CCC	45
443	TCY	36
443	TYC	26
443	YCC	7
443	GCT	5
443	GCC	3
443	ACC	3
443	WCC	2
443	TCS	2
443	KCC	2
444	GAA	255889
444	AAA	29
444	KAA	12
444	GAC	3
445	GGT	256349
445	GTT	74
445	AGT	43
445	GKT	19
445	TGT	11
445	RGT	9
445	KGT	7
445	GGY	2
445	GAT	2
446	CTT	256419
446	TTT	39
446	CTC	19
446	YTT	13
446	ATT	10
446	CTG	8
446	CTW	7
446	CTY	5
447	AAT	254316
447	AAC	35
447	AAY	5
447	GAT	4
447	AGT	2
447	ACT	2
448	GAC	254215
448	AAC	2204
448	GAT	55
448	KAC	25
448	GAY	19
448	SAC	7
448	GGC	3
448	RAC	2
449	AAC	256587
449	AAT	34
449	GAC	20
449	AAY	4
450	CTT	256603
450	TTT	28
450	YTT	8
450	CTC	5
450	ATT	5
450	CTW	2
451	CTT	256536
451	TTT	108
451	CYT	16
451	YTT	13
451	CWT	3
451	ATT	2
452	GAA	256578
452	GGA	42
452	RAA	22
452	GAG	19
452	GCA	4
452	AAA	3
453	ATA	256285
453	ACA	70
453	GTA	15
453	AYA	7
453	ATG	2
453	AAA	2
454	CTC	255820
454	TTC	356
454	CTT	144
454	CTY	23
454	YTC	11
454	CGC	6
454	TTT	5
454	CWC	2
455	CAA	256053
455	CAC	90
455	CTA	14
455	CAT	13
455	CCA	13
455	CAG	8
455	CGA	6
455	ACT	6
455	YAA	5
455	MAA	4
456	AAA	256286
456	AAR	11
456	AAG	9
456	ATA	8
456	MAA	3
456	CAA	2
457	GAG	256249
457	GAR	14
457	GAT	8
457	GAA	6
457	RAG	4
457	KAG	3
457	AAG	3
457	GGG	2
457	GCG	2
458	AAA	256272
458	RAA	3
458	AAG	3
458	AAR	2
458	AAW	2
459	GTC	256203
459	GTT	9
459	GTY	5
459	RTC	3
460	AAC	256097
460	AAT	15
460	GAC	7
460	RAC	2
460	AAY	2
461	ATC	256024
461	ATT	52
461	GTC	29
461	ATY	6
461	ACC	5
461	AWC	2
462	AAT	256095
462	AAC	27
462	AAY	10
462	AMT	3
462	AWT	3
462	AAW	2
463	ATT	256073
463	GTT	9
464	GTT	256093
464	GTK	3
464	GTW	3
464	GTA	3
464	TTT	3
464	KTT	3
465	GGT	255905
465	GTT	144
465	GAT	16
465	TGT	9
465	GST	8
465	KGT	7
465	GKT	6
465	AGT	5
465	GGY	4
465	GGC	2
466	GAC	256004
466	AAC	58
466	GAT	31
466	TAC	11
466	GAY	8
466	GAA	7
466	GGC	7
466	GTC	2
467	TTT	256113
467	TTC	26
467	TTW	2
468	AAA	256075
468	GAA	5
468	WAA	2
468	RAA	2
469	CTT	256029
469	TTT	50
469	YTT	8
469	CTG	6
469	CTC	4
469	CTW	3
469	CYT	2
470	AAT	256069
470	AAC	28
470	GAT	9
470	ACT	7
470	AAY	5
470	RAT	3
471	GAA	256082
471	GAC	9
471	KAA	7
471	GAG	5
471	GCA	5
471	GAW	4
471	RAA	3
471	GGA	3
471	GMA	2
472	GAG	255984
472	GAT	52
472	GAA	29
472	GAK	7
472	AAG	3
473	ATC	255505
473	ATT	506
473	ATY	27
473	GTC	14
473	ACC	7
473	WTC	3
473	AYC	2
474	GCC	255960
474	GCT	30
474	ACC	25
474	KCC	11
474	GTC	9
474	GCY	8
474	GSC	4
474	RCC	3
474	TCC	2
474	GCM	2
475	ATT	255914
475	ATA	6
475	WTT	4
475	ATY	4
475	GAT	3
475	GTT	2
476	ATT	255866
476	GTT	19
476	ACT	12
476	ATA	6
476	ATC	6
477	TTG	255911
477	TTA	7
477	TTC	6
477	TTT	5
477	TTR	3
477	GTG	3
477	TTK	2
478	GCA	255929
478	GCG	13
478	KCA	8
478	GTA	4
478	GCT	3
478	TCA	2
478	ACA	2
479	TCT	255846
479	TCC	13
479	TTT	9
479	TCY	8
479	ACG	3
479	YCT	3
479	GCT	2
480	TTT	255939
480	CTT	11
480	TTC	10
480	YTT	7
480	GTT	3
480	TTY	3
481	TCT	255843
481	TYT	57
481	TTT	41
481	TCC	4
481	WCW	3
481	TCY	3
481	TAT	2
482	GCT	255893
482	GTT	93
482	TCT	35
482	GYT	8
482	GCA	7
482	KCT	3
483	TCC	255964
483	TCT	43
483	TAC	16
483	TYC	3
483	ACC	3
483	YCC	2
484	ACA	255991
484	GCA	19
484	ACG	12
484	ATA	10
484	ACW	8
484	AYA	2
485	AGT	255995
485	AAT	8
485	GGT	7
485	AKT	7
485	ARW	6
485	ATT	5
485	ART	5
485	WGT	4
485	AGC	3
485	AGA	3
485	TGT	3
485	AGY	3
486	GCT	255668
486	GTT	275
486	GYT	27
486	TCT	18
486	GCY	16
486	GCA	9
486	GCW	6
486	GCC	4
486	SCT	3
486	KCT	3
486	RCT	3
487	TTT	255855
487	TTC	8
487	GTT	6
487	TTY	4
487	YTT	4
487	CTT	3
487	TTA	2
488	GTG	255793
488	GTA	57
488	TTG	13
488	GTT	11
488	RTG	8
488	GTR	5
488	ATG	4
488	GCG	3
488	GTK	3
488	KTG	3
489	GAA	255740
489	RAA	83
489	GCA	23
489	AAA	14
489	GGA	6
489	GWA	3
489	GRA	3
489	GAG	2
489	GAR	2
490	ACT	255800
490	ATT	59
490	ACC	16
490	ACY	5
490	GCT	3
490	ACA	3
491	GTG	254793
491	GTT	968
491	ATG	36
491	GTR	29
491	GTC	20
491	GTK	12
491	GAG	4
491	RWR	3
491	GTA	3
491	RTG	2
491	GCG	2
491	GAA	2
492	AAA	255839
492	AAG	14
492	AGA	6
492	AAR	5
492	RAA	4
492	CAA	3
492	GAA	2
493	GGT	255754
493	GAT	45
493	AGT	16
493	GGC	13
493	KGT	9
493	GKT	6
493	TGT	4
494	TTG	255707
494	TTA	112
494	TCG	9
494	CTG	7
494	TTR	5
494	TTS	3
494	TTK	2
494	GTG	2
495	GAT	255659
495	GAC	11
495	GAY	9
495	AAT	7
495	RAT	3
496	TAT	255661
496	TAC	15
496	YAT	2
497	AAA	255623
497	AAG	12
497	AAR	4
497	AGA	3
497	AWA	3
497	ARA	2
498	GCA	254776
498	GTA	776
498	GYA	28
498	ACA	12
498	TCT	6
498	KCA	3
498	GAA	3
498	GCG	2
499	TTC	255583
499	TTT	12
499	TTY	4
499	TAC	3
499	TCC	2
499	TTM	2
499	CTC	2
500	AAA	255603
500	AAM	3
501	CAA	255701
501	AAA	8
501	CAG	8
501	YAA	7
501	CGA	2
502	ATT	255958
502	ATA	12
502	ATC	4
502	WTT	3
503	GTT	255970
503	KTT	21
503	TTT	10
503	GTY	6
503	GTC	5
503	ATT	3
503	RTT	3
504	GAA	255998
504	GAG	23
504	RAA	6
504	GWA	3
504	GGA	2
505	TCC	255962
505	TCT	48
505	TTC	32
505	CCC	10
505	TCY	5
505	TYC	2
505	YCC	2
506	TGT	256029
506	TTT	7
506	TAT	6
506	TGC	3
507	GGT	255999
507	AGT	7
507	KGT	5
507	TGT	4
507	SGT	3
507	GKT	3
507	GCT	2
508	AAT	256043
508	AAC	17
508	ACT	3
508	GAT	2
508	AAA	2
508	RRT	2
508	AGT	2
508	RAT	2
509	TTT	256073
509	TTW	3
509	TCT	2
509	TYT	2
510	AAA	256072
510	AAR	8
510	TAA	5
510	AGA	3
510	WAA	3
511	GTT	256051
511	GTC	10
511	GTY	9
511	GTA	7
511	ATT	5
511	GAT	3
511	GCT	2
512	ACA	255961
512	ATA	57
512	ACC	14
512	AAA	13
512	ACG	10
512	ACW	3
512	RCA	2
512	AYA	2
513	AAA	256049
513	AAR	15
513	AAG	7
513	ARA	3
513	ATA	3
513	AGA	3
514	GGA	256045
514	GGC	8
514	GRA	7
514	GGG	7
514	RGA	4
514	GAA	2
514	GGR	2
514	AGA	2
515	AAA	256094
515	AAR	11
515	AAG	5
515	ARA	5
515	GAA	3
515	AWA	3
516	GCT	255718
516	GTT	295
516	GCA	55
516	GCW	12
516	GYT	11
516	SCT	9
516	TTC	6
516	GCC	5
516	GMT	4
516	GAT	4
516	GCY	3
516	ACT	2
516	KCT	2
517	AAA	255199
517	AAG	14
517	AGA	9
517	ARA	4
517	RAA	3
518	AAA	256040
518	AAG	35
518	AAR	14
518	GAA	4
518	RAA	4
518	ARA	3
518	AGA	3
518	CAA	2
518	AAC	2
519	GGT	255229
519	AGT	715
519	TGT	49
519	RGT	42
519	GAT	9
519	GTT	7
519	AAT	6
519	GGC	5
519	GRT	3
520	GCC	255983
520	GTC	41
520	GCT	30
520	GYC	7
520	GCY	6
520	GCA	4
521	TGG	256057
521	TKG	6
521	YGG	3
521	WGG	3
521	TGR	2
522	AAT	256060
522	AAC	31
522	GAT	12
522	RAT	6
522	CAT	5
522	AAY	4
522	ART	3
522	AAW	3
522	ACT	3
522	AGT	2
523	ATT	256091
523	ACT	6
523	WTW	3
523	AKT	3
523	GTT	3
524	GGT	255902
524	GTT	116
524	GGC	25
524	AGT	19
524	GKT	18
524	GGY	7
524	GAT	4
525	GAA	256056
525	GAG	7
525	GGA	6
525	GWA	3
525	RAA	3
525	KAA	2
526	CAG	255887
526	CAT	78
526	CAA	39
526	CAR	12
526	CAC	12
526	AAG	11
526	CGG	6
526	CCA	6
526	YAG	2
527	AAA	255998
527	AAG	33
527	AAC	11
527	AAT	5
527	RAA	3
527	AAR	3
527	AWA	2
528	TCA	255987
528	CCA	25
528	TTA	15
528	TYA	9
528	TCC	7
528	GCA	6
528	YCA	4
528	TCG	4
528	TCT	3
528	TMA	3
529	ATA	256010
529	ACA	18
529	AYA	4
529	CTA	4
529	ATG	3
529	ATT	2
529	RTA	2
530	CTG	255964
530	TTG	32
530	YTG	14
530	CTT	9
530	ATG	3
530	CCG	3
530	CTK	2
530	CTA	2
531	AGT	255960
531	AGC	18
531	AAT	10
531	ATT	10
531	GGT	6
531	RGT	4
531	AGG	3
531	CGT	2
531	WGT	2
532	CCT	255945
532	TCT	13
532	CCG	11
532	CTT	7
532	YCT	4
532	CYT	2
532	CCC	2
533	CTT	255892
533	TTT	57
533	CTC	12
533	CYT	12
533	CTG	11
533	CGT	9
533	TTG	6
533	YTT	5
533	CAT	3
533	MTT	3
534	TAT	255970
534	TGT	48
534	TRT	4
535	GCA	255970
535	GTA	11
535	ACA	7
535	GCW	6
535	GCT	4
535	GCG	3
535	GYA	2
536	TTT	256035
536	KTT	8
536	TTK	6
536	TGT	5
536	GTT	5
536	TTY	5
536	TTG	4
536	TTC	3
536	CTT	2
537	GCA	256190
537	TCA	41
537	GTA	10
537	CCC	6
537	ACA	5
537	GCC	4
537	KCA	4
537	GYA	3
537	GCG	3
538	TCA	256212
538	TTA	67
538	TYA	19
538	CCA	19
538	TCR	15
538	TCT	6
538	ACA	4
538	TCG	3
538	TCW	3
538	TMA	2
539	GAG	256297
539	GAA	28
539	AAG	20
539	GAT	13
539	GAR	4
539	GTG	2
539	GGG	2
540	GCT	256061
540	GTT	212
540	GYT	50
540	KCT	10
540	ACT	7
540	GCC	7
540	RCT	5
540	GMT	5
540	TCT	4
540	SCT	2
541	GCT	256149
541	GTT	199
541	GYT	25
541	GCY	7
541	ACT	6
541	GCC	5
541	GMT	3
541	TCT	2
542	CGT	256324
542	CTT	37
542	CAT	20
542	TGT	12
542	CKT	9
542	YGT	4
542	CGG	3
543	GTT	256436
543	GTG	6
543	KTT	5
543	GTA	4
543	ATT	3
544	GTA	256318
544	KTA	49
544	ATA	13
544	TTA	4
544	GCA	3
545	CGA	256616
545	YGA	12
545	CKA	10
545	CGG	9
545	CGC	8
545	CAA	8
545	CGT	6
545	CTA	4
545	CSA	4
546	TCA	256612
546	TCW	16
546	YCA	15
546	TYA	9
546	TCT	7
546	TCC	6
546	GCC	6
546	CCA	6
546	TMA	4
546	TTA	3
547	ATT	256582
547	GTT	85
547	WTT	12
547	ACT	10
547	ATC	5
547	RTT	3
547	TTT	2
547	CTT	2
548	TTC	256544
548	TTT	73
548	CTC	46
548	TTY	8
548	TCC	7
548	GTC	6
548	YTC	4
548	TYC	4
548	TTA	2
549	TCC	255458
549	TCT	1040
549	TTC	81
549	TCY	51
549	GCC	18
549	TCA	14
549	TYC	12
549	TCM	7
549	ACC	5
550	CGC	256509
550	CAC	49
550	CGT	43
550	TGC	40
550	YGC	9
550	CRC	6
550	CGY	5
550	MGC	4
550	CTC	4
550	CGM	3
551	ACT	255930
551	ATT	474
551	ACC	209
551	GCT	7
551	AYT	2
552	CTT	256617
552	TTT	27
552	YTT	10
552	ATT	5
552	CTW	3
552	CYT	3
553	GAA	256662
553	RAA	22
553	GAR	3
553	GAG	2
554	ACT	255990
554	ACC	550
554	ATT	11
554	CCT	7
554	ACY	6
554	AYT	5
554	ACW	4
554	GCT	2
554	AMT	2
554	ACA	2
555	GCT	256494
555	GTT	57
555	GYT	7
555	GCC	4
555	GCW	4
555	KCT	3
555	ACT	3
555	GCY	3
555	GCG	2
556	CAA	256541
556	YAA	12
556	MAA	10
556	AAA	10
556	CGA	4
556	CAW	2
556	CAR	2
556	CTA	2
557	AAT	256379
557	AAC	192
557	CAC	13
557	AGT	9
557	AAY	4
557	GAT	3
557	RAT	2
558	TCT	256450
558	TTT	68
558	TYT	20
558	TCA	8
558	CCT	7
558	GCT	4
558	TAT	3
558	TCW	3
558	TCC	3
558	TMT	3
559	GTG	256404
559	GTT	128
559	GCG	8
559	ATG	7
559	GGG	5
559	GTK	4
559	KTG	3
559	GYG	2
560	CGT	255493
560	TGT	66
560	CAT	32
560	YGT	10
560	CTT	9
560	CGC	7
560	CKT	3
560	CGG	3
560	MGT	2
560	CGK	2
561	GTT	253009
561	GCT	2276
561	GYT	213
561	TTT	37
561	GTC	14
561	KTT	11
561	ATT	4
561	GGT	3
561	GTY	2
562	TTA	255656
562	TTG	9
562	CTA	8
562	TTT	6
562	YTA	4
563	CAG	255529
563	CAA	40
563	CAR	18
563	CAT	8
563	CRG	5
563	YAG	4
563	CGG	3
563	GAG	3
564	AAG	255162
564	AAT	74
564	AAA	37
564	CAG	22
564	MAG	9
564	AAK	7
564	AAR	6
565	GCC	254452
565	GCT	163
565	GTC	104
565	GCY	46
565	GYC	7
565	RCC	6
565	ACC	3
565	KCC	2
566	GCT	254709
566	GTT	46
566	ACT	10
566	KCT	10
566	GYT	5
566	GCW	3
567	ATA	254679
567	ATT	6
567	AHA	6
567	ACA	5
567	ATR	5
567	AWA	4
567	CAA	3
567	ATW	3
567	AYA	2
568	ACA	254190
568	ATA	349
568	AYA	24
568	ACT	7
568	GCA	4
568	AMA	3
569	ATA	254800
569	ACA	16
569	ATT	14
569	ATG	2
569	ATR	2
570	CTA	254723
570	TTA	101
570	CTT	8
570	CTG	6
570	YTA	5
570	MTA	4
571	GAT	254823
571	GAC	14
571	GGT	12
571	TAT	5
571	GAA	5
571	RAT	3
571	AAT	3
571	GTT	2
571	GAY	2
572	GGA	254701
572	GAA	116
572	GKA	6
572	AGA	5
572	GGW	5
572	GRA	4
572	GGG	4
572	GTA	3
572	RGA	3
572	SGA	3
572	KGA	2
572	GGT	2
573	ATT	254898
573	GTT	25
573	ACT	23
573	WTT	9
573	AYT	5
573	ATC	3
574	TCA	252924
574	TCG	2002
574	TCR	27
574	GCA	22
574	TYA	4
574	TCW	3
575	CAG	254860
575	CGG	25
575	CAT	14
575	CRG	5
575	YAG	5
576	TAT	254954
576	TGT	16
576	TAC	13
576	CAT	5
576	TAY	4
576	TWT	3
577	TCA	254973
577	WCA	17
577	YCA	6
577	TYA	2
577	TCC	2
578	CTG	254960
578	TTG	63
578	YTG	14
578	CTT	10
578	CTC	6
578	CAG	5
578	CWG	4
578	CYG	3
578	ATG	3
578	CTK	2
579	AGA	254981
579	AAA	17
579	AKA	13
579	RGA	7
579	ATA	6
579	GGA	6
579	ASA	6
579	CGA	5
579	AGR	4
579	AGG	3
579	AGT	3
579	ACA	2
579	AGC	2
580	CTC	254692
580	TTC	280
580	CTT	64
580	YTC	28
580	TTG	6
580	STC	3
580	CYC	3
580	CTY	2
581	ATT	255098
581	WTT	4
581	CTT	2
581	ATC	2
581	ATY	2
581	RTT	2
582	GAT	255117
582	AAT	12
582	KAT	5
582	GAK	3
582	GAC	2
583	GCT	255133
583	GTT	14
583	GYT	5
583	GAT	3
583	GCC	3
583	GCK	3
584	ATG	255105
584	GTG	72
584	RTG	18
584	ACG	5
584	ATS	2
584	WTG	2
585	ATG	254992
585	GTG	190
585	ATA	11
585	TTG	6
585	MTG	2
585	RTG	2
586	TTC	255160
586	TTT	17
586	TTY	8
586	TCC	3
586	CTC	2
587	ACA	255071
587	ACR	36
587	ATA	14
587	GCA	10
587	ACG	8
587	AYA	5
587	ACW	3
588	TCT	255176
588	TCC	15
588	TTT	14
588	TYT	12
588	TCA	11
588	GCT	3
588	TCW	3
589	GAT	255158
589	GGT	34
589	GAA	7
589	GAC	6
589	KAT	5
589	GCT	5
589	GAY	2
590	TTG	254706
590	TTT	462
590	TTA	23
590	TTK	10
590	CTT	6
590	TTS	3
590	YTG	2
590	TTR	2
591	GCT	254608
591	KCT	351
591	GTT	120
591	TCT	111
591	GYT	13
591	SCT	6
591	ACA	6
591	ACT	5
591	GCW	3
591	GAT	3
591	GMT	3
591	RCT	2
591	GCC	2
592	ACT	255099
592	ATT	81
592	AYT	10
592	ACC	10
592	ACY	8
592	ACA	6
592	CCT	2
593	AAC	255193
593	AAT	23
593	GAC	17
593	AAY	7
593	ARC	6
593	AAA	4
594	AAT	255217
594	AAC	10
594	AGT	9
594	AAY	8
594	WAT	4
594	AMT	2
594	TAT	2
595	CTA	255188
595	TTA	49
595	CTT	7
595	ATC	6
595	YTA	5
595	CCA	5
595	ATA	2
595	CTG	2
596	GTT	255232
596	ATT	23
596	GTA	8
596	GYT	6
596	CTT	4
596	TTT	2
596	STT	2
596	RTT	2
597	GTA	255212
597	GTG	13
597	GWA	8
597	ATA	5
597	KTA	3
597	GYA	3
598	ATG	255174
598	ATA	31
598	GTG	18
598	AAG	18
598	ACG	9
598	ATT	7
598	ATR	3
598	RTG	2
599	GCC	254821
599	GCT	286
599	GTC	80
599	GCY	34
599	GYC	18
599	GCA	13
599	KCC	5
599	SCC	4
599	GYT	3
599	GMC	3
600	TAC	255207
600	TAT	40
600	TAY	8
600	TGC	3
600	TWC	3
600	AAT	3
601	ATT	255294
601	ATC	7
601	GTT	6
601	GTC	5
601	ACT	4
601	AYT	3
601	AGT	3
602	ACA	255146
602	ATA	148
602	ACG	4
602	ACR	3
602	RCA	3
603	GGT	255198
603	AGT	20
603	GGY	4
603	TGT	4
603	GRT	3
603	GAT	3
603	GKT	3
603	GST	3
603	RGT	2
604	GGT	255193
604	AGT	12
604	GGC	11
604	GGY	9
604	GKT	6
604	GGK	4
604	KGT	4
604	GAT	3
604	RGT	2
604	GST	2
605	GTT	255240
605	TTT	9
605	ATT	8
605	KTT	7
605	GCT	6
605	RTT	4
605	GYT	4
605	GTC	3
605	GTW	3
606	GTT	255169
606	KTT	58
606	GTC	12
606	ATT	11
606	GTA	7
606	GYT	5
606	GTG	5
606	GTY	4
606	TTT	3
606	RTT	2
607	CAG	255000
607	CAT	234
607	CAA	22
607	CAK	9
607	YAG	9
607	CAR	3
607	CRG	2
608	TTG	255201
608	YTG	45
608	ATG	12
608	TTA	12
608	TTR	6
608	TYG	4
608	TTS	4
608	WTG	4
608	TTK	3
608	TTT	3
608	CTG	2
609	ACT	255058
609	ATT	134
609	AYT	48
609	ACA	7
609	ACC	7
609	ACY	5
609	ACK	4
609	ACG	2
610	TCG	254870
610	TTG	220
610	TYG	93
610	TCT	33
610	TCA	19
610	ACA	6
610	TCR	6
610	TCC	2
611	CAG	255226
611	CTG	14
611	YAG	7
611	CAA	6
611	CAS	3
611	CAR	3
611	CAK	3
611	CAT	2
611	CRG	2
611	CGG	2
612	TGG	255116
612	TGK	83
612	TTG	17
612	TKG	4
612	TGS	4
612	TGT	4
612	WGG	3
612	TSG	3
612	TRG	2
613	CTA	255160
613	TTA	49
613	CTG	22
613	CTT	12
613	YTA	6
613	CTR	3
613	CYA	3
614	ACT	255078
614	ATT	136
614	AYT	43
614	ACA	7
614	ACC	7
614	ACY	7
615	AAC	254963
615	AAT	257
615	AAY	26
615	AAA	11
615	AGC	10
615	AWC	3
616	ATC	254823
616	ATT	384
616	ATY	47
616	ACC	5
616	AYC	3
616	ATA	3
617	TTT	255164
617	TTA	50
617	YTT	11
617	CTT	10
617	TTG	4
617	TKT	3
617	TTC	2
617	TTW	2
618	GGC	255260
618	TGC	18
618	GGT	15
618	GAC	13
618	AGC	9
618	GCC	4
618	KGC	3
618	GRC	2
619	ACT	255276
619	ATT	4
619	TCT	2
619	AYT	2
619	AMT	2
620	GTT	255299
620	GYT	18
620	GCT	16
620	GTG	6
620	ATT	5
620	GTC	4
620	GTY	3
621	TAT	255216
621	TGT	80
621	TAC	31
621	TAY	5
621	CAA	4
621	TWT	3
622	GAA	255120
622	RAA	18
622	GTA	14
622	AAA	5
622	KAA	3
622	GAG	2
622	GGA	2
623	AAA	255229
623	CAA	17
623	AAG	15
623	GAA	7
623	RAA	4
623	AWA	3
624	CTC	255208
624	CTT	15
624	TTC	14
624	CTY	12
624	YTC	7
624	TTG	6
624	ATC	5
624	CTS	3
624	YTY	3
624	CTA	2
625	AAA	255219
625	AAG	12
625	ARA	7
625	AGA	6
625	GAA	3
625	ACA	2
626	CCC	254705
626	CCT	376
626	CTC	52
626	CCY	11
626	YCC	9
626	TCC	8
626	MCC	6
626	CYC	4
626	ACC	3
626	CCM	3
627	GTC	255082
627	TTC	103
627	GTT	37
627	ATC	16
627	KTC	15
627	ATT	12
627	GYC	7
627	RTC	6
627	GTY	5
627	GAC	3
627	GKC	2
628	CTT	255250
628	TTT	41
628	CTC	15
628	CYT	6
628	YTT	5
628	CTA	4
628	CTG	4
628	CKT	3
628	CTY	3
629	GAT	255257
629	GGT	23
629	GAC	13
629	GAG	7
629	GAA	6
629	AAT	6
629	GCT	6
629	TAT	5
629	KAT	3
629	GMT	3
629	GRT	3
629	RAT	2
629	GAY	2
630	TGG	255125
630	CGG	42
630	TGT	39
630	AGG	24
630	TGK	10
630	TGS	6
630	YGG	6
630	TKG	5
630	TSG	4
630	WGG	2
630	TCG	2
631	CTT	255157
631	TTT	49
631	CTC	14
631	YTT	10
631	CTY	7
631	CKT	3
631	CYT	2
631	MTT	2
632	GAA	254861
632	GAG	271
632	GGA	13
632	GAR	5
632	GCA	3
633	GAG	254645
633	GAA	174
633	GAT	105
633	GAC	99
633	GWG	33
633	GTG	16
633	GAK	10
633	GAR	5
633	KAG	4
633	GGG	4
633	GRG	3
634	AAG	255064
634	GAG	35
634	AAT	21
634	AAA	11
634	AGG	8
634	AAK	6
635	TTT	255120
635	TTC	14
635	TKT	3
635	WTT	3
635	TTY	3
635	CTT	2
636	AAG	255068
636	AAA	42
636	GAG	4
636	AAT	4
636	AGG	3
636	AAR	2
636	ARG	2
637	GAA	254882
637	GAG	10
637	KAA	7
637	AAA	7
637	GAT	4
638	GGT	254862
638	GGG	8
638	AGT	6
638	KGT	6
638	GGA	4
638	TGT	4
638	SGT	3
638	GGC	2
638	RGT	2
638	GGK	2
639	GTA	254820
639	ATA	13
639	GTT	6
639	KTA	5
639	GTG	5
639	GWA	3
639	TTT	2
639	GTR	2
639	STA	2
640	GAG	254911
640	AAG	23
640	GGG	8
640	GAK	5
640	GAA	4
640	KAG	3
640	GRG	3
641	TTT	254521
641	YTT	5
641	TGT	5
641	ATT	3
641	TTY	2
642	CTT	254790
642	TTT	207
642	YTT	22
642	ATT	11
642	CYY	3
642	CTA	3
642	CTY	2
642	CAT	2
643	AGA	255057
643	AAA	7
643	AGG	6
643	AAG	6
643	AGR	3
643	AKA	2
643	ATA	2
643	RGA	2
644	GAC	254929
644	GAT	60
644	GCC	20
644	GAY	5
644	GAM	3
644	SAC	3
644	KAC	2
644	GGC	2
645	GGT	255120
645	AGT	30
645	TGT	22
645	RGT	11
645	GGY	3
645	GGC	3
645	KGT	2
646	TGG	255465
646	TGT	9
646	TKG	4
646	CGG	4
646	AGG	2
646	TTG	2
646	YGG	2
647	GAA	255519
647	GAG	12
647	GGA	9
647	GAC	7
647	RAA	5
647	GRA	4
647	GCA	3
647	GWA	3
648	ATT	256456
648	GTT	16
648	ATY	5
648	ACT	3
648	RTT	2
649	GTT	256446
649	TTT	23
649	GCT	9
649	ATT	9
649	KTT	8
649	GTA	6
649	GTW	3
649	GYY	3
649	GTC	3
649	GTY	2
650	AAA	256485
650	AAG	22
650	GAA	3
650	WAA	2
650	AGA	2
651	TTT	256512
651	TTC	13
651	TTY	9
651	WTT	7
651	CTT	5
652	ATC	256563
652	ATT	22
652	GTC	14
652	AYC	7
652	ATA	4
652	ATY	3
652	RTC	2
652	AGC	2
652	ACC	2
653	TCA	256581
653	TYA	10
653	TTA	8
653	ACA	7
653	CCA	7
653	KCA	3
653	TMA	2
653	TCR	2
653	TCG	2
654	ACC	256401
654	ACT	219
654	GCC	10
654	ACA	6
654	RCC	3
654	AMC	3
654	ACY	3
654	ATC	2
655	TGT	256540
655	CGT	20
655	TKT	12
655	TAT	8
655	YGT	3
655	TGY	3
655	GGT	3
655	TGC	2
656	GCT	256304
656	GTT	226
656	GYT	15
656	KCT	12
656	TCT	7
656	SCT	7
656	GCC	6
656	GAT	3
657	TGT	256452
657	TAT	12
657	TKT	9
657	TTT	6
657	TGC	5
657	TST	4
657	TRT	2
658	GAA	256401
658	GTA	24
658	RAA	10
658	GAG	5
658	GGA	4
658	AAA	3
658	GRA	2
658	GAC	2
659	ATT	256356
659	GTT	16
659	AYT	8
659	ATC	6
659	CTT	3
659	TTT	3
659	AGT	2
659	WTT	2
659	ACT	2
660	GTC	255819
660	GCC	154
660	GTT	50
660	ATT	6
660	GTY	5
660	ATC	3
660	GTA	2
660	GTM	2
661	GGT	255534
661	GKT	122
661	AGT	40
661	TGT	7
661	RGT	6
661	GGW	4
661	KGT	2
662	GGA	255625
662	GGG	48
662	GKA	39
662	AGA	7
662	GGR	4
662	GTA	3
662	SGA	2
663	CAA	255606
663	AAA	24
663	CGA	22
663	CRA	10
663	CAG	8
663	CAW	4
663	CAM	2
663	MAA	2
664	ATT	255655
664	CTT	9
664	GTT	7
664	ATY	6
664	ATC	4
664	WTT	2
665	GTC	255144
665	ATC	242
665	GTA	7
665	GTT	7
665	RTC	6
665	GYC	5
665	GCC	4
665	GTY	3
665	KTC	2
666	ACC	255267
666	ACT	11
666	ACA	6
666	ATC	5
666	AYC	5
666	GCA	5
666	RCC	3
667	TGT	254339
667	TGC	14
667	CGT	9
667	TGY	6
667	TKT	6
667	TAT	5
667	TTC	5
667	GGT	3
667	TGG	2
667	TRT	2
668	GCA	254307
668	GTA	134
668	GCT	18
668	GAA	10
668	GMA	8
668	KCA	6
668	GCR	6
668	ACC	5
668	GYA	4
668	TCA	2
668	ACA	2
668	SCA	2
669	AAG	254282
669	AAT	43
669	GAG	9
669	AGG	8
669	AAA	6
669	ACT	6
669	ARG	5
669	AAR	4
669	AAK	3
669	RAG	3
670	GAA	254287
670	AAA	24
670	RAA	14
670	GAG	11
670	GCA	10
670	GAR	4
670	GGA	2
670	KAA	2
670	GRA	2
671	ATT	254357
671	WTT	9
671	GTT	8
671	ACT	8
671	CTT	7
671	ATC	4
672	AAG	254327
672	AAA	26
672	AAT	9
672	RAG	5
672	AAS	5
672	AAK	4
672	AAR	2
673	GAG	253800
673	AAG	583
673	GAA	33
673	GAC	6
673	RAG	5
673	GRG	4
673	KAG	4
674	AGT	254315
674	AAT	89
674	WGT	5
674	RGT	5
674	AKT	4
674	AGC	3
674	ATT	3
674	GGT	2
675	GTT	254503
675	GCT	15
675	ATT	15
675	GTC	10
675	GTY	7
675	GTG	7
675	GTK	4
675	TTT	2
676	CAG	254333
676	CCG	208
676	CAT	31
676	CAA	13
676	YAG	9
676	AAG	6
676	CAK	5
676	TAG	3
676	CAS	2
676	GAG	2
677	ACA	254549
677	AAA	10
677	ATA	5
678	TTC	254491
678	TTT	84
678	TTY	10
678	TCC	2
679	TTT	254630
679	TTC	7
679	CTT	4
679	TCT	4
679	TYT	3
679	KTT	3
679	TTW	3
679	YTT	3
680	AAG	254449
680	AAT	173
680	AAK	15
680	AAA	7
680	GAG	6
680	AAS	5
680	WAG	4
680	ARG	3
681	CTT	254418
681	TTT	180
681	YTT	11
681	CTG	6
682	GTA	254578
682	TTA	11
682	GTT	6
682	GTG	3
682	KTA	3
682	ATA	3
682	GWA	3
682	GCA	2
683	AAT	254525
683	AAC	18
683	AGT	6
683	AAW	3
684	AAA	254618
684	AAT	10
684	AAG	7
684	AAW	6
684	RAA	5
684	WAA	4
684	AAR	3
685	TTT	254566
685	TCT	48
685	CTT	6
685	TTC	6
685	YTT	4
685	TTY	3
685	WTT	2
686	TTG	254607
686	CTT	6
686	CTA	6
686	TTR	5
686	TTK	4
686	WTG	3
686	TCG	3
686	TTT	3
686	TTC	2
686	YTG	2
686	TYG	2
687	GCT	254540
687	GTT	52
687	ACT	25
687	GYT	7
687	TCT	5
687	GSY	3
687	GCY	3
687	KCT	2
687	GCC	2
687	GCA	2
687	GCK	2
688	TTG	254623
688	CTG	17
688	TTA	8
688	CTT	6
688	GTG	4
688	YTG	3
688	KTG	2
688	TTK	2
689	TGT	254605
689	GGT	53
689	TAT	5
689	TKT	4
689	TGY	3
689	TGC	2
689	KGT	2
689	TTT	2
690	GCT	254545
690	GTT	91
690	GYT	21
690	KCT	6
690	GMT	3
690	GCC	3
691	GAC	254615
691	GAT	22
691	TAC	4
692	TCT	254452
692	TCC	35
692	TTT	33
692	TCY	4
692	ACT	3
692	WCT	2
692	TYT	2
693	ATC	254416
693	GTC	109
693	ACC	7
693	AYC	3
693	ATS	3
693	ATM	2
693	ATY	2
694	ATT	254527
694	GTC	6
694	ATY	5
694	GTT	4
694	TTT	3
694	ATC	2
695	ATT	254504
695	GTT	5
695	WTT	4
695	AYT	2
696	GGT	254475
696	GGC	4
696	RGT	4
696	AGT	3
696	GGW	3
696	TGT	2
697	GGA	254426
697	GGG	15
697	AGA	10
697	GGT	6
697	KGA	4
697	GGC	2
698	GCT	254437
698	GTT	32
698	GCC	6
698	GCA	6
698	GCY	5
698	ACT	3
698	GYT	2
698	GST	2
698	GAT	2
699	AAA	254501
699	AGA	3
699	WAA	3
699	AAG	3
699	RAA	2
700	CTT	254506
700	CTC	9
700	YTT	7
700	TTT	6
700	CTW	2
701	AAA	254394
701	AAC	22
701	AAG	7
701	AAT	4
702	GCC	254416
702	GTC	40
702	GCT	28
702	GCY	5
702	ACC	3
702	TCC	3
703	TTG	254504
703	GTG	9
703	TAA	3
703	TTA	2
704	AAT	254513
704	CAT	21
704	AAC	11
704	AGT	4
704	AGC	3
704	RAT	3
704	GAT	2
705	TTA	254543
705	TTG	32
705	ATA	4
705	WYA	3
706	GGT	254358
706	KGT	128
706	TGT	16
706	GKT	7
706	GGA	6
706	SGT	4
706	GRT	3
706	GGG	3
706	GAT	3
706	AGT	3
706	GGC	3
707	GAA	254493
707	RAA	22
707	GGA	12
707	GAG	5
707	GAW	4
707	AAA	4
707	GAM	3
707	GAC	2
707	CAA	2
708	ACA	254397
708	ATA	106
708	AYA	21
708	ACG	9
708	ACC	6
708	ASA	4
708	GCA	3
708	ACW	3
708	ACR	2
709	TTT	254577
709	TTC	4
709	TCT	4
709	CTT	3
710	GTC	254482
710	GTT	66
710	ATC	29
710	GTY	11
710	GCC	9
710	ATT	8
710	KTC	8
710	GTA	6
710	GYC	2
710	RTC	2
711	ACG	254527
711	ACA	21
711	GCA	12
711	ATG	12
711	ACT	7
711	GCG	6
711	ACR	6
711	AYG	4
711	ACK	3
712	CAC	254456
712	TAC	96
712	CAT	31
712	CAY	5
712	CAA	4
712	CTC	3
713	TCA	254601
713	TCT	26
713	TCC	6
713	TMA	4
713	TCG	4
713	TCR	4
713	RCA	3
713	ACA	3
713	YCA	3
713	TTA	3
713	TCW	2
714	AAG	254536
714	AAA	43
714	AAT	25
714	ARG	12
714	AGA	6
714	AAK	6
714	AGG	5
714	AAS	2
715	GGA	254424
715	GGG	140
715	GKA	4
715	KGA	2
716	TTG	254539
716	TTA	7
716	CTC	7
716	TTK	5
716	KTG	2
717	TAC	250229
717	TAT	4370
717	TAY	24
717	WAC	3
717	TWC	2
718	AGA	254572
718	AAA	13
718	ARA	8
718	AGG	3
718	WGA	3
718	GGA	2
719	AAG	254583
719	AGG	16
719	ARG	10
719	AAA	6
719	AAK	5
719	CAG	4
719	AAS	3
719	AAT	2
720	TGT	254452
720	TTT	15
720	TAT	10
720	TKT	9
720	TGY	4
720	YGT	4
720	TGC	2
721	GTT	254387
721	ATT	24
721	GTC	8
721	GTG	6
721	STT	3
721	GTW	3
722	AAA	254373
722	ACA	29
722	AAG	24
722	ARA	3
722	AGA	2
722	AAR	2
723	TCC	254234
723	TCT	87
723	CCC	37
723	TTC	28
723	TCY	12
723	YCC	7
723	TAC	5
723	TYC	4
723	TCS	3
724	AGA	254374
724	GGA	20
724	AAA	8
724	AKA	7
724	AGG	5
724	RGA	4
725	GAA	254336
725	GAG	26
725	GGA	11
725	KAA	6
725	AAA	4
725	SAA	3
725	GRA	3
725	GMA	2
725	GCA	2
726	GAA	254258
726	AAA	29
726	RAA	23
726	GAC	6
726	GAG	4
726	GCA	3
726	GGA	2
726	GAR	2
726	SAA	2
727	ACT	254274
727	ATT	187
727	AYT	33
727	ACC	7
727	TCT	6
727	ACA	5
727	AAT	3
727	ACY	3
727	RCT	2
728	GGC	254161
728	TGC	219
728	GAC	49
728	GGT	41
728	AGC	20
728	GTC	16
728	KGC	5
728	RGC	5
728	GRC	4
728	GGY	3
728	GSC	3
729	CTA	254458
729	TTA	34
729	YTA	14
729	CAA	3
729	CTG	3
729	CTW	3
729	CTR	2
729	CTT	2
730	CTC	253987
730	CTT	338
730	TTC	147
730	CTY	60
730	CCC	23
730	YTC	12
730	CYC	5
730	CGC	2
730	CKC	2
731	ATG	254447
731	ATT	50
731	ATS	12
731	ATC	5
731	ATK	5
731	ATA	4
731	ATR	3
731	AYG	2
731	TTG	2
732	CCT	254424
732	TCT	38
732	YCT	5
732	CCC	4
732	CCY	4
732	CCA	3
732	CYT	2
733	CTA	254377
733	TTA	48
733	YTA	9
733	CTG	8
733	ATA	8
733	CTW	3
733	CTR	3
733	CYA	3
733	CGA	3
734	AAA	254455
734	AGA	14
734	AAR	7
734	AWA	3
734	AAC	2
734	AAG	2
735	GCC	254265
735	GCT	77
735	SCC	22
735	GTC	17
735	GCY	14
735	ACC	11
735	GCA	10
735	GYC	7
735	KYC	3
735	RCC	3
735	CCC	2
736	CCA	254358
736	CCG	30
736	TCA	16
736	CCM	9
736	CCT	8
736	YCA	6
736	CYA	2
736	CTA	2
736	ACA	2
737	AAA	254402
737	AGA	28
737	AAR	12
737	AAG	4
737	AAM	3
737	GAA	2
737	ATA	2
738	GAA	254414
738	AAA	17
738	RAA	16
738	GRA	2
739	ATT	251854
739	GTT	2558
739	RTT	42
739	ATC	8
739	ATW	4
739	MTT	3
739	ATY	3
739	AYY	3
740	ATC	254286
740	ATT	131
740	ATY	37
740	ACC	15
740	GTT	5
740	GTC	4
740	ATS	2
740	AYC	2
741	TTC	254056
741	TTT	382
741	TTY	29
741	YTC	4
741	ATC	3
741	TCC	2
742	TTA	254401
742	CTA	51
742	TTG	12
742	YTA	8
742	CTT	7
742	TTR	5
743	GAG	254387
743	GAA	22
743	GAT	19
743	GRG	4
743	GAK	3
743	GGG	3
743	GAR	2
743	GTG	2
743	KAG	2
744	GGA	254426
744	GGG	21
744	KGA	5
744	GGT	4
744	RGA	3
744	GKA	2
745	GAA	254439
745	RAA	14
745	GGA	13
745	AAA	8
745	GRA	5
745	GAG	4
745	GCA	2
745	KAA	2
746	ACA	254501
746	GCA	26
746	ACT	6
746	ATA	3
746	ACG	3
747	CTT	254473
747	CTC	17
747	TTT	9
747	TTG	6
747	YTT	6
747	MTT	4
747	ATT	2
747	CYT	2
747	CAT	2
748	CCC	253993
748	CCT	379
748	CTC	243
748	TCC	35
748	CYC	16
748	CCY	9
748	CAC	7
748	YCC	4
748	CCG	2
749	ACA	254646
749	GCA	28
749	AYA	14
749	ACG	8
749	RCA	8
749	ATA	6
749	ACC	3
749	WCA	2
749	ACR	2
749	ACT	2
749	TCA	2
750	GAA	254816
750	GAG	6
750	KAA	6
750	GGA	4
750	AAA	4
751	GTG	254945
751	GTT	29
751	TTG	26
751	GTA	15
751	GKG	4
751	GTK	3
751	GYG	2
751	ATG	2
752	TTA	255031
752	TTR	7
752	TTG	7
752	CTT	6
753	ACA	254720
753	ATA	289
753	AYA	21
753	GCA	12
753	TCA	6
753	ACG	5
754	GAG	254602
754	GAT	117
754	GCG	62
754	GAA	43
754	GGG	37
754	AAG	9
754	GAK	5
754	GAR	3
755	GAA	255041
755	AAA	32
755	GGA	5
755	GAC	4
755	SAA	2
755	GAG	2
756	GTT	255629
756	GTC	17
756	GTA	11
756	TTT	10
756	KTT	2
757	GTC	255279
757	GTT	314
757	TTC	28
757	ATC	17
757	GTY	16
757	KTC	11
757	ATA	6
757	ATT	5
757	GTS	4
757	GTM	3
757	GYC	2
758	TTG	255585
758	GTG	109
758	CTG	18
758	TTR	7
758	CTA	6
758	KTG	3
759	AAA	255732
759	RAA	6
759	AAG	3
759	ARA	2
760	ACT	255674
760	AAT	8
760	ATT	6
760	GCT	5
760	ACY	2
760	AYT	2
761	GGT	255682
761	GAG	3
761	RGT	3
761	GST	3
762	GAT	255582
762	AAT	35
762	GGT	25
762	GAA	12
762	GAC	11
762	GCT	5
762	GAY	5
762	TAT	2
762	KAT	2
763	TTA	255676
763	TTG	21
763	TTR	3
763	KTA	3
763	TTW	3
764	CAA	255617
764	YAA	11
764	CGA	3
765	CCA	252828
765	TCA	2719
765	YCA	49
765	CTA	14
765	CCG	7
765	CCW	5
765	CYA	3
765	TTA	2
766	TTA	255655
766	CTA	7
766	CTT	6
766	CTG	5
766	YYA	3
766	TTG	3
766	TCA	2
766	YTA	2
767	GAA	255661
767	GAG	7
767	GGA	3
767	SAA	2
768	CAA	252366
768	CGA	64
768	YAA	6
768	GAA	6
768	CTA	4
768	CAR	2
768	CCT	2
769	CCT	252380
769	TCT	66
769	CAT	17
769	CTT	12
769	YCT	10
769	CCA	7
769	CCC	5
769	CYT	4
769	GTC	2
770	ACT	251409
770	ACG	974
770	ATT	44
770	ACK	8
770	ACA	8
770	AYT	7
770	CCT	7
770	ACC	2
770	TCT	2
771	AGT	251089
771	TGT	209
771	AGC	12
771	ATT	7
771	AAT	7
771	WGT	7
771	GCA	6
771	AKT	5
771	ART	3
771	AGY	3
771	TAT	2
771	GGT	2
772	GAA	250634
772	CAG	6
772	GAC	4
772	GAR	3
772	GAM	3
772	AAA	3
772	GCT	2
772	GWA	2
772	TGT	2
772	KAA	2
773	GCT	249592
773	GTT	24
773	GCA	21
773	GYT	8
773	GCY	6
773	KCT	3
773	ACT	2
773	GTC	2
773	CTC	2
774	GTT	248578
774	RTT	18
774	TTT	12
774	ATT	10
774	GTY	7
774	GTC	7
774	GCT	4
774	TCT	2
774	GYT	2
774	TTA	2
775	GAA	248499
775	GAG	15
775	GGA	13
775	GAT	12
775	GAR	6
775	GRA	4
775	KAA	4
775	AAA	4
775	GAM	3
775	SAA	2
775	TAT	2
776	GCT	248141
776	GTT	20
776	GCC	16
776	GCY	12
776	ACT	8
776	GTA	6
776	GAT	4
776	GYT	3
776	GGT	3
776	TCT	3
776	ACA	3
776	GCH	3
776	KCT	2
777	CCA	248318
777	TCA	42
777	CCG	11
777	CTA	6
777	YCA	6
777	CCC	6
777	ACA	6
777	CCR	5
777	CYA	4
777	ACC	3
778	TTG	248392
778	TTT	11
778	CTC	7
778	CTA	6
778	CTG	5
778	TTS	4
778	TTK	2
778	TTR	2
778	TTA	2
779	GTT	248471
779	TTT	12
779	GTA	10
779	GTG	8
779	GTC	8
779	ATT	5
779	GTY	4
779	GYT	2
780	GGT	248173
780	GKT	291
780	GTT	66
780	GGC	6
780	GST	5
780	KGT	4
780	GGY	4
780	RGT	2
780	GRT	2
781	ACA	248498
781	ATA	89
781	ACG	8
781	AYA	6
781	ACW	4
781	ACR	4
781	AAA	3
781	RCA	3
782	CCA	248704
782	CYA	7
782	CTA	7
782	TCA	3
782	YCA	3
782	CCT	2
783	GTT	248754
783	GTC	4
783	ATT	3
784	TGT	248832
784	TKT	21
784	TGY	9
784	TGC	8
785	ATT	248898
785	GTT	36
785	RTT	11
785	ATC	6
785	ATA	5
785	WTT	4
785	ATK	3
785	AYT	3
785	AKT	3
785	MTT	3
785	ATY	2
786	AAC	248765
786	AAT	52
786	AAY	16
786	GAC	11
786	ARC	4
786	AAA	4
786	MAC	3
786	AAS	2
787	GGG	248739
787	GGA	29
787	GGT	7
787	GAG	4
787	GRG	4
787	GGS	3
787	GGK	2
787	AGG	2
788	CTT	248994
788	CCT	8
788	TTT	7
788	CYT	6
788	TTA	6
788	CTA	3
788	CTC	3
789	ATG	249026
789	ATT	43
789	ATK	9
789	GTG	4
789	TTT	3
789	AWG	3
789	ATS	3
789	ATR	2
790	TTG	248629
790	TTA	11
790	CTG	9
790	TTK	8
790	TTT	4
790	ATG	4
790	TYG	4
790	TTC	3
790	TTR	3
791	CTC	248496
791	CTT	155
791	ATC	9
791	TTC	3
791	CTY	2
791	CTA	2
792	GAA	248563
792	GAG	84
792	RAA	7
792	KAA	6
792	AAA	4
792	GRA	2
792	GAT	2
793	ATC	248528
793	ATT	106
793	ATA	32
793	ATY	17
793	RTC	7
793	GTC	6
793	AKC	3
793	ATM	3
794	AAA	248545
794	AAG	84
794	AAR	4
794	AAM	3
794	AMA	3
794	ARA	3
794	GAA	2
794	RAA	2
795	GAC	248538
795	GAT	36
795	TAC	17
795	SAC	16
795	KAC	7
795	GMC	4
795	GAS	3
795	GAY	3
795	AAC	3
795	GRC	2
796	ACA	248525
796	ACT	97
796	ATA	14
796	ACG	7
796	GCA	6
796	AYA	3
796	MCA	3
796	ACW	2
797	GAA	248745
797	AAA	17
797	GAG	7
797	RAA	7
797	GCA	6
797	GGA	4
797	GRA	4
797	GWA	3
797	GTA	3
797	GAW	2
798	AAG	248808
798	AAT	144
798	AAK	14
798	AGG	8
798	ARG	7
798	AAS	6
798	RAG	3
798	AWG	3
798	AMK	3
798	CAG	2
799	TAC	248851
799	TAT	37
799	TAY	7
799	TMC	4
799	TWC	2
800	TGT	248618
800	TTT	5
800	YGT	4
800	KGT	3
800	TGY	3
800	TAT	2
801	GCC	248383
801	GCT	132
801	GTC	24
801	GCY	8
801	KCC	4
801	GYC	3
802	CTT	248492
802	TTT	36
802	YTT	21
802	CTK	3
802	CKT	3
802	MTT	3
803	GCA	248489
803	TCA	7
803	KCA	7
803	GYA	5
803	GCM	3
804	CCT	248216
804	CTT	194
804	TCT	106
804	CYT	17
804	YCT	16
804	ACT	4
805	AAT	248553
805	AAC	69
805	AGT	18
805	RAT	4
805	ACT	3
805	AAY	2
806	ATG	248664
806	GTG	16
806	RTG	6
806	ATT	2
807	ATG	248641
807	RTG	4
807	AGG	4
807	WTG	3
807	AYG	3
807	ATK	3
807	CTG	2
808	GTA	248681
808	GTC	9
808	GTT	6
808	ATA	4
808	KTA	3
808	GKA	3
808	RTA	3
809	ACA	248703
809	ACT	17
809	AYA	12
809	RCA	3
809	ACR	3
809	GCA	2
809	ATA	2
809	ACG	2
810	AAC	248673
810	AAT	132
810	AAY	23
810	ARC	3
811	AAT	248618
811	AAC	189
811	AAY	10
811	AGT	2
811	AWT	2
812	ACC	248794
812	ACT	29
812	ATC	27
812	GCC	12
812	RCC	9
812	ACA	3
812	AYC	3
812	ACY	2
813	TTC	248803
813	TTT	82
813	TTY	9
813	TYC	6
813	KTC	3
813	YTT	3
814	ACA	248424
814	ATA	369
814	AYA	41
814	GCA	15
814	ACT	7
814	WCA	3
814	ACG	3
814	ACR	2
814	MCA	2
815	CTC	248651
815	CTT	227
815	CTY	19
815	CYC	12
815	TTC	8
815	YTC	7
815	CTA	6
815	CTG	2
816	AAA	248830
816	AAG	6
816	AGA	5
816	AAR	4
816	MAA	3
816	GAA	2
816	AAM	2
817	GGC	248854
817	GGT	62
817	GGY	17
817	RGC	4
817	KGC	3
817	GCC	2
817	SGC	2
818	GGT	248773
818	GGC	8
818	AGT	6
818	GKT	5
818	KGT	2
819	GCA	248800
819	GTA	8
819	GCG	8
819	ACA	7
819	TCA	3
819	GAA	3
819	KCA	2
819	RCA	2
819	GYA	2
820	CCA	248801
820	CTA	39
820	TCA	23
820	CCG	7
820	CAA	3
820	YCA	3
821	ACA	248732
821	ACC	7
821	ATA	7
821	AYA	6
822	AAG	248814
822	AAA	33
822	ARG	7
822	AAK	6
822	AAR	5
822	MAG	3
822	AGG	2
823	GTT	248825
823	GTC	41
823	KTT	4
823	ATT	2
824	ACT	248613
824	ACY	32
824	ACA	12
824	MCT	9
824	ACC	8
824	AYT	7
824	ATT	2
825	TTT	248938
825	TYT	4
825	YTT	2
826	GGT	248885
826	KGT	6
826	TGT	5
826	GST	2
826	RGT	2
827	GAT	248941
827	GGT	14
827	GAY	10
827	GAC	8
827	GCT	4
827	KAT	4
827	RAT	3
827	GMT	2
828	GAC	248891
828	GAT	49
828	TAC	22
828	SAC	7
828	AAC	7
828	GTC	4
828	GAY	3
828	GMC	3
828	GCC	2
828	KAC	2
829	ACT	248904
829	ACC	16
829	ACA	6
829	ATT	6
829	AYT	5
830	GTG	248862
830	GTT	46
830	GTC	16
830	GTA	12
830	GTK	6
830	GYG	5
830	GTS	4
831	ATA	248742
831	ATT	15
831	GTA	8
831	ATW	4
831	MTA	2
831	AYA	2
832	GAA	248676
832	KAA	5
832	AAA	3
832	GWA	3
832	SAA	2
832	GRA	2
833	GTG	248593
833	GTT	65
833	GTA	10
833	GTC	7
833	GTK	4
833	GKG	3
833	ATG	2
833	KTG	2
834	CAA	248665
834	CAG	15
834	CAR	4
834	CRA	2
835	GGT	248760
835	GKT	23
835	GGC	8
835	RGT	6
835	GST	3
835	TCT	3
835	TGT	2
835	GGA	2
836	TAC	248796
836	TAT	42
836	TAY	9
836	TGC	5
836	CAC	4
836	TRC	2
837	AAG	248639
837	AGG	82
837	AAA	13
837	ARG	7
837	AAT	3
837	AAC	3
838	AGT	248448
838	AAT	14
838	AGY	8
838	AGW	6
838	AGC	3
838	AST	3
838	GGT	2
838	AKT	2
839	GTG	248420
839	GTT	121
839	GTA	9
839	GTK	6
839	TTG	4
839	CTA	4
839	ATG	3
839	GTR	2
840	AAT	248593
840	AGT	10
840	GAT	4
840	CAT	4
840	AAC	3
840	RAT	3
840	WAT	2
840	AAY	2
840	AWT	2
840	TAT	2
841	ATC	248525
841	ATT	30
841	ATY	22
841	GTC	12
841	ACC	3
841	ATM	3
842	ACT	248315
842	ATT	33
842	ACY	8
842	ACA	7
842	AYT	5
842	ACC	4
842	ACK	2
842	RCT	2
843	TTT	248636
843	YTT	7
843	TWT	3
843	TTY	3
844	GAA	248659
844	GGA	14
844	AAA	4
844	GAR	3
844	RAA	3
844	RAM	3
845	CTT	248570
845	CTC	17
845	TTT	6
845	CYT	6
845	TTG	6
845	CCC	3
845	CTY	3
845	CTA	2
845	YTT	2
846	GAT	248585
846	GAC	14
846	AAT	10
846	TAT	9
846	GRT	6
846	GAA	5
846	KAT	4
846	GAY	3
847	GAA	248474
847	GAC	12
847	RAA	9
847	GAG	7
847	GAR	4
847	GAW	3
847	GCA	3
847	GGA	3
847	AAA	2
848	AGG	248222
848	AAG	158
848	AGT	44
848	GGG	10
848	AGK	10
848	AGA	7
848	CGA	6
848	ARG	4
848	WGG	2
848	AKG	2
848	CGG	2
849	ATT	248282
849	GTT	90
849	GTA	13
849	AYT	9
849	ATC	4
849	ATY	3
849	CTT	2
849	WTT	2
850	GAT	248473
850	GAC	26
850	KAT	5
850	SAT	2
851	AAA	248451
851	AAG	5
851	AGA	4
851	AAR	4
851	AAC	3
851	AAW	3
851	CTC	2
852	GTA	248460
852	GYA	9
852	TTA	6
852	KTA	4
852	GTC	3
852	GTG	3
852	GTW	3
852	GGA	2
852	ATA	2
852	GCA	2
853	CTT	248368
853	YTT	11
853	CTC	10
853	CTY	5
853	CTW	4
853	CWT	4
853	TAG	3
853	CTG	2
853	TTT	2
853	GAT	2
854	AAT	248169
854	AAC	13
854	AGT	6
854	GCA	6
854	WAT	6
854	AAK	3
854	TAT	2
854	GTG	2
855	GAG	248434
855	KAG	13
855	GAA	13
855	GAS	10
855	GWG	6
855	GAK	4
855	CAG	3
855	SAG	3
855	GAT	2
855	TAT	2
856	AAG	248543
856	AGG	21
856	AAK	16
856	AAT	9
856	ARG	8
856	AAA	7
856	CAG	7
856	WAG	3
856	RAG	3
856	MAG	2
857	TGC	249462
857	TGT	848
857	TGY	11
857	KGC	7
857	YGC	4
857	AGA	2
858	TCT	251311
858	TTT	21
858	KCT	17
858	CCT	5
858	TYT	4
858	YCT	3
858	CAG	2
858	TCC	2
858	TCW	2
859	GCC	252873
859	GTC	49
859	GCT	47
859	ACC	44
859	AAC	12
859	GYC	7
859	GCY	5
859	SCC	3
859	GCA	2
860	TAT	253116
860	TAC	74
860	TAY	10
860	WAT	4
860	KAT	3
861	ACA	253140
861	ATA	50
861	ACG	13
861	ACT	8
861	AYA	2
861	AGA	2
862	GTT	253204
862	GYT	7
862	GTA	6
862	GTC	4
862	ATT	4
862	TTT	3
862	RTT	3
862	GKY	2
863	GAA	256041
863	GAG	29
863	CAA	2
864	CTC	256026
864	CTT	25
864	CTY	6
864	TTC	4
864	YTC	3
865	GGT	256022
865	GGA	11
865	GGW	3
865	GKT	2
865	GAT	2
865	GGY	2
866	ACA	255903
866	ACT	72
866	ATA	41
866	AYA	15
866	GCA	11
866	ACR	9
866	ACG	8
866	RCA	7
866	ACC	6
866	WCA	3
866	ACW	3
866	AAA	2
867	GAA	256064
867	KAA	6
867	AAC	6
867	GAG	5
867	GRA	4
867	GGA	4
867	GCA	3
867	GWA	3
867	GTA	2
868	GTA	255621
868	GTG	447
868	TTA	20
868	ATA	17
868	GTR	8
868	TTT	4
868	KTA	3
868	GTT	3
869	AAT	256087
869	GAT	21
869	AGT	14
869	AAC	11
869	ACT	8
869	AAY	2
870	GAG	256139
870	GAA	9
870	KAG	3
870	GGG	2
870	GAT	2
871	TTC	256238
871	TTT	71
871	TTG	7
871	TTA	6
871	TTY	3
871	GTC	2
871	YTC	2
872	GCC	256058
872	GCT	41
872	ACC	30
872	GTC	27
872	KCC	14
872	GCA	14
872	TCC	11
872	GCY	8
872	RCC	4
872	GSC	2
873	TGT	256093
873	YGT	40
873	TGC	24
873	TAT	15
873	TGY	9
873	CGT	5
873	GGT	5
873	TKT	5
873	TRT	3
873	TTT	2
874	GTT	256241
874	GCT	12
874	TTT	10
874	ATT	7
874	RTT	5
874	KTT	3
874	GTA	3
874	GTY	2
874	STT	2
875	GTG	256236
875	GTT	14
875	GTA	12
875	KTG	11
875	GTC	10
875	TTG	8
875	RTG	3
875	ATG	3
875	GTK	3
876	GCA	254621
876	ACA	1417
876	RCA	155
876	GCT	21
876	GTA	16
876	GCG	6
876	GCM	5
876	TCA	2
876	KCA	2
876	GCW	2
876	GCR	2
877	GAT	256046
877	GGT	66
877	KAT	16
877	GAG	7
877	GWT	6
877	GAC	5
877	GAK	4
877	GRT	4
877	GAW	2
878	GCT	255928
878	KCT	57
878	GCC	13
878	GYT	6
878	GCA	6
878	KST	5
878	ACT	4
878	GAT	3
878	GVT	3
878	GST	2
878	GTT	2
878	TCT	2
879	GTC	255879
879	GTT	95
879	TTC	32
879	GTY	12
879	ATC	11
879	GTA	6
879	STC	5
879	GCC	5
879	KTC	5
879	GTS	3
880	ATA	255274
880	ATW	74
880	RTA	36
880	ATR	22
880	MTA	9
880	ATG	6
880	GTA	5
880	ACA	4
880	HTA	3
880	AWA	3
880	CTA	3
880	ATH	3
880	GTG	2
881	AAA	255431
881	AAG	18
881	ARA	5
881	AMA	3
881	AWA	3
881	AAC	3
882	ACT	255191
882	ATT	162
882	AYT	32
882	ACY	17
882	ACC	6
882	AST	4
882	AAT	4
882	AMT	3
882	CCT	3
882	ACG	3
882	MCT	2
883	TTG	255378
883	TTA	23
883	TTR	15
883	TYG	8
883	TTT	5
883	TTK	4
883	WTG	4
883	TTC	4
883	YTG	4
883	TWG	3
883	YYG	3
884	CAA	255406
884	CAG	7
884	YAA	6
884	AAA	4
884	CAM	4
884	CAR	3
884	CRA	3
884	SAA	3
884	CAW	3
884	MAA	3
885	CCA	255295
885	CTA	60
885	TCA	35
885	CYA	14
885	CCT	10
885	CCR	9
885	CCW	6
885	CCM	4
885	MCA	3
885	CMA	3
885	CCG	2
886	GTA	255379
886	GTG	18
886	KTA	14
886	GYA	12
886	GCA	7
886	GTT	6
886	GTM	5
886	GTR	4
886	GKA	3
886	GTW	3
886	RTA	2
887	TCT	255034
887	TTT	359
887	TCY	20
887	TYT	12
887	YCT	8
887	TCA	6
887	TCC	4
887	CCT	4
887	TCW	3
887	TCK	3
887	KMT	3
888	GAA	255448
888	RAA	7
888	GAR	7
888	GAG	5
888	GTA	4
888	GRA	3
888	SAA	3
888	TAA	2
888	GMA	2
889	TTA	255350
889	TTR	17
889	TYA	10
889	WTA	4
889	TTW	3
889	TTG	3
889	CTA	3
889	TWA	3
889	YTA	2
890	CTT	255309
890	TTT	82
890	YTT	17
890	CTY	7
890	CTC	5
890	CYT	3
890	CWT	3
890	ATT	2
891	ACA	255243
891	ATA	128
891	AYA	14
891	ACR	6
891	ACM	3
891	RCA	3
891	WCA	3
891	ACG	2
891	AAA	2
892	CCA	254801
892	TCA	377
892	CTA	256
892	CYA	23
892	YCA	17
892	CCG	12
892	CMA	9
892	ACA	9
892	CAA	5
892	SYA	3
892	MCA	3
892	SCA	3
893	CTG	255320
893	TTG	172
893	CTA	24
893	YTG	12
893	ATG	9
893	CAG	8
893	MTG	8
893	CWG	4
893	CTR	4
893	CGG	3
893	CTK	2
894	GGC	255362
894	GAC	57
894	AGC	51
894	TGC	24
894	RGC	21
894	GGT	18
894	GGY	6
894	GKY	3
894	GGM	3
894	GKC	3
895	ATT	255450
895	GTT	33
895	ATA	16
895	AYT	9
895	WTT	4
895	GTG	3
895	MTT	3
895	ATC	2
896	GAT	255547
896	GAC	14
896	GGT	13
896	GRT	10
896	GAY	6
896	GWT	6
896	GAK	3
896	GMT	3
896	GAG	3
896	TAT	3
896	RAT	3
897	TTA	255616
897	YTA	9
897	TTT	6
897	TTR	5
897	TYA	4
897	CTA	4
897	WTA	3
897	TTG	3
897	TTW	3
898	GAT	255602
898	GAC	17
898	GRT	6
898	GMT	6
898	TAT	6
898	GAY	4
898	GAG	3
898	GAK	3
898	KAT	3
899	GAG	255742
899	GAT	18
899	GWG	4
899	GRK	3
899	GAA	3
899	GRG	3
899	KAG	2
900	TGG	255753
900	TGK	9
900	TKG	8
900	WGG	5
900	TSG	2
900	TTG	2
901	AGT	255809
901	GGT	18
901	RGT	6
901	ATT	5
901	AGC	3
901	AGK	3
901	CGT	2
901	AGY	2
902	ATG	255730
902	GTG	93
902	RTG	6
902	GTT	6
902	ATK	4
902	ATR	4
902	ATT	4
902	AYG	3
902	AWG	2
903	GCT	254905
903	GTT	794
903	GYT	36
903	KCT	28
903	GCA	13
903	RCT	7
903	SCT	7
903	GCC	6
903	GCK	6
903	GCY	6
903	ACT	4
903	GMT	3
903	GCG	3
903	GCW	2
904	ACA	255780
904	AYA	13
904	ATA	10
904	ACC	8
904	AMA	6
904	ACG	5
904	RCA	4
904	ACR	4
904	ACM	3
904	MCA	3
904	WCA	3
904	GCA	2
904	ACW	2
905	TAC	255768
905	TAT	32
905	CAC	8
905	YAC	6
905	TGC	5
905	TAY	4
905	TRC	3
905	KAM	3
905	TAM	3
905	TWC	3
906	TAC	255778
906	TAT	20
906	TRC	15
906	TAY	11
906	TAM	9
906	YAC	7
906	CAC	4
906	KAC	2
907	TTA	255820
907	TTG	23
907	YTA	12
907	TYA	6
907	GTA	3
908	TTT	255833
908	CTT	22
908	WTT	6
908	YTT	4
908	TYT	3
908	TTK	3
908	TTY	3
908	TTW	3
908	GTT	2
909	GAT	255812
909	GAC	28
909	GGT	7
909	GMT	6
909	GAY	4
909	GAK	3
909	GRT	3
909	KAT	3
909	GCT	2
910	GAG	255728
910	AAG	74
910	GAT	30
910	GAA	11
910	GWG	8
910	RAG	4
910	GAS	3
910	KAG	3
910	GAK	3
910	SAG	3
910	GGG	2
911	TCT	255831
911	TTT	35
911	KCT	8
911	TCC	5
911	TCY	4
911	GCT	3
911	TAT	3
911	TCK	3
911	TCA	2
912	GGT	255850
912	GGW	6
912	GKT	4
912	RGT	4
912	GGC	3
912	GGY	3
912	GAT	2
913	GAG	255163
913	GAT	408
913	GAK	231
913	GTG	26
913	GGG	17
913	GRG	13
913	KAG	4
913	RAG	4
913	GAR	4
913	GAA	4
913	GWK	3
913	GMG	3
913	GAS	2
914	TTT	255754
914	TTC	60
914	TYT	13
914	TTW	7
914	TAT	6
914	TCT	4
914	WTT	3
914	YTT	3
914	KTT	3
914	TKT	3
914	KKT	3
915	AAA	255832
915	WAA	7
915	AAT	6
915	RAA	6
915	AGA	6
915	ACT	6
915	AAG	4
915	AAW	4
915	ARA	3
916	TTG	255595
916	CTG	121
916	TTA	80
916	YTG	27
916	TTT	12
916	TTS	6
916	KTG	4
916	TTK	4
916	TTR	4
916	WYG	3
916	TKG	3
916	TYG	3
916	TWG	3
916	TTC	2
917	GCT	255802
917	GYT	11
917	TCT	9
917	GCC	8
917	ACT	7
917	GTT	7
917	GCY	7
917	KCT	4
917	GMT	3
917	GCK	3
917	SCT	3
918	TCA	255769
918	TTA	24
918	CCA	19
918	TCR	10
918	TMA	9
918	TYA	8
918	TCW	6
918	TCT	6
918	YCA	5
918	TCM	5
918	TCG	4
918	TSA	3
919	CAT	255830
919	CAY	24
919	TAT	13
919	CGT	11
919	YAT	8
919	CAC	5
919	CAW	3
919	CAK	2
920	ATG	255844
920	ATT	22
920	ATR	9
920	ATK	5
920	WTG	5
920	AKG	3
920	AYG	3
920	AWG	3
920	MTG	3
920	GTG	2
921	TAT	255845
921	TGT	10
921	TRT	8
921	TAC	8
921	TMT	6
921	KAT	6
921	YAT	4
921	TWT	4
921	TAW	3
921	WAT	3
921	CAT	2
922	TGT	255832
922	TKT	10
922	TGW	6
922	YGT	6
922	TGY	3
922	TRT	3
922	TKY	3
922	TGK	3
922	TAT	2
923	TCT	255741
923	TCA	15
923	TCY	15
923	TYT	12
923	TCC	11
923	TTT	4
923	YCT	4
924	TTT	226578
924	TTC	28744
924	TTY	314
924	YTT	5
924	TYT	4
924	KTT	3
924	YTY	3
924	TTK	3
924	WTT	2
924	TCT	2
925	TAC	255635
925	TAT	114
925	TAY	35
925	YAC	7
925	TGC	6
925	TMC	4
925	AAC	3
925	WAC	3
926	CCT	255567
926	CTT	83
926	CCC	72
926	TCT	31
926	YCT	13
926	CYT	11
926	CMT	6
926	CCY	5
926	CAT	5
926	ACT	3
926	CCK	3
927	CCA	255530
927	CTA	138
927	CCG	33
927	CYA	33
927	TCA	33
927	CCR	10
927	YCA	6
927	CCW	6
927	GCA	4
927	MCA	4
928	GAT	255482
928	GAC	201
928	TAT	34
928	KAT	27
928	GAG	24
928	GWT	10
928	GRT	6
928	GAA	6
928	GAK	4
928	GMT	4
928	RAT	4
928	SAT	3
928	AAT	3
928	GAY	2
928	KWT	2
929	GAG	255649
929	GAT	50
929	KAG	36
929	GAA	26
929	GGG	26
929	GAK	6
929	GAR	6
929	GRG	5
929	AAG	3
930	GAT	255593
930	TAT	119
930	GAC	22
930	AAT	14
930	GAY	11
930	KAT	10
930	GRT	6
930	GMT	6
930	GGT	6
930	GWT	6
930	GAW	3
930	GAA	2
931	GAA	255690
931	GGA	27
931	GAR	15
931	GAC	14
931	RAA	13
931	TAT	12
931	GAG	11
931	GAM	10
931	AAA	7
931	GRA	7
931	KAA	4
931	GAW	4
931	GWA	3
932	GAA	255754
932	GAG	12
932	AAA	6
932	GMA	6
932	GAW	6
932	KAA	4
932	GAR	4
932	RAA	3
932	GAM	3
932	GRA	3
933	GAA	255789
933	KAA	6
933	GWA	6
933	GGA	5
933	GAG	5
933	GAC	4
933	GRA	4
933	GMA	4
933	RAA	3
933	GAM	3
933	GAR	3
933	GMM	3
934	GGT	255756
934	AGT	14
934	GAT	11
934	RGT	10
934	GKT	7
934	KGT	6
934	GAA	6
934	GGC	6
934	TGT	6
934	GTT	3
934	GST	3
934	SGT	3
934	GGK	3
935	GAT	255732
935	GGT	31
935	AAT	12
935	GAG	8
935	GWT	8
935	TAC	6
935	GRT	4
935	GAC	4
935	KAT	4
935	GAK	3
935	GAY	3
935	GTT	2
936	TGT	255761
936	TGY	20
936	AGC	6
936	KGT	6
936	CGT	5
936	TAT	4
936	YGT	4
936	TKT	3
936	TGW	3
936	AGT	2
937	GAA	255742
937	GAR	13
937	GGA	9
937	KAA	8
937	GAG	6
937	GRA	6
937	GAT	4
937	SAA	3
937	GMA	3
937	GAW	3
937	RAA	3
937	GWA	3
937	GAM	3
937	GAC	3
937	AAA	2
937	GTA	2
938	GAA	255604
938	GAG	13
938	AAA	8
938	GGA	7
938	GAR	6
938	GAM	6
938	GRA	3
938	GAW	3
938	RAA	3
938	GWA	3
938	GCA	2
938	KAA	2
939	GAA	255557
939	GAG	27
939	GAR	9
939	GGA	9
939	KAA	8
939	GCA	7
939	GWA	6
939	SAA	4
939	AAA	4
939	GRA	3
939	BAA	3
939	GAC	3
939	RAA	3
939	GAT	2
940	GAG	255526
940	GAT	33
940	GGG	16
940	GAK	13
940	KAG	10
940	GRG	7
940	CAG	6
940	KAK	6
940	CAA	6
940	RAG	5
940	SAG	3
940	GAA	3
941	TTT	255581
941	YTT	14
941	CTT	11
941	TAT	6
941	CCT	6
941	TTY	4
941	KTT	3
941	TWT	3
941	TCT	2
942	GAG	255433
942	GGG	81
942	GAA	35
942	GTG	20
942	GAR	13
942	GWG	9
942	GRG	8
942	KAG	6
942	GAT	6
942	GAK	4
942	RAG	3
943	CCA	255470
943	TCA	27
943	YCA	22
943	CCG	19
943	CYA	14
943	CTA	13
943	CAA	8
943	CCR	3
943	MCA	3
943	ACA	3
944	TCA	254411
944	TTA	918
944	TYA	190
944	CCA	41
944	WCA	10
944	TCR	9
944	TCG	9
944	TCW	6
944	TCM	4
944	TSA	4
944	KHA	3
944	TMA	3
944	TBA	3
945	ACT	254864
945	ATT	564
945	ACG	141
945	WCT	9
945	AAT	7
945	ACK	5
945	AYT	4
945	RTT	3
945	ACY	3
945	AMK	3
945	ACW	3
945	MCT	3
945	RCT	3
945	AMT	3
946	CAA	255551
946	CAC	17
946	MAA	14
946	CAR	10
946	CAG	6
946	CGA	5
946	AAA	4
946	CAW	3
947	TAT	255574
947	TAY	18
947	TRT	15
947	TAC	14
947	CAT	4
947	WAT	4
947	KAK	4
947	YAT	3
948	GAG	255572
948	KAG	13
948	GAK	11
948	SAG	9
948	GAT	8
948	GAA	5
948	GWG	4
948	RAG	3
948	GRG	3
948	GTG	2
948	GMG	2
949	TAT	255543
949	TGT	10
949	TRT	10
949	KAT	9
949	TAY	9
949	TAC	6
949	KAK	4
949	WAT	3
949	YAT	2
950	GGT	254181
950	GTT	1323
950	CGT	31
950	GAT	28
950	GKT	19
950	GGK	6
950	GST	6
950	KGT	5
950	GGY	3
950	GGW	3
950	RGT	3
951	ACT	255311
951	ATT	133
951	GCT	29
951	AYT	25
951	ACC	21
951	WCT	9
951	RCT	9
951	ACA	7
951	ACY	6
951	ACW	3
951	AMK	3
952	GAA	255443
952	RAA	36
952	GAC	17
952	GAG	9
952	AAA	7
952	GRA	4
952	GTA	3
952	KAA	3
952	SAA	3
952	GGA	2
952	GCA	2
953	GAT	255255
953	TAT	122
953	KAT	15
953	GRT	12
953	GAY	10
953	GGT	7
953	GAK	6
953	TCT	6
953	GCT	4
953	GAW	4
953	GMT	3
953	CAT	2
953	GAC	2
954	GAT	255426
954	GAW	11
954	KAT	8
954	GAC	6
954	GGT	4
954	GRT	3
954	RAT	3
954	CAT	2
955	TAC	255362
955	TAT	46
955	TAY	36
955	TAM	6
956	CAA	255397
956	CAC	13
956	CGA	10
956	YAA	9
956	AAA	6
956	CRA	6
956	MAA	3
956	CWA	3
956	CAW	3
956	SAA	3
956	CMM	3
957	GGT	255382
957	GGC	14
957	GGW	11
957	RGT	8
957	GGY	6
957	KGT	5
957	GKT	5
957	GGK	4
957	GST	3
957	AGT	3
957	TGT	3
957	GRT	3
958	AAA	255492
958	AGA	13
958	RAA	12
958	TTG	6
958	ARA	6
958	CAA	3
958	AAM	2
959	CCT	255061
959	TCT	267
959	YCT	28
959	CTT	23
959	CCY	22
959	CAT	17
959	CCC	7
959	CCK	7
959	CYT	5
959	MCT	3
959	CMK	3
959	CCW	3
960	TTG	254905
960	TKG	315
960	TWG	37
960	TDG	13
960	TTT	10
960	TYG	10
960	TTA	7
960	TCG	4
960	TBG	4
960	KTG	3
960	TTK	2
960	GTG	2
960	CTG	2
960	TTR	2
961	GAA	255846
961	RAA	19
961	GAG	7
961	GRA	6
961	KAA	5
961	AAA	5
961	SAA	2
961	GGA	2
962	TTT	255763
962	TTC	14
962	CTT	4
962	WTT	3
962	YTT	2
963	GGT	255715
963	AGT	104
963	GGC	22
963	TGT	18
963	GAT	9
963	RGT	6
963	KGT	6
963	GKT	5
963	GTT	2
963	SGT	2
964	GCC	255903
964	GCT	112
964	GTC	32
964	GCY	14
964	GCA	7
964	GYC	6
964	TCA	6
964	GAC	3
965	ACT	256285
965	AYT	19
965	ACC	18
965	ATT	14
965	AAT	12
965	TCT	6
966	TCT	256253
966	TCC	75
966	TTT	13
966	TYT	7
966	TCY	5
966	YCT	3
966	GCT	2
967	GCT	256189
967	ACT	71
967	GTT	35
967	KCT	16
967	GCC	14
967	TCT	7
967	GYT	7
967	CCT	5
967	GCK	3
967	GGT	3
967	RCT	2
967	GAT	2
968	GCT	256501
968	GCC	23
968	GTT	11
968	GCY	6
968	ACT	5
968	TCT	4
968	GAT	4
968	GCA	3
968	KCT	3
968	RCT	2
969	CTT	256517
969	CTC	16
969	TTT	16
969	CCT	14
969	TCT	6
969	GTA	6
969	YTT	2
969	CTY	2
969	CYT	2
969	GTT	2
970	CAA	256556
970	CGA	5
970	YAA	5
970	CMA	5
970	AAA	3
970	CAC	3
970	CAR	3
970	CWW	3
970	CAG	2
971	CCT	254716
971	CTT	1710
971	TCT	104
971	CYT	42
971	YCT	27
971	CAT	12
971	CAA	6
971	ATA	6
971	CCA	5
971	CCK	3
971	CCG	3
971	CMK	3
971	CMT	2
972	GAA	256526
972	AAA	39
972	KAA	24
972	GGA	13
972	GWW	9
972	GRA	8
972	GWA	6
972	CAG	6
972	GAG	5
972	SAA	4
972	GCA	4
972	RAA	3
972	GTA	2
973	GAA	256526
973	GAG	17
973	AAA	8
973	GAC	4
973	RAA	4
973	GGA	2
973	KAA	2
974	GAG	256505
974	GAA	17
974	GGG	9
974	GCG	9
974	GAR	5
974	GAK	4
974	GMG	4
974	RAG	3
975	CAA	256490
975	CAG	40
975	CCA	10
975	YAA	5
975	CAW	5
975	CTA	4
975	CAR	2
975	GCA	2
975	CAM	2
976	GAA	256432
976	KAA	93
976	GAG	25
976	GGA	5
976	GAC	4
976	GCA	3
976	GAR	2
977	GAA	256552
977	GAG	4
977	GGA	2
978	GAT	256492
978	TAT	17
978	GAC	9
978	KAT	7
978	GGT	4
978	GMT	2
979	TGG	256442
979	TKG	4
979	TGK	3
979	CGG	2
980	TTA	256236
980	TTG	12
980	TCA	4
980	TTR	2
980	CTA	2
981	GAT	256195
981	KAT	18
981	TAT	15
981	GAA	12
981	GAW	3
981	GCT	2
982	GAT	256003
982	GGT	95
982	KAT	9
982	ACT	6
982	GAY	3
982	GAK	2
982	GRT	2
983	GAT	256017
983	GGT	117
983	KAT	8
983	GAA	6
983	GGC	6
983	AAT	2
983	RAT	2
983	GAY	2
983	GRT	2
984	AGT	256028
984	GGT	55
984	ATT	16
984	AAT	14
984	AKT	10
984	AGC	7
984	GCT	6
984	RGT	2
985	CAA	256134
985	AAA	10
985	GAG	7
985	GAA	6
985	CGA	5
985	YAA	5
985	CTA	3
985	CRA	3
985	SAA	2
986	CAA	256152
986	GAA	6
986	YAA	5
986	AAA	4
986	CAG	2
986	CGA	2
987	ACT	256146
987	ATT	12
987	GCT	6
987	AAT	6
987	WCT	4
987	CCT	3
987	ACC	3
987	AYT	2
988	GTT	256105
988	GGT	35
988	ATT	17
988	GCT	13
988	GTG	6
988	GTA	4
988	GTC	4
988	GYT	3
988	GTY	2
989	GGT	256016
989	GTT	74
989	AGT	40
989	GKT	16
989	GAT	13
989	TGT	10
989	KGT	9
989	GTG	6
989	ATG	6
989	GRT	3
989	GKY	2
989	SGT	2
990	CAA	256151
990	CGA	31
990	CTA	12
990	GAA	7
990	CAR	3
990	CAG	3
991	CAA	256103
991	YAA	18
991	GAA	8
991	CGA	3
992	GAC	255906
992	AAC	84
992	TAC	37
992	GAT	33
992	KAC	16
992	GAA	15
992	GAY	14
992	SAC	7
992	GAG	5
992	RAC	2
992	AAT	2
992	GGC	2
993	GGC	255205
993	AGC	862
993	TGC	23
993	GGT	10
993	KGC	8
993	GRC	6
993	GAC	6
993	CAG	5
993	RGC	5
993	GKC	3
994	AGT	256075
994	TGT	15
994	ATT	12
994	AGC	6
994	GTT	6
994	AKT	5
994	GGT	4
995	GAG	256004
995	GAT	50
995	GAK	18
995	GAA	13
995	KAG	10
995	SAG	6
995	ACA	6
995	AAG	6
995	GGG	4
995	TAG	3
995	GAC	2
995	GAR	2
996	GAC	255542
996	AAC	270
996	TAC	154
996	KAC	86
996	GAT	68
996	SAC	8
996	CCA	6
996	GAY	3
997	AAT	253735
997	AAC	2341
997	AAY	25
997	ACT	7
997	ART	3
997	WAT	3
997	TAT	2
997	AGT	2
998	CAG	255453
998	CAT	383
998	CAK	251
998	CAA	6
998	GAG	6
998	YAG	5
998	CGG	5
999	ACA	255526
999	ATA	455
999	ACG	72
999	GCA	31
999	AYA	12
999	CAA	6
999	AMA	3
999	WCA	3
999	AYM	3
999	ASA	2
1000	ACT	255988
1000	ATT	74
1000	GCT	18
1000	AYT	15
1000	GAG	6
1000	ACC	2
1001	ACT	255633
1001	ATT	406
1001	AYT	39
1001	ACC	9
1001	GAA	6
1001	AAT	5
1002	ATT	256097
1002	ACT	7
1002	GAG	6
1002	AYT	3
1003	CAA	256074
1003	CTA	6
1003	CAT	6
1003	ACA	5
1003	YAA	4
1003	AAA	4
1003	MAA	4
1003	CWA	4
1003	CAW	3
1003	CAG	3
1003	CAC	2
1004	ACA	256070
1004	AYA	12
1004	AAA	8
1004	CCA	8
1004	ATA	6
1004	AMA	3
1004	RCA	3
1004	ACG	2
1004	GCA	2
1004	TCA	2
1005	ATT	256040
1005	GTT	63
1005	ATC	8
1005	ACT	5
1006	GTT	256070
1006	GCT	17
1006	TTT	9
1006	GTA	9
1006	ATT	8
1006	ACT	6
1006	RTT	2
1007	GAG	256066
1007	GAA	24
1007	KAG	7
1007	GAR	6
1007	GAT	4
1007	GGG	3
1007	SAG	2
1007	AAG	2
1008	GTT	256056
1008	ATT	23
1008	GTC	11
1008	TTT	7
1008	GTG	6
1008	KTT	5
1008	GTY	2
1008	RTT	2
1009	CAA	256106
1009	CGA	6
1009	GTT	6
1009	AAA	4
1009	YAA	3
1010	CCT	256036
1010	CCC	24
1010	TCT	19
1010	CTT	11
1010	YCT	7
1010	CAT	5
1010	CYT	3
1010	CCY	3
1011	CAA	256082
1011	MAA	8
1011	CAG	7
1011	CGA	5
1011	GAA	5
1011	CWA	3
1011	CAW	3
1011	CTA	2
1012	TTA	256044
1012	YTA	4
1012	TTW	3
1012	WTA	3
1012	TYA	3
1012	TTG	2
1012	CTA	2
1013	GAG	256015
1013	GAT	53
1013	AAG	11
1013	GCA	6
1013	GAK	4
1013	GGG	3
1013	GAA	2
1013	GAR	2
1013	KAG	2
1014	ATG	255979
1014	CTG	25
1014	ATA	13
1014	ACG	11
1014	ATT	11
1014	GTG	10
1014	AAG	3
1014	ATK	3
1014	WTG	3
1015	GAA	256039
1015	AAA	7
1015	GGA	6
1015	GAG	6
1015	GAC	5
1015	RAA	5
1016	CTT	255617
1016	TTT	281
1016	ATT	90
1016	CCT	22
1016	CTC	19
1016	CAA	6
1016	TCT	5
1016	MTT	3
1016	CKT	3
1016	CTY	2
1017	ACA	256081
1017	ATA	18
1017	ACT	6
1017	AYA	4
1017	GCA	2
1018	CCA	256134
1018	CTA	19
1018	TCA	17
1018	CYA	9
1018	ACA	7
1018	YCA	4
1018	CCW	3
1018	CCG	3
1018	MCA	3
1019	GTT	256215
1019	ATT	12
1019	KTT	4
1019	CTT	3
1019	GYT	3
1019	GGT	2
1019	TTT	2
1019	GTC	2
1020	GTT	256008
1020	TTT	194
1020	ATT	24
1020	GTC	9
1020	GYT	6
1020	GTA	6
1020	GTY	2
1020	KTT	2
1021	CAG	255948
1021	CAT	136
1021	CGG	109
1021	GAG	11
1021	CAK	9
1021	CGT	4
1021	CWG	4
1021	MAG	4
1021	YAG	3
1021	CAA	3
1022	ACT	256103
1022	ATT	80
1022	ACC	18
1022	AYT	14
1022	ATA	5
1022	ACY	4
1022	ACA	3
1023	ATT	256208
1023	CTA	6
1023	ATY	5
1023	AAT	5
1023	GTT	4
1023	ATA	2
1024	GAA	256157
1024	GAG	46
1024	AAA	28
1024	KAA	6
1024	GRA	4
1024	GGA	3
1024	GAW	3
1024	GMA	3
1024	TAA	2
1024	GAT	2
1024	GWA	2
1024	GAR	2
1024	SAA	2
1025	GTG	256035
1025	GTT	92
1025	TTG	70
1025	GTK	12
1025	KTG	8
1025	GTA	7
1025	GTR	6
1025	TGT	6
1025	GCG	3
1025	ATG	2
1025	GTC	2
1026	AAT	256223
1026	AAC	10
1026	GAT	6
1026	AGT	5
1026	ACT	2
1027	AGT	256173
1027	AAT	29
1027	ATT	13
1027	GGT	9
1027	RGT	4
1027	ART	3
1027	AGC	2
1028	TTT	256245
1028	ATT	9
1028	TTC	7
1029	AGT	256227
1029	ACT	13
1029	ATT	8
1029	AAT	4
1029	AGW	3
1029	AGY	3
1029	ART	2
1029	TGT	2
1029	AKT	2
1030	GGT	256204
1030	GKT	22
1030	KGT	10
1030	GAT	5
1030	AGT	2
1031	TAT	256232
1031	TAC	6
1031	TAW	4
1031	YAT	3
1032	TTA	256217
1032	TTW	14
1032	TWA	4
1032	CTA	4
1032	KTA	3
1032	TCA	2
1033	AAA	256249
1033	WAA	3
1033	AAG	2
1034	CTT	256214
1034	TTT	33
1034	CTC	14
1034	YTT	8
1035	ACT	256126
1035	ATT	104
1035	AYT	13
1035	ACG	6
1035	ACY	5
1036	GAC	255166
1036	GAA	948
1036	GGC	46
1036	GAT	33
1036	AAC	23
1036	GAM	23
1036	GCC	12
1036	TAC	4
1036	KAC	4
1037	AAT	256228
1037	WAT	4
1037	RAT	3
1037	ACT	2
1038	GTA	256235
1038	GTT	14
1038	GTG	9
1039	TAC	256219
1039	TAT	9
1039	CAC	9
1039	TCC	6
1039	TTC	6
1039	TGC	4
1039	TAY	2
1039	YAC	2
1040	ATT	256232
1040	ATA	6
1040	ATY	3
1041	AAA	256209
1041	WAA	5
1041	RAA	4
1041	AAG	2
1042	AAT	256204
1042	AAC	6
1042	ACT	4
1042	RAT	4
1042	AAY	2
1043	GCA	255210
1043	GTA	967
1043	GYA	16
1043	GTG	7
1043	TCA	3
1043	ACA	3
1043	GCW	2
1044	GAC	256090
1044	GAT	95
1044	TAC	5
1044	GAY	4
1044	GGC	3
1044	KAC	2
1045	ATT	256209
1045	GTT	5
1045	ATY	4
1045	CTT	3
1046	GTG	256120
1046	GTT	72
1046	GTA	12
1046	GTK	10
1046	GTS	3
1046	ATG	2
1046	TTG	2
1047	GAA	255966
1047	GGA	219
1047	KAA	8
1047	GCA	6
1047	AGT	6
1047	RAA	5
1047	GAG	4
1047	GAC	3
1047	GAR	2
1047	AAA	2
1047	CAA	2
1048	GAA	256176
1048	GAG	11
1048	KAA	9
1048	GMA	3
1048	GWA	2
1048	GAC	2
1048	CAA	2
1049	GCT	255536
1049	GTT	444
1049	GYT	14
1049	GCW	6
1049	TCT	5
1049	KCT	4
1049	ACT	3
1049	SCT	2
1049	GCA	2
1049	GCC	2
1050	AAA	255480
1050	RAA	4
1050	TAA	4
1050	AAG	3
1050	ACA	3
1051	AAG	256092
1051	AAT	29
1051	AGG	9
1051	CAG	8
1051	ARG	6
1051	AAA	3
1051	AWG	3
1052	GTA	256029
1052	GTG	76
1052	ATA	15
1052	GTM	3
1052	GWA	2
1053	AAA	256142
1053	AAC	4
1053	ACA	2
1053	AAG	2
1054	CCA	256037
1054	TCA	49
1054	CTA	32
1054	CYA	14
1054	CCT	13
1054	CCG	7
1054	YCA	7
1054	CCR	2
1055	ACA	256139
1055	ATA	81
1055	AYA	8
1055	GCA	8
1055	CCA	7
1055	ACG	6
1055	WCA	2
1056	GTG	256050
1056	TTG	111
1056	GTA	32
1056	GTT	25
1056	ATG	10
1056	TTA	9
1056	ATA	7
1056	KTG	6
1056	STG	3
1056	GGG	2
1057	GTT	256231
1057	GTG	6
1057	TTT	5
1057	GYT	2
1057	GTY	2
1058	GTT	256242
1058	ATT	6
1058	GTC	3
1058	KTT	3
1058	GCT	2
1059	AAT	256237
1059	AAC	7
1059	WAT	3
1060	GCA	256167
1060	GTA	31
1060	GYA	13
1060	GCG	7
1060	GCT	7
1060	GMA	5
1060	SCA	3
1060	ACA	3
1060	KCA	2
1060	RCA	2
1061	GCC	256186
1061	GCT	18
1061	GCM	12
1061	GTC	9
1061	KCC	6
1061	GMC	3
1061	GCY	2
1062	AAT	256225
1062	AGT	14
1062	AAC	7
1062	AAK	3
1062	AAY	2
1063	GTT	256199
1063	ATT	76
1063	GTA	6
1063	KTT	6
1063	GTC	3
1064	TAC	256193
1064	TGC	33
1064	TAT	32
1064	CAC	13
1064	TRC	7
1065	CTT	256231
1065	CTA	7
1065	CTW	6
1065	MTT	5
1065	CTC	4
1065	CTD	3
1065	CTG	2
1066	AAA	256376
1066	AAG	3
1067	CAT	256267
1067	TAT	38
1067	CAC	21
1067	CAY	11
1067	YAT	4
1067	SAT	3
1067	MAT	3
1067	AAT	3
1068	GGA	256338
1068	GGT	9
1068	GAA	7
1068	GKA	5
1068	GGR	4
1068	KGA	3
1068	GGC	3
1068	GGM	3
1068	GSA	3
1068	SGA	2
1069	GGA	256381
1069	AGA	40
1069	GGG	19
1069	GTA	12
1069	GGT	9
1069	RGA	5
1069	GGW	5
1069	GAA	4
1069	GKA	3
1069	KGA	3
1070	GGT	256329
1070	GGY	21
1070	GGC	12
1070	AGT	9
1070	GAT	3
1070	KGT	2
1070	TGT	2
1070	GKT	2
1071	GTT	256212
1071	GYT	46
1071	ATT	40
1071	GTY	19
1071	GTC	18
1071	GCT	15
1071	GTA	8
1071	TTT	5
1071	GTW	2
1072	GCA	256268
1072	GYA	50
1072	GCT	25
1072	GCG	14
1072	KCA	11
1072	GCC	7
1072	CCA	3
1072	SCA	3
1073	GGA	256087
1073	GTA	195
1073	AGA	38
1073	GGG	21
1073	GAA	16
1073	GGT	7
1073	KGA	4
1073	GKA	4
1073	CGA	3
1074	GCC	256372
1074	GTC	55
1074	GCT	55
1074	GAC	28
1074	TCC	12
1074	ACC	12
1074	GCA	9
1074	GYC	8
1074	GCY	5
1074	SCC	3
1074	RCC	3
1074	GCM	3
1074	KCC	3
1075	TTA	256539
1075	TTG	10
1075	YTA	8
1075	CTT	6
1075	CTA	5
1075	TTT	3
1075	TTC	2
1075	ATA	2
1076	AAT	256485
1076	AAC	76
1076	AAY	14
1076	ACT	6
1077	AAG	256516
1077	AAT	26
1077	AAA	24
1077	ARG	5
1077	AAS	3
1077	AAR	2
1078	GCT	256517
1078	GCC	21
1078	GTT	18
1078	GCY	9
1078	ACT	9
1078	GYT	3
1078	RCT	2
1079	ACT	256486
1079	AYT	65
1079	ACA	18
1079	GCT	3
1079	AST	2
1080	AAC	256271
1080	AAT	63
1080	AAY	59
1080	GAC	13
1080	AAB	4
1080	AWY	3
1080	ARC	2
1080	AWC	2
1081	AAT	255661
1081	AAC	37
1081	AAA	9
1082	GCC	255534
1082	GCT	46
1082	KCC	9
1082	ACC	7
1082	GTC	7
1082	GCY	6
1082	GMC	2
1082	GYC	2
1083	ATG	255550
1083	ATT	18
1083	CTG	11
1083	GTG	9
1083	ATK	3
1084	CAA	255496
1084	CAG	9
1084	YAA	4
1084	CAW	3
1085	GTT	255209
1085	TTT	170
1085	GTA	10
1085	ATT	9
1085	KTT	5
1085	RTT	2
1086	GAA	254930
1086	GAG	15
1086	GGA	10
1086	GAC	8
1086	KAA	7
1086	GAR	4
1086	GAW	2
1087	TCT	253828
1087	TYT	8
1087	TCA	8
1087	TCC	7
1087	CCT	4
1087	YCT	3
1088	GAT	253746
1088	GAC	16
1088	GCT	10
1088	AAT	8
1088	GAY	4
1088	KAT	3
1088	GRT	3
1088	GGT	2
1088	TGT	2
1089	GAT	253427
1089	GAW	30
1089	GAC	21
1089	TAT	11
1089	AAT	6
1089	GGT	5
1089	GAG	5
1089	KAT	4
1089	GAK	3
1089	CTC	2
1089	CAT	2
1090	TAC	253572
1090	CAC	11
1090	YAC	7
1090	TAY	6
1090	TAM	6
1090	TAT	5
1090	TRC	3
1090	TWC	2
1090	TTA	2
1091	ATA	253543
1091	GTA	6
1091	ATT	6
1091	RTA	6
1091	ACA	6
1091	ATG	5
1091	ATR	5
1091	MTA	3
1091	WTA	3
1091	ATC	2
1092	GCT	253519
1092	GTT	54
1092	GCC	18
1092	GYT	14
1092	GCY	10
1092	TCT	5
1092	RCT	5
1092	GMT	4
1092	KCT	4
1093	ACT	253608
1093	ATT	36
1093	GCT	8
1093	RCT	8
1093	AYT	7
1093	AGA	6
1093	ACA	5
1093	WCT	3
1093	TCT	2
1094	AAT	253562
1094	AAC	73
1094	AAY	4
1094	RAT	3
1094	AAA	2
1094	AGT	2
1094	ATT	2
1095	GGA	253486
1095	AGA	29
1095	KGA	20
1095	GAA	10
1095	GKA	9
1095	GSA	8
1095	RGA	5
1095	GRA	4
1095	GTA	3
1095	GGR	3
1095	GGW	2
1096	CCA	252996
1096	TCA	194
1096	YCA	96
1096	CTA	27
1096	CYA	11
1096	CCT	6
1096	CCR	6
1096	MCA	3
1096	CCW	3
1096	CCG	3
1096	ACA	2
1097	CTT	253709
1097	CTW	7
1097	CTA	6
1097	CTG	5
1097	CTC	4
1097	CTY	3
1097	GTT	3
1097	ATT	3
1097	TTT	3
1097	CWT	3
1098	AAA	253680
1098	AAG	15
1098	AAR	10
1098	AGA	7
1098	AAM	7
1098	AMA	7
1098	AAC	6
1098	AAT	5
1098	RAA	3
1098	MAA	3
1098	GAA	3
1098	AWA	3
1098	ARA	3
1098	AAW	3
1099	GTG	253630
1099	GTT	10
1099	GTK	8
1099	GTR	7
1099	GYG	7
1099	ATG	6
1099	GCG	5
1099	GTA	4
1099	KTG	4
1099	TTG	3
1099	RTG	3
1099	GWG	3
1100	GGT	252640
1100	GKT	540
1100	GTT	464
1100	TGT	33
1100	AGT	18
1100	RGT	7
1100	KGT	6
1100	GBT	6
1100	KKT	4
1100	GST	4
1100	GGA	4
1100	GRT	4
1100	GGK	2
1101	GGT	253698
1101	GAT	26
1101	AGT	15
1101	GGY	12
1101	GKT	4
1101	KKT	3
1101	GRT	3
1101	GGK	3
1101	GTT	2
1101	KGT	2
1101	TGT	2
1101	SGT	2
1102	AGT	253464
1102	GGT	258
1102	RGT	8
1102	AGW	6
1102	AST	3
1102	MGT	3
1102	AGY	3
1102	ART	3
1103	TGT	253722
1103	TGY	7
1103	WGT	6
1103	TAT	4
1103	TGC	3
1104	GTT	253687
1104	CTT	6
1104	GYT	4
1104	GTA	3
1104	GKT	3
1105	TTA	253575
1105	TTG	136
1105	CTA	12
1105	CTG	5
1105	TCA	4
1105	TTM	3
1105	TYA	3
1106	AGC	253582
1106	AAC	41
1106	AGT	35
1106	AGM	12
1106	ASC	9
1106	WGC	8
1106	AGY	7
1106	AAT	6
1106	MGC	6
1106	ATC	6
1106	AKC	5
1106	ARC	4
1107	GGA	253681
1107	GKA	11
1107	GRA	7
1107	KGA	5
1107	GGR	4
1107	SGA	3
1107	KKA	3
1108	CAC	253515
1108	TAC	138
1108	CAT	45
1108	YAC	19
1108	CAY	12
1108	CMC	6
1108	MAC	3
1109	AAT	253707
1109	AAC	17
1109	AAY	5
1109	AGT	5
1109	ART	4
1109	AAG	3
1109	RAT	3
1109	MAT	3
1110	CTT	253710
1110	TTT	37
1110	TTG	6
1110	YTT	6
1110	CTW	3
1110	CTC	2
1110	CYT	2
1111	GCT	253757
1111	GCC	11
1111	GCW	9
1111	GYT	8
1111	GTT	6
1111	GCY	5
1111	KCT	3
1111	GMT	3
1111	SCT	2
1111	RCT	2
1112	AAA	253765
1112	AAG	19
1112	AAR	6
1112	RAA	5
1112	AAM	3
1112	GAA	3
1112	AAV	3
1112	AAW	3
1112	AGA	2
1113	CAC	252497
1113	TAC	1152
1113	CAT	85
1113	YAC	46
1113	AAC	8
1113	CRC	6
1113	CAY	6
1113	AAT	5
1113	CGC	5
1113	CWC	3
1113	SAC	3
1113	CMC	3
1114	TGT	253780
1114	TTT	26
1114	TKT	24
1114	TGC	18
1114	YGT	9
1114	CGT	7
1114	TGY	6
1114	TCT	4
1114	TRT	4
1114	TRY	3
1114	CTC	2
1115	CTT	253846
1115	CYT	37
1115	CTC	22
1115	TTT	16
1115	CTY	5
1115	ATT	4
1115	YTT	3
1115	MTT	3
1115	GTT	2
1116	CAT	253941
1116	YAT	15
1116	CRT	9
1116	CAY	5
1116	TAT	3
1116	CWT	3
1116	CAC	2
1117	GTT	253855
1117	GTY	11
1117	GYT	11
1117	GCT	10
1117	ATT	10
1117	GTA	6
1117	GWT	4
1117	GKT	3
1117	GTW	2
1117	KTT	2
1117	RTT	2
1118	GTC	253671
1118	GTT	165
1118	GTY	25
1118	STC	7
1118	GYC	7
1118	RTC	5
1118	GCC	4
1118	KTC	4
1118	GTM	2
1119	GGC	253690
1119	GGT	101
1119	AGC	19
1119	KGC	13
1119	GRC	10
1119	TGC	8
1119	RGC	7
1119	GSC	6
1119	GGY	6
1119	GGM	5
1119	GAC	2
1120	CCA	253749
1120	CCG	26
1120	CAA	23
1120	CCT	19
1120	CYA	15
1120	MCA	7
1120	CCC	6
1120	CTA	4
1120	CMA	4
1120	SCA	3
1120	YCA	3
1120	TCA	3
1120	CCM	2
1121	AAT	253787
1121	GAT	52
1121	AAC	14
1121	AAY	10
1121	MAT	6
1121	ACT	6
1121	AGT	5
1121	AAW	3
1121	AAG	2
1122	GTT	253819
1122	KTT	11
1122	GCT	7
1122	CTC	6
1122	ATC	5
1122	GKT	3
1122	GTY	3
1122	GYT	2
1122	GTC	2
1122	ATT	2
1123	AAC	253488
1123	AAT	325
1123	AGC	16
1123	AAA	5
1123	AAY	4
1123	AMC	3
1123	ARC	3
1123	GAC	3
1123	RAC	3
1123	AAM	2
1124	AAA	253826
1124	AGA	14
1124	AAG	11
1124	AAR	8
1124	GAA	6
1124	MAA	3
1124	RAA	2
1125	GGT	253646
1125	TGT	74
1125	RGT	72
1125	GRT	20
1125	GAT	12
1125	KGT	8
1125	AGT	6
1125	GKT	6
1125	GGY	5
1125	SGT	3
1125	GGW	3
1125	GGC	3
1125	GTT	2
1126	GAA	253793
1126	GAR	8
1126	RAA	7
1126	AAA	6
1126	GAC	5
1126	GWA	4
1126	GGA	4
1126	GMA	3
1126	GAG	3
1126	GAM	3
1127	GAC	253722
1127	GAT	41
1127	GAY	11
1127	AAC	8
1127	AGC	5
1127	KAC	4
1127	TAC	3
1127	GGC	2
1127	GRC	2
1128	ATT	253783
1128	ATC	5
1128	GTT	4
1128	RTT	3
1128	AKT	3
1128	AYT	3
1128	ATG	3
1128	ACT	2
1129	CAA	253770
1129	YAA	7
1129	CRA	6
1129	CAW	3
1129	TAA	2
1130	CTT	253568
1130	TTT	138
1130	YTT	25
1130	CTC	14
1130	CAT	14
1130	TTA	6
1130	ATT	5
1130	MTT	4
1131	CTT	253698
1131	TTT	152
1131	YTT	21
1131	CYT	6
1131	CTC	4
1131	CWT	3
1131	CKT	3
1131	CTY	3
1132	AAG	253781
1132	AAT	23
1132	AAA	13
1132	AGG	10
1132	ACG	6
1132	MAG	4
1132	ARG	3
1132	AAR	2
1132	AAK	2
1133	AGT	253674
1133	ATT	11
1133	GTT	6
1133	ACT	5
1133	AAT	4
1133	AGY	3
1133	RGT	3
1133	GGT	3
1133	AKT	2
1133	AST	2
1134	GCT	253663
1134	GTT	14
1134	GCC	6
1134	GCA	5
1134	GCY	4
1134	GMT	4
1134	GCK	2
1134	KCT	2
1135	TAT	253671
1135	TAY	6
1135	TAC	2
1135	TAW	2
1136	GAA	253611
1136	RAA	24
1136	AAA	7
1136	GRA	5
1136	GDA	3
1136	KAA	3
1136	GGA	2
1136	GTA	2
1136	GAG	2
1136	GMA	2
1137	AAT	253636
1137	ACT	6
1137	AAW	6
1137	AGT	5
1137	AWT	4
1137	ART	3
1137	RMT	3
1137	AMT	3
1137	MAT	2
1137	GAT	2
1138	TTT	253619
1138	TTC	12
1138	TYT	9
1138	CTT	6
1138	TTY	3
1138	TTW	3
1138	YTT	3
1139	AAT	253551
1139	AAC	14
1139	WAT	7
1139	AAY	4
1139	AWT	4
1139	AGT	2
1140	CAG	253419
1140	CAT	98
1140	YAG	17
1140	CAK	11
1140	CAA	3
1140	YRG	3
1140	CAS	3
1140	CGG	2
1141	CAC	253453
1141	CAT	44
1141	TAC	26
1141	AAC	8
1141	TAT	5
1141	YAC	4
1141	MAC	4
1141	CAY	2
1141	CGC	2
1142	GAA	253446
1142	AAA	32
1142	GAC	27
1142	GAT	7
1142	GAG	7
1142	RAA	6
1142	KAA	6
1142	GRA	6
1142	GMA	5
1142	GAR	3
1142	GGA	2
1143	GTT	253325
1143	TTT	171
1143	KTT	20
1143	ATT	10
1143	GTY	8
1143	ACT	6
1143	AAA	6
1143	RTT	4
1143	GTC	3
1143	GWT	2
1144	CTA	253266
1144	TTA	266
1144	YTA	18
1144	ATA	6
1144	MTA	3
1145	CTT	253477
1145	CTG	20
1145	TTT	12
1145	CTA	11
1145	CYT	8
1145	CWT	6
1145	ATT	6
1145	YTT	4
1145	CTY	3
1146	GCA	253407
1146	GTA	51
1146	RCA	5
1146	GYA	5
1146	GSA	3
1146	TCA	2
1146	SCA	2
1147	CCA	253392
1147	CCT	15
1147	TCA	11
1147	CCR	5
1147	YCA	4
1147	CCG	2
1147	CCW	2
1148	TTA	253407
1148	TYA	7
1148	CTT	6
1148	TTG	5
1148	CTA	4
1148	TTR	4
1148	TKA	3
1148	YTA	3
1148	TTW	3
1149	TTA	253377
1149	GTA	7
1149	CTA	7
1149	CTC	6
1149	TTG	6
1149	YTA	3
1150	TCA	253237
1150	TYA	16
1150	TCT	7
1150	TTA	6
1150	TCC	4
1150	CCA	4
1150	TMA	3
1150	TCM	3
1150	TCG	3
1150	ACA	2
1150	WCA	2
1151	GCT	253079
1151	GTT	57
1151	TCT	26
1151	GYT	19
1151	GCA	12
1151	SCT	8
1151	KCT	8
1151	ACT	5
1151	GCY	4
1151	GCC	4
1151	GCK	3
1151	RCT	2
1152	GGT	253163
1152	GGC	13
1152	GKT	11
1152	GRT	9
1152	GGW	4
1152	RGT	4
1152	KGT	4
1152	AGT	3
1152	GAT	3
1152	TGT	2
1152	GTT	2
1153	ATT	253064
1153	GTT	89
1153	ATC	14
1153	AYT	9
1153	WTT	5
1153	RTT	4
1153	TTT	3
1153	MTT	3
1153	AWT	3
1153	ATY	3
1153	ATK	3
1153	ACT	2
1154	TTT	253258
1154	TKT	8
1154	TYT	7
1154	TTY	7
1154	KTT	6
1154	YTT	4
1154	TWT	3
1154	TTC	3
1154	TTK	3
1155	GGT	253157
1155	TGT	42
1155	GAT	17
1155	GGY	14
1155	KGT	10
1155	AGT	8
1155	GKT	4
1155	GTT	3
1155	DGT	3
1155	GGW	3
1155	GRT	2
1156	GCT	253307
1156	GTT	34
1156	KCT	10
1156	GCA	10
1156	GCY	8
1156	ACT	4
1156	RCT	4
1156	GAT	4
1156	GCG	4
1156	GCC	3
1156	GMT	3
1156	GYT	2
1157	GAC	253312
1157	GAT	61
1157	GAY	17
1157	TAC	8
1157	CAA	6
1157	GRC	6
1157	KAC	4
1157	GWC	4
1157	GAS	4
1157	GAM	3
1157	RAC	3
1157	GAA	2
1157	AAC	2
1158	CCT	252464
1158	CTT	638
1158	TCT	287
1158	CYT	34
1158	YCT	20
1158	CCA	7
1158	MCT	6
1158	CCY	5
1158	CHT	3
1158	CMT	3
1158	CCC	2
1158	ACT	2
1159	ATA	253363
1159	ATG	35
1159	ACA	14
1159	RTA	12
1159	AYA	9
1159	ATR	7
1159	GTA	6
1159	GTC	6
1159	AKA	5
1159	ATM	3
1159	MTA	2
1159	ATW	2
1160	CAT	253021
1160	TAT	148
1160	CAC	77
1160	YAT	24
1160	CWT	9
1160	CAY	8
1160	CAG	7
1160	CRT	6
1160	CAA	6
1160	CGT	4
1160	CMW	2
1161	TCT	253195
1161	TYT	17
1161	TCY	13
1161	TCC	8
1161	YCT	6
1161	KCT	3
1161	WYT	3
1161	TCK	2
1161	TTT	2
1162	TTA	253064
1162	YTA	9
1162	TTG	7
1162	CTA	6
1162	TYA	6
1162	TTW	3
1162	KTA	3
1162	TTR	2
1162	WTA	2
1163	AGA	253010
1163	AKA	10
1163	AAG	6
1163	AGR	6
1163	AGW	4
1163	ASA	3
1163	AGG	3
1163	AGT	2
1163	CGA	2
1163	RGA	2
1163	AAA	2
1163	TGA	2
1164	GTT	252835
1164	TTT	22
1164	GTG	7
1164	GWT	4
1164	GYT	4
1164	RTT	4
1164	KTT	4
1164	ATT	3
1164	GTC	2
1165	TGT	252844
1165	TGY	8
1165	TRT	7
1165	TGW	7
1165	TKT	4
1165	TTT	3
1165	TGC	2
1166	GTA	252884
1166	GWA	7
1166	GTR	7
1166	RTA	6
1166	ATT	6
1166	GTW	6
1166	GTG	5
1166	GAA	4
1166	KTA	3
1166	GCA	3
1166	ATA	2
1167	GAT	252872
1167	GAC	30
1167	GAY	9
1167	KAT	7
1167	GWT	6
1167	GAA	6
1167	GGT	4
1167	GAK	3
1167	TAT	2
1167	AAT	2
1167	SAT	2
1167	GRT	2
1168	ACT	252349
1168	ATT	198
1168	AYT	41
1168	AAT	19
1168	ACA	16
1168	ACY	10
1168	WCT	7
1168	AMT	4
1168	TCT	2
1168	TAT	2
1169	GTT	252470
1169	GTC	11
1169	STT	8
1169	KTT	6
1169	GWT	6
1169	GTA	6
1169	GYT	4
1169	ATT	4
1169	GTW	3
1169	GTK	3
1169	RTT	3
1169	TTT	2
1170	CGC	252084
1170	TGC	544
1170	CAC	48
1170	YGC	45
1170	CGT	18
1170	CGY	6
1170	CTC	3
1170	CKC	2
1171	ACA	252678
1171	ACG	17
1171	ATA	15
1171	GCA	8
1171	AMA	5
1171	AAA	3
1171	ACR	3
1171	AYA	2
1172	AAT	254046
1172	AAC	9
1172	MAT	9
1172	AGT	8
1172	CAA	6
1172	CAT	2
1173	GTC	254218
1173	GTT	179
1173	GTY	28
1173	KTC	8
1173	GYC	5
1173	GCC	4
1173	GTM	4
1173	GTS	3
1173	RTC	3
1173	GKC	2
1173	GTA	2
1174	TAC	254404
1174	TAT	282
1174	TAY	16
1174	TGC	13
1174	TTT	6
1174	CAC	2
1175	TTA	254728
1175	TTG	15
1175	CTA	8
1175	YTA	6
1175	TKA	3
1175	TYA	2
1176	GCT	254586
1176	GTT	66
1176	GCC	29
1176	ACT	13
1176	TCT	6
1176	GCY	3
1176	GYT	2
1177	GTC	254663
1177	GTT	23
1177	RTC	13
1177	ATC	10
1177	TTC	6
1177	GTY	5
1177	GTG	4
1177	KTC	3
1177	GKC	3
1177	GCC	2
1178	TTT	256027
1178	YTT	9
1178	TCT	6
1178	KTT	2
1179	GAT	256020
1179	GAC	24
1179	GAY	10
1179	GRT	5
1179	KAT	5
1179	GGT	5
1179	GAW	3
1179	GAA	3
1180	AAA	256058
1180	AAG	9
1180	ACA	8
1180	AWA	5
1181	AAT	256009
1181	AAC	20
1181	RAT	13
1181	AGT	9
1181	GAC	6
1181	GAT	6
1181	AAA	3
1181	CAT	3
1181	AAY	2
1181	AAG	2
1182	CTC	255928
1182	CTT	108
1182	TTC	38
1182	CTY	12
1182	CCC	4
1182	YTC	4
1182	CYC	3
1182	CTM	3
1183	TAT	256073
1183	TAY	4
1183	TRT	3
1183	TAW	3
1183	TAK	3
1183	TWT	3
1183	YAT	2
1183	TGT	2
1183	TAC	2
1184	GAC	255798
1184	GAT	199
1184	GAY	34
1184	KAC	30
1184	GAA	15
1184	GAM	10
1184	AAC	7
1184	SAC	7
1184	RAC	5
1185	AAA	256050
1185	GAA	13
1185	AAW	3
1185	ARA	2
1186	CTT	256054
1186	ATT	9
1186	TTT	4
1186	YTT	3
1187	GTT	256061
1187	ATT	8
1187	GTA	6
1187	KTT	4
1187	GTG	4
1187	GCT	3
1188	TCA	254605
1188	TTA	130
1188	TYA	11
1188	TCG	8
1188	CCA	7
1188	TCT	6
1188	GCT	6
1188	YCA	4
1188	TCR	3
1188	TCC	2
1189	AGC	254594
1189	AAC	106
1189	CGC	21
1189	AGT	19
1189	AGY	10
1189	AKC	5
1189	AGA	4
1189	GGC	4
1189	ACC	3
1189	AGM	2
1190	TTT	254349
1190	GTT	26
1190	CTT	16
1190	YTT	8
1190	TTK	6
1190	TYT	6
1190	TTC	2
1191	TTG	254403
1191	TTA	22
1191	TTT	16
1191	TTK	8
1191	ATG	5
1192	GAA	254139
1192	GAT	192
1192	GGA	22
1192	GCA	11
1192	RAA	10
1192	KAA	8
1192	AAA	4
1192	GAW	2
1192	GAG	2
1193	ATG	254328
1193	ACG	13
1193	GTG	8
1193	ATK	4
1193	ATA	4
1193	AWG	3
1193	AYG	3
1193	AGG	3
1193	WTG	3
1193	ATT	2
1194	AAG	254342
1194	AAA	8
1194	AAK	7
1194	AGG	7
1194	RAG	2
1195	AGT	254057
1195	ATT	58
1195	AGY	4
1195	AKT	4
1195	AAT	3
1195	GGT	2
1196	GAA	254044
1196	GAG	13
1196	RAA	12
1196	GTA	12
1196	KAA	6
1196	GRA	5
1196	GCA	3
1196	GGA	2
1197	AAG	253857
1197	GAG	10
1197	ARG	7
1197	RAG	7
1197	ACT	6
1197	AAA	5
1197	GCA	5
1197	AAK	5
1197	AAR	4
1197	CAG	3
1197	AAT	2
1198	CAA	253952
1198	CAG	20
1198	CAC	9
1198	CGA	7
1198	AAA	6
1198	CAR	4
1198	YAA	4
1198	CTA	2
1199	GTT	253809
1199	TTT	160
1199	GTA	13
1199	KTT	11
1199	GCT	3
1199	GTG	2
1199	GTC	2
1199	GKT	2
1200	GAA	253987
1200	GGA	9
1200	CAA	6
1200	RAA	4
1200	GMA	3
1200	SAA	3
1200	AAA	3
1200	KAA	3
1200	GAG	2
1201	CAA	253932
1201	CTA	16
1201	YAA	12
1201	GAT	6
1201	CAR	4
1201	CRA	3
1201	AAA	2
1201	CAT	2
1202	AAG	252749
1202	AAT	1141
1202	AAK	46
1202	AAA	19
1202	ARG	9
1202	CAC	6
1202	CAG	5
1202	GAG	2
1202	AGG	2
1203	ATC	253671
1203	ATT	115
1203	ACC	74
1203	ATY	28
1203	AYC	18
1203	AAC	9
1203	AGC	6
1203	ATA	6
1203	TTT	6
1203	RTC	5
1203	GTC	5
1203	ATM	4
1203	CTC	3
1204	GCT	253671
1204	GCK	221
1204	GTT	29
1204	GCA	20
1204	GCY	6
1204	GAC	6
1204	ACT	5
1204	GYT	5
1204	KCT	3
1204	GCC	3
1204	RCT	2
1204	TCT	2
1204	GCG	2
1205	GAG	253889
1205	GAT	49
1205	GAA	43
1205	GTC	6
1205	KAG	4
1205	GAK	3
1205	GAC	2
1205	GGG	2
1206	ATT	254049
1206	GTT	25
1206	ACT	4
1206	ATY	3
1206	AYT	2
1207	CCT	253609
1207	CTT	179
1207	TCT	133
1207	CAT	65
1207	CYT	13
1207	YCT	12
1207	CCC	11
1207	ACT	7
1207	GAG	6
1207	CCW	4
1207	CMT	3
1207	CCY	3
1208	AAA	254027
1208	AAG	21
1208	WAA	7
1208	ACT	6
1208	AGA	4
1209	GAG	253747
1209	GAT	250
1209	GAA	12
1209	AAG	10
1209	RAG	6
1209	KAG	5
1209	ATG	5
1209	CAG	3
1209	GAK	3
1209	GAR	2
1210	GAA	253981
1210	AAA	31
1210	GGA	6
1210	GTT	6
1210	KAA	5
1210	RAA	4
1210	GAG	3
1210	GAC	2
1211	GTT	253837
1211	TTT	121
1211	KTT	65
1211	GAA	6
1211	GTC	4
1211	CTT	2
1212	AAG	253965
1212	GAG	7
1212	AAA	6
1212	ATT	6
1212	AAT	5
1212	WAG	3
1212	AAS	3
1212	AAK	2
1212	ARG	2
1213	CCA	253798
1213	CTA	113
1213	CCG	48
1213	TCA	18
1213	ACA	12
1213	CYA	9
1213	CCW	5
1214	TTT	253979
1214	TCT	23
1214	YTT	6
1214	CCT	6
1214	CCA	5
1214	TTY	4
1214	TTG	4
1214	TTC	4
1215	ATA	253990
1215	ACA	17
1215	GAA	6
1215	AYA	3
1216	ACT	253934
1216	GCT	33
1216	ATT	15
1216	ACA	3
1216	ACG	3
1216	AYT	3
1216	AAT	2
1216	WCT	2
1217	GAA	253986
1217	RAA	12
1217	GAG	5
1217	GCA	4
1217	TAA	2
1217	AAA	2
1217	GAR	2
1218	AGT	254008
1218	AAT	21
1218	GGT	14
1218	RGT	11
1218	TCT	6
1218	AGC	4
1218	ATT	3
1218	AKT	2
1218	AST	2
1219	AAA	254010
1219	WWA	9
1219	GCT	6
1219	RAA	4
1219	AGA	3
1219	TTA	3
1219	AAM	2
1220	CCT	253825
1220	CTT	53
1220	TCT	47
1220	ACT	29
1220	CAT	20
1220	CYT	16
1220	YCT	11
1220	TCA	6
1220	CCG	4
1220	CCY	4
1220	CMT	4
1220	CCW	3
1220	CCC	3
1220	MCT	2
1221	TCA	253927
1221	TTA	56
1221	AGT	6
1221	TCR	4
1221	CCA	4
1221	TCT	3
1221	TYA	2
1222	GTT	252975
1222	GTC	1022
1222	GCT	30
1222	GAG	6
1222	GTY	6
1222	GWT	3
1222	GYT	3
1222	TTT	3
1222	AAT	2
1222	KTT	2
1223	GAA	254022
1223	AAA	27
1223	GGA	15
1223	GAR	6
1223	GCA	4
1223	GAG	3
1223	KAA	2
1223	GAM	2
1224	CAG	253933
1224	CAK	16
1224	YAG	14
1224	CAA	10
1224	GAG	10
1224	CCT	6
1224	CTG	3
1224	MAG	2
1224	CAS	2
1225	AGA	253938
1225	CGA	24
1225	ARA	9
1225	AAG	6
1225	ACC	6
1225	AKA	5
1225	AGG	4
1225	ATA	4
1225	AGR	3
1225	AGT	3
1225	AAA	3
1226	AAA	254001
1226	ATA	7
1226	CAA	7
1226	AAG	6
1226	GAA	4
1226	ARA	3
1226	AAR	3
1227	CAA	254092
1227	CAG	7
1227	GAA	6
1227	YAA	4
1227	CMA	3
1227	CAR	2
1227	AAA	2
1228	GAT	254047
1228	TAT	9
1228	KAT	8
1228	GAC	7
1228	GAG	6
1228	GAA	6
1228	GAW	4
1228	GAK	3
1228	ACT	3
1228	GGT	3
1228	GCT	2
1228	GRT	2
1228	AAT	2
1229	GAT	254033
1229	GGT	32
1229	GAC	18
1229	TAT	8
1229	GAA	6
1229	CCT	6
1229	GWT	5
1229	KAT	4
1229	GAK	3
1229	GAY	2
1230	AAG	253846
1230	AAT	191
1230	AAA	23
1230	AAR	12
1230	AAK	11
1230	ACG	9
1230	AGG	5
1230	GAG	4
1231	AAA	254111
1231	AAG	9
1231	ARA	7
1231	GAA	5
1232	ATC	253942
1232	ATT	146
1232	GTC	27
1232	RTC	10
1232	ATY	7
1232	GTG	6
1232	ACC	5
1232	ATA	4
1232	ATM	2
1233	AAA	254194
1233	AAG	9
1233	AAC	5
1233	AAR	4
1233	WAA	3
1234	GCT	254245
1234	GTT	23
1234	CCT	7
1234	SCT	7
1234	GCC	6
1234	KCT	6
1234	GYT	6
1234	ACT	5
1234	GAT	4
1234	GST	3
1234	RCT	2
1234	GCY	2
1234	GCG	2
1235	TGT	254274
1235	TAT	6
1235	YGT	4
1235	TGC	3
1235	TGW	3
1235	TKT	2
1235	TGY	2
1236	GTT	254176
1236	TTT	48
1236	ATT	11
1236	STT	4
1236	GYT	3
1236	KTT	3
1236	GTY	2
1237	GAA	254251
1237	GAG	5
1237	GAR	2
1238	GAA	254309
1238	RAA	2
1238	GAG	2
1239	GTT	254310
1239	GTC	11
1239	TTT	8
1239	GYT	5
1239	GTY	4
1239	KTT	2
1239	RTT	2
1240	ACA	254302
1240	ATA	36
1240	AYA	5
1240	ACR	4
1240	AAA	3
1240	MCA	3
1240	GCA	3
1240	ACT	2
1241	ACA	254283
1241	ATA	47
1241	AYA	9
1241	ACT	8
1241	ACC	6
1241	ACG	4
1241	AAA	2
1242	ACT	254196
1242	ATT	103
1242	AYT	13
1242	GCT	10
1242	ACY	4
1242	ACG	3
1242	AAT	2
1242	ACC	2
1243	CTG	253751
1243	CTA	179
1243	TTG	160
1243	CTT	38
1243	YTG	5
1243	CTR	4
1243	CTK	3
1243	ATG	2
1243	STG	2
1244	GAA	254151
1244	AAA	15
1244	KAA	8
1244	GGA	8
1244	GCA	6
1244	GAG	4
1244	SAA	3
1244	RAA	2
1245	GAA	254150
1245	AAA	20
1245	GAG	5
1245	SAA	2
1245	RAA	2
1245	GAC	2
1246	ACT	250671
1246	ATT	3430
1246	AYT	74
1246	ACC	7
1246	ACY	6
1246	MCT	3
1247	AAG	253383
1247	AAT	745
1247	AAK	18
1247	AAA	13
1247	ARG	3
1247	AAR	3
1247	AWG	3
1248	TTC	254067
1248	TTT	50
1248	TCC	17
1248	WTC	3
1248	TYC	3
1248	TTY	3
1248	CTC	2
1249	CTC	253943
1249	CTT	154
1249	TTC	27
1249	CCC	18
1249	CAC	14
1249	CYC	6
1249	CTY	4
1249	CKC	2
1249	CWC	2
1250	ACA	254124
1250	ATA	27
1250	ACT	15
1250	AYA	5
1250	ACG	4
1250	WCA	3
1250	ACR	3
1250	ACM	2
1250	GCA	2
1250	MCA	2
1251	GAA	254129
1251	RAA	23
1251	GAG	12
1251	GRA	8
1251	GGA	5
1251	AAA	4
1251	CTA	3
1251	RMM	3
1251	GAW	2
1252	AAC	254116
1252	AAT	78
1252	AAY	7
1252	RAM	3
1252	AGC	2
1252	CAC	2
1253	TTG	254178
1253	TTA	13
1253	TTK	4
1253	YYG	3
1253	CTG	2
1254	TTA	254213
1254	YTA	11
1254	CTA	5
1254	TYA	4
1254	TTG	2
1255	CTT	254205
1255	YTT	13
1255	CYT	6
1255	CTG	6
1255	CTC	2
1255	CTA	2
1256	TAT	254216
1256	TAC	15
1256	TAY	4
1256	YAT	3
1256	TAW	3
1256	TMT	2
1257	ATT	254200
1257	ATA	8
1257	GTT	8
1257	GCA	6
1257	ACT	2
1258	GAC	254216
1258	GAT	19
1258	GAY	6
1258	KAC	4
1258	GAS	3
1258	RAC	3
1259	ATT	254083
1259	GTT	141
1259	AKT	3
1259	ATM	3
1259	ATY	3
1259	ATC	2
1259	RTT	2
1259	ACT	2
1260	AAT	254175
1260	AGT	26
1260	ACT	14
1260	AAC	8
1260	AAA	3
1260	WAT	3
1260	ACA	3
1260	AAK	2
1261	GGC	254487
1261	GGT	31
1261	KGC	5
1261	GRC	3
1261	GGA	3
1262	AAT	254602
1262	AAC	22
1262	RAT	5
1262	AGT	3
1262	ATT	3
1262	GAT	2
1262	AAY	2
1262	ART	2
1263	CTT	254802
1263	ATT	10
1263	MTT	8
1263	YTT	8
1263	CTG	6
1263	CTC	5
1263	CCT	4
1263	CYT	2
1263	CTY	2
1264	CAT	254962
1264	CAC	23
1264	YAT	10
1264	TAT	7
1264	CAY	4
1264	AAT	3
1264	CMT	3
1265	CCA	254960
1265	TCA	30
1265	YCA	27
1265	CYA	13
1265	CCR	5
1265	CTA	4
1265	CCG	3
1265	CAA	2
1265	CCT	2
1266	GAT	255159
1266	GAC	4
1266	GAY	2
1267	TCT	255216
1267	TCC	12
1267	TYT	10
1267	TCA	6
1267	YCT	5
1268	GCC	255276
1268	GCT	26
1268	GCA	20
1268	GTC	17
1268	ACC	14
1268	GCY	6
1268	RCC	4
1268	GYC	3
1268	GCM	3
1269	ACT	255865
1269	ATT	11
1269	ATG	8
1269	AAT	8
1269	ACC	6
1269	AYT	6
1269	AGT	6
1269	TCT	5
1270	CTT	255893
1270	TTT	31
1270	CTC	10
1270	YTT	8
1270	ATT	3
1270	CTY	2
1271	GTT	255933
1271	ATT	12
1271	GTG	7
1271	GTY	4
1271	RTT	3
1272	AGT	256555
1272	AKT	15
1272	AAT	12
1272	AST	12
1272	AAA	7
1272	GAA	6
1272	AGY	5
1272	ATT	3
1272	ART	2
1272	MGT	2
1272	GGT	2
1273	GAC	256205
1273	GAT	395
1273	GAY	25
1273	KAC	9
1273	SAC	5
1273	AAT	5
1273	CAC	2
1274	ATT	256593
1274	ATG	21
1274	ACT	13
1274	ATY	7
1274	GTT	7
1274	AGT	6
1274	WTT	3
1274	ATC	2
1275	GAC	256550
1275	GAT	64
1275	AAC	21
1275	KAC	12
1275	GAY	3
1276	ATC	256541
1276	ATT	64
1276	ACC	15
1276	TTC	10
1276	GTC	9
1276	AGC	8
1276	AYC	3
1276	WTC	2
1276	ATY	2
1277	ACT	256620
1277	ACC	19
1277	AYT	10
1277	ATT	7
1277	ACY	3
1278	TTC	256625
1278	TTT	35
1278	TTY	10
1279	TTA	256618
1279	CTA	8
1279	CTT	7
1279	TTG	7
1279	TTW	5
1279	TYA	4
1279	KTA	3
1280	AAG	256307
1280	AAT	258
1280	AAA	54
1280	AAK	13
1280	AAR	7
1280	GAG	4
1280	AGG	4
1281	AAA	256615
1281	GAA	14
1281	AAG	7
1281	AAR	4
1281	RAA	3
1281	AGA	3
1281	AWA	2
1282	GAT	256606
1282	GAC	13
1282	KAT	9
1282	AAT	8
1282	TAT	3
1282	GRT	3
1282	GAA	2
1283	GCT	255413
1283	GTT	1175
1283	GYT	28
1283	KCT	11
1283	GCC	7
1283	GCY	5
1283	GCG	4
1283	SCT	4
1283	TCT	4
1283	CCC	2
1284	CCA	256622
1284	CCT	16
1284	CYA	11
1284	TCA	11
1284	YCA	10
1284	CCG	7
1284	CTA	5
1284	CCC	4
1284	CSA	3
1285	TAT	256665
1285	TAC	16
1285	CAT	8
1285	YAT	6
1285	TAY	4
1285	TWT	4
1286	ATA	256690
1286	ATG	6
1286	ACA	3
1286	WTA	2
1287	GTG	256508
1287	GCG	64
1287	GTA	21
1287	ATG	15
1287	KTG	14
1287	RTG	4
1287	GAA	3
1287	TTG	3
1287	GAG	2
1288	GGT	256673
1288	AGT	18
1288	RGT	4
1288	GTT	3
1288	GGC	2
1288	GGY	2
1289	GAT	256687
1289	GAC	6
1289	KAT	4
1290	GTT	256740
1290	GTC	7
1290	ATT	7
1290	ATA	6
1290	KTT	4
1291	GTT	256695
1291	TTT	90
1291	ATT	45
1291	KTT	11
1291	GTG	5
1291	GTC	3
1292	CAA	256817
1292	CAG	8
1292	AAG	6
1292	CGA	6
1292	ACT	6
1292	YAA	4
1292	MAA	4
1292	CAW	3
1293	GAG	256656
1293	GAA	18
1293	AGT	7
1293	GAT	6
1293	GGG	5
1293	KAG	3
1293	GAK	3
1293	AAG	2
1293	RAG	2
1294	GGT	256671
1294	GKT	13
1294	AGT	5
1294	RGT	4
1294	GAT	3
1294	TGT	2
1294	GGC	2
1295	GTT	256486
1295	TTT	150
1295	GCT	24
1295	KTT	13
1295	ATT	8
1295	AAT	6
1295	RTT	3
1295	GTC	2
1295	GYT	2
1296	TTA	256720
1296	TTG	9
1296	GTA	5
1296	KTA	3
1296	CTA	2
1297	ACT	256607
1297	ATT	70
1297	ACA	8
1297	AAT	3
1297	ACK	3
1297	AYT	3
1297	TCT	2
1297	MCT	2
1297	ACC	2
1298	GCT	255827
1298	GTT	751
1298	GYT	36
1298	KCT	16
1298	ACC	5
1298	ACT	4
1298	GCC	2
1299	GTG	256505
1299	GTT	90
1299	TTG	28
1299	GTA	12
1299	KTG	8
1299	GTK	2
1300	GTT	256612
1300	GTC	13
1300	GTY	4
1300	GTW	3
1300	KTT	3
1300	GYT	3
1300	GCT	2
1300	ATT	2
1301	ATA	256613
1301	GTA	11
1301	RTA	2
1301	AYA	2
1302	CCT	256590
1302	CCA	7
1302	CYT	3
1302	CCC	2
1303	ACT	256563
1303	ACC	13
1303	ACW	8
1303	ACA	7
1303	ATT	6
1303	ACY	4
1303	WCT	3
1303	AYT	3
1303	GCT	3
1303	TCT	2
1304	AAA	256354
1304	AAG	13
1304	AAM	4
1304	AAW	3
1305	AAG	256236
1305	AAT	347
1305	AAA	24
1305	ARG	9
1305	AGG	4
1305	AAK	2
1305	CAG	2
1306	GCT	256519
1306	TCT	42
1306	RCT	20
1306	ACT	19
1306	GTT	8
1306	GCA	7
1306	GCC	4
1306	KCT	4
1307	GGT	256462
1307	GGC	97
1307	GAT	50
1307	AGT	8
1307	GST	7
1307	GGY	3
1307	GKT	2
1308	GGC	256615
1308	GGT	25
1308	AGC	6
1308	GKC	3
1308	RGC	2
1309	ACT	256631
1309	ACC	7
1309	ACY	6
1310	ACT	256355
1310	ACA	284
1310	ACC	7
1310	AYT	4
1310	ATT	3
1310	RCT	3
1310	ACG	2
1311	GAA	256370
1311	GGA	265
1311	GCA	12
1311	RAA	4
1311	GAG	3
1311	GAT	3
1311	GAW	2
1311	AAA	2
1312	ATG	256478
1312	ATT	132
1312	ATK	10
1312	ATS	4
1312	ATR	2
1312	AGG	2
1313	CTA	256586
1313	TTA	41
1313	CTT	12
1313	YTA	2
1314	GCG	256193
1314	GCT	200
1314	GTG	150
1314	GCA	25
1314	GCR	21
1314	GYG	19
1314	KCG	7
1314	ACG	7
1314	GCK	6
1314	ACA	6
1314	CCG	3
1314	KCR	3
1315	AAA	256623
1315	CAA	16
1315	AAG	6
1315	AAR	3
1315	AGA	2
1316	GCT	256545
1316	TCT	30
1316	GTT	18
1316	GCA	15
1316	GCC	12
1316	GYT	10
1316	ACT	6
1316	GCK	4
1316	KCT	3
1316	GCY	2
1317	TTG	256610
1317	CTG	8
1317	TTA	7
1317	TTC	6
1317	TTS	4
1317	TTT	2
1317	TTK	2
1318	AGA	256597
1318	ARA	12
1318	AAG	7
1318	CGT	6
1318	AGR	5
1318	CGA	4
1318	AAA	2
1318	GGA	2
1319	AAA	256569
1319	AAG	10
1319	GAA	4
1319	AAR	4
1319	RAA	2
1320	GTG	256600
1320	GTA	7
1320	TTA	6
1320	GTT	5
1320	TTG	5
1320	GTC	3
1320	GTS	3
1320	GTR	3
1321	CCA	255999
1321	TCA	592
1321	CCG	12
1321	CCT	6
1321	CCR	4
1321	CYA	3
1321	YCA	2
1322	ACA	256489
1322	CCA	38
1322	ATA	28
1322	AAA	16
1322	ACC	14
1322	GCA	14
1322	ACT	10
1322	GTA	6
1322	ACG	6
1322	MCA	4
1322	AMA	3
1322	AYA	2
1323	GAC	256444
1323	TAC	112
1323	GAT	58
1323	GGC	7
1323	GAY	4
1323	GAM	3
1323	GWC	3
1323	GCC	2
1323	GRC	2
1323	AAC	2
1323	KAC	2
1324	AAT	256536
1324	AGT	73
1324	GAT	9
1324	CAT	6
1324	AAC	4
1324	MAT	2
1325	TAT	256641
1325	TAC	11
1325	TTT	3
1325	YAT	2
1326	ATA	256600
1326	AYA	6
1326	ATT	4
1326	ACA	3
1326	WTA	3
1326	GTA	2
1327	ACC	256477
1327	ACT	95
1327	ACA	8
1327	RCC	4
1327	AYC	3
1327	ACY	2
1328	ACT	256555
1328	ACC	17
1328	AYT	6
1328	ATT	3
1329	TAC	256534
1329	TAT	10
1329	TAY	8
1329	TDC	2
1330	CCG	255499
1330	CCA	477
1330	CCT	228
1330	CCR	9
1330	CCC	6
1330	CCK	6
1330	CSG	3
1330	YCG	2
1330	CCS	2
1331	GGT	256200
1331	GGA	12
1331	KGT	4
1331	GGC	3
1331	GKT	3
1331	RGT	3
1331	GGG	2
1332	CAG	256183
1332	CAA	14
1332	YAG	10
1332	CAS	3
1332	CAR	2
1333	GGT	256181
1333	GKT	14
1333	KGT	10
1333	RGT	5
1333	GGK	3
1333	GRT	3
1334	TTA	255990
1334	TGC	6
1334	AAT	6
1334	TTG	5
1334	ATA	4
1334	TCA	3
1335	AAT	255940
1335	AGT	30
1335	AAC	25
1335	GTT	6
1335	ART	5
1335	AAY	3
1336	GGT	256001
1336	GGC	10
1336	GKT	7
1336	GGG	7
1337	TAC	255727
1337	TAT	280
1337	TAY	21
1337	AAC	7
1337	TRC	3
1338	ACT	256018
1338	ACA	13
1338	AYT	10
1338	ATT	3
1338	ACY	2
1339	GTA	256023
1339	ATA	17
1339	TTA	7
1339	ATT	6
1339	GTG	5
1339	KTA	2
1339	GTW	2
1340	GAG	256068
1340	GAT	84
1340	GAA	30
1340	GAR	5
1340	GMG	4
1340	GAK	4
1340	GWG	3
1340	GCG	2
1340	KAG	2
1341	GAG	256048
1341	GAT	60
1341	GAA	29
1341	GAK	29
1341	KAG	11
1341	GRG	2
1341	GAR	2
1342	GCA	255418
1342	GCT	720
1342	GCW	22
1342	GMA	8
1342	KCA	7
1342	GYA	5
1342	TCA	4
1342	GTA	3
1342	GCG	2
1343	AAG	256165
1343	AAA	12
1343	AGG	8
1343	AAK	5
1343	ARG	3
1343	AAR	3
1344	ACA	256105
1344	ATA	40
1344	ACG	35
1344	AGA	2
1344	AYA	2
1344	GCA	2
1345	GTG	255643
1345	GTT	485
1345	GTK	18
1345	TTG	15
1345	GCT	7
1345	GTS	6
1345	KTG	4
1345	ATG	3
1345	GTR	3
1346	CTT	255954
1346	CTC	220
1346	TTT	19
1346	YTT	10
1347	AAA	256198
1347	AAG	6
1347	AGA	6
1347	ARA	3
1347	AAR	2
1348	AAG	256193
1348	AAR	6
1348	ARG	5
1348	GAG	4
1348	AAT	4
1348	CAG	3
1348	RAG	3
1348	AGG	2
1349	TGT	256260
1349	TGC	9
1349	AGT	6
1349	TKT	5
1349	TGY	2
1350	AAA	256251
1350	AAG	13
1350	WAA	8
1351	AGT	256236
1351	AGK	13
1351	AGC	7
1351	AKT	6
1351	GGT	5
1351	RGT	4
1351	AST	3
1351	AGW	3
1352	GCC	255697
1352	GCT	237
1352	GTC	226
1352	ACC	35
1352	GCY	20
1352	SCC	15
1352	GCA	10
1352	KCC	10
1352	GYC	9
1352	SMC	6
1352	RCC	5
1352	GAC	4
1353	TTT	256280
1353	TTG	26
1353	YTT	16
1353	TTC	16
1353	TAT	6
1353	CTT	5
1353	TTW	3
1353	TTY	2
1353	TYT	2
1354	TAC	256410
1354	TAT	33
1354	TAY	7
1354	TMC	3
1354	YAC	3
1354	TGC	2
1355	ATT	256374
1355	ATC	31
1355	GTT	15
1355	ATA	12
1355	GTA	6
1355	ATY	3
1355	AYT	3
1355	RTT	2
1356	CTA	256171
1356	TTA	268
1356	YTA	25
1356	CTG	4
1356	CYA	2
1356	ATA	2
1357	CCA	256434
1357	CCT	9
1357	YCA	8
1357	CCC	7
1357	CYA	6
1357	CCG	4
1357	TCA	2
1358	TCT	256440
1358	TCC	7
1358	TYT	6
1358	TTT	2
1359	ATT	256441
1359	ACT	17
1359	ATC	8
1359	GTT	7
1359	ATA	6
1359	AYT	2
1359	ATY	2
1360	ATC	256382
1360	ATT	74
1360	ATA	7
1360	GTC	6
1360	ATY	4
1360	AYC	2
1360	ACC	2
1361	TCT	256350
1361	CCT	111
1361	TTT	12
1361	GCT	11
1361	CCA	6
1361	YCT	4
1361	TCW	4
1361	TYT	2
1362	AAT	256448
1362	AAC	35
1362	AWT	5
1362	AMT	3
1362	RAT	2
1362	AAY	2
1363	GAG	256153
1363	GAA	284
1363	GAK	23
1363	GAT	16
1363	AAG	7
1363	GWG	6
1363	GCG	5
1363	KAG	3
1364	AAG	256486
1364	AAA	12
1364	AAT	5
1364	AAK	4
1364	ARG	2
1365	CAA	256463
1365	GAA	13
1365	YAA	12
1365	CAG	5
1365	CAC	2
1366	GAA	256464
1366	RAA	15
1366	GAG	8
1366	GCA	3
1366	GRA	2
1367	ATT	256498
1367	ATY	4
1367	CTT	3
1367	MTT	3
1367	ATC	2
1368	CTT	256447
1368	CTC	42
1368	YTT	6
1368	CTA	4
1368	ATT	2
1369	GGA	256321
1369	GGG	132
1369	GGC	20
1369	KGA	9
1369	GGT	6
1369	GKA	5
1369	GGR	4
1369	AGA	3
1369	GGM	2
1370	ACT	256506
1370	ACY	3
1370	ACC	3
1370	AYT	2
1371	GTT	256500
1371	GTY	7
1371	KTT	3
1372	TCT	256513
1372	TMT	3
1372	TYT	3
1372	TCG	2
1373	TGG	256491
1374	AAT	256443
1374	AGT	65
1374	AAC	14
1374	ACT	4
1374	AWT	2
1375	TTG	256309
1375	TTT	168
1375	TGG	32
1375	TTA	11
1375	TTK	4
1376	CGA	256261
1376	AGA	217
1376	YGA	9
1376	CGT	8
1376	CCA	3
1376	MGA	3
1376	CGG	2
1376	CAA	2
1376	CKA	2
1377	GAA	256496
1377	GAG	13
1377	GAR	4
1377	KAA	3
1377	RAA	3
1377	GAT	2
1378	ATG	256329
1378	ATT	140
1378	ATK	24
1378	ATS	8
1378	ATB	7
1378	GTG	4
1378	ATA	4
1378	ATR	3
1379	CTT	256321
1379	CTA	117
1379	CTC	70
1379	TTT	8
1379	YTT	5
1379	CTY	3
1379	CYT	3
1380	GCA	256256
1380	ACA	43
1380	GTA	12
1380	ACG	6
1380	GGA	6
1380	GYA	3
1380	GCT	2
1380	GAA	2
1380	GCR	2
1381	CAT	256263
1381	TAT	40
1381	YAT	10
1381	CAC	3
1382	GCA	256212
1382	GCT	24
1382	GTA	14
1382	GYA	9
1382	SCA	9
1382	KCA	6
1382	GCW	5
1382	ACA	4
1382	TCA	3
1383	GAA	256233
1383	KAA	24
1383	GAG	10
1383	GMA	5
1383	TAA	4
1383	AAA	4
1383	RAA	4
1383	GTA	4
1383	GAC	2
1383	SAA	2
1384	GAA	256165
1384	RAA	11
1384	AAA	8
1384	GAG	4
1384	GWA	2
1385	ACA	256046
1385	AYA	6
1385	ACR	3
1385	GCA	2
1386	CGC	255739
1386	CGT	124
1386	TGC	64
1386	YGC	21
1386	CGY	16
1386	CAC	14
1386	CKC	10
1386	CSC	5
1387	AAA	255848
1387	AAG	14
1388	TTA	255293
1388	TTG	17
1388	CTA	3
1388	GTA	2
1388	KTR	2
1389	ATG	255296
1389	ATC	3
1389	AYG	3
1389	MTG	2
1389	CTG	2
1390	CCT	255139
1390	CYT	5
1390	CCA	3
1390	CCY	2
1391	GTC	255080
1391	GTT	54
1391	GTY	7
1391	ATT	6
1391	GYC	6
1391	GTA	4
1391	RTC	4
1391	ATC	3
1392	TGT	254847
1392	TGC	23
1392	YGT	4
1392	TST	4
1392	TRT	3
1392	TGY	3
1392	TAT	2
1393	GTG	254326
1393	GTT	176
1393	TTG	156
1393	GTA	22
1393	GTK	16
1393	ATG	15
1393	STG	8
1393	KTG	7
1394	GAA	254591
1394	RAA	18
1394	GAT	7
1394	KAA	6
1394	GAR	3
1394	GAG	3
1394	GWA	2
1395	ACT	254542
1395	ACA	7
1395	RCT	7
1395	GCT	5
1395	AST	5
1395	ACC	2
1395	AYT	2
1395	ACW	2
1396	AAA	254547
1396	GAA	14
1396	AGA	7
1396	AAG	6
1396	ARA	2
1396	AWR	2
1397	GCC	254055
1397	GTC	300
1397	GCT	189
1397	GCY	25
1397	GYC	10
1397	TCC	6
1397	ACC	5
1397	SCC	2
1397	KCM	2
1397	KCC	2
1397	GCA	2
1398	ATA	254514
1398	GTA	61
1398	WTA	4
1398	MTA	3
1398	TTA	2
1399	GTT	254545
1399	GTG	11
1399	ATG	7
1399	RTT	4
1399	GTK	4
1399	GTY	4
1399	GTC	3
1399	GYT	2
1399	TTT	2
1400	TCA	254545
1400	YCA	10
1400	TCT	9
1400	TCG	7
1400	TTA	7
1400	CCA	3
1400	TMA	2
1401	ACT	254528
1401	ATT	83
1401	ACC	7
1401	ACW	3
1401	AMT	2
1401	AYT	2
1402	ATA	254625
1402	GTA	7
1402	GTG	6
1402	ATR	3
1402	RTA	3
1403	CAG	254556
1403	CAA	17
1403	CAT	4
1403	YAG	3
1403	CAR	2
1404	CGT	254458
1404	TGT	73
1404	YGT	16
1404	CKT	10
1404	CAT	9
1404	AGG	6
1404	CGC	5
1404	CGY	3
1404	CGW	3
1404	CRT	2
1405	AAA	254561
1405	AAG	10
1405	AAT	3
1405	AAC	2
1405	RAA	2
1405	ACA	2
1405	AAW	2
1406	TAT	254552
1406	TAC	26
1406	TAY	5
1406	WAT	3
1407	AAG	254500
1407	AAA	11
1407	AGG	6
1407	AAR	4
1407	AAT	3
1407	WAG	3
1407	RAG	3
1407	AAK	3
1408	GGT	254407
1408	GKT	44
1408	KGT	5
1408	GRT	3
1408	AGT	2
1409	ATT	254479
1409	GTT	8
1409	RTT	4
1409	WTT	2
1409	ATY	2
1410	AAA	254430
1410	AGA	10
1410	AAG	8
1410	AWA	4
1411	ATA	254457
1411	ATW	2
1411	ATM	2
1411	ATT	2
1412	CAA	254385
1412	CAG	31
1412	CGA	3
1412	MAA	3
1412	YAA	2
1413	GAG	254172
1413	GAT	55
1413	GAA	44
1413	GTG	19
1413	GAK	17
1413	KAG	11
1413	GRG	5
1413	GAR	4
1413	GAS	3
1414	GGT	253957
1414	KGT	297
1414	RGT	7
1414	GGA	6
1414	GGY	5
1414	DGT	3
1414	GGC	3
1414	TGT	3
1415	GTG	253658
1415	GTT	370
1415	GTA	200
1415	GTK	17
1415	GTC	9
1415	ATG	6
1415	GTS	5
1415	GYG	5
1415	RTG	3
1415	GCG	2
1415	STG	2
1415	GKG	2
1416	GTT	254176
1416	ATT	107
1416	KTT	10
1416	GTG	6
1416	GTK	3
1416	GYT	3
1416	TTT	3
1417	GAT	254311
1417	AAT	31
1417	GAC	18
1417	GWT	6
1417	GGT	2
1417	RAT	2
1418	TAT	254395
1418	TAC	11
1418	TGT	7
1418	YAT	4
1419	GGT	254251
1419	TGT	14
1419	GKT	6
1419	RGT	5
1419	KGT	5
1419	GGC	4
1419	GTT	2
1420	GCT	253959
1420	ACT	121
1420	GTT	12
1420	SCT	7
1420	GYT	7
1420	GTA	6
1420	GCY	5
1420	KCT	4
1420	RCT	3
1420	TCT	3
1421	AGA	254108
1421	AGG	26
1421	AGR	3
1421	AGW	2
1422	TTT	254181
1422	TTY	6
1422	TTC	2
1423	TAC	254124
1423	TAT	58
1423	TAY	13
1423	YAC	2
1424	TTT	254296
1424	TTC	14
1424	YTT	10
1424	TYT	5
1425	TAC	253360
1425	TAT	1204
1425	TAY	23
1425	YAC	4
1425	TRC	2
1426	ACC	251344
1426	ACT	3086
1426	ACY	134
1426	WCC	6
1426	ACM	5
1426	AYC	2
1426	AMC	2
1427	AGT	254609
1427	AGC	13
1427	TGT	6
1427	AAT	3
1427	AKT	2
1428	AAA	254571
1428	AGA	27
1428	GAA	24
1428	AAG	6
1428	ARA	4
1428	AAR	2
1428	RAA	2
1429	ACA	254394
1429	ATA	213
1429	AYA	20
1429	AMA	16
1429	ACG	7
1429	GCA	6
1429	AAA	2
1430	ACT	254578
1430	AAT	35
1430	AYT	10
1430	CCT	7
1430	ACA	7
1430	ATT	5
1430	ACY	4
1430	AMT	2
1431	GTA	254632
1431	ATA	4
1431	GTG	2
1431	KTA	2
1432	GCG	254571
1432	GTG	30
1432	GCA	19
1432	GCT	11
1432	ACG	9
1432	TCG	5
1432	GYG	4
1432	KCG	2
1433	TCA	254622
1433	TTA	7
1433	TCG	6
1433	YCA	6
1433	ACA	6
1433	TYA	4
1434	CTT	254651
1434	ATT	16
1434	CTC	8
1434	YTT	4
1434	TTT	3
1434	CTA	2
1434	CTY	2
1435	ATC	254691
1435	ATT	21
1435	GTC	10
1435	ATY	8
1435	ATA	2
1436	AAC	254595
1436	AAT	53
1436	GAC	27
1436	AAY	7
1436	GCA	6
1436	CAC	5
1436	AGC	4
1436	ACC	3
1437	ACA	254620
1437	ACT	16
1437	AYA	13
1437	ATA	11
1437	ACW	3
1438	CTT	254488
1438	CTA	112
1438	TTT	39
1438	CTW	13
1438	CKT	3
1438	CTC	3
1439	AAC	254109
1439	AAT	522
1439	AAY	28
1439	RAC	3
1440	GAT	254604
1440	AAT	20
1440	GGT	8
1440	KAT	8
1440	TCA	6
1440	GAC	3
1440	GAY	2
1441	CTA	254448
1441	TTA	165
1441	YTA	26
1441	CAA	4
1441	ATA	3
1442	AAT	254652
1442	GGA	6
1442	AAC	6
1442	CAT	4
1442	AGT	3
1442	WAT	2
1443	GAA	254629
1443	RAA	12
1443	GAG	9
1443	AAA	4
1444	ACT	254514
1444	AAT	26
1444	ATT	24
1444	ACC	12
1444	ACG	7
1444	AYT	7
1444	GCT	6
1444	ACY	4
1444	CCT	4
1444	ACA	3
1444	AMT	3
1445	CTT	254632
1445	TTG	6
1445	CTC	6
1445	YTT	3
1446	GTT	254537
1446	GTC	7
1447	ACA	254514
1447	AYA	5
1447	ACW	2
1448	ATG	254511
1448	RTG	4
1448	WWG	4
1448	ACG	3
1448	ATT	3
1448	AKG	2
1448	AGG	2
1448	AAG	2
1449	CCA	254507
1449	CCT	12
1449	CYA	5
1450	CTT	254440
1450	YTT	18
1450	TTG	12
1450	CTC	9
1450	CTY	7
1450	CTG	4
1450	MKT	4
1450	CWT	3
1451	GGC	254458
1451	GGT	19
1451	GGY	7
1451	RGC	4
1451	KGC	3
1451	GKC	3
1451	GGA	2
1451	GRC	2
1452	TAT	254462
1452	WWT	5
1452	GAT	3
1452	TWT	2
1452	CAT	2
1453	GTA	254147
1453	GTG	350
1453	TTA	3
1453	GTR	3
1453	RTA	2
1453	GWA	2
1453	KTA	2
1454	ACA	254464
1454	WCA	3
1454	GCA	3
1454	ACG	3
1454	AYA	2
1454	MCA	2
1455	CAT	254437
1455	CAC	28
1455	YAT	10
1456	GGC	254305
1456	GGT	80
1456	AGC	30
1456	GGY	7
1456	GKC	3
1456	RGC	3
1456	GAC	2
1456	KGC	2
1457	TTA	254341
1457	TTG	11
1457	TTR	10
1457	CTT	7
1457	TTW	4
1457	CTA	4
1457	TWA	3
1457	TTT	2
1458	AAT	254369
1458	AWT	47
1458	AAC	10
1458	AAW	4
1458	AAG	3
1458	AGT	3
1459	TTG	254308
1459	CTG	122
1459	TTA	37
1459	CTA	7
1459	TTK	3
1459	TTT	2
1460	GAA	254872
1460	GCA	5
1460	AAA	5
1460	GRA	3
1460	KAA	3
1460	GAR	2
1461	GAA	254883
1461	GAG	9
1461	GAC	4
1461	GCA	3
1461	RAA	2
1462	GCT	254980
1462	GCC	9
1462	GCG	7
1462	TCT	6
1462	GCK	3
1462	GYT	3
1462	ACT	2
1463	GCT	255032
1463	GCY	64
1463	GCC	20
1463	GCG	12
1463	GTT	2
1464	CGG	254860
1464	TGG	227
1464	CGA	128
1464	CGT	62
1464	YGG	29
1464	CAG	9
1464	CKG	8
1464	AGG	7
1464	CTG	6
1464	CGK	5
1464	CRG	2
1465	TAT	255447
1465	TAC	18
1465	TGT	9
1465	TAY	6
1465	CAT	6
1465	TRT	5
1465	TMT	3
1465	WAT	3
1466	ATG	256293
1466	ATK	14
1466	AYG	4
1466	ATS	4
1467	AGA	256245
1467	AAA	7
1467	AKA	6
1467	AGM	6
1467	AGG	6
1468	TCT	256068
1468	TTT	168
1468	TYT	10
1468	TMT	7
1468	TCA	6
1468	TCC	3
1468	TCY	2
1469	CTC	256223
1469	CTT	103
1469	CTY	14
1469	CTM	3
1470	AAA	256099
1470	AAG	7
1470	WAA	4
1470	AAR	4
1470	AWA	3
1470	CAA	2
1471	GTG	256053
1471	GTA	17
1471	KTG	6
1471	GTT	5
1471	TTG	3
1471	GTK	3
1471	GCT	2
1472	CCA	255925
1472	TCA	43
1472	CCG	37
1472	CTA	16
1472	CCC	6
1472	CYA	3
1472	YCA	3
1472	CAA	2
1473	GCT	255815
1473	GTT	159
1473	KCT	38
1473	GYT	15
1473	GCG	7
1473	GCC	6
1473	GCA	6
1473	ACT	5
1473	GCY	5
1473	SCT	3
1473	TCT	2
1473	RCT	2
1474	ACA	255832
1474	ATA	84
1474	ACT	22
1474	ACG	19
1474	ACR	8
1474	ACC	6
1474	AYA	3
1475	GTT	255906
1475	GTC	6
1475	GTY	4
1475	GTK	3
1476	TCT	255877
1476	TCC	10
1476	TMT	6
1476	TCY	5
1476	ACT	3
1476	TTT	3
1477	GTT	255874
1477	KTT	13
1477	GTC	7
1477	GTA	4
1477	GTY	3
1478	TCT	255651
1478	TAT	136
1478	TTT	28
1478	TYT	11
1478	TCY	5
1478	TCC	5
1478	CCT	2
1479	TCA	255824
1479	TYA	7
1480	CCT	255786
1480	CTT	17
1480	CCA	17
1480	YCT	6
1480	CYT	5
1480	CCW	3
1480	CAA	3
1481	GAT	255821
1481	GAC	6
1481	GAA	3
1481	GAK	3
1481	AAT	2
1482	GCT	255734
1482	GCC	94
1482	GTT	11
1482	GCA	4
1482	SCT	3
1482	GYT	2
1483	GTT	255804
1483	GTC	38
1483	GTA	7
1483	KTT	4
1483	GYT	4
1483	CGT	3
1483	ATT	2
1483	GTW	2
1483	GTY	2
1484	ACA	255856
1484	AYA	4
1484	MCA	3
1484	ACR	2
1484	ATA	2
1485	GCG	255626
1485	GCT	104
1485	GTG	62
1485	GCA	55
1485	GCK	7
1485	GYG	5
1485	KCG	5
1485	TCG	3
1485	GMG	3
1485	RCG	3
1485	GCR	2
1486	TAT	255900
1486	TAC	4
1487	AAT	255893
1487	AWT	5
1487	AAY	3
1487	AGT	3
1488	GGT	255885
1488	GGA	4
1488	TGT	3
1488	GKT	3
1488	SGT	3
1488	GGC	2
1489	TAT	255859
1489	TAC	33
1489	CAT	5
1489	AAT	3
1489	TAY	3
1489	TGT	2
1490	CTT	255889
1490	TTT	5
1490	CTC	5
1490	YTT	5
1490	CTA	4
1490	CAT	3
1490	CTW	3
1491	ACT	255885
1491	TCT	8
1491	AYT	8
1491	ATT	2
1492	TCT	255842
1492	TCC	24
1492	YCT	4
1492	TCG	4
1492	TCY	4
1492	TAT	3
1492	TYT	3
1493	TCT	255894
1493	TCC	5
1493	ACA	3
1493	TYT	2
1494	TCT	255876
1494	TCA	16
1494	TYT	7
1494	TCW	5
1494	YCT	4
1494	TCC	3
1494	TTT	3
1494	TCY	2
1494	TCG	2
1495	AAA	255905
1495	AAG	7
1496	ACA	255797
1496	ATA	92
1496	AYA	7
1496	ACT	6
1496	AAA	3
1497	CCT	255699
1497	CTT	111
1497	TCT	45
1497	CCA	17
1497	YCT	11
1497	CYT	10
1497	CCC	7
1497	AAA	3
1497	CCY	3
1497	ACT	2
1498	GAA	255894
1498	AAA	6
1498	KAA	3
1499	GAA	255854
1499	GAG	39
1499	GGA	10
1499	GAR	4
1499	GCA	3
1499	KAA	3
1499	CAA	3
1499	AAA	3
1499	GAM	3
1500	CAT	255831
1500	TAT	31
1500	CGT	18
1500	YAT	9
1500	CAC	5
1500	AAA	3
1500	CTT	3
1500	CAW	2
1501	TTT	255910
1501	TTC	15
1502	ATT	255895
1502	ATA	15
1502	ATC	8
1502	RTT	4
1502	ATY	4
1502	GTT	2
1502	WTT	2
1502	ATG	2
1503	GAA	255916
1503	RAA	12
1503	GAG	2
1504	ACC	255759
1504	ATC	133
1504	ACT	17
1504	ACY	8
1504	AYC	5
1504	ACM	4
1504	ACA	2
1505	ATC	255728
1505	ATT	162
1505	ACC	17
1505	ATY	10
1505	GTC	7
1505	ATA	4
1505	MTC	3
1505	AGC	3
1506	TCA	255859
1506	TTA	33
1506	TYA	19
1506	TCT	8
1506	TCG	7
1506	TCR	4
1507	CTT	255801
1507	TTT	76
1507	YTT	47
1507	CTA	14
1507	CTY	2
1508	GCT	255931
1508	GTT	14
1508	SCT	3
1508	RCT	3
1508	GYT	2
1508	GCG	2
1509	GGT	255899
1509	GGC	18
1509	AGT	15
1509	GKT	6
1509	GRT	3
1509	GTT	2
1510	TCC	255619
1510	TCT	159
1510	TTC	120
1510	TYC	16
1510	TCA	9
1510	TCY	7
1510	YCC	2
1511	TAT	255939
1511	TAC	10
1511	TAW	4
1511	TMT	3
1512	AAA	255928
1512	AAG	16
1512	AGA	8
1512	GAA	4
1512	AAR	4
1513	GAT	255923
1513	GGT	15
1513	GAC	7
1513	GAY	5
1513	AAT	3
1513	KAT	2
1513	GCT	2
1513	GAK	2
1514	TGG	255931
1514	TKG	6
1514	TGK	5
1514	TGA	3
1515	TCC	255789
1515	TTC	71
1515	TCT	46
1515	TCA	12
1515	TCY	9
1515	TYC	4
1516	TAT	255915
1516	CAT	26
1516	TAK	4
1516	TAC	3
1517	TCT	255751
1517	TTT	80
1517	TYT	45
1517	TCA	8
1517	GCT	3
1517	TCC	2
1518	GGA	255884
1518	GGG	6
1518	GGC	5
1518	RGA	2
1518	GTA	2
1519	CAA	255863
1519	CAG	9
1519	CAR	5
1519	MAA	2
1519	YAA	2
1520	TCT	255828
1520	TTT	37
1520	TCA	7
1520	GCT	6
1520	CCT	6
1520	YCT	4
1520	TYT	3
1520	TCW	3
1521	ACA	255806
1521	ATA	79
1521	AYA	10
1521	ACT	9
1521	RCA	3
1521	ACG	3
1521	WCA	2
1522	CAA	255875
1522	YAA	8
1522	GAA	6
1522	CGA	2
1523	CTA	255515
1523	TTA	309
1523	YTA	16
1523	CTT	7
1523	MTA	3
1523	CTG	3
1523	CTW	3
1523	CYA	2
1524	GGT	255865
1524	GKT	3
1524	KGT	3
1525	ATA	255656
1525	GTA	72
1525	ATT	7
1525	RTA	6
1525	ATG	3
1525	ACA	2
1525	AYA	2
1526	GAA	255729
1526	RAA	8
1526	SAA	3
1526	KAA	2
1526	GAG	2
1527	TTT	255707
1527	TYT	8
1527	WTT	5
1527	ATT	2
1527	TTY	2
1527	TTC	2
1528	CTT	255724
1528	YTT	6
1528	CWT	4
1528	CTC	4
1528	CYT	3
1528	YYT	3
1529	AAG	255729
1529	AAA	14
1529	AGG	5
1529	AAK	2
1529	ARG	2
1530	AGA	255591
1530	AKA	143
1530	AGG	11
1530	AAA	3
1531	GGT	255681
1531	AGT	29
1531	KGT	18
1531	GGW	4
1531	GKT	3
1531	GGY	3
1531	GGC	2
1532	GAT	255698
1532	GAC	12
1532	GGT	12
1532	GTT	4
1532	TAT	2
1532	GRT	2
1533	AAA	255744
1533	AAG	3
1534	AGT	255650
1534	ATT	51
1534	AAT	8
1534	ACT	7
1534	GTT	6
1534	ART	4
1534	AGA	2
1534	AGW	2
1535	GTA	255688
1535	GTG	25
1535	GTC	9
1535	GTT	7
1535	KTA	5
1535	GTR	4
1535	RTA	4
1535	GTW	2
1536	TAT	255714
1536	CAT	19
1536	TAC	13
1536	TGT	4
1536	YAT	2
1537	TAC	255648
1537	TAT	98
1537	CAC	18
1537	TAY	6
1537	TGC	3
1538	ACT	255452
1538	ATT	277
1538	ACC	9
1538	AYT	7
1539	AGT	255700
1539	AAT	8
1539	ATT	8
1539	AKT	4
1539	ART	4
1539	AGY	4
1539	GGT	3
1539	AST	3
1539	RGT	3
1539	AGC	2
1540	AAT	255659
1540	AAC	55
1540	AGT	9
1540	AAY	7
1540	AAA	6
1540	AWT	3
1540	ACT	3
1540	ART	3
1540	GAT	2
1541	CCT	255759
1541	TCT	85
1541	CYT	14
1541	YCT	13
1541	CTT	11
1541	CCA	11
1541	MCT	3
1541	GCT	3
1542	ACC	255275
1542	ATC	502
1542	ACT	48
1542	ACY	22
1542	AYC	17
1542	ATT	7
1542	GCC	5
1543	ACA	255702
1543	ATA	103
1543	AYA	32
1543	GCA	18
1543	ACT	7
1543	GCT	6
1543	ACC	4
1544	TTC	255786
1544	TTT	93
1544	TTY	10
1544	TYC	4
1544	TWC	3
1545	CAC	255830
1545	CAT	44
1545	TAC	33
1545	AAC	12
1545	CAY	9
1545	CGC	9
1545	CRC	6
1545	MAC	2
1545	CAM	2
1545	CAA	2
1546	CTA	255871
1546	TTA	46
1546	YTA	9
1546	CTG	7
1546	ATA	6
1546	ATG	6
1546	ACA	5
1546	CTC	3
1546	CTM	2
1547	GAT	255747
1547	TAT	165
1547	KAT	16
1547	GAW	8
1547	GGT	8
1547	GAG	6
1547	GAC	5
1547	GCT	3
1548	GGT	255856
1548	TGT	58
1548	GKT	47
1548	GAT	7
1548	GGC	4
1548	GRT	4
1548	AGT	3
1549	GAA	255938
1549	GAC	28
1549	GAG	10
1549	AAA	7
1549	CAA	6
1549	KAA	4
1549	SAA	3
1549	GGA	3
1549	GTA	2
1549	GAT	2
1550	GTT	255882
1550	TTT	62
1550	ATT	24
1550	KTT	10
1550	RTT	4
1550	GWT	3
1550	GTC	3
1550	GTW	2
1550	STT	2
1551	ATC	255935
1551	ATT	20
1551	ATY	15
1551	ACC	13
1551	ATA	5
1551	GTC	5
1551	AYC	4
1551	CTC	3
1551	AAC	2
1551	RTC	2
1552	ACC	255942
1552	ACY	18
1552	ACT	8
1552	AAC	6
1552	GCC	4
1552	RCC	3
1552	AYC	3
1552	ACA	2
1553	TTT	255950
1553	TTC	15
1553	YTT	10
1553	ATT	7
1553	CTT	5
1553	TTY	3
1553	TAT	2
1554	GAC	255677
1554	GAT	130
1554	GCC	111
1554	TAC	30
1554	GGC	22
1554	GAY	17
1554	GWC	3
1554	KAT	2
1554	AAC	2
1554	SAC	2
1555	AAT	255951
1555	AGT	10
1555	GAT	6
1555	AAC	6
1555	ACT	3
1556	CTT	255844
1556	ATT	100
1556	TTT	34
1556	TTA	7
1556	YTT	6
1556	CTC	3
1556	MTT	3
1557	AAG	255952
1557	AAA	13
1557	AAT	5
1557	AAC	4
1557	AWG	3
1557	AGG	3
1557	AAS	2
1558	ACA	255964
1558	ATA	8
1558	AYA	5
1558	GCA	4
1558	ACG	2
1558	ACC	2
1559	CTT	255983
1559	TTT	16
1559	CTC	15
1559	CYT	14
1559	ATT	11
1559	MTT	4
1559	CTY	4
1559	CTD	3
1559	YTT	2
1560	CTT	256024
1560	CYT	8
1560	CTC	8
1560	CTA	8
1560	GTT	3
1560	CTW	3
1560	CTY	3
1560	ATT	2
1561	TCT	255971
1561	GCT	34
1561	TYT	11
1561	TCA	8
1561	TCC	6
1561	CCT	5
1561	TCY	5
1561	TTT	5
1561	YCT	4
1561	TAT	3
1561	GCA	2
1562	TTG	256016
1562	CTG	66
1562	TTA	9
1562	CTT	8
1562	TCG	3
1562	YTG	2
1562	TTS	2
1562	TKG	2
1563	AGA	256101
1563	AGG	13
1563	AAA	5
1563	CGA	2
1563	MGA	2
1564	GAA	256152
1564	GAG	9
1564	AAA	5
1564	KAA	3
1564	GAR	2
1564	GGA	2
1565	GTG	255920
1565	GTT	619
1565	GTK	22
1565	ATG	18
1565	TTG	8
1565	GTA	6
1565	GTR	3
1566	AGG	256508
1566	AGT	25
1566	AAG	21
1566	ATG	15
1566	AKG	8
1566	AGK	8
1566	CGG	7
1566	AGA	6
1566	AGS	4
1567	ACT	255860
1567	ATT	710
1567	AYT	37
1567	AAT	13
1567	ACC	9
1567	GCT	9
1567	ACA	7
1568	ATT	256847
1568	GTT	19
1568	ACT	14
1568	ATC	5
1568	AYT	2
1569	AAG	256849
1569	AAA	12
1569	AAK	4
1570	GTG	256741
1570	GTT	45
1570	KTG	10
1570	ATG	7
1570	TTG	2
1570	GTA	2
1571	TTT	256793
1571	CTT	13
1571	TTY	4
1571	TAT	4
1571	TTA	3
1571	TTC	3
1572	ACA	256764
1572	AYA	15
1572	ACW	10
1572	ACC	6
1572	ACG	6
1572	ATA	5
1572	AYW	3
1572	ACR	2
1573	ACA	256630
1573	ACT	49
1573	AYA	9
1573	ACG	9
1573	ACW	4
1573	AMA	3
1573	ASA	3
1573	GCA	3
1574	GTA	256670
1574	GTT	9
1574	GTG	6
1574	TTA	4
1574	GTW	4
1574	STA	4
1574	KTA	3
1575	GAC	256647
1575	GAT	30
1575	GAY	19
1575	KAC	3
1576	AAC	256449
1576	AAT	165
1576	ACC	31
1576	MAC	10
1576	AAY	6
1576	CAC	6
1576	AGC	5
1576	ACA	2
1577	ATT	254826
1577	GTT	17
1577	MTT	7
1577	CTT	6
1577	ACT	4
1577	ATY	3
1577	WTT	3
1577	ATC	2
1578	AAC	254594
1578	AAT	163
1578	AAY	24
1579	CTC	254299
1579	TTC	50
1579	CTT	33
1579	CTY	9
1579	ATC	8
1579	YTC	3
1579	MTC	2
1580	CAC	254298
1580	CAT	58
1580	TAC	13
1580	CGC	5
1580	CRC	5
1580	CAY	3
1581	ACG	253498
1581	ACT	94
1581	ATG	36
1581	ACA	29
1581	ACK	24
1581	AYG	7
1581	ACS	3
1581	ACR	3
1582	CAA	252195
1582	CAM	264
1582	CAC	139
1582	CAR	13
1582	CTA	7
1582	YAA	6
1582	CGA	3
1582	CRA	2
1583	GTT	252518
1583	TTT	55
1583	KTT	9
1583	ATT	7
1583	GYT	6
1583	RTT	3
1583	GTC	3
1583	CTT	2
1583	GTA	2
1583	GTG	2
1584	GTG	252533
1584	ATG	45
1584	GTT	42
1584	GTA	11
1584	GTR	6
1584	KTG	4
1584	GTK	2
1585	GAC	251529
1585	GAT	63
1585	GAY	23
1585	RAC	22
1585	KAC	22
1585	AAC	12
1585	SAC	10
1585	GMC	6
1585	GRC	6
1585	GAA	5
1585	GGC	3
1585	TAC	2
1586	ATG	251563
1586	ATT	65
1586	TTG	31
1586	ATK	13
1586	AYG	10
1586	GTG	10
1586	ATR	9
1586	ATC	4
1586	WTG	3
1586	RTG	3
1586	AKG	3
1586	CTG	3
1586	AGG	2
1587	TCA	251747
1587	TTA	21
1587	TCT	17
1587	TYA	11
1587	YCA	10
1587	TCR	10
1587	TCC	6
1587	WCA	4
1587	KCA	4
1587	KMA	3
1588	ATG	251796
1588	AAG	26
1588	ATT	13
1588	ATA	7
1588	RTG	5
1588	AYG	3
1588	AKG	3
1588	ATK	2
1588	GTG	2
1588	ACG	2
1588	ATC	2
1589	ACA	251723
1589	ATA	81
1589	AYA	19
1589	ACT	14
1589	AMA	4
1589	RCA	4
1589	WCA	4
1589	ACC	2
1589	MCA	2
1589	ACG	2
1590	TAT	251816
1590	TAC	72
1590	TAY	6
1590	YAT	4
1590	KAK	3
1590	TRT	2
1591	GGA	251845
1591	GRA	27
1591	AGA	17
1591	GKA	11
1591	GGG	9
1591	GAA	8
1591	SGA	8
1591	GTA	3
1591	KGA	3
1591	GSA	3
1591	GCA	3
1591	GGR	3
1591	RGA	2
1592	CAA	251764
1592	CGA	50
1592	CRA	10
1592	MAA	10
1592	CAG	9
1592	CWA	9
1592	AAA	9
1592	CAR	8
1592	YAA	7
1592	CAM	2
1593	CAG	251832
1593	CAR	8
1593	CAA	4
1593	CAK	3
1593	CAT	2
1593	YAG	2
1594	TTT	251804
1594	YTT	9
1594	TTC	6
1594	TYT	4
1594	WTT	3
1594	TGT	3
1594	TTY	2
1595	GGT	251839
1595	KGT	11
1595	TGT	10
1595	GRT	5
1595	GGC	4
1595	AGT	3
1595	RGT	3
1595	GGY	2
1596	CCA	251749
1596	TCA	29
1596	CTA	24
1596	YCA	10
1596	CYA	9
1596	CCG	7
1596	CCC	7
1596	CMA	5
1596	CCD	3
1596	CSA	3
1596	CCM	3
1597	ACT	251395
1597	ATT	442
1597	AYT	29
1597	ACY	12
1597	ACC	8
1597	AMT	3
1597	WCT	3
1598	TAT	251896
1598	TAY	13
1598	TAC	9
1598	TRT	2
1598	YAT	2
1599	TTG	251817
1599	TTT	67
1599	TTA	12
1599	TTK	9
1599	TYG	9
1599	YTG	7
1599	TCG	3
1600	GAT	251902
1600	GAC	21
1600	AAT	9
1600	RAT	7
1600	KAT	5
1600	GAW	5
1600	GAY	5
1600	GWT	3
1600	KMT	3
1600	GAK	3
1600	GRT	2
1601	GGA	251921
1601	KGA	4
1601	GKA	4
1601	GGW	4
1601	GGT	3
1601	GGM	3
1601	GRA	3
1601	GGG	2
1602	GCT	252008
1602	GCC	21
1602	KCT	13
1602	GYT	9
1602	TCT	3
1602	GCY	3
1603	GAT	252295
1603	GRT	8
1603	GAC	6
1603	KAT	2
1604	GTT	252215
1604	GTC	9
1604	GTY	5
1604	KTT	5
1604	GYT	4
1604	GWT	4
1604	RTT	3
1605	ACT	252116
1605	ATT	82
1605	ACA	9
1605	ACW	9
1605	RCT	7
1605	AYT	6
1605	AMT	5
1605	WCY	3
1606	AAA	252104
1606	AAG	9
1606	AAR	8
1606	AMA	3
1606	AWA	3
1606	AAW	3
1607	ATA	252103
1607	GTA	30
1607	ATT	9
1607	ATR	6
1607	AWW	3
1607	AYA	3
1607	CTA	2
1608	AAA	252129
1608	AAM	6
1608	AAR	4
1608	WAA	3
1608	ARA	3
1609	CCT	252072
1609	TCT	20
1609	CCC	9
1609	CYT	4
1609	YCT	3
1609	CST	3
1609	CCK	3
1609	CMT	3
1610	CAT	252081
1610	TAT	11
1610	YAT	11
1610	CWT	6
1610	CRT	6
1610	CGT	4
1610	CAY	3
1610	SAT	3
1610	CAC	2
1611	AAT	252082
1611	GCA	8
1611	AAC	4
1611	AWT	3
1611	GAT	3
1611	MAT	3
1611	WAT	3
1611	AGT	2
1612	TCA	251934
1612	TTA	54
1612	TYA	13
1612	TCG	12
1612	TCT	11
1612	YCA	9
1612	TCR	7
1612	CCA	2
1612	ACA	2
1613	CAT	252279
1613	TAT	10
1613	CRT	6
1613	CAC	6
1613	YAT	5
1613	CAK	3
1614	GAA	252246
1614	GCA	21
1614	GAC	11
1614	GGA	7
1614	KAA	7
1614	RAA	5
1614	GWA	4
1614	GAT	3
1614	SAA	3
1615	GGT	252272
1615	KGT	15
1615	AGC	8
1615	GGW	4
1615	AGT	3
1615	GRT	3
1616	AAA	252276
1616	AAG	19
1616	AAR	4
1616	ARA	3
1617	ACA	252200
1617	ATA	34
1617	AYA	10
1617	RCA	6
1617	ACG	4
1617	AMA	3
1617	GCA	2
1618	TTT	252157
1618	TWW	30
1618	TAA	9
1618	TYT	7
1618	TTY	4
1618	WTT	4
1618	TKT	3
1618	TTK	3
1618	TTC	2
1619	TAT	252206
1619	WAT	30
1619	AAT	10
1619	TAK	7
1619	TAW	5
1619	YAT	4
1619	TAC	3
1619	TTT	2
1620	GTT	252242
1620	GTC	8
1620	KTT	8
1620	GGT	7
1620	GTG	6
1620	GKT	6
1620	GYT	5
1620	GTY	4
1620	GTA	3
1621	TTA	252240
1621	TTG	31
1621	TTR	8
1621	YTA	6
1621	TYA	3
1621	TTW	3
1622	CCT	252323
1622	TCT	8
1622	MCT	7
1622	CAT	2
1623	AAT	252363
1623	AAY	7
1623	AMT	4
1624	GAT	252371
1624	GAC	9
1624	GAW	8
1624	GAY	6
1624	GRT	5
1624	GGT	4
1624	GWT	3
1624	CAT	2
1625	GAC	252209
1625	GAY	61
1625	GAT	45
1625	CAC	19
1625	TAC	10
1625	GAA	9
1625	SAC	6
1625	KAC	5
1625	RAC	3
1625	GWC	3
1625	GAM	3
1625	GRC	3
1626	ACT	252303
1626	ATT	47
1626	ACA	14
1626	AYT	6
1626	ACG	5
1626	ACW	5
1626	MCT	4
1626	RCT	4
1626	TTG	3
1626	AMT	3
1626	ACY	2
1626	WCT	2
1626	ATA	2
1627	CTA	250779
1627	TTA	1608
1627	YTA	43
1627	CTR	7
1627	CKA	6
1627	MTA	3
1627	CYA	2
1628	CGT	252320
1628	TGT	36
1628	YGT	15
1628	CKT	13
1628	CTT	12
1628	CGC	9
1628	CGK	5
1628	YGY	3
1628	CAT	3
1628	CGG	2
1628	CGY	2
1628	AGT	2
1629	GTT	252305
1629	TTT	29
1629	KTT	9
1629	AGT	7
1629	GCA	7
1629	GTA	6
1629	ATT	5
1629	GYT	4
1629	GTY	4
1629	GCT	3
1629	ACT	2
1630	GAG	252158
1630	GAK	172
1630	GAR	8
1630	GAA	6
1630	KAG	6
1630	GRG	5
1630	SAG	4
1630	GWG	3
1631	GCT	251946
1631	GCC	164
1631	GTT	27
1631	GYT	14
1631	KCT	13
1631	GCG	9
1631	GCY	8
1631	ACT	3
1632	TTT	252036
1632	TYT	11
1632	TTA	9
1632	TTY	6
1632	YTT	4
1632	TTW	3
1632	TTC	3
1632	TWT	3
1632	TCT	2
1632	CTT	2
1633	GAG	251984
1633	GGG	24
1633	GAA	17
1633	GAK	7
1633	KAG	4
1633	GAR	4
1633	GWG	4
1633	SAG	3
1633	GAS	3
1633	AAG	2
1634	TAC	252004
1634	TAT	15
1634	CAC	5
1634	TAY	5
1634	YAC	3
1635	TAC	250518
1635	TAT	1450
1635	TAY	32
1635	TAS	4
1635	TRC	3
1635	KAC	3
1635	TWC	3
1635	TAM	3
1635	WAC	2
1636	CAC	251904
1636	CAT	155
1636	CAY	12
1636	TAC	5
1636	MAC	3
1636	CGC	2
1637	ACA	251469
1637	ATA	316
1637	AYA	17
1637	GCA	13
1637	ACW	6
1637	MCA	6
1637	ACG	4
1637	RCA	4
1637	ACR	3
1637	ACM	3
1638	ACT	251670
1638	ATT	34
1638	ACC	15
1638	AYT	11
1638	RCT	9
1638	ACA	6
1638	ACY	4
1638	AAT	4
1638	AHT	3
1638	RYT	3
1638	GCT	2
1639	GAT	251664
1639	GAC	52
1639	AAT	10
1639	RAT	10
1639	GAY	7
1639	KAT	6
1639	GRT	6
1639	SAT	4
1639	RAK	3
1639	GAW	3
1639	GAK	3
1639	GMT	3
1640	CCT	250188
1640	TCT	649
1640	CTT	505
1640	CAT	108
1640	YCT	57
1640	CYT	25
1640	CCC	18
1640	GAA	8
1640	GCT	6
1640	CCY	4
1640	CMT	3
1641	AGT	251535
1641	AGY	4
1641	AKT	3
1642	TTT	251239
1642	KTT	6
1642	TYT	6
1642	TTY	6
1642	YTT	6
1642	TKT	3
1642	TTC	3
1643	CTG	251061
1643	CTT	73
1643	CTA	38
1643	TTG	35
1643	YTG	14
1643	CYG	8
1643	CTK	6
1643	CTS	5
1643	CTR	4
1643	CKG	2
1644	GGT	251135
1644	GKT	137
1644	RGT	8
1644	KGT	5
1644	GGW	3
1644	SGT	2
1645	AGG	251304
1645	AGK	37
1645	AGA	20
1645	AKG	13
1645	RGG	7
1645	ASG	6
1645	ARG	5
1645	AGS	5
1645	WGG	4
1645	AKK	4
1645	ABG	2
1646	TAC	251406
1646	TAT	21
1646	YAC	14
1646	TAY	7
1646	TRC	6
1646	WAC	6
1646	TWC	6
1647	ATG	251409
1647	ATT	182
1647	ATC	9
1647	AYG	8
1647	ATK	7
1647	ATR	5
1647	ATS	5
1647	WTG	5
1647	AWG	3
1647	GTG	2
1648	TCA	251450
1648	TCG	28
1648	TYA	11
1648	TCR	7
1648	TCW	4
1648	TCM	3
1648	TMA	3
1648	YCW	3
1648	WCA	3
1649	GCA	251517
1649	GYA	40
1649	ACA	34
1649	GTA	17
1649	GCT	11
1649	SCA	10
1649	KCA	9
1649	GCG	8
1649	TCA	4
1649	GCR	4
1649	GSA	3
1650	TTA	251626
1650	TYA	6
1650	TWA	5
1650	YTA	4
1650	TTW	3
1650	KTA	3
1650	CTA	2
1651	AAT	251540
1651	AAC	35
1651	AAY	14
1651	AAK	5
1651	WAT	3
1651	RAT	3
1651	WMT	3
1651	ACT	2
1651	ART	2
1652	CAC	251349
1652	CAT	68
1652	CAY	48
1652	YAC	17
1652	CRC	10
1652	CGC	9
1652	CTC	3
1652	TAC	2
1653	ACT	251516
1653	ATT	22
1653	ACC	12
1653	AYT	9
1653	RCT	6
1653	ACW	4
1653	MCT	4
1653	ACY	3
1653	ACK	3
1653	AST	3
1653	AMT	3
1653	ACA	3
1654	AAA	251427
1654	AAG	16
1654	WAA	3
1654	MMM	3
1654	AAR	3
1654	AAM	3
1654	AWA	3
1654	RAA	3
1655	AAG	251376
1655	AAT	290
1655	AAK	26
1655	ARG	12
1655	AAA	10
1655	AGG	8
1655	RAG	6
1655	AAR	5
1655	AAC	3
1655	AAS	3
1655	MAG	2
1655	AWG	2
1656	TGG	251817
1656	TGR	201
1656	YGG	13
1656	TKG	9
1656	TSG	6
1656	TGD	6
1656	TGK	5
1656	TRR	4
1656	KGG	3
1656	TGA	3
1656	TRD	2
1657	AAA	252060
1657	RAA	7
1657	GAA	7
1657	ARA	5
1657	AGA	3
1657	WAA	3
1657	AAG	2
1658	TAC	251901
1658	TAT	128
1658	TAY	28
1658	TTT	8
1658	KAC	6
1658	YAC	6
1658	TWC	3
1658	TAS	3
1658	WAC	3
1658	BAC	3
1658	TMC	2
1658	TRC	2
1659	CCA	252029
1659	TCA	29
1659	YCA	10
1659	CYA	8
1659	CTA	7
1659	CCR	5
1659	MCA	4
1659	CCM	3
1659	GCA	3
1659	CCT	2
1660	CAA	252039
1660	MAA	16
1660	CAG	14
1660	CRA	10
1660	CAR	6
1660	SAA	4
1660	YAA	3
1660	CWA	2
1660	CAC	2
1661	GTT	252022
1661	KTT	7
1661	GWT	6
1661	GYT	5
1661	GTC	4
1661	STT	3
1661	GTY	3
1661	ATT	3
1661	TTT	3
1661	GKT	3
1661	RTT	3
1661	GYY	2
1661	GCT	2
1662	AAT	252015
1662	AAY	9
1662	AAK	6
1662	AWT	4
1662	RAT	4
1662	RAB	3
1662	MAT	3
1662	WAK	3
1662	AMT	3
1662	WAT	3
1662	AAW	3
1662	AGT	2
1663	GGT	251744
1663	GKT	19
1663	GAT	9
1663	GGY	6
1663	GTT	6
1663	RGT	6
1663	KGT	4
1663	GGW	3
1663	GGK	3
1663	SGT	3
1663	AGT	3
1664	TTA	251355
1664	TTW	366
1664	TWA	6
1664	TTG	5
1664	TTD	3
1664	KTW	3
1664	WTA	3
1664	TTM	3
1664	TTR	2
1664	TYA	2
1664	CTA	2
1665	ACT	251317
1665	ACA	102
1665	ACW	86
1665	ATT	52
1665	AMT	15
1665	ACC	11
1665	ACY	8
1665	AYT	6
1665	ACK	4
1665	WCT	3
1665	AMY	3
1665	GCT	2
1666	TCT	251306
1666	YCT	18
1666	TMT	12
1666	TCK	12
1666	TCC	8
1666	TCY	8
1666	TYT	6
1666	KCT	5
1666	TMY	3
1666	TTT	3
1666	TST	2
1667	ATT	251747
1667	GTT	17
1667	AKT	6
1667	ATW	6
1667	RTT	4
1668	AAA	252322
1668	AAG	19
1668	RAA	7
1668	AAM	3
1668	AGA	3
1669	TGG	252466
1669	YGG	10
1669	TKG	6
1669	TGS	4
1669	TRG	3
1669	TGK	2
1670	GCA	252927
1670	ACA	8
1670	GTA	8
1670	KCA	7
1670	GCR	7
1670	GYA	5
1670	GCG	4
1670	GCT	3
1670	GCC	3
1670	GSA	3
1670	SCA	3
1671	GAT	253784
1671	GAC	188
1671	GGT	29
1671	GAY	18
1671	GAG	6
1671	GMT	5
1671	GRT	5
1671	GAK	3
1671	GCT	3
1671	KAT	2
1672	AAC	254164
1672	AAT	16
1672	AAY	7
1672	RAC	7
1672	AGC	4
1673	AAC	253886
1673	AAT	223
1673	AAY	44
1673	ARY	36
1673	AGT	4
1673	ARC	3
1673	WAC	2
1674	TGT	254180
1674	TKT	24
1674	TGY	5
1674	YGT	4
1674	TGW	3
1674	TRT	3
1675	TAT	255799
1675	TAC	382
1675	CAT	14
1675	YAT	13
1675	TAK	9
1675	TAY	8
1675	TRT	2
1676	CTT	256117
1676	YTT	18
1676	CTA	14
1676	CYT	7
1676	CTY	5
1676	ATT	4
1676	MTT	2
1677	GCC	256082
1677	GCT	25
1677	GYC	25
1677	KCC	24
1677	GSC	5
1677	SCC	3
1677	GCY	3
1677	RCC	2
1678	ACT	253184
1678	AYT	21
1678	ACG	18
1678	ACA	12
1678	RCT	10
1678	ATT	8
1678	GCT	5
1678	AMT	4
1678	ACW	2
1678	AGT	2
1679	GCA	253038
1679	GTA	281
1679	GYA	21
1679	GCT	13
1679	GCG	6
1679	GCC	6
1679	GCR	3
1679	KCA	3
1679	GCW	2
1680	TTG	253124
1680	TTA	178
1680	TTT	37
1680	TTC	26
1680	TTK	13
1680	TYG	6
1680	WTG	3
1680	TTS	2
1680	CTG	2
1680	TTR	2
1681	TTA	253433
1681	CTA	6
1681	TTR	4
1682	ACA	252668
1682	ATA	181
1682	GCA	60
1682	AYA	28
1682	ACG	9
1682	AMA	8
1682	ACT	8
1682	RCA	6
1682	ACM	4
1682	MCA	4
1682	ACW	3
1683	CTC	252466
1683	TTC	55
1683	CTT	22
1683	CYC	11
1683	CTY	4
1683	CKC	3
1683	CTM	3
1683	YTC	3
1684	CAA	251667
1684	CAG	38
1684	CAR	24
1684	CRA	3
1684	CAM	3
1684	CMA	3
1685	CAA	251654
1685	YAA	13
1685	CAW	11
1685	CAG	10
1685	CRA	10
1685	MAA	9
1685	CMA	4
1685	CGT	3
1685	CAM	3
1685	CMW	3
1685	SAA	3
1685	MAW	3
1686	ATA	251541
1686	AWA	12
1686	AKA	12
1686	CTA	12
1686	RTA	9
1686	ATR	8
1686	AYA	5
1686	GTA	5
1686	MTA	4
1686	ATG	3
1686	WWA	3
1687	GAG	251581
1687	GAT	58
1687	KAG	27
1687	GRG	21
1687	GAA	13
1687	GAK	11
1687	GWG	9
1687	GAR	3
1687	SAG	2
1687	GAS	2
1687	RAG	2
1688	TTG	251706
1688	TKG	10
1688	TTR	9
1688	KKG	6
1688	WTG	5
1688	TTA	4
1688	CTG	3
1688	GTG	3
1688	TTK	3
1688	TTS	3
1688	YTG	3
1689	AAG	251691
1689	AAA	10
1689	RAG	9
1689	MAG	4
1689	AGG	4
1689	AAR	4
1689	ARG	3
1689	AAT	3
1689	WAG	3
1689	WMG	3
1689	AAK	3
1689	AAS	2
1690	TTT	251758
1690	TTC	23
1690	TTW	8
1690	YTT	6
1690	TYT	4
1690	TTY	3
1691	AAT	251665
1691	AAC	44
1691	AAK	9
1691	AAY	8
1691	GAT	6
1691	RAT	6
1691	ACT	4
1691	AGT	3
1691	AAG	3
1691	RRT	2
1692	CCA	251302
1692	TCA	255
1692	YCA	52
1692	CTA	19
1692	BCA	5
1692	CMA	4
1692	SCA	3
1692	CCR	3
1692	CYA	2
1693	CCT	251675
1693	CCG	16
1693	YCT	7
1693	CCY	7
1693	CCA	7
1693	CYT	5
1693	CCC	4
1693	CST	3
1693	CMK	3
1693	CCW	3
1693	TCT	3
1693	CTT	2
1694	GCT	251768
1694	GCA	9
1694	GCC	6
1694	KCT	6
1694	GTT	5
1694	GYT	4
1694	GCY	4
1694	SCT	3
1694	TCT	3
1695	CTA	251757
1695	TTA	35
1695	TTG	15
1695	CYA	12
1695	CTR	8
1695	YTA	7
1695	MTA	5
1695	CTW	3
1695	CTM	3
1696	CAA	251695
1696	CAG	63
1696	YAA	20
1696	CAW	8
1696	CAR	7
1696	CRA	3
1696	CMA	3
1696	CRR	3
1696	MAA	3
1696	CWA	3
1697	GAT	251735
1697	KAT	34
1697	GAC	15
1697	GAY	6
1697	GMT	6
1697	GGT	3
1697	GAA	2
1698	GCT	251786
1698	GCY	13
1698	GCC	12
1698	KCT	6
1698	GCW	6
1698	GCG	6
1698	RCT	3
1698	GYT	3
1698	SCT	3
1699	TAT	251755
1699	KAT	9
1699	TAC	8
1699	TAY	7
1699	TRT	6
1699	TMT	3
1699	TAW	3
1699	WAT	2
1700	TAC	251399
1700	TAT	337
1700	TAY	74
1700	TGC	6
1700	TWC	6
1700	GGC	3
1701	AGA	251725
1701	AGG	18
1701	RGA	10
1701	GGA	8
1701	AGR	6
1701	ASA	5
1701	AKA	4
1701	AGT	3
1701	TGA	2
1702	GCA	251694
1702	GCT	22
1702	GCR	9
1702	GCG	7
1702	GCW	6
1702	GMA	6
1702	TCA	5
1702	GGC	3
1702	GYA	3
1703	AGG	251706
1703	AGA	22
1703	AGR	10
1703	ARG	8
1703	AGK	8
1703	RGG	2
1704	GCT	251476
1704	KCT	283
1704	GCC	10
1704	SCT	7
1704	GST	6
1704	GCY	6
1704	GCK	4
1704	BCT	4
1704	GAT	3
1704	GMK	3
1704	GMT	3
1704	GYT	2
1704	GTT	2
1704	TCT	2
1705	GGT	251847
1705	KGT	109
1705	GGY	7
1705	AGT	7
1705	TGT	7
1705	GGC	6
1705	GGW	5
1705	GGK	3
1706	GAA	251963
1706	GAT	17
1706	GWA	9
1706	GAR	3
1706	GAG	3
1706	GMA	3
1706	GAW	2
1707	GCT	251888
1707	KCT	27
1707	GCY	13
1707	GYT	10
1707	GMT	7
1707	GCK	6
1707	GCC	5
1707	TCT	4
1707	GGT	4
1707	GTT	4
1707	SCT	4
1708	GCT	251665
1708	GAT	275
1708	GYT	12
1708	GCA	10
1708	GTT	8
1708	KCT	4
1708	GMT	4
1708	GCY	3
1708	GCK	3
1708	GCC	2
1708	ACT	2
1709	AAC	251784
1709	AAT	171
1709	GAC	18
1709	AAY	11
1709	AMC	4
1709	WAC	3
1709	AGC	3
1709	RAC	3
1709	AWC	3
1709	GAG	2
1710	TTT	251819
1710	YTT	22
1710	TTC	13
1710	TTY	6
1710	WTT	6
1710	CTT	6
1710	TYT	3
1710	CCG	3
1710	TCT	2
1711	TGT	252029
1711	TKT	7
1711	TGW	3
1711	TGY	2
1711	TGC	2
1712	GCA	251923
1712	GYA	12
1712	GCR	9
1712	GCG	8
1712	KCA	7
1712	RCA	3
1712	SCA	3
1712	GTA	2
1713	CTT	251929
1713	CYT	7
1713	YTT	6
1713	CTC	3
1713	ATT	3
1713	CTY	3
1713	CTW	2
1714	ATC	252005
1714	ACC	13
1714	ATT	11
1714	AYC	10
1714	ATA	8
1714	RTC	8
1714	GTC	6
1714	AKC	4
1714	AGC	3
1714	ATM	3
1714	ATY	2
1715	TTA	252029
1715	TYA	10
1715	YTA	9
1715	CTT	6
1715	TTG	5
1715	TTW	4
1715	TKA	3
1715	TTR	3
1715	CTA	2
1715	TTT	2
1716	GCC	251959
1716	GCT	26
1716	TCC	19
1716	KCC	17
1716	GCA	7
1716	SCC	6
1716	GCY	5
1716	GYC	5
1716	ACC	5
1716	GCM	5
1716	CCC	2
1717	TAC	251931
1717	TAT	19
1717	TTC	7
1717	YAC	7
1717	TAS	4
1718	TGT	252024
1718	TKT	4
1718	TRT	3
1718	TGY	3
1718	TGW	3
1718	WGT	3
1719	AAT	252071
1719	AAC	29
1719	MWT	8
1719	AGT	6
1719	AAY	5
1719	AWT	4
1719	AAW	3
1719	AMT	3
1719	MAT	3
1719	ARW	3
1719	RAT	3
1720	AAG	252105
1720	AAT	55
1720	AAA	17
1720	AAK	16
1720	AWK	12
1720	AAR	7
1720	AAS	5
1720	WAG	3
1720	AMG	3
1720	ARG	3
1720	HMG	2
1720	AGG	2
1721	ACA	252135
1721	AYA	15
1721	ATA	9
1721	RCA	6
1721	ACR	6
1721	ACM	3
1721	WCA	3
1722	GTA	252126
1722	GTG	51
1722	GWA	3
1722	GKA	3
1722	ATA	3
1722	KTA	2
1722	TTA	2
1723	GGT	252223
1723	GGC	10
1723	AGT	9
1723	KGT	8
1723	GGA	7
1723	GCT	6
1723	GGY	6
1723	GKT	4
1723	GGK	3
1723	GGW	3
1724	GAG	252280
1724	GAT	26
1724	GAK	14
1724	GAA	8
1724	GRG	8
1724	GAR	4
1724	RAG	2
1724	AAG	2
1725	TTA	252332
1725	CTA	7
1725	TTR	7
1725	TYA	5
1725	WTA	3
1725	YTA	3
1726	GGT	252318
1726	RGT	8
1726	KGT	5
1726	AGT	5
1726	GGY	3
1726	GRT	3
1727	GAT	252489
1727	GAC	13
1727	GMT	9
1727	GAW	4
1727	KAT	2
1728	GTT	252485
1728	GTC	11
1728	GCT	9
1728	GTY	7
1728	GTA	6
1728	GTK	5
1728	GYT	2
1729	AGA	252478
1729	AGG	9
1729	AGR	7
1729	AKA	7
1729	AGW	3
1729	MGA	2
1730	GAA	252460
1730	RAA	26
1730	GWA	3
1730	GMA	3
1730	GGA	2
1731	ACA	252433
1731	AYA	19
1731	ATA	14
1731	MCA	4
1731	ACW	3
1731	ACR	3
1731	ACM	3
1731	AMA	3
1731	WCA	2
1731	GCA	2
1732	ATG	252413
1732	ATT	22
1732	ATC	14
1732	AYG	4
1732	ATS	3
1732	AKG	3
1732	AWG	3
1732	WYG	3
1732	MTG	2
1732	ATK	2
1733	AGT	252330
1733	TTT	79
1733	AAT	15
1733	GGT	14
1733	ART	11
1733	AKT	7
1733	MGT	5
1733	ATT	4
1733	WGT	3
1734	TAC	252014
1734	TAT	267
1734	CAC	166
1734	TAY	22
1734	CAT	7
1734	YAC	6
1734	TAM	4
1734	AAC	3
1734	TWC	2
1735	TTG	252439
1735	YTG	8
1735	TTA	7
1735	WTG	6
1735	TTR	5
1735	CTG	5
1735	TTK	4
1735	TTS	4
1735	TYG	3
1736	TTT	252487
1736	TTY	5
1736	TYT	3
1736	KTT	3
1736	TTK	3
1736	TTW	3
1736	TTG	3
1736	YTT	3
1736	TTC	2
1736	WTT	2
1737	CAA	252510
1737	CRA	7
1737	CWA	6
1737	CAR	6
1737	CAW	4
1737	YAA	3
1737	CTA	2
1737	CGA	2
1737	TAA	2
1738	CAT	252302
1738	TAT	11
1738	CAC	10
1738	CAK	4
1738	MAT	3
1738	YAT	2
1739	GCC	252267
1739	GCT	67
1739	GTC	10
1739	GCY	8
1739	GCM	6
1739	GYC	5
1739	RCC	4
1739	KCC	3
1739	GCS	3
1739	GMC	3
1740	AAT	252341
1740	AAC	10
1740	RAT	7
1740	AAW	7
1740	ART	3
1740	AAG	3
1740	WAT	2
1741	TTA	252367
1741	TTG	20
1741	TYA	8
1741	WTA	8
1741	CTA	6
1741	ATA	6
1741	TTW	4
1741	TTR	4
1741	KTA	3
1741	YTA	3
1742	GAT	252392
1742	AAT	20
1742	GAW	5
1742	GAC	4
1742	RAT	4
1742	KAT	2
1742	GAY	2
1742	GRT	2
1743	TCT	252329
1743	YCT	11
1743	TTT	5
1743	WCT	5
1743	TST	4
1743	TYT	2
1743	TMT	2
1743	CCT	2
1744	TGC	252126
1744	TGT	197
1744	TGY	29
1744	YGC	4
1744	TTC	4
1744	TGM	4
1744	TRC	3
1744	TGS	3
1744	TSC	3
1744	TKC	2
1745	AAA	252235
1745	AAG	9
1745	RAA	6
1745	AWA	3
1746	AGA	252404
1746	RGA	5
1746	AKA	4
1746	AGG	4
1746	AGW	3
1746	AGR	3
1747	GTC	252335
1747	GTT	39
1747	ATC	20
1747	GTA	6
1747	GTY	4
1747	GYC	3
1747	GCC	2
1747	RTC	2
1748	TTG	251743
1748	ATG	542
1748	CTA	13
1748	TTA	8
1748	TTS	6
1748	TTK	5
1748	TYG	4
1748	KTG	4
1748	TTR	4
1748	YTG	4
1748	WTG	3
1748	TWG	2
1748	CTG	2
1748	TTT	2
1749	AAC	251837
1749	AAT	492
1749	AAY	44
1749	ARC	7
1749	RAC	6
1749	AAM	2
1750	GTG	252240
1750	GTT	21
1750	KTG	14
1750	GTK	12
1750	GYG	9
1750	TTG	5
1750	ATG	5
1750	GTA	4
1750	GTR	3
1750	RTG	3
1750	GKG	3
1750	GKK	3
1751	GTG	252297
1751	TTG	8
1751	GTT	7
1751	GWG	6
1751	GYG	6
1751	GTK	5
1751	GKG	2
1751	KTG	2
1752	TGT	252302
1752	TST	16
1752	TGC	14
1752	YGT	6
1752	TKT	5
1752	TGW	4
1752	CGT	3
1753	AAA	252302
1753	WAA	7
1753	AAR	7
1753	RAA	6
1754	ACT	252134
1754	ATT	62
1754	AYT	37
1754	GCT	13
1754	ACY	13
1754	ACA	12
1754	AST	5
1754	WCT	3
1754	RCT	2
1754	ACG	2
1754	AAT	2
1755	TGT	252262
1755	TGY	7
1755	TKT	4
1755	TRT	3
1755	TGW	3
1755	TGK	3
1755	TTT	3
1755	KGT	3
1755	YGT	2
1756	GGA	252212
1756	GGG	23
1756	GGW	14
1756	GKA	11
1756	KGA	6
1756	SGA	4
1756	GGR	4
1756	GSA	3
1756	GGT	3
1756	KKA	3
1756	GRA	3
1756	GGC	2
1757	CAA	252247
1757	CAG	23
1757	YAA	20
1757	CTA	10
1757	CAR	6
1757	CRA	4
1757	TCA	3
1758	CAG	252117
1758	CAA	96
1758	CTG	54
1758	CAR	6
1758	CRG	4
1758	YAG	4
1758	CAT	2
1758	CGG	2
1759	CAG	252201
1759	CAA	29
1759	CAR	10
1759	AAG	10
1759	CRG	9
1759	MAG	7
1759	CGG	6
1759	CAT	6
1759	YAG	5
1759	CAC	3
1759	CTG	2
1759	CWG	2
1760	ACA	252103
1760	ATA	110
1760	AYA	23
1760	ACT	13
1760	ACC	6
1760	ACR	6
1760	RCA	4
1760	AAA	2
1760	ACW	2
1761	ACC	252050
1761	ATC	70
1761	ACT	62
1761	RCC	11
1761	AYC	4
1761	ACY	3
1761	WCC	3
1762	CTT	252131
1762	CTK	10
1762	CTC	10
1762	TTA	9
1762	CTW	7
1762	CYT	7
1762	TTT	7
1762	CTY	6
1762	CKT	6
1762	YTT	3
1762	CGT	3
1763	AAG	251997
1763	AAT	96
1763	AGG	52
1763	AAR	9
1763	ARG	9
1763	AAK	8
1763	RAG	3
1763	MAG	3
1763	AWG	3
1763	WAG	3
1764	GGT	251964
1764	RGT	30
1764	AGT	20
1764	KGT	18
1764	GRT	6
1764	GGY	6
1764	GAT	4
1764	GGC	4
1764	GGK	4
1764	SGT	3
1764	GKT	2
1765	GTA	251907
1765	GTG	48
1765	GTT	29
1765	ATA	25
1765	GTR	9
1765	KTA	6
1765	GWA	6
1765	GTW	6
1765	GTC	4
1765	RTA	2
1766	GAA	251766
1766	GAR	163
1766	AAA	24
1766	GAD	22
1766	GAW	18
1766	KAA	8
1766	GAG	7
1766	SAA	5
1766	GAT	4
1766	RAA	4
1766	GRA	4
1766	GAM	3
1767	GCT	252089
1767	KCT	6
1767	ACT	6
1767	TCT	4
1767	GCA	4
1767	GCC	3
1768	GTT	252157
1768	ATT	10
1768	GTA	8
1768	GTK	4
1769	ATG	253006
1769	ATT	347
1769	ATA	137
1769	GTG	21
1769	ATK	19
1769	ACG	6
1769	RTG	4
1770	TAC	253132
1770	TAT	381
1770	CAC	164
1770	YAC	84
1770	TAY	23
1771	ATG	253703
1771	ATT	12
1771	AKG	5
1771	RTG	3
1771	AAG	2
1771	CTG	2
1771	ATA	2
1772	GGC	253727
1772	GGT	25
1772	GSC	4
1772	GGY	3
1772	GGA	2
1772	GRC	2
1772	GTC	2
1772	RGC	2
1773	ACA	253758
1773	ATA	36
1773	WCA	3
1774	CTT	253725
1774	ATT	51
1774	YTT	12
1774	STT	3
1774	CTY	3
1775	TCT	256685
1775	YCT	7
1775	TCC	3
1775	TYT	3
1775	GCT	2
1776	TAT	256698
1776	TAC	6
1776	YAT	3
1776	TAY	2
1777	GAA	256693
1777	GAG	5
1777	KAA	3
1777	TAA	2
1777	GCA	2
1778	CAA	256694
1778	CAG	12
1778	CAT	5
1778	CGA	3
1778	YAA	3
1778	CAC	2
1779	TTT	256702
1779	CTT	32
1779	YTT	3
1779	TCT	2
1779	KTT	2
1780	AAG	256719
1780	AAR	15
1780	AGG	5
1780	AAA	3
1780	CAG	3
1781	AAA	256675
1781	AAG	15
1781	AAR	9
1781	AGA	8
1781	AWA	3
1781	ATA	3
1781	AAC	3
1781	AAW	3
1781	ARA	2
1782	GGT	256725
1782	GKT	8
1782	GGY	5
1782	RGT	3
1783	GTT	256729
1783	GTA	8
1783	GTC	8
1783	ATT	6
1783	TTT	3
1783	GTY	2
1784	CAG	256568
1784	CAK	119
1784	CAT	58
1784	CAA	13
1784	ACT	6
1784	YAG	3
1784	CGG	2
1784	AAC	2
1785	ATA	256682
1785	ACA	35
1785	GTA	23
1785	AYA	8
1785	ATG	4
1785	WTA	3
1786	CCT	253102
1786	CTT	2428
1786	TCT	66
1786	CYT	41
1786	YCT	10
1786	CCG	6
1786	GGG	3
1786	ACT	2
1786	MCT	2
1786	CAT	2
1787	TGT	255687
1787	TKT	10
1787	TGC	3
1788	ACG	252503
1788	ACT	2500
1788	ACK	492
1788	ACR	43
1788	AAG	40
1788	ATG	33
1788	ACA	18
1788	AYG	16
1788	GTG	8
1788	GTT	8
1788	ACB	2
1789	TGT	255285
1789	TGC	13
1789	TKT	5
1789	GAC	3
1790	GGT	255060
1790	GGA	9
1790	GKT	5
1790	GST	4
1790	GGW	3
1790	GTT	3
1790	GAT	2
1790	RGT	2
1791	AAA	254895
1791	AGA	9
1791	ARA	6
1791	AAR	3
1791	GAA	2
1791	AAG	2
1792	CAA	254795
1792	CAC	9
1792	YAA	5
1792	CAG	3
1792	CWW	3
1792	CWA	3
1792	AAA	2
1793	GCT	254803
1793	GTT	20
1793	GCC	17
1793	GYT	7
1793	SCT	3
1793	GST	3
1793	KCT	3
1794	ACA	254763
1794	ATA	61
1794	ACR	10
1794	AMA	9
1794	AYA	6
1794	ACG	5
1794	WCA	4
1795	AAA	254842
1795	AAG	17
1795	CAA	17
1795	CAG	6
1795	RAA	5
1795	AAC	4
1795	ACA	4
1795	AAR	2
1796	TAT	254821
1796	TAC	38
1796	YAT	2
1797	CTA	254714
1797	TTA	164
1797	YTA	24
1797	ATA	4
1798	GTA	254875
1798	KTA	17
1798	TTA	13
1798	STA	10
1798	GCA	8
1798	GTC	7
1798	ATA	5
1798	GTG	2
1798	GAA	2
1799	CAA	254965
1799	CAW	3
1799	CGA	2
1800	CAG	254904
1800	CAA	41
1800	YAG	5
1800	CAR	4
1800	CWG	3
1801	GAG	254937
1801	GAA	20
1801	GAK	8
1801	GTG	7
1801	GRG	4
1801	GAT	4
1801	AAG	3
1802	TCA	254959
1802	YCA	8
1802	GCA	3
1802	TYA	2
1802	TCT	2
1803	CCT	254050
1803	TCT	711
1803	CTT	52
1803	ACT	27
1803	CCY	18
1803	YCT	15
1803	CYT	7
1803	CCK	3
1803	CCW	2
1804	TTT	254933
1804	TYT	4
1804	YTT	2
1805	GTT	254943
1805	KTT	3
1805	RTT	3
1805	ATT	2
1806	ATG	254943
1806	AYG	3
1806	ATK	3
1806	GTG	3
1806	ATR	2
1807	ATG	254953
1807	ATS	4
1807	ATK	4
1808	TCA	255061
1808	TCT	14
1808	TYA	8
1808	TCG	6
1808	TCR	4
1808	TMA	3
1808	TSA	3
1808	YCA	3
1808	TCC	2
1809	GCA	255040
1809	GTA	24
1809	ACA	11
1809	GYA	9
1809	KCA	3
1810	CCA	254966
1810	CTA	63
1810	TCA	22
1810	CCG	10
1810	CYA	10
1810	ACA	6
1810	CAA	3
1810	YCA	3
1811	CCT	255064
1811	CCC	14
1811	CYT	9
1811	YCT	5
1811	TCT	3
1811	CCY	3
1812	GCT	254279
1812	GAT	789
1812	GTT	38
1812	GCC	20
1812	GYT	8
1812	RCT	5
1812	SCT	3
1812	GCY	3
1812	GMT	3
1812	ACT	3
1812	KCT	2
1813	CAG	255033
1813	CAT	77
1813	YAG	18
1813	CAK	11
1813	GAA	9
1813	GAC	6
1813	CTG	6
1813	CAA	2
1814	TAT	255207
1814	TGT	13
1814	TAC	9
1814	WAT	2
1814	TRT	2
1814	TAY	2
1814	CAC	2
1815	GAA	255329
1815	AAA	9
1815	KAA	8
1815	GAM	2
1816	CTT	255306
1816	CTA	7
1816	TTG	6
1816	YTT	5
1816	TTA	3
1816	CYY	3
1816	CTY	2
1817	AAG	255223
1817	AAT	75
1817	AAA	11
1817	GAG	5
1817	AAK	4
1817	ARG	3
1817	AMG	2
1817	AGG	2
1818	CAT	255196
1818	TAT	43
1818	CAC	30
1818	CTT	18
1818	YAT	6
1818	CAA	3
1818	CAY	2
1819	GGT	255273
1819	KGT	4
1819	GKT	4
1819	GGC	2
1820	ACA	255003
1820	ATA	137
1820	ACG	109
1820	AYA	11
1820	ACT	10
1820	ACC	6
1821	TTT	255238
1821	TTC	14
1821	TTY	4
1821	TYT	2
1821	YTT	2
1822	ACT	254850
1822	ATT	343
1822	AYT	27
1822	TTG	8
1822	GTT	6
1822	ACC	5
1823	TGT	255220
1823	YGT	3
1823	TKT	2
1824	GCT	255177
1824	GYT	9
1824	GTT	7
1824	KCT	5
1824	GCY	3
1824	SCT	2
1825	AGT	255198
1825	AAT	67
1825	AGY	5
1825	AGW	3
1825	ART	2
1825	AGC	2
1826	GAG	254928
1826	GAS	278
1826	GAA	19
1826	GAC	12
1826	GAT	10
1826	GTG	4
1826	GAK	4
1826	GGG	3
1826	GAR	2
1827	TAC	254950
1827	YAC	294
1827	CAC	13
1827	TAT	12
1828	ACT	255084
1828	ATT	15
1828	WCT	3
1829	GGT	255220
1829	KGT	5
1830	AAT	255233
1830	GAT	5
1830	AGT	4
1830	AAC	3
1830	AWT	2
1831	TAC	255182
1831	TAT	67
1831	YAC	5
1831	TAY	2
1831	CAC	2
1832	CAG	255164
1832	CAA	10
1832	CGG	5
1832	CAK	3
1832	CAT	3
1833	TGT	255156
1833	TAT	4
1833	WGT	3
1833	TGC	2
1834	GGT	255032
1834	RST	92
1834	GGC	9
1834	RGT	5
1834	KGT	4
1834	ACT	3
1834	GKT	2
1834	GST	2
1835	CAC	255134
1835	CAT	16
1835	CAY	5
1835	YAC	5
1836	TAT	255179
1836	TAC	40
1836	TWT	2
1836	TAY	2
1836	TAW	2
1837	AAA	255208
1837	AGA	7
1837	ATA	6
1837	AAG	2
1838	CAT	255115
1838	CAC	23
1838	TAT	20
1838	CAY	8
1838	YAT	5
1838	CMT	3
1839	ATA	255160
1839	ATC	9
1839	RTA	3
1839	ATT	2
1840	ACT	254906
1840	ATT	243
1840	AYT	22
1840	AYW	3
1840	MCT	2
1840	ACY	2
1840	ACA	2
1841	TCT	255143
1841	TTT	32
1841	TYT	14
1841	TCA	10
1841	WCT	3
1841	YCT	3
1841	GCT	2
1841	TCW	2
1842	AAA	255195
1842	AGA	29
1842	AAG	13
1842	AAR	9
1842	MAA	3
1842	AAT	2
1843	GAA	255200
1843	GAG	7
1843	RAA	5
1843	AAA	5
1843	GGA	3
1843	CCC	3
1843	GAC	2
1844	ACT	255129
1844	AYT	69
1844	ATT	22
1844	ACC	15
1844	ACY	3
1844	ACG	2
1845	TTG	255223
1845	TTT	15
1845	CTG	10
1845	TTS	3
1845	YTG	2
1845	TTA	2
1846	TAT	255260
1846	TGT	8
1846	CAT	5
1846	TAY	2
1846	TAC	2
1847	TGC	255034
1847	TGT	131
1847	CGC	59
1847	TGY	26
1847	GTC	6
1847	AGC	2
1848	ATA	255217
1848	GTA	6
1848	AAA	4
1848	ATW	2
1848	ATT	2
1849	GAC	254663
1849	GAT	399
1849	GAY	40
1849	KMC	3
1849	KAC	3
1849	AAC	2
1850	GGT	254809
1850	GKT	17
1850	KGT	8
1850	AGT	7
1850	RGT	4
1850	GGY	4
1850	SGT	3
1850	GGW	2
1851	GCT	254719
1851	GTT	71
1851	ACT	12
1851	GYT	8
1851	GCA	8
1851	RCT	3
1851	GCC	3
1851	GCY	2
1852	TTA	254738
1852	GTA	14
1852	TTG	12
1852	TCA	5
1852	TYA	4
1852	TTT	3
1852	YTA	2
1853	CTT	254606
1853	TTT	127
1853	CTC	13
1853	YTT	8
1853	CTG	7
1853	ATT	4
1853	CTY	4
1853	CTW	3
1853	CAT	2
1854	ACA	254418
1854	ATA	217
1854	AYA	109
1854	AGC	8
1854	WCA	4
1854	AAA	3
1854	ACG	3
1854	GCA	3
1855	AAG	254699
1855	AAA	33
1855	AGG	13
1855	ARG	12
1855	AAR	5
1855	AWG	3
1855	AAK	2
1856	TCC	254665
1856	TCT	30
1856	TTC	17
1856	TSC	16
1856	TYC	9
1856	ACC	6
1856	TAC	5
1856	TCA	5
1856	WCC	4
1856	TCY	3
1856	TCM	3
1856	GCC	2
1857	TCA	254641
1857	TTA	63
1857	TCT	10
1857	CCA	9
1857	TYA	7
1857	YCA	6
1857	GCA	2
1857	ATA	2
1857	TCG	2
1858	GAA	254718
1858	GAG	16
1858	RAA	8
1858	GGA	6
1858	GCA	4
1858	KAA	3
1859	TAC	254704
1859	CAC	46
1859	TAT	16
1859	TAY	6
1859	TAM	4
1859	TRC	2
1859	TGC	2
1860	AAA	254729
1860	AGA	26
1860	AAR	10
1860	AAT	9
1860	GAA	5
1861	GGT	254472
1861	GKT	199
1861	RGT	21
1861	GST	10
1861	GGC	9
1861	KGT	3
1861	AGT	2
1861	GTT	2
1862	CCT	254366
1862	TCT	146
1862	CTT	59
1862	YCT	18
1862	CYT	12
1862	CMT	6
1862	CCY	4
1862	CCC	3
1863	ATT	254622
1863	GTT	12
1863	RTT	2
1863	ATA	2
1864	ACG	254495
1864	GCG	31
1864	ACA	25
1864	ACT	14
1864	AYG	11
1864	ACK	7
1865	GAT	254523
1865	GAC	12
1865	KAT	3
1866	GTT	254487
1866	ATT	15
1866	GTC	6
1866	GCT	3
1866	GTG	2
1867	TTC	254519
1867	TTT	12
1867	TTY	4
1867	TCA	3
1868	TAC	254072
1868	TAT	402
1868	TAY	22
1868	TWY	5
1868	WAC	3
1868	TAM	3
1868	GAC	3
1868	YAC	2
1868	TRC	2
1869	AAA	254559
1869	AAG	11
1869	AAC	6
1869	RWA	5
1870	GAA	254734
1870	RAA	6
1870	GAG	5
1870	GGA	2
1871	AAC	254887
1871	AAT	41
1871	AGC	40
1871	AAY	8
1871	ARC	5
1872	AGT	255228
1872	AKT	232
1872	AGC	14
1872	AAT	5
1872	ACT	4
1872	GGT	2
1873	TAC	255196
1873	TAT	452
1873	TAY	27
1873	TMC	3
1874	ACA	255625
1874	ATA	57
1874	AYA	5
1874	ACG	4
1874	ACM	3
1874	AAA	3
1874	WCA	3
1875	ACA	255695
1875	ACT	4
1875	ACM	3
1875	AYA	2
1876	ACC	255568
1876	ACT	53
1876	ATC	29
1876	AYC	11
1876	ACY	6
1876	AAC	5
1876	RCC	3
1876	CCC	2
1877	ATA	255707
1877	ACA	7
1877	ATT	6
1877	ATC	4
1877	AAA	2
1877	CTA	2
1878	AAA	256498
1878	AAG	4
1878	AWA	4
1878	CCC	3
1879	CCA	256466
1879	YCA	4
1879	CTA	4
1879	CMA	3
1880	GTT	256443
1880	ATT	24
1880	TTT	4
1880	GCT	3
1880	KTT	2
1881	ACT	255280
1881	ATT	1168
1881	AYT	19
1881	ACA	6
1881	GTC	4
1881	ACY	4
1881	RCT	3
1881	AAT	3
1881	ACC	2
1881	GTT	2
1882	TAT	256487
1882	TAC	17
1882	YAT	2
1883	AAA	256522
1883	AAG	4
1883	ARA	3
1884	TTG	256475
1884	CTG	10
1884	TTA	7
1884	CTA	6
1884	YTG	3
1885	GAT	256493
1885	AAT	13
1885	KAT	12
1885	GAC	9
1885	SAT	2
1886	GGT	256508
1886	GKT	10
1886	KGT	2
1887	GTT	256435
1887	ATT	36
1887	KTT	33
1887	TTT	6
1887	GKT	6
1887	GYT	4
1887	GCT	3
1887	RTT	3
1887	GTA	2
1888	GTT	256491
1888	ATT	10
1888	GTG	6
1888	KTT	4
1888	GTY	4
1888	GWT	3
1888	GTC	2
1888	RTT	2
1889	TGT	256483
1889	TKT	11
1889	TGG	5
1889	TGW	3
1889	TST	2
1890	ACA	255870
1890	ATA	41
1890	AYA	9
1890	GGA	3
1890	ACG	2
1891	GAA	255908
1891	RAA	5
1892	ATT	255688
1892	ATC	42
1892	ATA	10
1892	CTT	5
1892	ATG	3
1892	ATW	3
1892	RTT	2
1893	GAC	255564
1893	GAT	155
1893	GAY	9
1893	GGC	8
1893	AAC	5
1893	RAC	3
1893	GAA	3
1893	KAC	3
1893	GCC	2
1894	CCT	255264
1894	CTT	7
1894	CYT	4
1895	AAG	254402
1895	AAT	307
1895	AGG	284
1895	AAK	194
1895	AAA	32
1895	ARG	13
1895	GAG	3
1895	AWG	2
1896	TTG	253993
1896	TTA	10
1896	TTK	5
1896	TTT	3
1897	GAC	253931
1897	GAT	24
1897	GRC	21
1897	AAC	5
1897	RAC	4
1897	GAY	3
1897	GTC	3
1897	TAC	2
1898	AAT	253438
1898	AGT	167
1898	GAT	9
1898	ART	7
1898	GGT	6
1898	WAT	4
1898	TAT	4
1898	AAY	3
1898	ATT	3
1898	AAG	2
1898	AWT	2
1899	TAT	253629
1899	TAC	14
1899	TRT	8
1899	WAT	2
1899	TTT	2
1899	TWT	2
1900	TAT	253640
1900	TAY	4
1900	YAT	3
1900	TGT	3
1900	TWT	3
1900	WAT	2
1900	TAC	2
1901	AAG	253629
1901	AAR	17
1901	AAA	15
1901	RAG	13
1901	AGG	7
1901	AAK	4
1901	MAG	3
1901	ARG	3
1901	AWG	2
1902	AAA	253661
1902	AAR	9
1902	AAG	7
1902	AWA	3
1902	ARA	3
1902	RAA	3
1902	WAA	2
1902	MAA	2
1902	AGA	2
1903	GAC	253568
1903	GAT	111
1903	TAC	24
1903	GAY	9
1903	KAC	8
1903	GWC	6
1903	AAC	4
1903	GAS	3
1903	RAC	3
1903	GCC	2
1904	AAT	253752
1904	AAC	6
1904	AWT	5
1904	ART	3
1904	MAT	3
1905	TCT	253699
1905	TTT	43
1905	TCW	10
1905	GCT	10
1905	TCY	6
1905	TYT	6
1905	GCC	6
1905	TMT	5
1905	TCC	5
1905	TCG	4
1905	WCT	4
1905	TCK	3
1906	TAT	253802
1906	TAC	17
1906	TWT	6
1906	KAT	3
1906	TAW	3
1906	YAT	2
1907	TTC	253205
1907	TTT	620
1907	TTY	28
1907	TYC	7
1907	KTC	4
1907	TTM	3
1907	TKC	3
1907	ATC	2
1908	ACA	253795
1908	AYA	8
1908	RCA	6
1908	ACT	6
1908	ACG	4
1908	WCA	3
1908	ACW	3
1908	ATA	2
1909	GAG	253769
1909	GAA	17
1909	GGG	12
1909	GAK	11
1909	SAG	8
1909	KAG	5
1909	GRG	4
1909	GAT	3
1909	GWG	2
1910	CAA	253766
1910	CAG	28
1910	CRA	7
1910	CWA	5
1910	YAA	4
1910	CAW	3
1910	SAA	3
1911	CCA	253810
1911	CMA	6
1911	YCA	5
1911	CTA	3
1911	YSA	2
1912	ATT	253810
1912	GTT	25
1912	AYT	3
1912	ATY	3
1912	ATA	2
1913	GAT	253835
1913	GAY	11
1913	GAC	8
1913	KAT	6
1913	GRT	6
1913	GGT	2
1913	AAT	2
1914	CTT	253874
1914	TTA	5
1914	CTA	4
1914	CTY	4
1914	CTW	4
1914	CTG	3
1914	CTC	2
1915	GTA	253941
1915	ATA	10
1915	GTG	8
1915	GYA	7
1915	GTM	7
1915	TTA	4
1915	GGG	3
1915	CTA	3
1915	RTA	2
1916	CCA	253865
1916	CCR	12
1916	TCA	11
1916	CYA	10
1916	YCA	8
1916	CMA	6
1916	CCC	6
1916	CCT	5
1916	CCW	2
1916	CTA	2
1917	AAC	253492
1917	AAT	197
1917	AAY	13
1917	AWC	7
1917	ACT	7
1917	ARC	6
1917	AAA	5
1917	MAC	3
1917	AAS	3
1918	CAA	253686
1918	CAW	5
1918	AAA	5
1918	CAG	5
1918	MAA	4
1918	YAA	4
1918	CGA	4
1918	CRA	4
1918	CWA	3
1919	CCA	253753
1919	CCT	14
1919	MCA	4
1919	TCA	4
1919	CTA	3
1919	CSA	2
1919	CCG	2
1920	TAT	253731
1920	TAC	82
1920	CAT	26
1920	TAW	7
1920	TAY	7
1920	TRT	5
1920	TWT	2
1920	TGT	2
1921	CCA	253494
1921	TCA	329
1921	CTA	251
1921	CAA	37
1921	YCA	20
1921	CYA	16
1921	CCT	12
1921	CCW	8
1921	CMA	7
1921	MCA	3
1921	CCG	3
1922	AAC	254024
1922	AAT	118
1922	AAY	20
1922	AGC	11
1922	CAC	4
1922	MAC	4
1922	AAA	4
1923	GCA	253475
1923	GTA	624
1923	ACA	47
1923	GYA	14
1923	TCA	7
1923	GCT	6
1923	GMA	4
1923	KCA	4
1923	GCW	4
1923	GCM	3
1923	GGA	3
1923	GCR	3
1923	RCA	2
1923	GCG	2
1924	AGC	254082
1924	AAC	38
1924	AGT	34
1924	ATC	27
1924	GGC	24
1924	RGC	8
1924	AGY	7
1924	AKC	3
1924	AGA	2
1925	TTC	253190
1925	TTT	1020
1925	TTY	44
1925	YTC	4
1925	WTC	3
1925	TCC	3
1925	KTC	2
1926	GAT	254194
1926	GAC	29
1926	GGT	5
1926	CAT	4
1926	KAT	2
1927	AAT	254243
1927	AAC	6
1927	AAK	3
1928	TTT	254336
1928	TTC	15
1928	ATT	9
1928	TTW	6
1928	YTT	4
1928	TYT	3
1928	KTT	3
1928	TKT	3
1928	TTY	3
1929	AAG	254314
1929	AAA	97
1929	ACG	9
1929	AAT	9
1929	AGG	4
1929	AAR	3
1929	AAK	3
1929	AMG	3
1930	TTT	254467
1930	TTC	7
1930	TTY	6
1930	GTT	5
1930	KTT	3
1930	TTK	3
1930	YTT	2
1931	GTA	254518
1931	GTG	9
1931	GTT	8
1931	TTA	8
1931	ATA	7
1931	GTR	7
1931	KTA	4
1931	RTA	3
1931	GWA	3
1932	TGT	254561
1932	KGT	4
1932	TST	3
1932	WGT	3
1932	YGT	2
1933	GAT	254527
1933	GGT	30
1933	GCT	15
1933	GAC	9
1933	KAT	6
1933	RAT	4
1933	GRT	3
1933	GMT	3
1934	AAT	254525
1934	AAC	25
1934	RAT	7
1934	ART	3
1934	AAY	3
1934	TAT	2
1935	ATC	253703
1935	ATT	760
1935	ATY	31
1935	ACC	26
1935	AGC	15
1935	GTC	7
1935	AYC	3
1935	ATM	3
1935	AWC	2
1935	ATA	2
1936	AAA	254532
1936	ARA	9
1936	AAW	5
1937	TTT	254629
1937	WTT	6
1937	TCT	3
1937	CTT	2
1938	GCT	254571
1938	TCT	18
1938	GCC	10
1938	GYT	9
1938	GTT	5
1938	KCT	4
1939	GAT	254475
1939	AAT	48
1939	GGT	32
1939	RAT	12
1939	GRT	12
1939	GAC	8
1939	GMT	8
1939	GAY	7
1939	GTT	3
1939	SAT	3
1939	TAT	2
1940	GAT	254586
1940	GAC	10
1940	SAT	8
1940	GAG	7
1940	GGT	5
1940	GRT	4
1940	TAT	4
1940	GMT	3
1941	TTA	254603
1941	TTW	10
1941	TTG	7
1941	TYA	7
1941	CTA	6
1941	YTA	4
1941	CGG	3
1941	TTM	3
1942	AAC	254614
1942	AAT	37
1942	AAY	8
1942	ARC	5
1942	MMC	3
1942	GGC	3
1942	AMC	2
1943	CAG	254608
1943	CAT	30
1943	CAK	6
1943	CAA	4
1943	CWG	3
1943	YAG	2
1944	TTA	254624
1944	TTG	15
1944	ATG	7
1944	CTG	6
1944	TWA	6
1944	TTR	3
1944	TTW	3
1944	WTA	3
1944	TTM	3
1945	ACT	254602
1945	ATT	10
1945	AYT	7
1945	AMT	6
1945	GCT	6
1945	TCT	6
1945	AST	3
1945	AAT	3
1945	ACC	2
1945	RCT	2
1945	ACK	2
1946	GGT	254665
1946	AGT	16
1946	GKT	5
1946	GRT	4
1946	GGY	3
1946	GGW	3
1946	KGT	2
1947	TAT	254700
1947	TWT	9
1947	TGT	4
1947	TTT	3
1947	WAT	3
1947	TAW	3
1948	AAG	254729
1948	AGG	7
1948	AAR	4
1948	AAA	4
1948	RAG	3
1948	RRG	2
1949	AAA	254759
1949	AAG	8
1949	AAR	3
1949	RAA	2
1949	AGA	2
1950	CCT	254693
1950	TCT	23
1950	CTT	17
1950	CYT	11
1950	CAT	3
1950	YCT	3
1950	ACT	3
1950	CCA	2
1951	GCT	254697
1951	GCG	24
1951	RCT	11
1951	KCT	6
1951	GTT	5
1951	GAG	3
1951	GCC	3
1951	ACT	2
1952	TCA	254662
1952	TTA	47
1952	TYA	14
1952	TCR	9
1952	TCG	8
1952	YCA	8
1952	TCT	6
1952	TMA	3
1952	CCA	3
1952	GCA	2
1953	AGA	254693
1953	AAA	44
1953	AGR	12
1953	AKA	9
1953	AGG	9
1953	CGT	6
1953	ASA	5
1953	AGW	3
1954	GAG	254638
1954	GAR	25
1954	GAA	18
1954	AAG	15
1954	KAG	8
1954	GWG	3
1954	GAT	3
1954	GAS	3
1955	CTT	254615
1955	CTC	35
1955	TTT	12
1955	CTY	11
1955	YTT	7
1955	CKT	4
1955	MTT	4
1955	CTW	4
1955	CWT	3
1955	ATT	3
1955	CTA	2
1956	AAA	254666
1956	AAG	21
1956	AAR	14
1956	ARA	5
1956	WAA	3
1956	AGA	3
1957	GTT	254655
1957	ATT	11
1957	GTC	3
1957	KTT	3
1957	CTT	3
1957	GTK	3
1957	STT	3
1957	GCT	3
1957	GTY	3
1958	ACA	254668
1958	ACG	10
1958	GCA	6
1958	ACT	6
1958	WCA	3
1958	ACR	3
1959	TTT	254593
1959	TTC	17
1959	TWT	4
1959	TYT	3
1959	WTT	3
1959	TTY	3
1960	TTC	254370
1960	TTT	153
1960	TTY	24
1960	YTC	7
1960	TYC	6
1960	TKC	3
1960	CTC	3
1960	TTM	3
1960	TCC	2
1961	CCT	254422
1961	CCC	10
1961	CCY	7
1961	MCT	6
1961	CYT	6
1961	YCT	6
1961	CMT	3
1961	CCW	3
1961	CST	3
1962	GAC	254430
1962	GAT	43
1962	GAA	8
1962	TAC	4
1962	KAC	3
1962	GRC	3
1962	GAY	3
1962	RAC	2
1963	TTA	254482
1963	TTG	16
1963	TWA	6
1963	TKR	3
1963	TTM	3
1964	AAT	254459
1964	AAW	6
1964	WWY	3
1964	ART	3
1964	RAT	3
1965	GGT	254296
1965	GGC	19
1965	KGT	9
1965	GGK	6
1965	GGY	4
1965	GGW	3
1965	GKT	2
1965	GGA	2
1966	GAT	254287
1966	GAW	9
1966	GAA	8
1966	GAY	5
1966	GRT	3
1966	GWT	3
1966	AAT	2
1967	GTG	254051
1967	GTA	20
1967	GTK	5
1967	GYK	3
1967	GWG	3
1967	GKG	3
1967	GTT	2
1967	GTR	2
1968	GTG	253882
1968	RTG	67
1968	TTG	30
1968	KTG	24
1968	GTT	18
1968	GTA	7
1968	VTG	5
1968	GTR	5
1968	STG	4
1968	GGG	2
1968	GWG	2
1968	YTG	2
1969	GCT	254279
1969	KCT	14
1969	CCT	3
1969	TCT	3
1969	GCY	2
1969	GYT	2
1970	ATT	254255
1970	AGT	8
1970	AKT	6
1970	ATC	5
1970	GTT	4
1970	ATK	3
1970	AYT	2
1970	ATY	2
1971	GAT	255559
1971	GAC	19
1971	KAT	5
1971	GAK	3
1971	GAY	2
1971	GGT	2
1972	TAT	255829
1972	TAC	15
1972	TAY	3
1972	TAW	3
1972	TRT	2
1973	AAA	255872
1973	AGA	6
1973	AAG	6
1973	RAA	3
1973	AAR	2
1974	CAC	255896
1974	CAT	20
1974	YAC	9
1974	CAY	5
1975	TAC	255962
1975	TAT	26
1975	TAY	2
1975	TRC	2
1976	ACA	256004
1976	ACG	7
1976	GCA	4
1976	AMA	3
1977	CCC	255631
1977	CCT	159
1977	CTC	155
1977	CYC	24
1977	CCY	16
1977	ACC	3
1977	TCC	2
1977	CCA	2
1978	TCT	256060
1978	TTT	35
1978	TCC	31
1978	TCA	9
1978	CCT	7
1978	TCY	6
1978	TAT	4
1978	TYT	4
1978	GCT	2
1978	YCT	2
1979	TTT	256514
1979	TAT	9
1979	TTC	7
1979	TTY	4
1979	YTT	3
1980	AAG	256532
1980	AAR	5
1980	AGG	2
1981	AAA	256516
1981	AAG	8
1982	GGA	256274
1982	GGG	226
1982	GGT	14
1982	GKA	10
1982	GGR	5
1982	GGW	4
1982	AGA	3
1982	GGC	3
1982	GSA	2
1983	GCT	256543
1983	GTT	13
1983	GYT	9
1984	AAA	256559
1984	AAG	40
1984	ARA	4
1984	AGA	2
1985	TTG	256566
1985	TTA	20
1985	TTS	3
1985	TTK	3
1985	ATG	2
1985	CTG	2
1986	TTA	256563
1986	TTG	16
1986	CTG	7
1986	TAA	3
1986	CTA	2
1987	CAT	256557
1987	CAC	33
1987	YAT	10
1987	CAY	4
1987	CAW	3
1987	CWT	3
1987	CTT	2
1987	TAT	2
1988	AAA	256588
1988	AGA	12
1988	AAG	10
1989	CCT	256605
1989	CYT	5
1989	YCT	4
1989	CTT	2
1989	CCY	2
1989	CCC	2
1990	ATT	256506
1990	GTT	98
1990	ATY	3
1991	GTT	256515
1991	GTC	26
1991	KTT	13
1991	GTA	8
1991	GYT	3
1991	GTY	3
1991	STT	3
1991	RTT	2
1991	TTT	2
1992	TGG	256567
1992	TGK	4
1992	TSG	3
1992	TKG	2
1993	CAT	256579
1993	CAC	6
1993	YAT	4
1994	GTT	256559
1994	GTG	8
1994	KTT	7
1994	GTC	6
1994	GTY	4
1994	ATT	2
1995	AAC	255978
1995	GAC	51
1995	CAC	26
1995	AAT	19
1995	AAY	9
1995	MAC	4
1995	AAM	2
1996	AAT	255996
1996	AAC	15
1996	ART	2
1997	GCA	255690
1997	GTA	141
1997	GYA	16
1997	ACA	15
1997	TCA	7
1997	GMA	5
1997	KCA	4
1997	SCA	3
1997	GCT	2
1998	ACT	255725
1998	ATT	52
1998	AYT	10
1999	AAT	255681
1999	AAC	25
1999	AMT	4
1999	ACT	2
2000	AAA	255408
2000	ARA	4
2000	AAR	4
2000	VAA	3
2000	AGA	2
2001	GCC	254891
2001	GTC	60
2001	GCT	36
2001	GCA	16
2001	ACC	10
2001	GYC	6
2001	GCM	2
2001	GCY	2
2002	ACG	254979
2002	ATG	25
2002	ACK	11
2002	ACA	11
2002	ACT	5
2002	MCG	3
2002	AAA	3
2002	ACR	2
2003	TAT	254949
2003	TAC	16
2003	TTT	9
2003	TAG	8
2003	TGT	8
2003	TWT	6
2003	TAW	4
2003	TAY	3
2003	KAT	3
2003	AAT	3
2004	AAA	254938
2004	AAG	55
2004	AGA	10
2004	ATA	8
2004	WAA	4
2004	AMA	3
2005	CCA	254977
2005	CMA	5
2005	TCA	4
2005	CYA	3
2005	YCA	3
2006	AAT	254918
2006	AAC	54
2006	AAY	8
2006	RRT	4
2006	ART	3
2006	GTT	2
2007	ACC	225821
2007	ACT	27921
2007	ATC	433
2007	ATT	413
2007	ACY	321
2007	AYC	26
2007	AYT	8
2007	AYY	6
2007	ACA	5
2007	AAT	3
2007	ACG	3
2007	AAC	2
2008	TGG	254975
2008	TKG	3
2008	TGR	2
2009	TGT	255063
2009	TGC	13
2009	TKT	4
2010	ATA	254856
2010	ACA	179
2010	GTA	36
2010	TTA	10
2010	ATG	7
2010	AYA	6
2010	RTA	4
2010	ATW	3
2010	ATR	2
2011	CGT	255060
2011	CKT	13
2011	CGY	4
2011	CAT	3
2011	CRT	3
2011	CGC	2
2012	TGT	255059
2012	TKT	4
2012	CGT	3
2012	TGY	3
2012	TTT	2
2012	TCT	2
2013	CTT	255041
2013	CTG	45
2013	CTC	7
2013	CYT	3
2014	TGG	255022
2014	TGK	27
2014	TKG	9
2014	TGT	6
2014	TGC	3
2015	AGC	253438
2015	AGA	893
2015	AGT	362
2015	AGM	246
2015	CGC	32
2015	GGC	27
2015	ATC	27
2015	AKC	12
2015	AGY	11
2015	ACC	4
2015	AAC	4
2015	AAA	3
2015	ARA	2
2015	RGC	2
2016	ACA	252669
2016	AAA	2104
2016	ATA	147
2016	AMA	42
2016	AYA	22
2016	ACG	9
2016	ACT	8
2016	AGA	6
2016	GCA	3
2016	RCA	2
2016	ACR	2
2017	AAA	255077
2017	AGA	6
2017	AAR	3
2017	AAC	3
2018	CCA	254604
2018	TCA	332
2018	CTA	53
2018	CCG	51
2018	YCA	24
2018	MCA	6
2018	CAA	5
2018	CYA	4
2018	ACA	3
2019	GTT	255009
2019	TTT	43
2019	GTA	7
2019	KTT	6
2019	GTC	3
2019	ATT	2
2020	GAA	255039
2020	RAA	32
2020	GGA	18
2020	GAG	10
2020	AAA	5
2020	GRA	4
2020	GWA	4
2020	GAM	3
2021	ACA	255030
2021	ACG	13
2021	ATA	9
2021	ACT	3
2021	ACR	2
2021	AYA	2
2022	TCA	254928
2022	TTA	17
2022	CCA	16
2022	TYA	7
2022	TCR	5
2022	TCG	3
2022	TSA	2
2022	YCA	2
2023	AAT	254890
2023	AAC	23
2023	AWT	6
2023	RAT	5
2023	AGT	3
2023	AMT	3
2023	AAA	3
2023	AAW	2
2024	TCG	254141
2024	TTG	603
2024	TCT	79
2024	TYG	27
2024	TCA	16
2024	TCK	14
2024	ATT	6
2024	CCG	4
2024	TCR	3
2024	TSG	3
2024	YCG	3
2024	GCG	2
2024	ACT	2
2025	TTT	254889
2025	TTA	10
2025	YTT	5
2025	TAT	3
2026	GAT	254825
2026	GGT	20
2026	AAT	18
2026	GAC	9
2026	GAY	8
2026	GRT	7
2026	KAT	6
2026	TAT	6
2026	GCT	4
2027	GTA	254779
2027	TTA	94
2027	GTT	9
2027	GCA	6
2027	GTR	6
2027	ATA	4
2027	GTG	3
2027	KTA	3
2028	CTG	254635
2028	TTG	22
2028	CTT	20
2028	CTA	12
2028	CTK	8
2028	YTG	8
2028	CYG	3
2028	CTR	3
2028	CTC	3
2028	ATG	2
2028	MTG	2
2028	CCG	2
2029	AAG	254483
2029	AAT	398
2029	AAA	45
2029	AAK	28
2029	GAG	10
2029	CAA	8
2029	ARG	4
2029	AGG	3
2030	TCA	254718
2030	TTA	131
2030	TYA	19
2030	CCA	5
2030	YCA	5
2030	TMA	3
2030	TCR	2
2031	GAG	254745
2031	GAA	23
2031	AAG	21
2031	RAG	5
2031	GAT	4
2031	GAK	3
2031	GTG	2
2031	KAG	2
2031	GRG	2
2031	GCG	2
2032	GAC	254222
2032	GAT	71
2032	AAC	61
2032	GGC	60
2032	KAC	11
2032	GAY	9
2032	TAC	8
2032	GRC	4
2032	GCC	2
2033	GCG	254285
2033	GTG	79
2033	ACG	32
2033	GCA	25
2033	ACA	15
2033	GCT	14
2033	KCG	10
2033	GYG	7
2033	GCR	4
2033	RCG	3
2033	GCK	2
2034	CAG	254269
2034	CTG	124
2034	CAT	21
2034	CAR	21
2034	CGG	19
2034	YAG	5
2034	CAA	4
2034	MAG	3
2034	CWG	2
2035	GGA	254420
2035	AGA	41
2035	RGA	15
2035	GAA	5
2035	GSA	4
2035	GRA	4
2035	GGC	2
2035	GKA	2
2035	GGG	2
2036	ATG	254442
2036	ATT	25
2036	GTG	16
2036	RTG	4
2036	ACG	4
2036	CTG	3
2036	WTG	3
2036	ATK	2
2036	ATR	2
2037	GAT	254460
2037	GGT	21
2037	KAT	19
2037	TAT	15
2037	GAC	14
2037	GAA	10
2037	GAG	7
2037	GWT	4
2037	SAT	4
2038	AAT	253543
2038	GAT	964
2038	ACT	8
2038	AGT	4
2038	AAY	4
2038	RAT	3
2038	AAC	3
2039	CTT	254217
2039	TTT	240
2039	YTT	11
2039	CTY	4
2039	MTT	2
2039	CCT	2
2040	GCC	254352
2040	GCT	75
2040	GTC	20
2040	GCA	7
2040	GYC	5
2040	GCG	4
2040	SCC	3
2040	RCC	2
2041	TGC	254319
2041	TAC	89
2041	TGT	43
2041	TGY	6
2041	YGC	4
2041	WGC	4
2041	TRC	3
2042	GAA	254376
2042	GAC	55
2042	GAG	45
2042	GMA	6
2042	GAT	3
2042	AAA	3
2042	GAD	3
2042	KAA	2
2042	GAW	2
2043	GAT	254400
2043	GAC	98
2043	GGT	18
2043	GAY	5
2043	TAT	5
2043	AAT	5
2043	GCT	4
2043	KAT	4
2043	GAG	2
2043	RAT	2
2044	CTA	254327
2044	TTA	251
2044	YTA	14
2044	CTC	11
2044	ACT	6
2044	GTA	6
2044	STA	3
2044	CAA	3
2044	ACA	2
2044	MTA	2
2045	AAA	254638
2045	AAG	11
2045	CAA	9
2045	RAA	2
2046	CCA	253635
2046	CTA	516
2046	TCA	337
2046	CCT	49
2046	CYA	35
2046	YCA	11
2046	CTT	8
2046	CAC	7
2046	GCA	5
2046	CCW	4
2046	CCG	3
2046	CCR	3
2046	CCC	2
2047	GTC	254272
2047	TTC	199
2047	GTT	103
2047	GTY	21
2047	KTC	14
2047	STC	5
2047	ATC	3
2047	GTM	3
2047	GTA	3
2048	TCT	254529
2048	CCT	27
2048	TAT	23
2048	TTT	22
2048	ACT	10
2048	TCC	3
2048	GCT	2
2048	TCA	2
2048	TCY	2
2048	YCT	2
2048	TYT	2
2049	GAA	254610
2049	GGA	11
2049	AAA	7
2050	GAA	254508
2050	GGA	80
2050	AAA	11
2050	GAR	6
2050	GRA	3
2050	GCA	3
2050	KAA	3
2050	GAC	2
2050	GAT	2
2051	GTA	254757
2051	TTA	14
2051	GTT	6
2051	GTG	3
2051	KTA	2
2051	RTA	2
2052	GTG	254581
2052	GTT	87
2052	TTG	20
2052	ATG	15
2052	GTK	13
2052	GTC	10
2052	KTG	9
2052	RTG	7
2052	GTR	2
2052	GCG	2
2053	GAA	254614
2053	AAA	51
2053	GAG	35
2053	RAA	24
2053	GRA	15
2053	GGA	10
2053	GAC	6
2053	KAA	4
2054	AAT	254575
2054	RAT	159
2054	AAC	14
2054	ACT	8
2054	AGT	6
2054	AAY	5
2055	CCT	254606
2055	TCT	33
2055	CTT	25
2055	YCT	7
2055	CYT	5
2055	CCK	3
2055	CCC	3
2056	ACC	254660
2056	ACT	14
2056	GCC	9
2056	ACY	7
2056	AYC	5
2056	ATC	4
2056	ACM	3
2056	MCC	3
2057	ATA	254674
2057	ACA	28
2057	WTA	3
2057	AAA	2
2058	CAG	254627
2058	CAA	52
2058	CAR	7
2058	YAG	6
2058	AAG	2
2059	AAA	254402
2059	AGA	235
2059	AAG	17
2059	RAA	3
2059	AAT	2
2059	AAR	2
2060	GAC	253799
2060	GAT	724
2060	AAC	30
2060	GAY	21
2060	TAC	20
2060	GGC	18
2060	KAC	8
2060	GRC	6
2061	GTT	254287
2061	TTT	172
2061	KTT	83
2061	ATT	46
2061	ATA	13
2061	GTA	7
2061	GTC	3
2061	RTT	3
2061	GCT	2
2061	GTY	2
2062	CTT	254375
2062	TTT	196
2062	YTT	15
2062	GTA	8
2062	CYT	6
2062	TTA	5
2062	ATT	3
2062	CTC	2
2062	STT	2
2063	GAG	254594
2063	GAT	6
2063	GAA	4
2063	GRG	3
2063	KAG	3
2064	TGT	254564
2064	TAT	8
2064	TGC	4
2064	TGY	4
2064	WGT	2
2064	YGT	2
2065	AAT	254531
2065	AGT	12
2065	GAT	8
2065	ART	4
2065	AAC	2
2066	GTG	254335
2066	GTT	62
2066	TTG	59
2066	GTR	27
2066	GTA	10
2066	ATG	9
2066	GTK	5
2066	GTS	3
2066	KTG	2
2066	GCG	2
2067	AAA	254409
2067	AAG	73
2067	RAA	6
2067	ATA	4
2067	AAR	3
2067	ACA	3
2067	AGA	3
2067	GAA	2
2068	ACT	253971
2068	AYT	190
2068	CCT	51
2068	ATT	20
2068	GCT	12
2068	ACY	10
2068	AAT	8
2068	ACC	5
2069	ACC	254164
2069	ACT	90
2069	ATC	11
2069	ACY	8
2069	ACA	7
2069	ACM	6
2069	AYC	5
2069	RCC	3
2070	GAA	254342
2070	SAA	8
2070	GGA	6
2070	AAA	5
2070	GAC	5
2070	KAA	4
2070	GRA	3
2070	GAW	2
2070	GAR	2
2071	GTT	255445
2071	TTT	61
2071	GTC	16
2071	KTT	15
2071	ATT	3
2071	GTK	3
2072	GTA	255659
2072	ATA	8
2072	GTG	4
2072	RTA	2
2072	KTA	2
2073	GGA	255421
2073	GKA	223
2073	GTA	15
2073	GGT	13
2073	GRA	9
2073	AGA	8
2073	GGC	3
2073	GGM	3
2073	RGA	2
2074	GAC	255623
2074	AAC	39
2074	GAT	15
2074	KAC	4
2074	TAC	4
2074	RAC	4
2074	GAY	3
2075	ATT	255762
2075	GTT	13
2075	GTC	9
2075	ATY	3
2075	RTT	3
2076	ATA	255815
2076	ACA	18
2076	AYA	6
2076	GTA	6
2076	RTA	5
2077	CTT	255759
2077	TTT	14
2077	CTC	10
2077	CCT	5
2077	CTW	3
2077	ATT	3
2077	YTT	2
2078	AAA	256215
2078	WAA	16
2078	AAW	3
2078	CAA	2
2079	CCA	255926
2079	TCA	121
2079	ACA	71
2079	CTA	32
2079	CCC	10
2079	CCG	9
2079	YCA	3
2079	CYA	2
2080	GCA	256040
2080	GTA	50
2080	CCA	15
2080	GYA	11
2080	GAA	7
2080	GMA	6
2080	ACA	6
2080	KCA	4
2080	GCR	3
2080	GCG	3
2080	GCW	3
2080	GCT	2
2080	TCA	2
2081	AAT	255665
2081	AGT	15
2081	CAA	8
2081	AAC	4
2081	WAT	3
2081	AAY	3
2081	ACT	2
2082	AAT	255975
2082	GAT	9
2082	AAC	8
2082	GAC	6
2082	AAY	4
2083	AGT	255382
2083	CGT	397
2083	AKT	27
2083	AAT	20
2083	ATT	16
2083	GGT	15
2083	AGY	6
2083	MGT	5
2083	RKT	3
2084	TTA	255797
2084	ATA	27
2084	GTA	17
2084	TTW	10
2084	TWA	4
2084	TTT	3
2085	AAA	255864
2085	AAG	19
2085	GAA	2
2086	ATT	255753
2086	GTT	20
2086	ATA	9
2086	AAT	7
2086	AYT	5
2086	ACT	2
2086	RTT	2
2087	ACA	255478
2087	ATA	320
2087	AYA	24
2087	ACG	21
2087	ACT	6
2087	TCA	3
2088	GAA	255345
2088	GGA	83
2088	CAA	5
2088	KAA	4
2088	AAA	3
2088	GAG	3
2088	GRA	3
2088	GAR	2
2089	GAG	254994
2089	GAT	97
2089	GAK	28
2089	KAG	15
2089	GAA	12
2089	AAG	7
2089	GCG	5
2089	GWG	3
2089	RAG	3
2089	GTG	3
2089	GAR	2
2090	GTT	254843
2090	TTT	10
2090	GTA	7
2090	KTT	4
2090	GTC	2
2090	RTT	2
2090	GTY	2
2091	GGC	254620
2091	GGT	95
2091	AGC	25
2091	TGC	24
2091	GGY	20
2091	GAC	5
2091	KGC	4
2091	GGS	3
2091	RGC	2
2091	GGM	2
2092	CAC	253363
2092	CAT	997
2092	TAC	143
2092	CAY	138
2092	YAC	53
2092	AAC	3
2092	GTC	2
2092	CGC	2
2093	ACA	254355
2093	ATA	117
2093	AYA	20
2093	GAA	8
2093	ACG	5
2093	ACC	5
2093	GTC	2
2093	GCA	2
2094	GAT	254691
2094	GAC	22
2094	GGT	11
2094	GAY	5
2094	TGT	5
2094	AAT	3
2094	GCT	2
2095	CTA	254299
2095	TTA	401
2095	YTA	12
2095	CTC	6
2095	CWA	6
2095	CTW	4
2095	STR	3
2095	CTG	3
2095	CCA	2
2096	ATG	254365
2096	ATA	101
2096	ATT	33
2096	GTG	14
2096	ATK	7
2096	AKG	7
2096	WTG	7
2096	AGG	5
2096	ATS	5
2096	TTA	5
2096	CTG	3
2096	ACG	3
2096	AYG	2
2096	AAG	2
2096	TTG	2
2096	RTG	2
2097	GCT	254353
2097	GTT	71
2097	ACT	35
2097	GYT	13
2097	KCT	10
2097	RCT	6
2097	GCA	6
2097	GCC	6
2097	TAC	5
2097	GAT	3
2097	SCT	3
2098	GCT	254445
2098	GTT	33
2098	ACT	14
2098	RCT	6
2098	ACA	5
2098	GCC	3
2098	GYT	3
2098	GCK	3
2099	TAT	254483
2099	TGT	12
2099	TAY	4
2099	TRT	4
2099	YAT	4
2099	TAW	3
2100	GTA	254482
2100	KTA	8
2100	GTG	7
2100	GYA	4
2100	GCA	2
2100	ATA	2
2101	GAC	254335
2101	GAT	67
2101	TAC	57
2101	AAC	12
2101	GAA	12
2101	GAY	9
2101	GAM	4
2101	RAC	3
2101	GGC	3
2101	KAC	2
2102	AAT	254462
2102	AGT	6
2102	AAY	5
2102	AAC	4
2102	GAT	4
2102	MAT	3
2102	WAT	3
2103	TCT	253665
2103	TTT	845
2103	TYT	24
2103	ACT	6
2103	TCC	4
2103	TCA	3
2103	TCY	2
2104	AGT	254558
2104	ATT	5
2104	AKT	4
2104	RGT	3
2104	MGT	3
2104	AGY	3
2104	AST	2
2104	GGT	2
2104	TGT	2
2105	CTT	254288
2105	TTT	95
2105	YTT	7
2105	CTC	7
2105	CTA	6
2105	CCT	3
2106	ACT	254222
2106	ATT	169
2106	AYT	9
2106	GCT	8
2106	ACA	6
2106	MCT	3
2106	CCT	3
2106	ACY	3
2106	AMT	2
2107	ATT	254409
2107	RTT	4
2107	GTT	4
2107	ACT	4
2107	ATY	3
2107	TAT	2
2107	AKT	2
2107	WWT	2
2108	AAG	254374
2108	AAR	12
2108	AAK	8
2108	AAT	5
2108	GAG	3
2108	AGG	3
2108	RAG	3
2108	WAG	3
2108	AAA	3
2109	AAA	254421
2109	CAA	11
2109	AAR	8
2109	ARA	7
2109	AAG	4
2109	AAM	3
2109	RAA	2
2110	CCT	254393
2110	TCT	26
2110	CTT	12
2110	CCC	7
2110	YCT	4
2110	SCT	3
2110	MCT	2
2111	AAT	254403
2111	AAC	11
2111	AGT	10
2111	AMT	2
2112	GAA	254357
2112	GGA	23
2112	GAG	10
2112	GAC	7
2112	GAM	6
2112	GRA	5
2112	KAA	4
2112	RAA	3
2112	AAA	3
2112	RMW	3
2113	TTA	254373
2113	TTG	64
2113	YTA	4
2113	TYA	2
2114	TCT	254273
2114	TTT	160
2114	TYT	40
2114	YCT	9
2114	TCA	7
2114	CCT	3
2114	WCT	3
2114	GCT	2
2115	AGA	254441
2115	GTA	6
2115	AKA	6
2115	ATA	4
2115	RGA	4
2115	WGA	4
2115	ACA	3
2115	AGC	2
2115	GGA	2
2116	GTA	254371
2116	TTA	80
2116	GTG	28
2116	KTA	12
2116	ATA	8
2116	ATG	6
2116	STA	3
2116	GYA	3
2116	GCA	2
2117	TTA	254385
2117	TTG	121
2117	TTR	18
2117	CTA	4
2117	YTA	3
2118	GGT	254454
2118	GAT	37
2118	TGT	9
2118	AGT	7
2118	GKT	4
2118	GGW	3
2118	GTT	3
2118	GGK	2
2118	KGT	2
2119	TTG	254399
2119	TTC	52
2119	TTR	30
2119	TTT	14
2119	CTA	6
2119	WTG	4
2119	CTG	3
2119	TCG	3
2119	TTK	2
2119	TYG	2
2119	TWG	2
2119	TTA	2
2120	AAA	254474
2120	AAG	26
2120	RAA	7
2120	AAC	6
2120	AMA	3
2120	AGA	3
2120	AAM	3
2120	GAA	3
2121	ACC	254247
2121	ACT	143
2121	ATC	121
2121	ACY	22
2121	AYC	19
2121	GCC	4
2121	MCC	3
2121	WCC	2
2121	ACM	2
2121	ACA	2
2122	CTT	254363
2122	TTT	147
2122	YTT	21
2122	ATT	10
2122	TTA	6
2122	CCT	4
2122	CTY	3
2122	CYT	3
2122	CTC	3
2122	CTA	2
2123	GCT	254425
2123	GTT	210
2123	GYT	23
2123	GCY	13
2123	GCC	11
2123	KCT	8
2123	SCT	6
2123	AAA	6
2123	ACT	3
2124	ACT	254446
2124	ATT	205
2124	AYT	28
2124	ACC	6
2124	RCT	6
2124	GCT	4
2124	AMT	3
2124	MCT	2
2124	ACW	2
2124	ACY	2
2125	CAT	254468
2125	TAT	157
2125	CAA	33
2125	YAT	20
2125	CAC	12
2125	CWT	9
2125	CGT	6
2125	AAT	6
2125	MAT	5
2125	CAY	4
2125	CTT	2
2125	CRT	2
2126	GGT	254698
2126	GKT	7
2126	GGY	6
2126	GGC	6
2126	RGT	5
2126	GGK	3
2126	GTT	2
2127	TTA	254678
2127	TTG	29
2127	CTA	9
2127	TTR	9
2127	TTW	3
2128	GCT	254628
2128	GTT	24
2128	ACT	19
2128	GCC	14
2128	GCA	8
2128	RCT	3
2128	GCW	3
2128	GYT	2
2129	GCT	254269
2129	GTT	394
2129	GYT	11
2129	GCC	10
2129	GST	4
2129	TCT	4
2129	SCT	3
2129	ACT	3
2129	RCT	2
2130	GTT	254623
2130	ATT	73
2130	TTT	22
2130	GCT	4
2130	GTC	2
2130	GYT	2
2130	GKT	2
2130	GTY	2
2131	AAT	254709
2131	ACT	22
2131	GAT	11
2131	AAC	10
2131	WAT	5
2131	ART	2
2132	AGT	254585
2132	GGT	64
2132	AGC	12
2132	RGT	5
2132	AAT	4
2132	ATT	2
2132	AGY	2
2133	GTC	254568
2133	ATC	53
2133	GTT	30
2133	RTC	13
2133	KTC	8
2133	GTY	4
2133	GTM	3
2133	GYC	3
2133	TTC	2
2133	GCC	2
2134	CCT	254616
2134	CTT	21
2134	CCY	12
2134	TCT	12
2134	CYT	9
2134	ACT	7
2134	CCW	6
2134	CCG	5
2134	CCA	2
2134	CCC	2
2135	TGG	254621
2135	TTG	21
2135	TGT	7
2135	CGG	7
2135	WGG	5
2135	AGG	4
2135	YGG	2
2135	KGG	2
2135	TKG	2
2136	GAT	254584
2136	GAC	27
2136	GGT	19
2136	AAT	15
2136	GAY	11
2136	GCT	10
2136	KAT	6
2136	GRT	5
2136	RAT	3
2136	TAT	3
2136	SAT	2
2137	ACT	254696
2137	ATT	6
2137	GCT	4
2137	ACW	3
2138	ATA	254693
2138	GTA	14
2138	ATT	6
2138	ATR	4
2138	ATG	4
2138	CTA	2
2139	GCT	254627
2139	GTT	99
2139	KCT	7
2139	GTC	5
2139	SCT	3
2139	RCT	2
2139	GYT	2
2140	AAT	254672
2140	AAC	37
2140	ART	5
2140	ACT	5
2140	AAG	3
2140	ARY	3
2140	AGT	3
2140	GAT	3
2140	TAT	2
2140	ATT	2
2141	TAT	254708
2141	AAT	9
2141	YAT	4
2141	TRT	4
2141	TWT	3
2142	GCT	254679
2142	GCC	27
2142	GTT	23
2142	GYT	3
2142	RCT	2
2142	ACT	2
2143	AAG	254500
2143	AGG	172
2143	AAA	17
2143	AAS	7
2143	AAR	6
2143	ACG	4
2143	AWG	2
2143	ARG	2
2144	CCT	254083
2144	CTT	283
2144	CYT	93
2144	ACT	32
2144	TCT	26
2144	CCG	5
2144	CCC	4
2144	CCY	3
2145	TTT	254659
2145	TTY	5
2145	TYT	3
2145	WTT	3
2145	TTC	2
2146	CTT	254498
2146	TTT	170
2146	YTT	23
2146	CTC	7
2146	CCT	6
2146	ATT	4
2147	AAC	254480
2147	AAT	197
2147	AAY	31
2147	ARC	3
2147	AAA	2
2148	AAA	254583
2148	AAG	89
2148	GAA	9
2148	AAR	6
2148	AGA	6
2148	ARA	3
2148	AAW	2
2148	GCT	2
2149	GTT	254650
2149	TTT	29
2149	GTA	10
2149	KTT	10
2149	ATT	5
2149	GKT	5
2149	GTG	3
2149	GYT	3
2149	CGG	2
2150	GTT	254685
2150	GTC	8
2150	ACT	5
2150	GTY	2
2150	AGA	2
2150	GYT	2
2150	ATT	2
2151	AGT	254573
2151	GGT	98
2151	AAT	11
2151	RGT	8
2151	ATT	4
2151	AKT	3
2151	AGW	3
2151	AGY	3
2151	AGC	2
2151	TGT	2
2152	ACA	254677
2152	ATA	55
2152	ACT	22
2152	GCA	13
2152	AYA	7
2152	GTA	7
2152	AMA	6
2152	GTT	6
2152	ACG	3
2152	ACR	2
2153	ACT	254555
2153	ATT	227
2153	AYT	6
2153	ACK	6
2153	GCT	6
2153	WCT	4
2153	ACC	3
2153	ACY	2
2153	TAA	2
2154	ACT	254719
2154	ATT	92
2154	AYT	20
2154	GCA	6
2154	ACY	2
2154	GAG	2
2155	AAC	254711
2155	AAT	135
2155	AAY	16
2155	AGT	6
2155	AGC	4
2155	ACC	3
2155	AMC	2
2155	ACA	2
2155	ARC	2
2155	AAM	2
2155	RAC	2
2156	ATA	254756
2156	ACA	6
2156	AYA	6
2156	GGA	6
2156	TTA	6
2156	ATG	4
2156	ATM	4
2156	GTA	2
2157	GTT	254974
2157	ATT	14
2157	GYT	5
2157	KTT	4
2157	GWT	3
2157	GTC	3
2157	GTW	3
2157	GCT	3
2157	GTY	2
2158	ACA	254949
2158	ATA	24
2158	ACG	9
2158	GCA	6
2158	GCG	6
2158	AMA	5
2158	ACR	3
2158	ACW	3
2159	CGG	254912
2159	TGG	32
2159	CGT	7
2159	CGK	7
2159	CGA	6
2159	CTG	6
2159	CAG	4
2159	YGG	3
2159	CRG	2
2159	CKG	2
2160	TGT	254947
2160	TGC	15
2160	TKT	14
2160	YGT	6
2160	TTT	5
2160	TAT	3
2160	KGT	2
2161	TTA	255251
2161	TTG	19
2161	YTA	10
2161	WWA	6
2161	CTA	4
2161	TTW	3
2162	AAC	255182
2162	AAT	19
2162	GAC	8
2162	MAC	7
2162	AAY	5
2162	ARC	4
2162	AGC	2
2163	CGT	255032
2163	TGT	22
2163	CGC	19
2163	CAT	10
2163	MGT	4
2163	CRT	3
2163	CKT	3
2163	AGT	3
2163	CTT	3
2163	YGT	2
2163	GGT	2
2164	GTT	255131
2164	RTT	7
2164	GTA	7
2164	ATC	6
2164	KTT	6
2164	GYT	4
2164	GTY	2
2164	GTK	2
2164	GTC	2
2165	TGT	255149
2165	TTT	10
2165	TKT	4
2165	TGY	3
2166	ACT	254955
2166	ATT	311
2166	AYT	12
2166	GTT	6
2166	RCT	2
2167	AAT	255301
2167	AAC	7
2167	AAW	4
2167	AMT	3
2167	AAY	2
2168	TAT	255265
2168	TAC	63
2168	TGT	5
2168	CAT	4
2169	ATG	255263
2169	AYG	5
2169	AWG	3
2169	ATS	3
2169	MTG	3
2169	AGG	2
2169	ACG	2
2170	CCT	255103
2170	CYT	10
2170	CMT	5
2170	CCW	3
2170	CCY	3
2170	CST	3
2170	YCT	2
2170	CCC	2
2171	TAT	254902
2171	TWT	4
2171	TAY	4
2171	TAW	3
2172	TTC	254633
2172	TTT	254
2172	TTY	17
2172	CTC	14
2172	GTT	6
2172	TYC	4
2172	ATC	3
2172	TTA	2
2172	TCT	2
2172	YTC	2
2173	TTT	254897
2173	TTA	6
2173	TTW	3
2173	YTT	3
2173	TWT	3
2173	CTT	3
2174	ACT	254850
2174	ATT	10
2174	ACY	10
2174	CCT	6
2174	AYT	5
2174	RCT	3
2174	MCT	3
2174	TGG	2
2175	TTA	254862
2175	TTG	23
2175	CTA	13
2176	TTG	254894
2176	TTT	9
2176	TTR	8
2176	CTG	7
2176	TYG	6
2176	ATG	6
2176	TTS	5
2176	TTA	4
2176	TTK	3
2176	GTG	2
2177	CTA	254898
2177	CTG	31
2177	TTA	11
2177	CYA	9
2177	YTA	5
2177	GTA	3
2177	CKA	3
2177	CTW	3
2177	ATA	2
2178	CAA	254928
2178	TAA	7
2178	CRA	6
2178	CAR	3
2178	YAA	3
2178	CWA	2
2178	CAG	2
2179	TTG	254906
2179	TTT	31
2179	TTK	14
2179	TTA	7
2179	TTC	7
2179	TTS	3
2179	TGG	3
2179	WTK	3
2179	CTG	2
2180	TGT	254778
2180	TKT	171
2180	TRT	5
2180	CGT	3
2181	ACT	253532
2181	ATT	1364
2181	AYT	22
2181	ACY	14
2181	RCT	4
2181	AAT	3
2181	CCT	3
2182	TTT	254941
2182	TTC	4
2182	TTY	4
2182	GTT	3
2182	TYT	3
2182	TCT	2
2183	ACT	254836
2183	ATT	64
2183	AYT	27
2183	ACY	10
2183	ACC	10
2183	GCT	7
2183	AST	3
2183	ACW	2
2183	RCT	2
2184	AGA	254924
2184	AAA	10
2184	AAG	7
2184	ARA	5
2184	AGG	4
2184	WGA	4
2184	RGA	3
2185	AGT	254922
2185	ATT	20
2185	GGT	9
2185	AKT	5
2185	RGT	4
2185	WGT	2
2185	AAT	2
2185	CGT	2
2186	ACA	254955
2186	GCA	16
2186	ACT	13
2186	RCA	10
2186	AYA	7
2186	ATA	2
2187	AAT	254940
2187	ACT	16
2187	AGT	16
2187	AAC	6
2187	RAT	4
2187	MAT	2
2188	TCT	254968
2188	TTT	14
2188	TCC	6
2188	TMT	4
2189	AGA	254944
2189	AGG	12
2189	AAA	7
2189	ARA	3
2189	AGR	2
2189	ATA	2
2190	ATT	254942
2190	ATC	8
2190	AGT	2
2190	AAT	2
2191	AAA	254923
2191	AAG	15
2191	RAA	3
2192	GCA	254881
2192	GTA	47
2192	GCG	13
2192	RCA	4
2192	ACA	4
2192	GCW	3
2192	GYA	2
2192	GCT	2
2193	TCT	254763
2193	TTT	115
2193	TYT	27
2193	TCC	23
2193	GCT	7
2193	TAT	3
2193	TMT	3
2193	ACT	2
2194	ATG	252812
2194	ATT	18
2194	GTG	10
2194	ATA	4
2194	RTG	3
2194	AAG	2
2195	CCG	252711
2195	CCA	16
2195	CCT	12
2195	CCK	6
2195	TCG	6
2195	YCG	4
2195	ACG	3
2195	CTG	3
2195	CYG	2
2196	ACT	252664
2196	ACC	17
2196	RCT	5
2196	ACY	4
2196	ACW	3
2196	ATT	3
2196	AAT	3
2196	AYT	3
2196	WCT	2
2196	AST	2
2196	GCT	2
2196	ACA	2
2197	ACT	252667
2197	ATT	16
2197	RCT	3
2197	AST	3
2197	AYT	3
2198	ATA	252651
2198	ATG	12
2198	MTA	6
2198	WTA	4
2198	ATW	3
2198	ATR	2
2198	ATT	2
2199	GCA	252313
2199	GTA	80
2199	GCT	7
2199	GYA	7
2199	ACA	4
2199	KCA	4
2199	GCW	4
2199	GCM	3
2199	AAA	3
2199	SCA	3
2199	RCA	2
2200	AAG	251177
2200	AAT	85
2200	AAA	34
2200	AAK	14
2200	AAR	9
2200	RAG	6
2200	MAG	5
2200	GAG	3
2200	AMG	2
2201	AAT	249243
2201	AAC	125
2201	WAT	35
2201	TAT	16
2201	AAY	6
2201	AGT	3
2201	WWT	3
2201	ACT	3
2201	RAT	2
2201	ART	2
2202	ACT	249001
2202	TCT	47
2202	WCT	35
2202	ATT	12
2202	ACG	6
2202	RCT	5
2202	AYT	5
2202	AAT	4
2202	ACC	2
2203	GTT	248132
2203	GTG	73
2203	KTT	9
2203	GTY	6
2203	ATT	5
2203	GTC	4
2203	GCT	4
2203	GTK	3
2203	RTT	2
2203	CTT	2
2204	AAG	248083
2204	AAT	20
2204	AAK	12
2204	WAG	6
2204	AAA	6
2204	AGG	3
2204	WAK	3
2204	AWG	2
2204	ARG	2
2204	AMG	2
2205	AGT	247612
2205	AGY	5
2205	AKT	5
2205	AGG	4
2205	AGW	4
2205	GGT	4
2205	MKT	3
2205	AGC	3
2205	AAT	2
2206	GTC	247500
2206	GTT	195
2206	GCC	18
2206	GTY	13
2206	GYC	9
2206	GTM	6
2206	GKC	5
2206	RTC	4
2206	KTC	3
2206	GGC	3
2206	GWC	2
2207	GGT	247709
2207	AGT	34
2207	TGT	10
2207	RGT	9
2207	KGT	9
2207	GAT	4
2207	GGC	3
2207	GTT	3
2207	SGT	3
2207	GGK	3
2207	GGW	3
2207	GGG	3
2207	GRT	2
2208	AAA	247756
2208	AAC	40
2208	AAG	12
2208	RAA	11
2208	AAM	8
2208	AAW	4
2208	VAR	3
2208	MMA	3
2208	AAR	3
2208	CAG	3
2208	ARA	3
2208	MAA	3
2209	TTT	247740
2209	CTT	17
2209	WTT	16
2209	YTT	10
2209	TTC	8
2209	TYT	6
2209	TTY	6
2209	TCT	4
2209	KTT	3
2209	GTT	3
2209	KKK	3
2209	TTK	3
2209	TTW	3
2210	TGT	247651
2210	TTT	39
2210	TKT	19
2210	YGT	16
2210	TGY	6
2210	TGC	5
2210	TRT	5
2210	WGT	4
2210	KGT	3
2211	CTA	247539
2211	TTA	300
2211	YTA	38
2211	GTA	6
2211	CWA	4
2211	CYA	4
2211	GGA	3
2211	CAT	3
2211	CTR	2
2211	CTG	2
2211	ATA	2
2212	GAG	247802
2212	GGG	42
2212	GAA	26
2212	GAK	18
2212	GAT	9
2212	KAG	5
2212	GWG	4
2212	RAG	4
2212	KWG	3
2213	GCT	247962
2213	GYT	16
2213	KCT	12
2213	GCY	10
2213	GTT	9
2213	GCC	8
2213	GCK	7
2213	GMT	7
2213	GCW	4
2213	RCT	4
2213	SCT	3
2213	GST	3
2214	TCA	247908
2214	GCA	180
2214	TTA	45
2214	TCM	6
2214	WCA	6
2214	TYA	6
2214	TCC	2
2215	TTT	248164
2215	TTY	9
2215	TYT	9
2215	YTT	4
2215	WTT	3
2215	TAT	3
2215	TCT	2
2215	TTC	2
2216	AAT	248132
2216	AWT	13
2216	RAT	9
2216	WAT	6
2216	AAK	4
2216	MAT	3
2216	MMT	3
2216	AAY	3
2216	ART	2
2217	TAT	248030
2217	YAT	6
2217	TAY	6
2217	TAC	5
2217	WAT	4
2217	TMT	3
2217	TRT	3
2218	TTG	248062
2218	TYG	7
2218	TTR	6
2218	TTK	5
2218	WTG	4
2218	TWG	4
2218	YTK	3
2218	TTS	3
2218	KKG	3
2219	AAG	248046
2219	AAA	23
2219	AAK	8
2219	AWG	7
2219	ARG	5
2219	WAG	5
2219	AAC	5
2219	RAG	5
2219	AMG	4
2219	MAG	3
2219	AAR	3
2220	TCA	247925
2220	YCA	12
2220	TMA	9
2220	TCW	9
2220	TCG	8
2220	KCA	7
2220	TCT	7
2220	TYA	6
2221	CCT	247571
2221	CTT	175
2221	TCT	143
2221	YCT	15
2221	CYT	15
2221	CCY	8
2221	CCW	6
2221	MCT	5
2221	SCT	3
2222	AAT	247915
2222	AMT	6
2222	AWT	4
2222	AAC	4
2222	AAW	3
2222	AAY	3
2222	AAK	3
2222	RAT	3
2222	AGT	2
2223	TTT	247910
2223	TYT	12
2223	TTC	11
2223	TKT	7
2223	TTY	7
2223	YTT	6
2223	KTT	3
2223	TWY	3
2224	TCT	247810
2224	TTT	101
2224	TYT	21
2224	YCT	11
2224	TCY	7
2224	TMK	6
2224	TCK	6
2224	TCW	5
2224	TST	4
2224	TMT	4
2225	AAA	247874
2225	AMA	9
2225	MAA	6
2225	AAG	3
2225	AWA	3
2225	ARA	3
2226	CTG	246622
2226	TTG	952
2226	CTT	113
2226	YTG	10
2226	CTC	9
2226	CTK	7
2226	CYG	7
2226	CTA	7
2226	CKG	6
2226	CTR	5
2226	YWG	3
2227	ATA	247688
2227	GTA	30
2227	AWA	9
2227	ATR	8
2227	ACA	7
2227	AYA	5
2227	ATM	4
2227	RTA	3
2227	AWM	3
2227	AKA	3
2227	CTA	2
2227	ATW	2
2227	WTA	2
2228	AAT	247684
2228	AAC	25
2228	AGT	11
2228	ACT	9
2228	AMT	7
2228	WAT	4
2228	AAW	4
2228	AWW	3
2228	ART	3
2228	AAY	3
2229	ATT	247735
2229	GTT	11
2229	RTT	9
2229	WTT	6
2229	AWT	5
2229	ATY	4
2229	WTW	3
2229	ATK	3
2230	ATA	247516
2230	ACA	300
2230	RTA	9
2230	AYA	9
2230	AWA	7
2230	GTA	6
2230	MTA	3
2230	AKA	3
2230	WWA	3
2230	ATG	2
2231	ATT	247809
2231	WTT	7
2231	GTA	6
2231	RTT	6
2231	ATY	4
2231	ATC	4
2231	AYT	3
2231	TTT	2
2232	TGG	247763
2232	TGT	21
2232	TGK	13
2232	CTA	13
2232	WGG	9
2232	TRG	5
2232	KGG	4
2232	TKG	4
2232	KGK	4
2232	YGG	4
2232	TSG	3
2232	TKK	3
2232	TTG	2
2232	YKR	2
2233	TTT	247864
2233	YTT	13
2233	GTT	13
2233	TTC	13
2233	KTT	9
2233	TTK	6
2233	TYT	6
2233	TTY	3
2233	WTT	3
2233	TKT	3
2234	TTA	248099
2234	TTW	14
2234	CTT	6
2234	TYA	6
2234	YTA	5
2234	TTR	4
2234	WTA	3
2234	TTG	3
2235	CTA	247904
2235	TTA	158
2235	YTA	22
2235	CYA	15
2235	CCA	10
2235	GTA	10
2235	TTG	7
2235	MTA	7
2235	CTM	4
2235	ATA	4
2235	SYA	3
2236	TTA	248296
2236	CTA	38
2236	TWA	7
2236	TYA	6
2236	TKA	6
2236	WTA	5
2236	TTR	4
2236	YTA	3
2236	KTA	2
2237	AGT	248470
2237	ATT	40
2237	AGC	8
2237	RGT	6
2237	WGT	4
2237	AGK	3
2237	ART	3
2237	AGW	3
2237	AGY	2
2238	GTT	248516
2238	ATT	36
2238	GTA	9
2238	KTT	9
2238	GKT	7
2238	RTT	6
2238	GCA	4
2238	GTK	4
2238	GWT	3
2238	GYT	3
2238	STT	3
2238	GTY	3
2238	ATA	2
2239	TGC	248540
2239	TGT	100
2239	TGY	16
2239	TKC	9
2239	TAC	8
2239	TTC	8
2239	TGM	6
2239	WGC	6
2239	TRC	4
2239	TSC	3
2240	CTA	248545
2240	TTA	120
2240	CTT	41
2240	YTA	6
2240	CKA	5
2240	CYA	5
2240	CYW	3
2240	CTR	3
2240	CHA	3
2240	CAA	2
2241	GGT	248711
2241	GGC	9
2241	KGT	8
2241	RGT	8
2241	AGT	8
2241	GTT	6
2241	GGK	5
2241	GGY	2
2241	SGT	2
2241	GKT	2
2242	TCT	248282
2242	TTT	550
2242	TYT	45
2242	TCY	20
2242	CCT	8
2242	TCK	3
2242	TGT	3
2242	TMT	3
2242	TCW	2
2242	KCT	2
2243	TTA	248963
2243	TYA	6
2243	TWA	4
2243	TTW	3
2244	ATC	248966
2244	AYC	20
2244	ACC	16
2244	ATT	13
2244	AKC	11
2244	ATY	8
2244	AWC	7
2244	CTC	3
2244	WTC	2
2244	ATA	2
2245	TAC	248990
2245	TAT	39
2245	TAY	11
2245	TRC	9
2245	CAC	7
2245	YAC	7
2245	TGC	6
2245	TWC	3
2245	TMC	3
2246	TCA	249017
2246	TTA	17
2246	TYA	13
2246	TCM	5
2246	GCA	5
2246	YCA	3
2246	TCW	3
2246	TSA	3
2246	TCC	3
2246	TMA	3
2246	WCR	3
2246	TCG	2
2247	ACC	248892
2247	ACT	80
2247	ACY	12
2247	AYC	11
2247	ATC	11
2247	WCC	9
2247	RCC	9
2247	ACM	7
2247	AGT	6
2247	ACA	3
2247	ACS	2
2248	GCT	248921
2248	GCA	19
2248	ACT	10
2248	GYT	9
2248	GTT	8
2248	GCK	7
2248	GMT	4
2248	TCT	4
2248	RCT	3
2248	GCC	3
2248	GST	3
2249	GCT	248544
2249	GTT	386
2249	GCA	43
2249	GYT	26
2249	KCT	16
2249	GCY	13
2249	SCT	7
2249	GMT	6
2249	RCT	5
2249	GST	4
2249	GCC	3
2249	TCT	3
2249	ACT	2
2250	TTA	248982
2250	TTR	10
2250	KTA	6
2250	TYA	4
2250	GTA	3
2250	TWA	2
2251	GGT	248747
2251	GKT	189
2251	KGT	15
2251	TGT	12
2251	GGK	7
2251	AGT	7
2251	RGT	6
2251	GGY	4
2251	GGW	4
2251	GST	3
2251	GGA	3
2251	GTT	3
2251	GGC	2
2252	GTT	248646
2252	GGT	25
2252	GKT	17
2252	GYT	9
2252	GTY	6
2252	TTT	5
2252	RTW	3
2252	GKK	3
2252	KTT	3
2252	GTC	2
2253	TTA	248650
2253	YTA	11
2253	TYA	9
2253	TTG	8
2253	TTW	7
2253	TTT	5
2253	CTA	4
2253	KTA	4
2253	GTA	3
2253	TWA	3
2253	TTR	2
2254	ATG	248616
2254	GTG	68
2254	ATT	23
2254	AYG	22
2254	ATR	10
2254	ACG	8
2254	AWG	7
2254	AKG	4
2254	ATA	4
2254	WTG	4
2254	ATK	3
2255	TCT	248700
2255	TTT	23
2255	TYT	12
2255	YCT	9
2255	KCT	6
2255	TCW	6
2255	TCC	5
2255	TMT	4
2255	TCA	4
2255	WCT	4
2255	TCK	3
2255	GCT	2
2255	TAT	2
2255	TCY	2
2256	AAT	248674
2256	GAT	37
2256	MAT	9
2256	AAK	8
2256	AAW	4
2256	AAY	4
2256	RAT	4
2256	AAC	4
2256	AAA	4
2256	TAT	2
2256	AGT	2
2257	TTA	248537
2257	TWA	139
2257	YTA	13
2257	WTA	7
2257	CTA	7
2257	CTG	6
2257	TTR	4
2257	ATA	4
2257	KKA	3
2257	AAG	2
2257	TTG	2
2257	TYA	2
2257	TTT	2
2258	GGC	249853
2258	GKC	372
2258	TGC	41
2258	GTC	36
2258	GAC	32
2258	RGC	31
2258	GGT	26
2258	SGC	21
2258	AGC	19
2258	GGY	11
2258	GSC	9
2258	KGC	7
2258	GRC	4
2258	AGA	2
2259	ATG	250131
2259	ATT	265
2259	ATK	25
2259	ATR	5
2259	AWG	4
2259	CTG	3
2259	AKG	3
2259	GTG	3
2259	MTG	3
2259	ATA	3
2259	ATS	2
2259	TTG	2
2259	CAG	2
2259	RTG	2
2260	CCT	251736
2260	CTT	124
2260	TCT	47
2260	ACT	9
2260	MCT	7
2260	CCG	6
2260	YCT	4
2260	CAT	4
2260	CCK	3
2260	CAA	3
2260	CCC	3
2260	CYT	2
2261	TCT	252115
2261	TTT	18
2261	KCT	7
2261	TCA	6
2261	TMT	6
2261	TYT	5
2261	TCY	4
2261	TCC	4
2261	TCW	3
2261	WCT	3
2261	TAT	2
2261	TCK	2
2262	TAC	252462
2262	TAT	119
2262	TAY	17
2262	YAC	6
2262	TGC	4
2262	TWC	3
2262	TCC	3
2263	TGT	252542
2263	TGY	13
2263	TGK	7
2263	TGC	6
2263	TRT	4
2263	YGT	2
2264	ACT	252555
2264	ATT	42
2264	ACY	13
2264	ACA	12
2264	AYT	4
2264	AMT	4
2264	RCT	4
2264	ACC	3
2265	GGT	252599
2265	GAT	107
2265	GTT	11
2265	AGT	11
2265	GKT	10
2265	KGT	7
2265	GRT	4
2265	GGW	3
2265	GGC	3
2266	TAC	254595
2266	TAT	31
2266	CAC	16
2266	TAY	15
2266	YAC	13
2266	TRC	9
2266	TAM	7
2266	TGC	5
2266	TAG	3
2266	GAC	2
2267	AGA	254446
2267	GGA	160
2267	AKA	30
2267	ASA	13
2267	AGR	10
2267	RGA	8
2267	AAA	5
2267	ATA	4
2267	TAA	4
2267	AGG	3
2267	AGW	3
2267	ARA	2
2268	GAA	254472
2268	KAA	42
2268	GGA	12
2268	AAA	11
2268	GRA	8
2268	GAT	7
2268	GAR	7
2268	GAM	6
2268	GWA	6
2268	GMA	5
2268	RAA	4
2268	GCA	3
2268	GAW	3
2268	GAG	2
2268	SAA	2
2269	GGC	254581
2269	GGT	30
2269	GKC	27
2269	KGC	25
2269	GGY	22
2269	TGC	18
2269	GRC	11
2269	RGC	10
2269	GSC	7
2269	GGM	4
2269	AGC	4
2269	KKC	4
2269	GAC	4
2269	GGA	3
2269	GTC	2
2270	TAT	254889
2270	TAC	9
2270	TRT	9
2270	TAY	6
2270	YAT	3
2270	WAT	2
2271	TTG	254865
2271	TTA	11
2271	CTA	5
2271	YTG	3
2271	TWG	3
2271	TCG	2
2271	TTK	2
2272	AAC	254715
2272	AAT	103
2272	AAY	10
2272	GAC	5
2272	TAC	3
2272	ARC	3
2272	RAC	3
2272	AGC	3
2273	TCT	254735
2273	TTT	49
2273	TYT	11
2273	YCT	10
2273	TCC	8
2273	TCW	6
2273	TCY	6
2273	TCA	3
2274	ACT	254127
2274	ATT	514
2274	AYT	14
2274	GCT	4
2274	ACY	4
2274	AMT	3
2274	AST	3
2274	ACC	2
2274	CCT	2
2274	ACW	2
2275	AAT	254808
2275	AAK	39
2275	ACT	6
2275	AWT	4
2275	TAT	3
2275	AAY	2
2276	GTC	250140
2276	GTT	30
2276	GCC	13
2276	GGC	7
2276	GTY	6
2276	RTC	3
2276	GWC	3
2276	TTC	2
2277	ACT	250133
2277	ATT	15
2277	ACA	7
2277	AYT	5
2277	WCT	4
2277	GCT	4
2277	ACY	3
2277	ACW	3
2277	AMT	3
2278	ATT	250070
2278	ACT	18
2278	ATC	7
2278	ACA	6
2278	AYT	4
2278	GTT	3
2278	RTT	3
2278	AGT	3
2278	WTT	3
2278	ATA	2
2279	GCA	249944
2279	ACA	29
2279	GTA	20
2279	GYA	9
2279	TCA	7
2279	GCR	6
2279	SCA	4
2279	GMA	2
2280	ACC	249692
2280	ATC	52
2280	ACT	27
2280	ACA	15
2280	MCC	7
2280	AYC	6
2280	ACY	5
2280	GCT	5
2280	GCC	2
2281	TAC	249550
2281	TAT	18
2281	TAY	11
2281	TMC	10
2281	YAC	2
2282	TGT	249091
2282	YGT	7
2282	TKT	6
2282	TGY	6
2282	TGC	4
2282	AGT	2
2283	ACT	248696
2283	ATT	176
2283	AYT	17
2283	MCT	13
2283	GCT	6
2283	ACG	5
2283	ACA	4
2283	AMT	3
2283	WST	3
2283	ACW	3
2283	ACC	2
2283	TCT	2
2283	AST	2
2284	GGT	249085
2284	GKT	24
2284	KGT	16
2284	GGC	9
2284	AAT	5
2284	AGT	2
2284	GAT	2
2285	TCT	248773
2285	TTT	181
2285	TYT	26
2285	YCT	8
2285	TCY	6
2285	TCC	5
2285	TGT	4
2285	KCK	3
2285	TCW	3
2285	TCG	3
2285	TCK	3
2286	ATA	248991
2286	AYA	12
2286	ACA	11
2286	WTA	6
2286	ATM	5
2286	AKA	3
2286	ATR	3
2286	RTR	3
2286	MTA	2
2287	CCT	248927
2287	TCT	28
2287	YCT	20
2287	CTT	7
2287	CCK	6
2287	CCG	5
2287	CCC	4
2287	MCT	3
2287	CYT	3
2287	CCY	3
2288	TGT	249028
2288	YGT	4
2288	TGW	4
2288	TGY	4
2288	WGT	3
2288	KGK	3
2288	TAT	3
2288	TRT	2
2288	CGT	2
2288	TKT	2
2288	TTT	2
2289	AGT	248983
2289	AKT	11
2289	RGT	6
2289	GGT	6
2289	AGC	4
2289	ATT	3
2290	GTT	249004
2290	GTC	9
2290	GTY	8
2290	ATT	6
2290	GTW	3
2290	GKT	3
2290	GWT	3
2290	KTT	2
2290	TTT	2
2290	GTA	2
2291	TGT	249048
2291	YGT	12
2291	TRT	7
2291	TGY	5
2291	TGC	4
2291	TGW	3
2292	CTT	249009
2292	YTT	11
2292	CTY	6
2292	STT	4
2292	MTT	4
2292	CTW	3
2292	CKT	3
2293	AGT	249032
2293	RGT	8
2293	AKT	5
2293	AGY	3
2293	ART	3
2293	AST	3
2293	AAT	3
2293	AGC	2
2294	GGT	249089
2294	GKT	11
2294	AGT	10
2294	KGT	8
2294	GGW	6
2294	RKT	3
2294	GRT	3
2294	GAT	2
2294	GTT	2
2294	GGK	2
2295	TTA	249101
2295	CTA	12
2295	TTR	8
2295	YTA	6
2295	ATG	6
2295	WTA	6
2295	TTG	4
2295	TTM	4
2295	YTM	3
2295	TYA	3
2295	KTA	3
2296	GAT	249077
2296	GAC	70
2296	GAY	7
2296	GWT	5
2296	GRT	3
2296	RAT	3
2296	KAT	3
2297	TCT	249120
2297	TCY	10
2297	TCA	8
2297	YCT	6
2297	TYT	4
2297	TCW	3
2297	TCC	3
2297	TCG	2
2298	TTA	249170
2298	TYA	6
2298	WTA	6
2298	YTA	6
2298	CTG	5
2298	TTM	3
2298	TWA	3
2298	CTA	2
2299	GAC	248501
2299	GAT	583
2299	GAY	29
2299	AAC	16
2299	TAC	8
2299	CAC	6
2299	KAC	4
2299	GMC	3
2299	GWC	3
2299	GAM	3
2299	GGC	2
2300	ACC	248671
2300	ACT	254
2300	ATC	169
2300	AYC	36
2300	ACY	18
2300	ACA	9
2300	GCT	6
2300	RCC	4
2300	ACM	3
2301	TAT	249185
2301	TAY	14
2301	TAC	13
2301	YAT	4
2301	TRT	3
2301	TWT	3
2301	YWT	3
2302	CCT	249171
2302	YCT	17
2302	CYT	10
2302	TCT	10
2302	CCC	8
2302	MCT	6
2302	CCY	4
2302	CTT	3
2302	CCK	3
2302	SCT	3
2302	CMT	2
2303	TCT	249142
2303	TTT	51
2303	TYT	16
2303	GCT	9
2303	TCW	3
2303	WCT	3
2303	TCK	3
2303	TCY	2
2304	TTA	249213
2304	CTA	7
2304	TTW	5
2304	YTA	5
2304	TYA	3
2304	WTA	3
2304	TTR	3
2304	TTG	2
2305	GAA	249195
2305	RAA	11
2305	GAR	4
2305	KAA	4
2305	AAA	2
2306	ACT	249193
2306	AYT	7
2306	ACA	5
2306	ACC	4
2306	WCT	3
2306	ACY	3
2306	ACW	3
2306	AMT	3
2307	ATA	249028
2307	ACA	13
2307	ATT	12
2307	RTA	9
2307	AYA	5
2307	AWA	3
2307	AAA	3
2307	ATR	3
2308	CAA	248916
2308	CAR	9
2308	CWA	6
2308	MAA	5
2308	CRA	4
2308	YAA	4
2308	CMA	3
2309	ATT	248872
2309	GTT	11
2309	ATY	6
2309	ATW	3
2309	ACT	3
2309	ATC	2
2310	ACC	248599
2310	AYC	45
2310	ACT	18
2310	ACY	11
2310	RCC	9
2310	WCC	5
2310	GCC	3
2310	ATC	3
2311	ATT	249133
2311	ATC	26
2311	AYT	4
2311	AKT	3
2311	ATK	3
2311	WTT	3
2311	GTT	2
2312	TCA	249098
2312	TTA	7
2312	TYA	6
2312	TCT	5
2312	TMA	4
2312	TCG	4
2312	WCA	3
2312	YCA	2
2312	TCR	2
2312	TCW	2
2313	TCT	249042
2313	TYT	20
2313	TCY	18
2313	YCT	5
2313	TTT	4
2313	CCT	3
2313	TMT	3
2313	TCC	2
2314	TTT	249139
2314	TTW	7
2314	YTT	7
2314	TYT	3
2314	CTT	3
2314	TTA	3
2315	AAA	249083
2315	AAG	9
2315	AGA	8
2315	RAA	7
2315	WAA	5
2315	AAT	3
2315	AWA	3
2315	ARA	3
2315	AMA	3
2315	AAW	2
2316	TGG	249065
2316	CGG	6
2316	WGG	6
2316	TGK	5
2316	TKG	4
2316	KGG	3
2316	WKG	3
2316	TGT	2
2316	YGG	2
2317	GAT	248885
2317	KAT	290
2317	AAT	13
2317	GAC	12
2317	GWT	10
2317	GRT	7
2317	TAT	4
2317	AAA	3
2317	GAY	3
2317	GAK	3
2317	GAW	2
2318	TTA	249937
2318	YTA	10
2318	TWA	9
2318	TYA	8
2318	CTA	6
2318	TTR	6
2318	AAA	3
2318	KTA	3
2318	TKA	3
2318	WTA	2
2319	ACT	249828
2319	ACA	10
2319	AYT	7
2319	ACY	7
2319	WCT	3
2319	GAA	3
2319	ATT	2
2319	AAT	2
2320	GCT	249683
2320	GCC	55
2320	GTT	26
2320	ACT	10
2320	GCY	10
2320	GYT	6
2320	TCT	3
2320	RCT	3
2320	GCK	3
2321	TTT	250040
2321	ATT	14
2321	TTK	9
2321	TTC	9
2321	TGT	8
2321	CTT	7
2321	YTT	4
2321	TTY	4
2321	TTW	3
2321	TTA	3
2321	TWT	3
2321	TTG	2
2321	TYT	2
2322	GGC	250055
2322	GGT	45
2322	GGY	7
2322	KGC	7
2322	AGC	4
2322	GRC	4
2322	RGC	3
2322	GKC	3
2322	RRC	3
2323	TTA	249988
2323	TTG	65
2323	ATT	6
2323	WTA	3
2323	TTW	3
2323	KTA	3
2323	TWA	3
2323	TYA	3
2323	GTA	3
2323	TTM	3
2323	YTA	2
2324	GTT	249938
2324	GTC	17
2324	ATT	10
2324	TTT	5
2324	GTY	4
2324	KTT	4
2324	GWW	3
2324	GTW	3
2324	GWT	3
2324	GCT	2
2325	GCA	249881
2325	GCC	38
2325	GYA	14
2325	GTA	11
2325	KCA	9
2325	GCR	6
2325	GCG	5
2325	RCA	4
2325	SCA	4
2325	ACA	2
2326	GAG	249958
2326	GAK	7
2326	GRG	7
2326	GAA	4
2326	RAG	3
2326	GWG	3
2326	GAS	3
2327	TGG	249563
2327	TGK	226
2327	YKG	8
2327	TGT	4
2327	TKG	3
2327	YGG	3
2328	TTT	250014
2328	KTT	7
2328	TGT	5
2328	TYT	4
2328	TWT	4
2328	TCT	4
2328	YTT	4
2328	TKT	3
2328	TTY	3
2329	TTG	250010
2329	TTA	18
2329	TTK	6
2329	TKG	4
2329	TTR	3
2329	TTT	2
2329	CTG	2
2330	GCA	249885
2330	TCA	18
2330	GYA	11
2330	GCW	6
2330	GCG	4
2330	KCA	4
2331	TAT	249350
2331	TAC	39
2331	YAT	9
2331	TAY	9
2331	TAK	4
2331	TWT	4
2331	WAT	3
2331	KAT	3
2331	CAT	2
2332	ATT	249439
2332	RTT	8
2332	GTT	8
2332	ATY	5
2332	ATW	4
2332	ATG	4
2332	MTT	3
2332	AWT	3
2332	ATC	2
2332	AYT	2
2333	CTT	249377
2333	YTT	20
2333	CTC	13
2333	CYT	9
2333	CTY	4
2333	TTT	3
2333	CWT	3
2333	CTW	3
2333	MTW	3
2333	CTK	3
2334	TTC	248880
2334	TTT	459
2334	TTY	40
2334	CTC	4
2334	TYC	3
2334	TTS	3
2334	TTM	3
2335	ACT	249339
2335	ACC	6
2335	AYT	5
2335	RCT	3
2335	WCT	3
2336	AGG	249343
2336	AGK	22
2336	AGT	15
2336	AGA	7
2336	AKG	6
2336	ARG	5
2336	WGG	3
2336	RGG	3
2336	MGG	3
2336	AAG	2
2337	TTT	249368
2337	TTC	15
2337	TGG	13
2337	KTT	13
2337	WTT	10
2337	YTT	4
2337	TTK	3
2337	TYT	3
2337	GTT	3
2338	TTC	249199
2338	TTT	277
2338	TTY	30
2338	YTC	6
2338	TYC	4
2338	KTC	3
2338	TKC	3
2339	TAT	249487
2339	YAT	4
2339	TAW	3
2339	TRT	3
2340	GTA	249424
2340	ATA	19
2340	RTA	7
2340	GYA	7
2340	GTR	6
2340	STA	4
2340	GTC	3
2341	CTT	249373
2341	CTY	11
2341	CTA	9
2341	CWT	6
2341	YTT	6
2341	CAT	3
2341	ATT	3
2341	CTC	3
2341	CKT	3
2341	STT	2
2342	GGA	249347
2342	GGG	12
2342	GGT	7
2342	KGA	6
2342	GGR	3
2342	SGA	3
2342	GGC	2
2342	GTA	2
2343	TTG	249140
2343	CTG	106
2343	TYG	9
2343	TTA	9
2343	YTG	8
2343	TTK	7
2343	CTA	7
2343	TTR	6
2344	GCT	249175
2344	TCT	46
2344	GTT	29
2344	GYT	9
2344	GCY	8
2344	GCA	7
2344	GCC	6
2344	RCT	5
2344	SCT	4
2344	ACT	3
2344	GMT	3
2344	RHT	3
2344	KCT	2
2345	GCA	248967
2345	GTA	120
2345	GYA	22
2345	GMA	18
2345	KCA	10
2345	GCR	7
2345	GCW	5
2345	RCA	3
2345	GSA	3
2345	ACA	2
2346	ATC	248340
2346	ATT	680
2346	ATY	33
2346	ACC	14
2346	AYC	13
2346	AWM	3
2346	WTT	3
2346	ATS	3
2346	WTC	2
2347	ATG	248845
2347	AKG	242
2347	ATK	6
2347	AWG	6
2347	AYG	5
2347	WTG	3
2347	ATR	3
2347	RKG	3
2347	RTG	3
2347	AAG	3
2347	ATT	2
2348	CAA	249551
2348	CAG	5
2348	YAA	4
2348	CAR	3
2348	TAA	2
2349	TTG	249537
2349	TTA	31
2349	TTK	8
2349	TTT	6
2349	TTR	5
2349	TYG	2
2349	CTG	2
2350	TTT	250433
2350	TTC	19
2350	TTY	4
2350	KTT	3
2350	WTT	3
2351	TTC	250495
2351	TTT	148
2351	TTY	9
2351	TTA	3
2351	TYC	2
2352	AGC	250820
2352	AGT	72
2352	GGC	19
2352	AKC	8
2352	AGY	7
2352	AAC	5
2352	WGC	5
2352	RGC	2
2352	ARC	2
2353	TAT	251345
2353	CAT	5
2353	TAC	4
2354	TTT	251638
2354	TTC	7
2354	TTY	2
2355	GCA	251664
2355	TCA	176
2355	GCT	15
2355	KCA	11
2355	GCR	4
2355	GYA	3
2355	SCA	2
2355	GCG	2
2356	GTA	251898
2356	GCA	24
2356	ATA	13
2357	CAT	256054
2357	TAT	304
2357	YAT	10
2357	CAY	2
2358	TTT	256381
2358	CTT	5
2358	TTC	3
2358	TTY	3
2359	ATT	256314
2359	ACT	43
2359	WTT	3
2359	ATC	3
2359	AYT	2
2359	GTT	2
2360	AGT	256360
2360	ART	6
2360	AKT	2
2360	AGC	2
2360	AGY	2
2361	AAT	256358
2361	AAA	13
2361	AAC	4
2361	AAY	3
2361	RAT	3
2362	TCT	256473
2362	TAT	3
2362	TCA	3
2362	TCY	2
2362	TMT	2
2363	TGG	256487
2363	TKG	2
2363	TTG	2
2363	TGS	2
2364	CTT	256413
2364	CTC	50
2364	YTT	10
2364	CTY	2
2365	ATG	256394
2365	ATT	38
2365	ATA	23
2365	GTG	9
2365	RTG	7
2365	ATK	5
2365	AAG	2
2366	TGG	256355
2366	TGK	82
2366	TTG	6
2366	TKG	3
2367	TTA	256435
2367	TTG	10
2367	CTC	6
2367	TTW	2
2367	TTR	2
2367	TAA	2
2368	ATA	256331
2368	GTA	14
2368	WTA	3
2368	CTA	2
2369	ATT	256352
2369	GTT	3
2370	AAT	256333
2370	AAC	16
2370	AGT	6
2370	AAY	2
2371	CTT	256269
2371	YTT	7
2371	MTT	5
2371	ATT	3
2371	CWT	3
2372	GTA	256248
2372	RTA	8
2372	GCA	4
2372	GYA	4
2372	GTR	3
2372	TTA	3
2372	ATA	2
2372	CTA	2
2373	CAA	256201
2373	YAA	7
2373	CRA	7
2373	AAA	2
2373	MAA	2
2373	CAG	2
2373	CWA	2
2374	ATG	256468
2374	ACG	14
2374	ATA	11
2374	CTG	8
2374	ATK	4
2374	RTG	4
2374	ATS	4
2374	AAG	3
2375	GCC	255809
2375	GCT	137
2375	GTC	8
2375	GCY	8
2375	RCC	6
2375	ACC	5
2375	GMC	5
2376	CCG	255400
2376	CCT	443
2376	CCA	39
2376	CTG	32
2376	CYG	19
2376	CCK	14
2376	MCG	7
2376	YCG	6
2376	CSG	5
2376	CCC	3
2376	CCS	2
2376	CCR	2
2377	ATT	255942
2377	ATW	20
2377	GTT	8
2377	ATY	7
2377	RTT	3
2377	ATC	3
2377	ACT	2
2378	TCA	255973
2378	CCA	11
2378	YCA	10
2378	TTA	6
2378	TYA	5
2378	TCG	3
2378	TSA	2
2379	GCT	255922
2379	GCC	20
2379	GYT	13
2379	GTT	12
2379	KCT	6
2379	GCA	3
2379	SCT	3
2380	ATG	255990
2380	ATT	8
2380	ATK	4
2381	GTT	255974
2381	GTC	27
2381	KTT	9
2381	GTY	2
2382	AGA	255908
2382	RGA	6
2382	ARA	5
2382	AGR	3
2382	AGG	3
2382	ASA	3
2383	ATG	255999
2383	RTG	7
2384	TAC	255947
2384	TAT	27
2384	TWC	4
2384	YAC	3
2384	TAY	3
2384	TAG	2
2385	ATC	255460
2385	ATT	468
2385	ATY	40
2385	ATA	16
2385	ACC	5
2386	TTC	255834
2386	TTT	143
2386	TTY	7
2386	YTC	3
2386	TYC	3
2387	TTT	255957
2387	TTC	9
2387	YTT	5
2387	TYT	4
2387	GTT	4
2387	CTT	2
2387	TCT	2
2388	GCA	255869
2388	GTA	90
2388	GCT	8
2388	KCA	6
2388	GYA	5
2388	SCA	5
2388	GCG	4
2388	TCA	3
2388	GSA	3
2389	TCA	255962
2389	TTA	15
2389	TYA	7
2389	KCA	3
2389	TMA	2
2390	TTT	255979
2390	TTC	13
2390	TTY	2
2390	TYT	2
2391	TAT	255491
2391	TAC	508
2391	TAY	6
2391	YAT	3
2392	TAT	255972
2392	TAC	9
2392	TMT	3
2392	TWT	3
2392	YAT	2
2392	TRT	2
2392	TAY	2
2393	GTA	256024
2393	GTG	14
2393	KTA	3
2394	TGG	256045
2394	TGR	15
2394	WGG	3
2394	TGA	3
2395	AAA	256038
2395	RAA	26
2395	AAG	7
2395	GAA	3
2395	AAR	2
2396	AGT	256048
2396	ATT	33
2396	GGT	14
2396	AGC	7
2396	AGY	5
2396	AGW	3
2397	TAT	256126
2397	TRT	6
2397	TGT	5
2398	GTG	256113
2398	ATA	6
2398	GTT	4
2398	GTK	3
2398	GTA	3
2398	GTS	3
2399	CAT	256148
2399	CAC	2
2400	GTT	256162
2400	ATT	3
2400	GTY	2
2400	TTT	2
2400	GTA	2
2400	STT	2
2401	GTA	256125
2401	GTG	29
2401	GTM	16
2401	GTT	9
2401	RTA	4
2402	GAC	256060
2402	GAT	111
2402	GAY	7
2402	KAC	5
2403	GGT	256106
2403	AGT	12
2403	GGY	2
2404	TGT	256176
2405	AAT	256011
2405	AGT	146
2405	ACT	11
2405	AAC	8
2405	GAT	6
2405	ACC	6
2405	ART	5
2405	AAY	3
2406	TCA	256121
2406	TTA	37
2406	TCG	6
2406	TCC	6
2406	ACA	3
2407	TCA	256129
2407	TCT	38
2407	YCA	4
2407	TMA	2
2408	ACT	256101
2408	ACA	24
2408	ATT	22
2408	ACY	6
2408	AAT	6
2408	GCT	3
2408	AST	3
2408	AYT	3
2409	TGT	256181
2409	TKT	5
2409	TRT	3
2410	ATG	256204
2410	GTG	7
2410	AYG	3
2410	ATK	2
2411	ATG	256208
2411	AYG	5
2411	RTG	3
2412	TGT	256181
2412	YGT	3
2412	WRT	2
2413	TAC	256172
2413	TAT	43
2413	TAM	9
2413	TRC	6
2413	TAY	5
2413	TGC	4
2414	AAA	256202
2414	AAG	8
2414	AGA	3
2414	AAC	2
2415	CGT	256224
2415	TGT	2
2415	CGC	2
2415	YGT	2
2416	AAT	256187
2416	AAC	48
2416	ART	3
2416	ATT	3
2417	AGA	256230
2417	MGA	2
2417	AKA	2
2418	GCA	256186
2418	GTA	17
2418	GCG	8
2418	GCT	6
2418	GYA	4
2418	SCA	3
2418	KCA	2
2418	GMA	2
2419	ACA	256169
2419	ATA	21
2419	ACG	10
2419	WCA	4
2419	AYA	4
2419	RCA	2
2419	ASA	2
2420	AGA	256161
2420	AGG	11
2420	AKA	5
2420	WGA	4
2420	ATA	3
2421	GTC	254436
2421	GTT	1634
2421	GTY	74
2421	KTC	7
2421	GYC	4
2421	GWC	3
2421	GTA	3
2421	GTS	3
2421	ATC	2
2421	GCC	2
2422	GAA	256166
2422	RAA	8
2422	GAG	7
2422	AAA	2
2423	TGT	256154
2423	TGC	10
2423	TGY	8
2423	TRT	5
2423	TKT	4
2424	ACA	256144
2424	AYA	7
2424	RCA	4
2424	GCA	3
2424	ACW	3
2424	ATA	2
2425	ACT	231937
2425	ACC	24218
2425	ACY	8
2425	AMT	7
2426	ATT	256167
2426	ATC	8
2427	GTT	256156
2427	KTT	7
2427	GTA	6
2427	GTC	4
2427	GTW	3
2427	CTT	3
2427	TTT	3
2428	AAT	256148
2428	AAC	18
2428	AGT	10
2428	AAY	3
2429	GGT	256143
2429	AGT	2
2429	GGC	2
2429	SGT	2
2429	GRT	2
2430	GTT	256100
2430	ATT	38
2430	GCT	17
2430	GTA	6
2430	RTT	5
2430	TTT	4
2430	KTT	4
2430	GYT	2
2431	AGA	256103
2431	AAA	66
2431	GGC	8
2431	RGA	5
2431	AKA	3
2431	AGG	3
2431	ARA	3
2432	AGG	255947
2432	AAG	146
2432	AGA	27
2432	AGK	4
2432	MGG	3
2432	AGS	2
2433	TCC	255354
2433	TCT	709
2433	TCY	41
2433	TCA	8
2433	YCC	7
2433	CCC	5
2433	TYC	2
2434	TTT	256128
2434	YTT	16
2434	TTY	3
2434	KTT	2
2434	CTT	2
2435	TAT	256165
2436	GTC	256217
2436	GTY	13
2436	GTT	10
2436	GYC	7
2436	STC	3
2436	RTC	3
2436	KTC	3
2436	GCC	2
2437	TAT	256261
2437	TAC	3
2438	GCT	256264
2438	KCT	10
2438	GCW	6
2438	GCC	5
2438	GYT	4
2438	SCT	2
2439	AAT	256254
2439	AAC	17
2439	RAT	3
2439	AAY	2
2440	GGA	256241
2440	GGC	15
2440	GKA	3
2441	GGT	256255
2441	KGT	4
2441	GGC	3
2441	RGT	3
2441	GKT	2
2442	AAA	256247
2442	AGA	6
2442	ARA	5
2442	RAA	3
2442	GAA	3
2442	AAC	2
2442	AAR	2
2443	GGC	254547
2443	GGY	33
2443	GGT	24
2443	GGA	12
2443	KGC	5
2443	RGY	4
2443	GKC	3
2443	GRC	2
2443	GSC	2
2444	TTT	256249
2444	TTY	5
2444	YTT	5
2444	TTC	3
2445	TGC	255724
2445	TGT	522
2445	TGY	18
2445	TKC	5
2445	YGC	3
2445	TGM	2
2445	KGC	2
2446	AAA	256233
2446	ARA	2
2447	CTA	256197
2447	TTA	29
2447	YTA	7
2447	CYA	7
2447	CTW	3
2447	CTT	3
2448	CAC	255144
2448	CAT	1080
2448	YAC	11
2448	CAY	9
2449	AAT	256201
2449	AAC	20
2449	AAK	2
2449	AWT	2
2450	TGG	256173
2450	TGR	7
2450	TTG	6
2450	TKG	5
2450	YGG	4
2450	TGS	3
2450	TGK	3
2450	TSS	3
2450	TGA	2
2451	AAT	256172
2451	AAK	2
2452	TGT	256105
2452	TGC	31
2452	TKT	3
2452	TGK	3
2452	TCT	2
2452	TGY	2
2453	GTT	256103
2453	GGT	36
2453	GTC	20
2453	GKT	15
2453	GTY	3
2454	AAT	256043
2454	ART	50
2454	AGT	46
2454	AAK	3
2455	TGT	256360
2455	TGC	11
2455	TKT	7
2455	TKK	3
2456	GAT	256401
2456	GAC	25
2456	GAY	3
2457	ACA	256203
2457	GCA	151
2457	ACR	7
2457	AYA	6
2457	ACT	6
2457	ACW	3
2457	ACM	3
2457	AMA	3
2458	TTC	256743
2458	TTT	48
2458	TAC	7
2458	TTY	5
2458	TTM	4
2459	TGT	256782
2459	TAT	13
2459	TGC	4
2459	TRT	4
2459	GGT	2
2459	TGK	2
2460	GCT	256734
2460	GYT	26
2460	GTT	23
2460	GCC	13
2460	GCA	8
2460	KCT	5
2460	ACT	3
2460	GMT	2
2460	GCY	2
2461	GGT	256819
2461	GGC	3
2461	GKT	3
2462	AGT	256734
2462	RGT	31
2462	AGC	3
2462	AKT	2
2462	GGT	2
2462	WGT	2
2463	ACA	256901
2463	ACT	10
2463	TCA	9
2463	AYA	8
2463	ACC	7
2463	ACW	4
2463	ACR	3
2463	ACG	2
2464	TTT	256936
2464	TTC	7
2464	TTY	5
2465	ATT	256923
2466	AGT	256876
2466	GGT	5
2466	AGY	4
2467	GAT	256860
2467	GAC	5
2467	GAG	2
2468	GAA	256762
2468	GAG	17
2468	KAA	11
2468	SAA	8
2468	GAR	7
2468	RAA	3
2468	GWA	2
2469	GTT	253595
2469	GTC	14
2469	ATT	5
2469	STT	3
2469	KTT	2
2470	GCG	253426
2470	GCT	117
2470	GCA	19
2470	GCK	16
2470	KCG	7
2470	GYG	4
2470	SCG	3
2470	CCG	2
2471	AGA	253530
2471	AGG	30
2471	AGR	8
2471	AKA	6
2471	ACA	4
2471	ASA	3
2471	WGA	2
2471	GGA	2
2471	ATA	2
2471	AGC	2
2472	GAC	253555
2472	GAT	10
2472	KAC	4
2472	GAY	2
2473	TTG	253504
2473	TTA	17
2473	TTR	3
2473	CTG	2
2474	TCA	253432
2474	TCC	11
2474	TCR	2
2475	CTA	253135
2475	TTA	29
2475	YTA	6
2475	CTG	3
2475	MTA	3
2476	CAG	253043
2476	CAK	21
2476	YAG	15
2476	CAA	10
2476	CAS	4
2476	CAT	4
2476	MAG	3
2476	TAG	2
2477	TTT	252808
2478	AAA	252768
2478	AAG	19
2478	AAR	8
2478	WAA	5
2478	AGA	4
2478	WWA	3
2478	AAW	2
2479	AGA	252802
2479	RGA	6
2479	AKA	4
2479	AGR	4
2479	AGW	3
2479	WGA	2
2480	CCA	252809
2480	CCT	10
2480	CYA	6
2480	CCC	6
2480	CCM	3
2480	TCA	3
2480	CCG	2
2480	YCA	2
2480	CMA	2
2481	ATA	252825
2481	ATT	15
2481	GTA	6
2481	AKA	4
2481	ATW	2
2482	AAT	252859
2482	AAC	17
2482	AAY	4
2482	AAK	3
2482	RAT	3
2482	AAW	2
2482	AGT	2
2483	CCT	252921
2483	TCT	33
2483	CCA	7
2483	CYT	4
2483	MMT	4
2483	CTT	3
2483	CCC	3
2483	YCT	2
2483	CCY	2
2484	ACT	252951
2484	AYT	9
2484	ACA	8
2484	ATT	6
2484	ACC	3
2484	AMT	3
2484	AMK	3
2484	ACG	2
2485	GAC	252960
2485	GAT	28
2485	SAC	3
2485	KAC	2
2486	CAG	253000
2486	AAG	10
2486	MAG	3
2486	CWG	2
2486	CAK	2
2487	TCT	253017
2487	TCA	15
2487	TYT	5
2487	TCY	5
2487	TST	3
2487	YCT	3
2487	TMT	2
2488	TCT	252845
2488	TTT	179
2488	TYT	16
2488	TAT	6
2488	TCA	6
2488	YCT	2
2488	TCC	2
2489	TAC	252946
2489	TAT	100
2489	TAY	22
2489	YAC	10
2489	CAC	3
2490	ATC	252677
2490	ATT	269
2490	ATY	66
2490	ACC	13
2490	GTA	8
2490	GTT	7
2490	WTC	2
2490	AGC	2
2490	AYC	2
2491	GTT	252979
2491	ATT	38
2491	GTY	19
2491	GTC	9
2491	GTG	8
2491	KTT	6
2491	GAT	3
2491	RTT	2
2491	GTA	2
2492	GAT	253065
2492	GAC	7
2492	TAT	3
2492	RAT	3
2492	SAT	3
2492	KAT	2
2492	AAT	2
2493	AGT	252972
2493	ATT	86
2493	AKT	7
2493	AGG	6
2493	RGT	5
2493	GGT	5
2494	GTT	253056
2494	GTG	32
2494	GTA	8
2494	GTY	3
2494	TTT	2
2494	ATT	2
2495	ACA	252972
2495	ATA	88
2495	AYA	14
2495	GCT	9
2495	ACG	6
2495	AGC	6
2495	ACR	4
2496	GTG	253003
2496	GTA	10
2496	TTG	9
2496	RTG	6
2496	GYG	5
2496	KTG	5
2496	GKG	3
2496	STG	3
2496	GTR	2
2496	GTT	2
2497	AAG	252907
2497	AAT	99
2497	AGG	11
2497	AAA	11
2497	GAG	6
2497	AAR	3
2497	CAG	2
2497	AAK	2
2497	TAT	2
2497	ARG	2
2497	AMG	2
2498	AAT	252998
2498	AAG	19
2498	AGT	10
2498	GAT	8
2498	AAC	4
2498	AMT	2
2498	AAY	2
2499	GGT	252976
2499	GGC	19
2499	AGT	4
2499	GAT	3
2499	RGT	3
2500	TCC	252098
2500	TCT	500
2500	TTC	163
2500	TCY	38
2500	TCA	26
2500	TYC	25
2500	TMC	6
2500	TCG	6
2500	YCC	5
2501	ATC	249930
2501	ACC	2646
2501	ATT	223
2501	AYC	28
2501	GTC	13
2501	CTG	7
2501	ATY	3
2502	CAT	252850
2502	CAC	26
2502	CAG	9
2502	CGT	7
2502	CAY	3
2502	YAT	2
2502	TAT	2
2503	CTT	252780
2503	TTT	58
2503	YTT	10
2503	CTC	9
2503	CYT	5
2503	ATT	3
2503	CTG	2
2504	TAC	252905
2504	TAT	27
2504	YAC	6
2504	TWC	2
2505	TTT	252911
2505	TTC	7
2505	YTT	3
2506	GAT	252649
2506	GAC	265
2506	KAT	19
2506	GGT	5
2506	GAW	4
2507	AAA	252889
2507	AAG	18
2507	AAR	9
2507	AGA	7
2507	RAA	3
2508	GCT	252843
2508	GTT	32
2508	GCC	10
2508	GYT	6
2508	ACT	4
2508	GGT	3
2508	GCY	2
2508	TCT	2
2508	KCT	2
2509	GGT	252821
2509	GGC	55
2509	AGT	9
2509	RGT	8
2509	TGT	3
2509	GKT	3
2509	GGA	3
2509	GGW	3
2509	GRT	3
2509	GAT	2
2510	CAA	252859
2510	CAG	20
2510	CTA	5
2510	MAA	4
2510	CGA	4
2510	AAA	3
2510	YAA	3
2511	AAG	252023
2511	AAT	865
2511	AAA	16
2511	AAK	10
2511	ARG	6
2511	AGG	4
2511	AAS	3
2511	AAC	2
2512	ACT	252909
2512	ATT	15
2512	ACC	9
2512	AYT	8
2512	WCT	6
2512	ACG	3
2512	AAT	3
2513	TAT	252960
2513	TAC	3
2513	YAT	3
2513	TAY	2
2514	GAA	252837
2514	RAA	98
2514	GAG	10
2514	GAT	3
2515	AGA	252962
2515	AAA	2
2516	CAT	252943
2516	TAT	9
2516	CAC	7
2516	CAY	2
2517	TCT	252731
2517	TTT	144
2517	CCT	35
2517	TCY	7
2517	TYT	5
2517	TCA	4
2518	CTC	252881
2518	CTT	40
2518	TTC	26
2518	YTC	6
2518	CTY	4
2518	CCC	3
2518	CYC	3
2519	TCT	252946
2519	TCC	7
2519	CCT	4
2519	TCG	2
2519	TCA	2
2519	TMT	2
2519	ACT	2
2520	CAT	252890
2520	TAT	43
2520	CGT	24
2520	CAC	13
2520	AAA	3
2520	CAK	3
2520	CAW	3
2520	CAA	2
2521	TTT	252973
2521	YTT	5
2521	KTT	3
2521	AAT	3
2522	GTT	252857
2522	GTC	71
2522	TTT	26
2522	GTA	24
2522	KTT	4
2522	GCT	2
2523	AAC	252488
2523	AAT	447
2523	AAY	32
2523	ACC	8
2523	AMC	4
2523	WAC	3
2523	AAA	3
2523	RAC	2
2524	TTA	252340
2524	TTC	556
2524	CTA	10
2524	TTG	7
2524	GTA	7
2524	AAA	3
2524	TYA	3
2524	TTT	2
2525	GAC	252950
2525	GAT	16
2525	KAC	10
2525	TAC	4
2525	GAA	3
2525	RAC	3
2525	AAC	3
2525	GAY	3
2526	AAC	252829
2526	AAT	106
2526	AAY	29
2526	GAC	2
2527	CTG	252710
2527	CTA	175
2527	TTG	48
2527	CTK	11
2527	TTA	6
2527	YTG	5
2527	ATG	4
2527	MTG	3
2527	CTT	2
2528	AGA	252905
2528	AGG	6
2528	AGR	3
2528	ASA	3
2528	AKA	2
2529	GCT	252767
2529	GTT	157
2529	GYT	10
2529	RCT	8
2529	ACT	6
2529	KCT	5
2529	TCT	2
2529	GCC	2
2530	AAT	252881
2530	AGT	7
2530	AAC	5
2530	RAT	5
2530	MAT	4
2530	CAT	2
2531	AAC	252864
2531	AAT	21
2531	AGC	10
2531	TAC	4
2531	ARC	2
2532	ACT	252749
2532	ATT	111
2532	ACW	9
2532	AYT	6
2532	ACY	4
2532	GCT	2
2533	AAA	252837
2533	AGA	38
2533	RAA	8
2533	ARA	3
2534	GGT	252854
2534	GGA	7
2534	AGT	7
2534	GGC	3
2534	GKT	2
2534	GTT	2
2535	TCA	252429
2535	TCG	282
2535	TTA	165
2535	TYA	7
2535	TCC	3
2535	TCW	2
2535	TCT	2
2536	TTG	252830
2536	TTT	51
2536	ATA	8
2536	TTA	5
2536	GTG	2
2537	CCT	252818
2537	TCT	23
2537	CCA	10
2537	CCC	8
2537	CAT	5
2537	YCT	4
2537	CCY	3
2537	ACT	2
2537	CYT	2
2538	ATT	252782
2538	GTT	36
2538	ACT	20
2538	AGT	4
2539	AAT	252807
2539	AGT	12
2539	GAT	6
2539	WAT	4
2539	AAC	3
2539	ART	2
2540	GTT	252835
2540	GTC	9
2540	KTT	4
2541	ATA	252786
2541	ATG	16
2541	ATT	7
2541	ATW	3
2541	GTA	2
2542	GTT	252685
2542	GCT	24
2542	KTT	8
2542	GTA	6
2542	GTG	6
2542	GTC	3
2542	GYT	3
2542	GTW	3
2543	TTT	252808
2543	CTT	3
2544	GAT	252785
2544	GAC	11
2544	KAT	3
2544	AAT	2
2545	GGT	252766
2545	TGT	8
2545	KGT	3
2545	GST	3
2546	AAA	252758
2546	AAG	26
2546	GAA	4
2546	RAA	4
2546	AGA	3
2547	TCA	252735
2547	TCT	12
2547	TYA	6
2547	KCA	3
2547	TCC	2
2547	TTA	2
2548	AAA	252780
2548	AAG	9
2548	AAW	4
2549	TGT	252734
2549	WKT	6
2549	TTT	4
2549	TKT	4
2549	TGC	2
2549	TST	2
2550	GAA	252761
2550	GAT	9
2550	GAW	5
2550	KAA	4
2550	RAA	3
2551	GAA	252764
2551	GAG	4
2551	KAA	2
2552	TCA	252629
2552	GCA	82
2552	TCG	13
2552	CCA	9
2552	TCR	5
2552	TCC	5
2552	YCA	3
2552	WCA	3
2552	TYA	3
2552	TCM	3
2553	TCT	252642
2553	TMT	31
2553	TTT	9
2553	TCA	7
2553	TYT	3
2553	TCC	3
2553	CCT	2
2554	GCA	250626
2554	GTA	1950
2554	GYA	27
2554	GCM	19
2554	GCT	7
2554	GMA	4
2554	TCA	4
2554	RCA	4
2554	GCR	3
2554	GCC	3
2555	AAA	252562
2555	AGA	99
2555	AAG	9
2555	ACA	4
2555	RRR	3
2555	ARA	3
2555	AAR	3
2555	RAA	2
2556	TCA	252613
2556	TTA	31
2556	GCA	12
2556	TYA	11
2556	TCG	3
2556	KCA	2
2556	TCT	2
2557	GCG	252323
2557	GCT	180
2557	GCA	90
2557	GCC	24
2557	GTG	9
2557	GCK	7
2557	GYG	4
2557	SCG	3
2557	GCR	2
2558	TCT	252638
2558	TCK	3
2559	GTT	252617
2559	GTC	48
2559	KTT	7
2559	GTA	3
2560	TAC	252392
2560	TAT	236
2560	TAY	28
2560	WAC	10
2561	TAC	252877
2561	TAT	48
2561	KAC	6
2561	TAY	5
2562	AGT	252975
2562	RGT	4
2562	TGT	3
2562	AGC	2
2562	AKT	2
2563	CAG	252984
2563	CAT	179
2563	CAK	7
2563	CTG	3
2563	CRG	2
2563	CAA	2
2564	CTT	253257
2564	YTT	13
2564	TTT	7
2565	ATG	253178
2565	ATT	83
2565	ATK	7
2565	GTG	6
2565	AKG	3
2565	ATA	2
2566	TGT	253289
2566	KGT	4
2566	TGC	4
2566	TGG	3
2566	TST	2
2566	YGT	2
2567	CAA	253295
2567	CAG	8
2567	YAA	6
2567	CAM	3
2568	CCT	253330
2568	TCT	12
2568	CYT	3
2568	YCT	3
2568	CCC	2
2568	SCT	2
2569	ATA	256567
2569	AYA	3
2569	GTA	3
2570	CTG	256493
2570	TTG	27
2570	CTA	17
2570	CTT	3
2571	TTA	256473
2571	TTG	30
2571	CTA	19
2571	TYA	2
2572	CTA	256385
2572	CTG	95
2572	TTA	12
2572	CTT	7
2572	ATA	5
2572	YTA	5
2572	MTA	3
2572	CCA	3
2573	GAT	256468
2573	GAC	32
2573	CAT	4
2573	GAA	3
2573	GAY	2
2574	CAG	256480
2574	CGG	17
2574	CAT	5
2574	CAA	2
2575	GCA	256458
2575	RCA	18
2575	GCG	15
2575	ACA	8
2575	GCC	4
2575	GCT	3
2575	GTA	2
2575	GCW	2
2576	TTA	256476
2576	YTA	11
2576	TTG	10
2576	ATA	9
2576	KTA	4
2576	CTA	3
2576	TKA	2
2577	GTG	256813
2577	KTG	12
2577	RTG	9
2577	GTK	4
2577	GTT	3
2577	GTS	2
2577	ATG	2
2577	TTG	2
2578	TCT	256723
2578	YCT	13
2578	TCG	5
2578	TTT	4
2578	CCT	3
2578	TCY	2
2578	TYT	2
2579	GAT	256752
2579	AAT	11
2579	GCT	4
2579	GAC	3
2579	GGT	2
2579	GWT	2
2580	GTT	256736
2580	TTT	18
2580	GTC	17
2580	GCT	8
2580	GTY	6
2580	RTT	5
2580	KTT	4
2580	GAT	2
2581	GGT	256762
2581	AGT	28
2581	GGY	5
2581	TGT	2
2582	GAT	256679
2582	GAC	91
2582	GGT	11
2583	AGT	256540
2583	TGT	6
2583	ATT	3
2583	CTG	3
2583	GGT	2
2584	GCG	256226
2584	GCT	129
2584	GTG	118
2584	GCA	18
2584	GYG	15
2584	GCK	14
2584	ACA	7
2584	TCT	3
2584	KCG	3
2584	GMG	2
2584	GCR	2
2584	RCG	2
2584	GCS	2
2585	GAA	256436
2585	KAA	25
2585	GAG	7
2585	AAA	7
2585	GGA	3
2585	CTT	3
2585	GCA	2
2585	GAC	2
2586	GTT	256212
2586	GKT	137
2586	GGT	77
2586	KTT	7
2586	GTA	6
2586	GTC	4
2586	GCT	3
2586	ATA	3
2587	GCA	256226
2587	GTA	104
2587	GCG	54
2587	GCW	27
2587	GCT	16
2587	GYA	9
2587	KCA	4
2587	TCT	4
2587	CAC	3
2587	GCR	3
2587	SCA	3
2587	GMA	3
2587	TCA	2
2588	GTT	256441
2588	TTT	26
2588	KTT	11
2588	ATC	3
2589	AAA	256268
2589	AGA	159
2589	AAG	23
2589	ARA	16
2589	AAR	6
2589	TCC	3
2590	ATG	256461
2590	CTG	9
2590	ATK	7
2590	AYG	3
2590	GAG	3
2590	AWG	2
2591	TTT	256475
2591	YTT	6
2591	CTT	4
2591	TTC	3
2592	GAT	256010
2592	GAC	429
2592	GGT	9
2592	TAT	7
2592	GAY	6
2592	CAT	4
2592	GAG	3
2592	SAT	2
2592	GCT	2
2593	GCT	256436
2593	ACT	26
2593	GTT	24
2593	GYT	5
2594	TAC	253755
2594	TAT	2699
2594	TAY	31
2595	GTT	256471
2595	GTC	8
2595	ATT	4
2595	RTT	4
2595	KTT	3
2595	TTT	2
2596	AAT	256446
2596	GAT	15
2596	AAC	9
2596	AGT	7
2596	AAY	6
2596	ACT	3
2596	WAT	3
2597	ACG	255431
2597	ACA	1036
2597	ACR	6
2597	ATG	4
2597	GCG	3
2597	ACT	3
2597	TCG	3
2598	TTT	256464
2598	TTC	8
2598	TAT	3
2598	TTK	2
2599	TCA	256459
2599	TCG	7
2599	TCT	5
2599	TYA	4
2599	GCA	3
2599	TCW	3
2600	TCA	256427
2600	TTA	26
2600	GCA	14
2600	ACA	4
2600	TYA	4
2600	WCA	4
2600	TCR	2
2601	ACT	256452
2601	ACC	17
2601	ACY	11
2601	AYT	8
2601	ATT	6
2601	ACA	2
2602	TTT	256480
2602	TTC	9
2602	GTT	3
2602	TYT	3
2603	AAC	256225
2603	GAC	219
2603	AAT	31
2603	RAC	9
2603	ATC	4
2603	AGC	3
2603	AAM	3
2603	ARC	2
2603	AAY	2
2604	GTA	256196
2604	ATA	222
2604	GCA	18
2604	KTA	14
2604	GTG	13
2604	GYA	5
2604	CTA	2
2604	GTT	2
2604	GTW	2
2605	CCA	256203
2605	TCA	207
2605	YCA	11
2605	CYA	10
2605	CCT	9
2605	ACA	4
2605	CAA	3
2605	CCG	3
2605	GCA	3
2605	CMA	3
2605	CCM	3
2605	CCC	2
2606	ATG	254694
2606	ATA	1611
2606	ACG	53
2606	ATT	31
2606	GTG	19
2606	AYG	8
2606	CTG	5
2606	AYR	3
2606	RTG	2
2607	GAA	256303
2607	RAA	73
2607	GAG	28
2607	AAA	19
2607	GRA	9
2607	GAR	6
2607	GAT	6
2607	GAC	5
2607	GWA	3
2608	AAA	256448
2608	AAG	6
2608	CAA	5
2608	TAC	3
2608	AAW	2
2608	AGA	2
2609	CTC	255990
2609	CTT	214
2609	TTC	196
2609	YTC	19
2609	CTY	17
2609	CTM	9
2609	CTA	7
2609	TTA	6
2609	ATC	4
2609	MTC	2
2610	AAA	256445
2610	AAR	3
2610	AAG	3
2611	ACA	256408
2611	ATA	12
2611	AYA	7
2611	GCA	6
2611	ACT	6
2611	AAA	5
2612	CTA	256360
2612	TTA	50
2612	CTC	6
2612	CTT	5
2612	YTA	5
2613	GTT	256209
2613	TTT	172
2613	KTT	37
2613	ATT	10
2613	GTW	3
2613	GTY	2
2614	GCA	256277
2614	GTA	134
2614	TCA	7
2614	KCA	7
2614	GYA	5
2614	GCT	3
2614	GCG	2
2615	ACT	256303
2615	ACC	63
2615	ATT	31
2615	AYT	9
2615	ACA	8
2616	GCA	256143
2616	GCT	13
2616	RCA	6
2616	GTA	4
2616	ACA	3
2616	KCA	3
2616	GYA	2
2616	TCA	2
2617	GAA	256354
2617	GAG	17
2617	AAA	11
2617	GTA	3
2617	KAA	3
2617	GGA	3
2617	GWA	3
2617	GAC	2
2617	CAA	2
2618	GCT	256309
2618	GTT	26
2618	KCT	8
2618	ACT	6
2618	TCT	4
2618	RCT	3
2618	GCC	3
2618	GYT	3
2618	GCY	2
2619	GAA	256172
2619	CAA	105
2619	GGA	47
2619	AAA	11
2619	GMA	2
2619	SAA	2
2620	CTT	256204
2620	TTT	62
2620	YTT	14
2620	CTC	11
2620	CCT	3
2620	CTA	3
2620	ATT	3
2621	GCA	256245
2621	GTA	12
2621	GCT	8
2621	GYA	8
2621	GCR	5
2621	ACA	5
2621	GMA	5
2621	GAA	2
2622	AAG	256087
2622	AAT	157
2622	AAK	19
2622	AAR	8
2622	ARG	4
2622	AAS	3
2622	AGG	3
2622	AAC	2
2622	GAG	2
2623	AAT	256275
2623	AAC	21
2623	AAY	4
2623	AGT	2
2624	GTG	256191
2624	GTT	65
2624	ATG	12
2624	GTR	5
2624	KTG	5
2624	GTA	4
2624	GTK	4
2624	GYG	3
2624	GTS	2
2624	GGG	2
2625	TCC	255486
2625	TCT	499
2625	TTC	278
2625	TCY	53
2625	TYC	16
2625	TMC	2
2626	TTA	256321
2626	GTA	11
2626	TCA	6
2626	KTA	3
2626	TYA	2
2626	TTR	2
2627	GAC	256138
2627	GAT	191
2627	KAC	5
2627	AAC	4
2627	GMC	3
2627	GGC	3
2627	GCC	2
2627	GAY	2
2628	AAT	256260
2628	AAC	7
2628	AGT	4
2628	AAY	2
2628	AWT	2
2629	GTC	256062
2629	ATC	113
2629	GTT	108
2629	GCC	11
2629	GTY	7
2629	KTC	4
2629	GYC	2
2630	TTA	256262
2630	TTG	12
2630	WTA	8
2630	CTT	6
2630	GTA	3
2630	KTA	2
2631	TCT	256133
2631	TTT	78
2631	TCC	17
2631	GCT	14
2631	TYT	9
2631	TCA	6
2631	YCT	5
2632	ACT	256167
2632	ATT	13
2632	ACY	10
2632	ACA	10
2632	AAT	6
2632	ACC	5
2632	GCT	4
2632	RCT	3
2632	AYT	3
2633	TTT	256237
2633	CTT	7
2633	TTC	5
2633	TTA	4
2633	TGT	3
2633	TTW	2
2634	ATT	256208
2634	ACT	14
2634	ATC	13
2634	WTT	6
2634	AYT	5
2634	ATA	3
2634	ATY	3
2635	TCA	256214
2635	TCG	7
2635	TCR	6
2635	TTA	5
2635	YCA	5
2635	TCT	5
2635	TYA	4
2635	GCA	2
2635	ACA	2
2636	GCA	256158
2636	GTA	45
2636	ACA	29
2636	GCG	11
2636	RCA	9
2636	GYA	7
2636	GCR	5
2636	GMA	3
2636	SCA	2
2637	GCT	255941
2637	GTT	72
2637	GMT	15
2637	GCC	12
2637	ACT	9
2637	RCT	6
2637	TCT	5
2637	GCA	3
2637	SCT	3
2637	GCY	2
2638	CGG	255269
2638	CGT	734
2638	CGA	35
2638	CGK	25
2638	CKG	5
2638	CGR	4
2638	AGG	3
2638	YGG	2
2638	CGC	2
2638	CRG	2
2639	CAA	256071
2639	YAA	11
2639	CAG	8
2639	MAA	3
2639	CWA	3
2639	CAC	3
2639	CAR	2
2640	GGG	256093
2640	GGA	9
2640	GAG	7
2640	GGK	5
2640	AGG	2
2640	GRG	2
2641	TTT	256096
2641	TGT	9
2641	TTC	5
2641	TYT	4
2641	TCT	3
2642	GTT	256186
2642	ATT	4
2642	GTC	4
2642	RTT	2
2642	TTT	2
2643	GAT	256188
2643	GGT	6
2643	GRT	4
2643	GAC	3
2644	TCA	256207
2644	TCT	8
2644	TYA	4
2644	TCG	2
2645	GAT	256237
2645	GAC	3
2646	GTA	256240
2646	ATA	15
2646	GTG	8
2646	GTT	7
2646	GTR	2
2646	GCA	2
2647	GAA	256291
2647	GAT	9
2647	RAA	7
2647	AAA	3
2647	GAC	2
2648	ACT	256055
2648	ATT	204
2648	AYT	56
2648	ACW	6
2648	ACA	4
2648	AMW	3
2649	AAA	256338
2649	AAG	16
2649	AAR	4
2650	GAT	256344
2650	GAC	12
2650	GAY	3
2650	AAT	3
2650	KAT	2
2651	GTT	256340
2651	GYT	3
2651	STT	3
2651	ATT	2
2652	GTT	256314
2652	CTT	10
2652	GTG	6
2652	GCT	5
2652	GTC	4
2652	CGA	3
2652	ATT	2
2652	KTT	2
2653	GAA	256340
2653	GAG	12
2653	RAA	8
2653	AAA	6
2653	SAA	6
2653	GRA	3
2654	TGT	256333
2654	TKT	17
2654	TGY	7
2654	CGT	3
2654	TGW	3
2654	TGC	2
2655	CTT	256343
2655	TTT	12
2655	YTT	9
2655	CTA	6
2655	CTC	3
2656	AAA	256347
2656	AAW	6
2656	AGA	5
2656	GAA	3
2656	AAM	3
2656	MAA	3
2657	TTG	256300
2657	TCG	15
2657	TTA	6
2657	ATT	6
2657	TTK	5
2657	TKG	3
2657	TTT	3
2657	TTR	2
2658	TCA	256325
2658	TYA	6
2658	TCT	6
2658	TSA	3
2659	CAT	256208
2659	TAT	103
2659	YAT	19
2659	CAC	13
2659	CAA	3
2659	CAY	2
2659	CGT	2
2660	CAA	256303
2660	CGA	26
2660	YAA	7
2660	CAC	6
2660	CAG	4
2660	MAA	3
2660	CRA	2
2661	TCT	256237
2661	TTT	51
2661	TCC	22
2661	TYT	21
2661	TCA	12
2661	TGT	3
2661	TMT	3
2661	YCT	2
2662	GAC	256430
2662	GAT	39
2662	GAY	11
2662	GGC	6
2663	ATA	256424
2663	GTA	70
2663	ATT	15
2663	ATW	5
2663	CTA	4
2663	AKA	4
2663	ATG	2
2664	GAA	256537
2664	GAG	7
2664	KAA	5
2664	GMA	3
2664	GGA	2
2664	GAR	2
2665	GTT	256632
2665	KTT	12
2665	TTT	9
2665	ATT	8
2665	GTC	5
2666	ACT	256658
2666	ACA	13
2666	AYT	7
2666	ACC	3
2666	AST	3
2666	ATT	2
2667	GGC	256524
2667	TGC	105
2667	GGT	68
2667	GGY	16
2667	GGA	5
2667	GAC	2
2667	GTC	2
2668	GAT	256707
2668	GAC	9
2668	GAY	5
2668	KAT	5
2668	GTT	3
2669	AGT	256756
2669	AST	3
2669	AGC	3
2669	RGT	3
2669	AGY	3
2670	TGT	256803
2670	TAT	5
2670	TKT	3
2670	TGY	2
2670	TRT	2
2671	AAT	256918
2671	AAC	46
2671	TAT	22
2672	AAC	256932
2672	AAT	45
2672	AAY	2
2673	TAT	256998
2673	TAC	24
2673	YAT	3
2674	ATG	256992
2674	ATT	35
2674	ATK	7
2674	GTG	3
2674	RTG	2
2674	ATS	2
2675	CTC	256764
2675	CTT	207
2675	CTY	21
2675	CKC	2
2676	ACC	256716
2676	ACT	229
2676	ACY	14
2676	ACA	12
2676	ACM	4
2676	AYC	4
2677	TAT	256896
2677	TAC	98
2677	TAY	5
2677	TRT	2
2678	AAC	256875
2678	AAT	84
2678	AAY	24
2678	AAM	3
2679	AAA	256937
2679	AAR	5
2679	AAG	4
2680	GTT	256915
2680	ATT	27
2680	GTA	7
2680	GTG	6
2680	GTC	5
2680	KTT	2
2681	GAA	256928
2681	GAG	16
2681	RAA	11
2681	AAA	4
2681	GGA	4
2681	SAA	2
2682	AAC	256862
2682	AAT	90
2682	AAY	7
2683	ATG	256899
2683	ATA	13
2683	ATK	8
2683	ACG	3
2684	ACA	256788
2684	ATA	139
2684	GCA	19
2684	ACG	9
2684	AYA	6
2684	ACM	3
2684	RCA	2
2685	CCC	255479
2685	ACC	618
2685	CCT	187
2685	TCC	21
2685	CCY	13
2685	CCA	7
2685	MCC	6
2685	YCC	3
2686	CGT	256238
2686	CGC	14
2686	CRT	12
2686	CAT	11
2686	AGA	7
2686	CKT	4
2686	CGG	2
2687	GAC	256065
2687	GAT	145
2687	GAY	47
2687	TAC	4
2687	KAC	2
2687	GMC	2
2688	CTT	255938
2688	TTT	182
2688	CGT	33
2688	YTT	21
2688	CTA	8
2688	CTY	3
2689	GGT	256167
2689	GKT	2
2690	GCT	255511
2690	GTT	72
2690	GCC	12
2690	GYT	6
2690	GCK	5
2690	GCY	5
2690	GCA	3
2690	GMT	3
2691	TGT	255349
2691	YGT	4
2691	TKT	3
2691	GTC	2
2691	CGT	2
2692	ATT	255357
2692	ATC	7
2692	ATW	3
2692	TCT	2
2693	GAC	254775
2693	GAT	190
2693	KAC	42
2693	GAY	12
2693	GAM	4
2693	GWC	3
2693	RAC	3
2693	GRC	2
2693	TAT	2
2694	TGT	254991
2694	TGC	14
2694	TKT	13
2694	TGW	7
2694	YGT	7
2694	TRT	3
2694	ACA	2
2694	TST	2
2695	AGT	255018
2695	AKT	10
2695	RGT	6
2695	ACT	4
2695	GGT	4
2695	WGT	2
2695	AAT	2
2696	GCG	254515
2696	GCA	438
2696	GTG	40
2696	GYG	10
2696	GCR	7
2696	KCG	7
2696	GCT	6
2696	GCK	2
2697	CGT	254995
2697	CGC	4
2697	CGG	4
2697	CKT	3
2697	CGY	3
2697	CGK	3
2697	CST	2
2698	CAT	254928
2698	TAT	45
2698	YAT	22
2698	CGT	16
2698	CAY	15
2698	CAC	6
2698	CRT	3
2698	CAW	3
2698	MAT	3
2699	ATT	255070
2699	AYT	9
2699	WTT	8
2699	GTT	7
2699	AKD	3
2699	RTT	3
2699	ATW	3
2699	AWT	3
2700	AAT	254990
2700	AWT	6
2700	RAT	4
2700	AAY	4
2700	ART	4
2700	AAC	3
2700	WAT	2
2701	GCG	254868
2701	GTG	49
2701	GCA	47
2701	ACG	15
2701	GCK	5
2701	GCT	4
2701	GYG	3
2701	RCG	3
2702	CAG	253556
2702	CAT	1363
2702	CAA	18
2702	CAK	17
2702	CAC	6
2702	CAR	5
2702	YAG	3
2702	CAS	3
2702	CTG	3
2703	GTA	254886
2703	KTA	56
2703	ATA	22
2703	GTG	15
2703	GTR	9
2703	GTW	4
2703	GYA	2
2703	GTT	2
2703	GTM	2
2704	GCA	254874
2704	RCA	35
2704	KCA	6
2704	GYA	4
2704	GCR	3
2705	AAA	254950
2705	AAG	21
2705	AAM	3
2705	AAW	3
2705	ARA	2
2705	AGA	2
2706	AGT	254922
2706	RGT	15
2706	AGC	8
2706	ART	7
2706	AKT	6
2706	ATT	6
2706	AGY	6
2706	GGT	4
2706	AST	2
2707	CAC	254951
2707	CAT	18
2707	CAY	6
2708	AAC	254149
2708	AAT	794
2708	AAY	12
2708	AGC	3
2708	RAC	3
2708	AAS	3
2708	AAM	2
2708	AMC	2
2709	ATT	254935
2709	GTT	33
2709	ATC	15
2709	ATY	4
2709	ACT	4
2709	AYT	4
2709	RTT	3
2709	WTT	2
2709	ATK	2
2710	GCT	254896
2710	GTT	29
2710	GCY	20
2710	GCC	15
2710	GYT	15
2710	TCT	7
2710	GCW	7
2710	RCT	3
2710	GMK	3
2711	TTG	254968
2711	TTK	10
2711	CTG	6
2711	YTG	4
2711	WTG	4
2711	KTG	2
2712	ATA	254974
2712	ATC	8
2712	RTA	6
2712	ATT	6
2712	AYA	6
2712	ACA	4
2712	ATW	4
2712	WTA	3
2712	GTA	3
2712	AKA	3
2713	TGG	255027
2713	TKG	3
2713	TGK	3
2713	TRG	2
2714	AAC	254958
2714	AAT	46
2714	AWC	6
2714	RAC	5
2714	AAY	5
2714	CAC	3
2714	AAA	2
2715	GTT	254765
2715	GTC	156
2715	ATT	88
2715	KTT	9
2715	GWT	6
2715	RTT	5
2715	GYT	4
2715	GTW	4
2715	GCT	3
2715	GTA	2
2715	GTY	2
2716	AAA	255059
2716	AAR	8
2716	WAA	4
2716	AAM	3
2716	WMR	3
2716	AAG	2
2716	RAA	2
2716	AGA	2
2716	TAA	2
2717	GAT	255118
2717	GAC	5
2717	KAT	5
2717	AAT	3
2717	GRT	3
2717	GWT	2
2718	TTC	255110
2718	TTT	9
2718	TYC	9
2718	TTY	6
2718	TTS	3
2718	WTC	3
2718	TTM	3
2719	ATG	255112
2719	ATA	26
2719	RTG	4
2719	ACG	3
2719	AYG	3
2719	AWG	3
2719	ATK	3
2719	ATR	2
2720	TCA	255171
2720	TCG	6
2720	TYA	3
2720	WCA	2
2720	TCW	2
2721	TTG	255145
2721	CTG	27
2721	TCG	3
2721	TYG	3
2721	TTK	3
2722	TCT	255052
2722	TCC	100
2722	TCY	11
2722	TYT	11
2722	YCT	2
2723	GAA	255169
2723	KAA	5
2723	SAA	4
2723	RAA	2
2724	CAA	255145
2724	CAR	12
2724	YAA	5
2725	CTA	255081
2725	TTA	14
2725	CTG	8
2725	CCA	3
2725	CTR	2
2726	CGA	255066
2726	CRA	12
2726	CGT	7
2726	CGC	5
2726	AGA	4
2726	CAA	4
2726	MGA	3
2726	CGG	2
2727	AAA	255093
2727	AAW	4
2727	AAG	4
2727	AGA	4
2727	AAR	3
2728	CAA	255120
2728	YAA	13
2728	CAC	6
2728	MAA	5
2728	CAG	4
2728	AAA	3
2729	ATA	255125
2729	GTA	13
2729	AYA	5
2729	WTA	2
2729	RTA	2
2730	CGT	255140
2730	CGY	6
2730	YGT	3
2730	CKT	2
2731	AGT	255097
2731	RGT	5
2731	GGT	4
2731	AGC	4
2731	AGY	3
2731	ART	2
2732	GCT	255023
2732	KCT	27
2732	GAT	15
2732	GCY	6
2732	GTT	5
2732	RCT	4
2732	GYT	3
2732	SCT	2
2732	GMT	2
2732	TCT	2
2733	GCT	255020
2733	GCA	7
2733	GYT	6
2733	GCC	5
2733	RCT	4
2733	KCT	3
2733	TCT	3
2733	GCY	3
2733	SCT	2
2734	AAA	254909
2734	AAG	17
2734	AAT	8
2734	AWA	4
2734	RAA	3
2735	AAG	254954
2735	AAR	8
2735	AAK	3
2735	ARG	3
2735	AAA	2
2736	AAT	254871
2736	AAC	100
2736	AAY	4
2736	AAK	3
2736	AGT	3
2736	AAW	2
2737	AAC	254959
2737	AAT	9
2737	AAY	7
2737	TAC	3
2737	ARC	2
2738	TTA	254965
2738	TTG	11
2738	CTG	7
2738	TKA	3
2738	TYA	3
2738	WTA	2
2738	ATA	2
2738	CTA	2
2739	CCT	254729
2739	TCT	125
2739	CTT	44
2739	CCY	26
2739	CCA	7
2739	CAT	7
2739	YCT	7
2739	CYT	6
2739	CMT	2
2739	SCT	2
2740	TTT	254969
2740	TTK	6
2740	TYT	6
2741	AAG	254971
2741	AAK	5
2741	AWG	3
2741	ATG	2
2741	TAC	2
2742	TTG	254968
2742	YTG	9
2742	TTA	3
2742	TAG	2
2742	TYG	2
2743	ACA	254950
2743	ACG	11
2743	AYA	8
2743	RCA	4
2744	TGT	254926
2744	TGC	8
2744	TGY	8
2744	TGK	4
2744	TKT	2
2745	GCA	254868
2745	GTA	18
2745	KCA	9
2745	GCG	6
2745	GYA	5
2745	GCT	4
2745	GCR	3
2745	ACA	3
2745	SCA	2
2746	ACT	254878
2746	ACC	8
2746	ACY	8
2746	ATT	7
2746	AYT	2
2746	ACA	2
2746	ACW	2
2746	AAT	2
2747	ACT	254887
2747	AYT	7
2747	ACY	4
2747	ACW	3
2747	AMT	2
2747	AST	2
2747	ATT	2
2748	AGA	254902
2748	AGG	19
2748	AKA	8
2748	ASA	3
2748	WGA	3
2748	AGR	3
2749	CAA	254837
2749	YAA	30
2749	CAG	5
2749	CRA	4
2749	CAR	2
2750	GTT	254778
2750	KTT	5
2750	RTT	4
2750	GTY	3
2750	GTW	3
2750	STT	2
2750	ATT	2
2751	GTT	254796
2751	GTY	3
2751	KTT	2
2751	GTC	2
2751	ATT	2
2751	GCT	2
2751	GTW	2
2752	AAT	254782
2752	AAC	8
2752	WAT	4
2752	AGT	3
2752	RAT	3
2753	GTT	254721
2753	KTT	13
2753	GTC	13
2753	GTA	6
2753	GCT	3
2753	GTY	3
2753	RTT	3
2754	GTA	254688
2754	ATA	45
2754	GTT	7
2754	GTR	5
2754	KTA	4
2754	RTA	4
2754	GYA	4
2754	GTG	4
2754	GKA	3
2755	ACA	254729
2755	AYA	15
2755	ACR	10
2755	ATA	8
2755	RCA	4
2755	ACG	4
2755	AMA	3
2755	CAG	2
2756	ACA	254718
2756	ACG	10
2756	GCA	8
2756	AMA	5
2756	ACR	5
2756	RCA	3
2756	AYA	2
2757	AAG	254739
2757	AAA	7
2757	AAK	5
2757	ARG	4
2757	AGG	3
2757	ATG	2
2757	AWG	2
2757	AAR	2
2758	ATA	254699
2758	ATR	11
2758	GTA	11
2758	AWA	3
2758	CTA	2
2758	ATT	2
2758	AKA	2
2759	GCA	254642
2759	ACA	44
2759	GTA	24
2759	RCA	8
2759	KCA	5
2759	GYA	5
2759	TCA	2
2759	GMA	2
2759	GCR	2
2760	CTT	254682
2760	YTT	8
2760	STT	7
2760	CTC	5
2760	CYT	5
2760	CWT	3
2760	CTK	3
2760	CTY	3
2760	TTT	2
2761	AAG	254616
2761	AAA	45
2761	AAT	43
2761	AGG	12
2761	ARG	8
2761	AAR	6
2761	ATG	3
2761	AWG	2
2762	GGT	254556
2762	GKT	43
2762	KGT	8
2762	GGC	4
2762	SGT	4
2762	GTT	3
2762	GGK	2
2763	GGT	254547
2763	GKT	12
2763	KGT	3
2763	GGW	2
2764	AAA	254333
2764	AAG	2
2765	ATT	254229
2765	AAT	42
2765	GTT	21
2765	ATC	7
2765	TTT	6
2765	ATW	5
2765	RTT	4
2765	AYT	4
2765	AWT	3
2765	AKT	3
2765	ATY	3
2765	ACT	2
2766	GTT	254234
2766	ATT	57
2766	GTY	10
2766	GTA	5
2766	GWT	4
2766	KTT	4
2766	GTK	3
2766	RTT	3
2766	GTW	2
2766	GCT	2
2767	AAT	254273
2767	AAC	31
2767	ACA	6
2767	AGT	5
2767	RAT	4
2767	ACT	3
2768	AAT	254290
2768	AAC	5
2768	AAW	3
2768	WAT	3
2768	AAK	3
2768	RAT	3
2769	TGG	254256
2769	TGT	37
2769	AGG	2
2769	TTG	2
2769	KGG	2
2770	TTG	254266
2770	TTA	10
2770	TTT	7
2770	CTG	5
2770	WTG	5
2771	AAG	254246
2771	AAT	44
2771	AAA	6
2771	ARG	4
2771	AGG	4
2771	CAG	3
2771	AAR	2
2771	RAG	2
2772	CAG	254224
2772	CTG	10
2772	CAK	9
2772	MAG	8
2772	CAT	8
2772	TAC	6
2772	CRG	5
2772	CWG	3
2772	YAG	2
2773	TTA	254266
2773	TWA	11
2773	TTG	10
2773	CTG	6
2773	TTW	3
2773	KTA	2
2773	YTA	2
2774	ATT	254268
2774	CTT	8
2774	AYT	4
2774	AWT	3
2774	ATY	3
2774	GTT	2
2775	AAA	254243
2775	AAG	14
2775	AAR	8
2775	AAC	4
2775	WAA	4
2775	ARA	4
2775	GAA	3
2775	RAA	3
2775	AMA	3
2776	GTT	254225
2776	GYT	8
2776	GCC	7
2776	GTY	4
2776	ATT	4
2776	TTT	4
2776	RTT	4
2776	KTT	4
2776	GTC	2
2777	ACA	254196
2777	ATA	23
2777	ACG	13
2777	AMA	8
2777	AYA	5
2777	ACR	3
2777	ACW	3
2777	MCA	3
2777	GCA	2
2778	CTT	254751
2778	CTC	37
2778	TTT	22
2778	CYT	14
2778	TTA	12
2778	ATT	7
2778	YTT	5
2778	CTK	4
2778	CTA	4
2778	CTW	3
2779	GTG	254806
2779	GTA	77
2779	GCG	14
2779	TTG	11
2779	GTT	10
2779	STG	6
2779	KTG	4
2779	GTK	3
2779	GTR	3
2779	RTG	3
2779	GWG	3
2779	GYG	3
2779	GGG	3
2780	TTC	254869
2780	TTT	62
2780	CTC	23
2780	TTY	11
2780	TGT	7
2780	YTC	4
2780	TCC	3
2780	GTC	3
2780	TYC	2
2781	CTT	254943
2781	TTT	54
2781	YTT	11
2781	GTT	10
2781	CTC	8
2781	CTY	7
2781	CCT	4
2781	CTK	3
2781	CYT	3
2782	TTT	255192
2782	GTT	16
2782	TTG	6
2782	TTC	3
2782	CTT	3
2782	TGG	3
2783	GTT	254997
2783	TTT	83
2783	GTC	7
2783	ATA	6
2783	GTY	6
2783	GCT	3
2784	GCT	255024
2784	GTT	17
2784	KCT	5
2784	GYT	3
2784	GCG	3
2784	GCW	3
2784	RCT	3
2784	GCY	2
2784	ACT	2
2784	TCT	2
2785	GCT	254977
2785	ACT	92
2785	GTT	39
2785	GCA	9
2785	TGT	6
2785	GCC	3
2785	GYT	3
2786	ATT	255773
2786	WTT	11
2786	ACC	7
2786	GTC	6
2786	GTT	5
2786	ACT	4
2786	ATY	3
2786	ATC	2
2786	AWT	2
2787	TTC	255708
2787	TTT	83
2787	TTY	19
2787	TGC	18
2787	GTC	4
2787	TWC	2
2788	TAT	255831
2788	TAC	7
2788	TGT	3
2788	TWT	2
2789	TTA	255858
2789	TTT	6
2789	GTA	4
2789	KTA	3
2790	ATA	255908
2790	ACA	13
2790	ATT	7
2790	GTA	6
2790	AYA	3
2790	ATW	3
2790	ATR	3
2791	ACA	252918
2791	ATA	21
2791	AAA	10
2791	GCA	5
2791	AYA	3
2792	CCT	252814
2792	TCT	25
2792	CTT	16
2792	YCT	5
2792	CCY	4
2792	CYT	3
2792	MCT	2
2793	GTT	252973
2793	GTA	13
2793	GTC	13
2793	ATT	6
2793	GYT	3
2793	GTK	3
2793	GGG	3
2793	GCT	2
2794	CAT	252521
2794	TAT	97
2794	CAC	20
2794	YAT	11
2794	CAY	5
2794	CGT	2
2794	AAT	2
2795	GTC	252195
2795	GTT	70
2795	GTY	18
2795	ATC	9
2795	GTG	6
2795	KTC	5
2795	GTS	3
2795	GCC	3
2795	GGC	2
2796	ATG	248184
2796	ATT	318
2796	CTG	90
2796	RTG	13
2796	MTG	13
2796	GTG	11
2796	CTT	6
2796	ATC	6
2796	ATK	5
2796	ACG	2
2796	ATA	2
2796	ATS	2
2796	MTK	2
2797	TCT	246521
2797	TTT	205
2797	TYT	30
2797	TCC	10
2797	ACT	6
2797	GCT	5
2797	TCY	2
2798	AAA	246303
2798	AAG	194
2798	AGA	29
2798	RAA	15
2798	AAW	4
2798	AWA	4
2798	ARA	3
2798	WAA	3
2798	MWA	3
2799	CAT	246203
2799	TAT	137
2799	CAC	37
2799	YAT	14
2799	SAT	3
2799	CWT	2
2799	CAA	2
2800	ACT	246429
2800	AAT	133
2800	ATT	44
2800	ACG	9
2800	AYT	9
2800	GGT	6
2800	RCT	5
2800	ACA	5
2800	GTT	3
2801	GAC	246575
2801	GAT	59
2801	GAY	15
2801	GGC	7
2801	KAC	7
2801	GRC	5
2801	GAS	3
2801	AAC	2
2801	GAM	2
2801	GAA	2
2802	TTT	246653
2802	YTT	9
2802	CTT	3
2802	TYT	3
2802	TWT	2
2803	TCA	246709
2803	GCA	13
2803	TYA	12
2803	CCA	11
2803	TTA	8
2803	KCA	3
2803	TMA	3
2804	AGT	246717
2804	ATT	34
2804	GAT	6
2804	AKT	4
2804	AGY	2
2804	ACT	2
2804	CGT	2
2804	RGT	2
2805	GAA	246777
2805	RAA	23
2805	GWA	3
2805	GRA	3
2805	SAA	3
2806	ATC	244669
2806	ATT	2120
2806	ATY	57
2806	GTC	7
2806	ACC	4
2806	RTC	3
2806	AWC	2
2807	ATA	246969
2807	ATT	8
2807	RTA	3
2807	ATR	3
2807	ATG	2
2807	WTA	2
2808	GGA	246978
2808	GKA	75
2808	GGG	7
2808	GGT	6
2808	GGR	3
2808	KGA	3
2808	DGA	3
2809	TAC	247222
2809	TAT	52
2809	TAY	5
2810	AAG	247265
2810	AAA	11
2810	AAK	4
2810	RAG	4
2810	ARG	3
2810	AAR	2
2810	AAT	2
2811	GCT	247282
2811	KCT	172
2811	GTT	10
2811	GYT	9
2811	SCT	4
2811	TCT	4
2811	RCT	4
2811	GAT	3
2811	ACT	2
2812	ATT	247595
2812	ATA	11
2812	TTT	3
2812	ATC	3
2812	GTT	3
2812	ATY	3
2812	WTT	3
2812	GTA	2
2812	AYT	2
2813	GAT	247594
2813	GAA	9
2813	GAC	6
2813	KAT	4
2813	GGT	4
2813	GAY	2
2814	GGT	247545
2814	GGC	21
2814	GAT	9
2814	GKT	5
2814	AGT	3
2814	TGT	2
2814	RGT	2
2814	GGY	2
2814	GCT	2
2814	GGK	2
2815	GGT	247570
2815	GGC	4
2815	TGT	3
2815	TTT	3
2815	GKT	2
2816	GTC	247648
2816	GTT	19
2816	KTC	11
2816	GYC	6
2816	GTY	5
2816	GTA	4
2817	ACT	247703
2817	ACA	13
2817	ACG	6
2817	AYT	4
2817	ACC	3
2817	ATT	2
2818	CGT	247630
2818	TGT	23
2818	YGT	19
2818	CKT	9
2818	CGC	8
2818	MGT	4
2818	AGT	4
2818	CST	3
2818	CGY	3
2818	CAT	2
2819	GAC	247770
2819	GAT	27
2819	SAC	16
2819	AAC	15
2819	GRC	2
2819	GAY	2
2820	ATA	247843
2820	ATT	7
2820	ATR	5
2820	AYA	4
2820	ACA	2
2821	GCA	247907
2821	GTA	17
2821	ACA	15
2821	TCA	14
2821	GYA	10
2821	GCG	6
2821	SCA	5
2822	TCT	248048
2822	TTT	37
2822	TCC	16
2822	CCT	13
2822	ACT	7
2822	TCG	7
2822	YCT	6
2822	TYT	6
2822	TCA	3
2822	TAT	3
2822	TCY	2
2822	WCT	2
2823	ACA	248093
2823	ATA	41
2823	AYA	11
2823	AAC	6
2823	ACG	4
2823	GCA	2
2823	ACT	2
2824	GAT	248174
2824	GAC	28
2824	GAA	3
2825	ACT	248102
2825	ATT	32
2825	AYT	8
2825	AAT	6
2825	ACC	4
2826	TGT	248149
2826	TGC	47
2826	TGY	11
2826	TKT	4
2826	TGW	3
2827	TTT	248271
2827	YTT	8
2827	TTW	2
2828	GCT	248226
2828	GTT	13
2828	GCC	12
2828	KCT	10
2828	RCT	8
2828	GYT	7
2828	GCG	5
2828	GCY	4
2828	TCT	4
2828	SCT	3
2829	AAC	248259
2829	AAT	59
2829	AAY	7
2829	AWC	3
2829	AAM	3
2829	RAC	2
2829	AGC	2
2830	AAA	248373
2830	AAG	3
2831	CAT	248316
2831	TAT	17
2831	YAT	13
2831	CAC	7
2831	CAW	2
2832	GCT	248255
2832	GTT	22
2832	GCA	14
2832	GYT	9
2832	KCT	5
2832	GCC	3
2832	SCT	3
2833	GAT	248338
2833	GAC	12
2833	GGT	11
2833	GGA	6
2833	AAT	4
2833	GAW	3
2833	KAT	2
2834	TTT	248557
2834	TTC	34
2834	TTY	7
2834	TTK	3
2834	YTY	3
2835	GAC	248427
2835	GAT	24
2835	GAY	10
2835	SAC	3
2835	GMC	3
2835	KAC	3
2835	AAC	3
2835	GRC	2
2836	ACA	248238
2836	ATA	119
2836	ACG	41
2836	AYA	24
2836	TCA	7
2836	GCA	6
2836	ACC	4
2836	AMA	4
2836	ACR	4
2836	RCA	3
2836	ASA	2
2837	TGG	248463
2837	TKG	6
2837	WGG	4
2837	YGG	3
2837	TGK	3
2838	TTT	248569
2838	CTT	9
2838	TTC	2
2839	AGC	236297
2839	AGT	12009
2839	AGY	129
2839	AAC	4
2839	AGM	4
2839	GGC	3
2840	CAG	248506
2840	CAA	45
2840	CGG	6
2840	CAK	3
2840	CWG	2
2840	YAG	2
2840	CAT	2
2841	CGT	248431
2841	CGC	149
2841	CKT	28
2841	YGT	7
2841	SGT	2
2842	GGT	248302
2842	GKT	278
2842	GTT	58
2842	GGY	6
2842	GST	3
2842	RGT	2
2843	GGT	248573
2843	TGT	7
2843	GKT	7
2843	KGT	5
2843	GRT	5
2843	AGT	2
2843	SGT	2
2844	AGT	248513
2844	ATT	16
2844	GGT	12
2844	TCT	7
2844	RGT	4
2844	TGT	3
2844	RKT	3
2844	AKT	3
2844	AGC	2
2844	AGY	2
2844	AGW	2
2845	TAT	248522
2845	TAC	13
2845	TAY	6
2845	TRT	5
2845	YAT	4
2846	ACT	248234
2846	ATT	140
2846	AYT	13
2846	ACC	4
2846	ACW	3
2847	AAT	248316
2847	AAC	34
2847	ACT	4
2847	AAY	4
2848	GAC	248376
2848	GAT	68
2848	GAY	10
2848	GRC	9
2848	RAC	3
2848	GAA	3
2848	KAC	2
2849	AAA	248610
2849	AAG	11
2849	AAR	7
2849	AAC	4
2849	AAT	3
2849	AWA	2
2849	GAA	2
2849	RAA	2
2850	GCT	248578
2850	GTT	30
2850	ACT	17
2850	GCA	7
2850	KCT	6
2850	GCY	5
2850	GYT	5
2850	TCT	2
2851	TGC	248009
2851	TGT	246
2851	TGY	10
2851	TSC	9
2851	TRC	5
2851	TKC	4
2851	KGC	3
2851	TGM	2
2852	CCA	248243
2852	CCG	45
2852	CCW	11
2852	CYA	5
2852	YCA	4
2852	TCA	4
2852	CTA	2
2852	CMA	2
2852	MCA	2
2853	TTG	248350
2853	TTA	10
2853	TTK	6
2853	ATT	6
2853	TTS	4
2853	CTG	3
2853	WTG	3
2854	ATT	248395
2854	ATW	16
2854	ATA	15
2854	GTA	8
2854	GTG	6
2854	GTT	6
2854	RTT	6
2854	WTT	5
2854	AYT	3
2855	GCT	248430
2855	GTT	21
2855	KCT	20
2855	ACT	8
2855	GCA	8
2855	GCC	6
2855	GYT	5
2855	TCT	3
2855	GCY	2
2856	GCA	248418
2856	GTA	25
2856	GCG	18
2856	GCT	14
2856	GYA	13
2856	GCC	6
2856	GCR	3
2856	KCA	3
2857	GTC	248411
2857	GTT	21
2857	GTY	9
2857	GCC	7
2857	GYC	4
2857	TTC	3
2857	ATC	2
2857	RTC	2
2857	GKC	2
2858	ATA	248424
2858	GTA	5
2858	ACA	3
2859	ACA	248332
2859	ATA	31
2859	AYA	11
2859	ACG	7
2859	ACT	7
2859	ACR	6
2860	AGA	248146
2860	AGG	17
2860	CGT	6
2860	AKA	4
2860	ASA	2
2860	CGA	2
2860	AGR	2
2861	GAA	248021
2861	GAG	9
2861	GAT	6
2861	KAA	3
2861	RAA	3
2861	GRA	2
2861	AAA	2
2862	GTG	247727
2862	GTA	147
2862	GAG	10
2862	TTG	9
2862	KTG	7
2862	GCG	7
2862	GYG	6
2862	GTT	3
2862	GTR	2
2863	GGT	247802
2863	GKT	33
2863	KGT	9
2863	GGA	7
2863	GGC	6
2863	GGG	3
2863	GAT	3
2863	AGT	3
2863	GGY	2
2863	RGT	2
2864	TTT	247904
2864	TTG	5
2864	CTT	4
2864	TTC	3
2864	WTT	3
2864	TCT	3
2864	ATT	2
2865	GTC	247858
2865	GTT	30
2865	GTA	7
2865	ATC	5
2865	GKC	4
2865	GTY	2
2865	GCC	2
2866	GTG	247670
2866	ATG	79
2866	GTA	14
2866	GTT	8
2866	RTG	8
2866	TTG	4
2866	GTC	3
2866	GWG	3
2866	GAG	3
2866	GCG	2
2867	CCT	247740
2867	CCW	15
2867	CAT	3
2867	CCY	2
2867	CCA	2
2867	CCC	2
2868	GGT	247683
2868	AGT	17
2868	GGK	5
2868	GGY	4
2868	GGA	3
2868	KGT	3
2868	GKT	2
2869	TTG	247524
2869	TTC	128
2869	TTA	14
2869	TTS	11
2869	TTT	11
2869	CTG	7
2869	WTG	4
2869	TKG	3
2869	GTG	3
2869	TCG	2
2870	CCT	247629
2870	CCA	12
2870	CCY	7
2870	YCT	3
2870	CYT	3
2870	CCW	2
2870	CAT	2
2870	CTT	2
2870	CCC	2
2871	GGC	247570
2871	GGT	22
2871	GGA	8
2871	KGC	7
2871	GGY	6
2871	AGC	6
2871	GKC	2
2872	ACG	247528
2872	ACA	13
2872	ACT	8
2872	AYG	7
2872	ATG	6
2872	RCG	5
2872	GCG	5
2872	WCG	3
2872	AAG	2
2872	ACK	2
2873	ATA	247602
2873	ACA	382
2873	ATG	22
2873	GTA	16
2873	ATT	12
2873	AYA	4
2873	ATR	3
2873	ATW	2
2873	ABA	2
2874	TTA	247468
2874	AAA	364
2874	TTG	122
2874	TCA	17
2874	TAA	15
2874	CTA	9
2874	TTC	9
2874	WTA	4
2874	TYA	4
2874	TTR	3
2874	ATA	3
2874	WAA	2
2874	WWA	2
2875	CGC	247838
2875	CGT	18
2875	SGC	14
2875	CAC	13
2875	YGC	10
2875	TGC	8
2875	BGC	7
2875	CRC	5
2875	CVC	3
2875	MGC	3
2875	CGY	3
2875	GGC	2
2876	ACA	248055
2876	ATA	40
2876	GCA	11
2876	ACR	6
2876	AYA	5
2876	WCA	3
2876	ACT	2
2876	ACM	2
2877	ACT	249362
2877	ATT	42
2877	AYT	11
2877	RCT	6
2877	TTA	6
2877	ACW	4
2877	AAT	3
2877	GCT	2
2877	ACY	2
2878	AAT	251709
2878	AAC	29
2878	AGT	6
2879	GGT	252145
2879	AGT	12
2879	GKT	9
2879	KGT	4
2880	GAC	252329
2880	GAT	53
2880	GAY	14
2880	GRC	5
2880	AAC	3
2880	GMC	2
2881	TTT	252327
2881	TTC	25
2881	YTT	7
2881	CTT	2
2881	TYT	2
2882	TTG	253096
2882	TTA	6
2882	TCG	4
2882	TTR	3
2882	TTK	3
2882	TTT	2
2883	CAT	253237
2883	CWT	9
2883	CAC	5
2883	CAY	4
2883	CTT	3
2884	TTC	255720
2884	TTT	681
2884	TTY	38
2884	YTC	7
2884	TYC	4
2884	WTC	2
2884	TGC	2
2885	TTA	256472
2885	TYA	3
2885	WTA	3
2886	CCT	256497
2886	YCT	9
2886	CYT	5
2886	CCY	3
2886	MCT	3
2886	TCT	3
2886	CCC	3
2887	AGA	256486
2887	AKA	24
2887	ASA	3
2888	GTT	256490
2888	KTT	13
2888	GTG	6
2888	GTK	4
2888	GTC	4
2888	GYT	3
2888	GTY	2
2889	TTT	256556
2889	TTC	11
2889	TCT	3
2889	YTT	3
2889	TTY	3
2889	CTT	2
2889	TYT	2
2890	AGT	256532
2890	AKT	20
2890	AAT	12
2890	AGY	11
2890	MGT	3
2890	ART	2
2891	GCA	256467
2891	GTA	61
2891	GYA	15
2891	ACA	11
2891	KCA	9
2891	GCT	7
2892	GTT	256483
2892	GTC	33
2892	TTT	19
2892	KTT	15
2892	GTY	4
2892	GTK	3
2892	GYT	2
2893	GGT	256390
2893	GGC	102
2893	GKT	86
2893	KGT	6
2893	GST	3
2893	GRT	3
2893	CGT	2
2893	RGT	2
2893	GGY	2
2893	SGT	2
2894	AAC	256547
2894	AAT	29
2894	AGC	18
2894	AAY	6
2894	GAC	4
2895	ATC	255886
2895	ATT	695
2895	ATY	35
2896	TGT	256583
2896	TGC	21
2896	TKT	6
2896	TGY	2
2897	TAC	256328
2897	TAT	94
2897	TAY	16
2897	TGC	2
2898	ACA	256422
2898	AYA	6
2898	ATA	3
2899	CCA	256372
2899	CCC	17
2899	YCA	9
2899	CCT	7
2899	CYA	7
2899	CTA	6
2899	CCG	4
2899	TCA	3
2899	CCM	2
2900	TCA	256160
2900	TTA	178
2900	TYA	43
2900	TCC	7
2900	CCA	6
2900	TCG	5
2900	TCM	3
2900	TMA	2
2900	TCW	2
2900	YCA	2
2901	AAA	256418
2901	AGA	2
2901	AAG	2
2902	CTT	256419
2902	YTT	7
2902	MTT	3
2902	ATT	2
2903	ATA	256373
2903	ATT	18
2903	GTA	4
2903	ATW	2
2903	AYA	2
2903	AWA	2
2903	RTA	2
2904	GAG	256297
2904	GAT	28
2904	GGG	15
2904	GAK	7
2904	GRG	5
2904	GAA	3
2905	TAC	256261
2905	TAT	49
2905	TAY	14
2905	TRC	3
2906	ACT	255941
2906	ACG	255
2906	ATT	75
2906	AYT	18
2906	ACA	11
2906	GCT	11
2906	ACK	6
2906	ACW	2
2907	GAC	256182
2907	GAT	31
2907	AAC	12
2907	GAY	5
2907	SAC	2
2907	KAC	2
2908	TTT	256198
2908	TTC	7
2908	YTT	5
2908	ATT	4
2908	TKT	3
2908	TYT	2
2908	CTT	2
2909	GCA	256099
2909	GTA	66
2909	GCG	27
2909	GYA	10
2909	SCA	6
2909	ACA	5
2909	RCA	4
2909	GCR	3
2909	TCA	2
2910	ACA	256185
2910	ACG	16
2910	ATA	11
2910	GCA	7
2910	AYA	7
2910	WCA	3
2910	ACW	3
2910	ACT	2
2911	TCA	256289
2911	TCC	6
2911	GCA	4
2911	TCG	4
2911	YCA	4
2911	CCA	2
2911	TMA	2
2911	KCA	2
2912	GCT	256149
2912	KCT	134
2912	GYT	9
2912	GCC	8
2912	GCY	4
2913	TGT	256331
2913	TKT	3
2913	YGT	3
2913	TGW	3
2913	TGC	2
2913	TTT	2
2914	GTT	256322
2914	KTT	5
2914	GWT	4
2914	GYT	3
2914	GTC	2
2915	TTG	256329
2915	TTA	20
2916	GCT	256269
2916	GCC	59
2916	GCA	10
2916	GYT	5
2916	GAT	3
2917	GCT	256350
2917	GYT	4
2917	GCY	4
2917	GCC	3
2917	GYY	3
2917	KCT	3
2918	GAA	256307
2918	RAA	16
2918	GAG	9
2918	GAR	5
2919	TGT	256351
2919	TGC	25
2919	TGY	7
2919	KGT	3
2920	ACA	256363
2920	GCA	8
2920	ACC	6
2920	AYA	5
2920	ACW	2
2921	ATT	255527
2921	WTT	13
2921	ATA	6
2921	TTT	4
2921	ATW	3
2921	ATC	3
2921	CTT	2
2921	AAT	2
2922	TTT	256373
2922	TTC	15
2923	AAA	256350
2923	AAG	14
2923	AAR	4
2923	WAA	3
2924	GAT	256183
2924	GAC	187
2924	GAY	5
2924	GAG	3
2924	GGT	2
2924	GMT	2
2925	GCT	256318
2925	GTT	20
2925	GMT	9
2925	GCA	6
2925	GYT	4
2925	SCT	4
2925	GCY	4
2925	GCC	3
2925	KCT	2
2926	TCT	256350
2926	GCT	20
2926	TTT	12
2926	TMT	3
2926	TAT	2
2926	TCC	2
2927	GGT	256397
2927	GGC	10
2927	GGA	6
2927	AGT	5
2928	AAG	256318
2928	AAT	60
2928	AAA	16
2928	AAK	6
2928	AAS	5
2928	AGG	5
2928	AAR	3
2929	CCA	256329
2929	TCA	45
2929	CTA	17
2929	CCR	8
2929	YCA	8
2929	CCT	7
2929	CYA	7
2929	CCG	4
2929	CCW	3
2929	CAA	2
2930	GTA	256409
2930	GTG	13
2930	KTA	7
2930	TTA	6
2930	CTA	3
2930	GTW	3
2930	ATA	2
2930	GYA	2
2930	GCA	2
2931	CCA	256427
2931	CCG	13
2931	CCT	6
2931	TCA	4
2931	CAA	3
2932	TAT	256428
2932	YAT	5
2932	TRT	4
2932	TAY	3
2933	TGT	256405
2933	TGC	14
2933	TKT	14
2933	TAT	3
2934	TAT	256435
2934	TAC	10
2934	TAW	3
2935	GAT	256332
2935	GAC	110
2935	SAT	5
2935	GAY	3
2936	ACC	256331
2936	ACT	62
2936	ACY	28
2936	ATC	20
2936	AYC	7
2936	ACM	4
2936	AAC	2
2937	AAT	256438
2937	ART	4
2938	GTA	256449
2938	GTG	11
2938	KTA	3
2938	ATA	2
2939	CTA	256419
2939	TTA	22
2939	CTC	6
2939	CAA	3
2939	YTA	3
2940	GAA	256136
2940	GAG	278
2940	SAA	2
2940	RAA	2
2940	KAA	2
2941	GGT	256432
2941	AGT	6
2941	GKT	4
2942	TCT	256430
2942	TCC	24
2942	CCT	3
2943	GTT	256335
2943	ATT	92
2943	KTT	9
2943	GTC	7
2943	GTA	6
2943	TTT	3
2943	GTW	3
2943	STT	2
2944	GCT	256259
2944	GTT	113
2944	GYT	34
2944	TCT	8
2944	SCT	6
2944	CCT	6
2944	KCT	5
2944	ACT	4
2944	GCA	2
2945	TAT	256434
2945	YAT	3
2945	TAC	2
2945	TAY	2
2946	GAA	256399
2946	RAA	16
2946	GGA	6
2946	GAC	3
2946	KAA	2
2946	AAA	2
2947	AGT	256364
2947	AAT	43
2947	TCA	6
2947	AGC	4
2947	GGT	4
2947	AKT	3
2947	MGT	3
2947	AGY	2
2948	TTA	256351
2948	CTA	61
2948	ATA	8
2948	CTC	7
2948	CTT	6
2948	YTA	4
2948	TTG	3
2948	TTW	2
2948	TYA	2
2949	CGC	256290
2949	YGC	34
2949	CGT	27
2949	CAC	20
2949	TGC	13
2949	CSC	10
2949	CGY	4
2949	CKC	3
2950	CCT	256344
2950	TCT	43
2950	CCA	25
2950	CTT	8
2950	YCT	6
2950	CAT	4
2951	GAC	256392
2951	GAT	21
2951	AAC	12
2951	KAC	5
2951	SAC	3
2951	GAA	2
2952	ACA	256141
2952	ATA	254
2952	AYA	4
2952	ACG	2
2953	CGT	256363
2953	CGC	21
2953	CKT	8
2953	YGT	5
2954	TAT	256395
2954	TAC	10
2955	GTG	255715
2955	GTT	640
2955	GTK	23
2955	GTC	12
2955	GTA	5
2955	GYG	3
2955	KTG	3
2955	TTG	2
2955	RTG	2
2956	CTC	256338
2956	CTT	16
2956	CTY	15
2956	YTC	11
2956	TTG	6
2956	TTC	4
2956	ATC	4
2956	YTY	3
2957	ATG	256369
2957	ATK	9
2957	ATA	7
2957	ATT	6
2957	AYG	3
2957	CTG	3
2957	GTG	2
2957	RTG	2
2958	GAT	256372
2958	GAC	18
2958	GMT	7
2958	KAT	5
2958	GAY	4
2958	GGT	3
2959	GGC	255997
2959	GKC	278
2959	GGT	82
2959	GGY	5
2959	GAC	5
2959	GRC	4
2959	KGC	3
2959	TGC	2
2959	AGC	2
2960	TCT	256343
2960	TYT	16
2960	TCC	7
2960	TTT	6
2960	KCT	4
2960	YCT	3
2960	TCG	3
2960	TCA	2
2961	ATT	256356
2961	ATC	10
2961	ATA	7
2961	AKT	2
2961	ATY	2
2962	ATT	256212
2962	ATA	105
2962	ATC	52
2962	AYT	4
2962	ATY	3
2963	CAA	256322
2963	CGA	18
2963	YAA	12
2963	CAT	6
2963	CAR	2
2963	CAW	2
2964	TTT	256306
2964	TTC	47
2964	TTY	5
2964	TYT	4
2965	CCT	256337
2965	TCT	4
2965	YCT	4
2965	CYT	3
2965	CCC	2
2966	AAC	256291
2966	AAT	27
2966	AAA	22
2966	AAY	7
2966	AGC	7
2966	RAC	4
2967	ACC	256002
2967	ATC	195
2967	ACT	97
2967	AYC	27
2967	ACY	9
2967	ACG	6
2967	AAC	3
2968	TAC	256301
2968	TAT	29
2968	CAC	18
2968	YAC	8
2968	TAY	4
2968	TWC	3
2968	TAM	3
2969	CTT	256005
2969	CTC	234
2969	TTT	89
2969	YTT	20
2969	CCT	6
2969	CYT	4
2969	CTY	4
2970	GAA	256361
2970	GAG	9
2970	GAM	6
2970	SAA	4
2970	KAA	2
2970	TAA	2
2971	GGT	256345
2971	RGT	11
2971	AGT	7
2971	KGT	7
2971	GKT	4
2971	GST	3
2971	GGY	3
2972	TCT	256272
2972	TTT	58
2972	TYT	13
2972	CCT	9
2972	TAT	3
2973	GTT	256378
2973	GYT	3
2973	ATT	3
2973	GTC	2
2973	KTT	2
2974	AGA	256355
2974	AKA	3
2974	AGW	3
2974	GGA	2
2974	AGG	2
2975	GTG	256031
2975	GTT	194
2975	GTA	56
2975	TTG	22
2975	GTK	13
2975	GTC	10
2975	GTR	8
2975	RTG	2
2976	GTA	256290
2976	GTT	25
2976	GTG	7
2976	GYA	6
2976	TTA	4
2976	KTA	4
2976	GTR	3
2976	ATA	2
2977	ACA	256135
2977	ACG	69
2977	ATA	33
2977	AAA	19
2977	AYA	17
2977	GCA	3
2977	RCA	2
2977	ACT	2
2978	ACT	256278
2978	ATT	38
2978	ACY	18
2978	AYT	11
2978	ACC	4
2978	AMT	3
2978	ACK	3
2978	ACG	3
2979	TTT	256349
2979	TTC	9
2979	YTT	5
2979	KWW	3
2979	TGT	2
2979	TCT	2
2980	GAT	255966
2980	GGT	213
2980	GAC	105
2980	TAT	32
2980	GCT	19
2980	GRT	11
2980	KAT	6
2980	AAT	6
2980	RAT	3
2980	GAG	3
2980	SMK	3
2980	ATA	2
2981	TCT	256310
2981	TTT	70
2981	TYT	11
2981	TCA	9
2981	TCC	5
2981	YCT	3
2981	TCW	3
2981	WCT	3
2981	CCT	3
2981	YCK	3
2981	TAT	2
2981	AGA	2
2982	GAG	256516
2982	GAA	8
2982	GAT	8
2982	KAG	3
2982	CAG	3
2982	GAC	2
2983	TAC	256630
2983	TAT	55
2983	TAY	13
2983	YAC	2
2983	AGC	2
2984	TGT	256823
2984	TKT	2
2985	AGG	256755
2985	AGA	29
2985	AAG	20
2985	AKG	14
2985	AGR	5
2985	ARG	3
2985	GGG	3
2985	AGK	2
2986	CAC	256193
2986	CAT	606
2986	CAY	29
2986	YAC	7
2986	CAM	2
2987	GGC	256763
2987	GGT	43
2987	AGC	6
2987	GGY	5
2987	TGC	4
2987	RGC	4
2987	GTC	2
2987	GKC	2
2987	SGC	2
2988	ACT	256999
2988	ATT	11
2988	ACA	8
2988	ACY	6
2988	GCT	2
2989	TGT	257012
2989	TGC	10
2989	TKT	4
2989	CGT	3
2989	TST	3
2990	GAA	256969
2990	RAA	18
2990	GAW	14
2990	GAT	11
2990	GAG	4
2990	KAA	4
2990	GAR	3
2991	AGA	256979
2991	CGA	10
2991	AAA	8
2991	AGC	4
2991	AKA	4
2991	AGG	3
2991	RGA	3
2991	GGA	3
2991	AGR	2
2991	ACA	2
2991	WGA	2
2991	ATA	2
2992	TCA	256986
2992	TCT	13
2992	TCG	10
2992	TYA	4
2992	TCR	2
2993	GAA	256967
2993	KAA	15
2993	GGA	11
2993	GAT	8
2993	GAG	7
2993	GAR	5
2993	RAA	5
2993	GAC	4
2993	AAA	3
2993	GRA	2
2993	TAA	2
2994	GCT	250902
2994	GTT	880
2994	GYT	29
2994	GCA	10
2994	KCT	10
2994	TTT	8
2994	ACT	2
2995	GGT	251507
2995	GKT	351
2995	GGC	16
2995	GTT	2
2996	GTT	251849
2996	ATT	7
2996	ATC	7
2996	KTT	4
2996	TTT	2
2996	GTY	2
2996	GCT	2
2997	TGT	251864
2997	TGY	4
2997	TKT	2
2997	TGC	2
2997	YGT	2
2998	GTA	251824
2998	GTG	13
2998	GTR	8
2998	GTT	6
2998	ATA	3
2998	KTA	3
2999	TCT	251824
2999	TCC	15
2999	TYT	2
3000	ACT	251593
3000	ATT	50
3000	ACA	10
3000	AST	8
3000	AYT	6
3000	ACC	2
3000	ACW	2
3000	TCT	2
3001	AGT	251034
3001	AAT	52
3001	AKT	8
3001	GGT	7
3001	AST	3
3001	TGT	3
3001	AGC	2
3001	ART	2
3002	GGT	251074
3002	GKT	12
3002	AGT	4
3002	KGT	4
3002	RGT	3
3002	TGT	2
3002	SGT	2
3003	AGA	250788
3003	AGG	13
3003	AGR	8
3003	WGA	8
3003	MGA	3
3003	AKM	3
3003	GGA	2
3004	TGG	250678
3004	TCG	7
3004	TGK	5
3004	TRG	3
3004	TGR	3
3004	TKG	3
3005	GTA	250692
3005	ATA	25
3005	GTG	25
3005	GTM	6
3005	KTA	5
3005	RTA	3
3005	TTA	2
3006	CTT	250717
3006	CTC	8
3006	TTT	6
3006	CCT	4
3006	CTW	3
3006	CWT	3
3007	AAC	250312
3007	AAT	415
3007	AAY	23
3007	AWC	3
3008	AAT	250405
3008	AAC	331
3008	AAY	9
3008	ART	3
3009	GAT	250756
3009	GAC	6
3009	KAT	6
3009	RAT	4
3009	GRT	4
3009	GAY	2
3010	TAT	250784
3010	CAT	8
3010	TTT	3
3010	TAY	3
3011	TAC	250783
3011	TAT	45
3011	TAY	6
3011	YAC	5
3011	TWC	3
3011	TRC	2
3012	AGA	250747
3012	AGG	37
3012	AAA	11
3012	AGR	4
3012	RGA	3
3012	AKA	3
3012	ARA	2
3013	TCT	250753
3013	TYT	7
3013	CCT	6
3013	TCA	6
3013	TCC	4
3013	TCY	3
3013	TMT	3
3013	KCT	2
3014	TTA	250779
3014	TTG	18
3014	CTA	8
3015	CCA	250729
3015	CCG	8
3015	CCT	8
3015	TCA	7
3015	YCA	4
3015	CYA	4
3016	GGA	250689
3016	KGA	7
3016	GGT	7
3016	GGR	4
3016	GGM	3
3016	GKA	2
3017	GTT	250610
3017	KTT	22
3017	TTT	13
3017	GTG	13
3017	GTC	7
3017	GTY	4
3017	RTT	3
3017	DTT	3
3017	STT	2
3018	TTC	250550
3018	TTT	143
3018	TTY	21
3018	TTA	7
3018	YTC	6
3018	TYC	5
3018	TTM	2
3019	TGT	250654
3019	TGC	16
3019	TST	6
3019	TGY	5
3019	YKT	2
3019	AGT	2
3019	TKT	2
3020	GGT	250545
3020	KGT	3
3020	TTT	3
3020	GGA	3
3020	AGT	3
3021	GTA	250574
3021	GTT	10
3021	GTR	8
3021	GTG	6
3021	STA	3
3022	GAT	250597
3022	GGT	3
3023	GCT	250480
3023	GTT	27
3023	TCT	7
3023	GYT	6
3023	KCT	5
3023	GCC	5
3023	GST	3
3023	CCT	2
3024	GTA	250546
3024	GTG	12
3024	KTA	5
3024	STA	3
3024	TTA	3
3024	GWA	2
3025	AAT	250540
3025	AGT	25
3025	AAW	13
3025	TAT	4
3025	AAA	4
3025	AWT	3
3025	AAC	2
3026	TTA	250600
3026	CTC	6
3026	TYA	3
3026	TTG	3
3027	CTT	250381
3027	TTT	150
3027	YTT	18
3027	TTA	6
3027	CAT	3
3027	CTC	2
3028	ACT	250550
3028	ATT	21
3028	ACA	6
3028	AYT	5
3028	ACC	5
3028	AAA	3
3028	ACW	3
3028	ACY	3
3029	AAT	250596
3029	AAC	19
3029	ACT	6
3029	AMT	4
3029	AAA	3
3029	AAY	3
3029	AWT	2
3030	ATG	250630
3030	ATA	7
3030	ATK	4
3030	AYG	3
3030	GTG	3
3031	TTT	250608
3031	TTC	19
3031	KTT	4
3031	YTT	2
3031	TCT	2
3032	ACA	250504
3032	ATA	101
3032	AYA	12
3032	ACG	2
3033	CCA	250601
3033	CCT	7
3033	CCR	4
3034	CTA	250602
3034	TTA	21
3034	TTG	6
3034	YTA	5
3034	CTR	3
3034	CWA	2
3035	ATT	251099
3035	ATG	9
3035	ATY	6
3035	ATC	2
3036	CAA	251085
3036	AAA	4
3036	YAA	4
3036	MAA	3
3036	CAG	3
3036	CGA	2
3037	CCT	251048
3037	CCG	7
3037	YCT	7
3037	CCY	5
3037	CTT	3
3037	CMT	3
3037	CCK	2
3038	ATT	251065
3038	ATA	4
3038	GTT	4
3038	RTT	3
3039	GGT	251054
3039	GRT	5
3039	GST	3
3039	GGK	3
3040	GCT	251068
3040	GCY	9
3040	GYT	7
3040	KCT	4
3040	GCK	4
3040	GTT	4
3040	GCC	3
3040	ACT	3
3040	GGT	2
3041	TTG	251678
3041	TTA	18
3041	GTG	3
3041	TTR	2
3041	TYG	2
3042	GAC	251584
3042	AAC	184
3042	GAT	34
3042	GAY	8
3042	KAC	4
3042	GRC	2
3043	ATA	251793
3043	AYA	8
3043	ATM	4
3044	TCA	251808
3044	TCT	8
3044	TMA	4
3044	TYA	4
3044	TCR	3
3045	GCA	251779
3045	GTA	9
3045	KCA	7
3045	GCT	7
3045	GCG	7
3045	ACA	5
3045	RCA	3
3045	GCR	3
3045	GYA	3
3045	GCC	2
3046	TCT	251821
3046	TCA	9
3046	TYT	5
3046	CCA	4
3046	CCT	2
3046	TCC	2
3046	YCT	2
3047	ATA	251631
3047	ATT	14
3047	AYA	3
3047	ACA	3
3047	CGA	2
3048	GTA	251394
3048	GTG	201
3048	GTT	7
3048	GCA	5
3048	GTR	4
3048	GYA	3
3048	ATA	3
3049	GCT	251523
3049	GCA	11
3049	GCC	7
3049	GCG	7
3049	GYT	7
3049	SCT	3
3049	RCT	2
3049	GAT	2
3050	GGT	251516
3050	GKT	7
3050	GGA	7
3050	KGT	7
3050	GGY	4
3050	GST	3
3050	GGC	2
3051	GGT	251535
3051	GGC	8
3051	GKT	6
3051	KGT	5
3051	GGY	3
3051	GTT	2
3052	ATT	251466
3052	GTT	65
3052	ATC	16
3052	TTA	6
3052	RTT	3
3053	GTA	250900
3053	GTT	16
3053	GTG	9
3053	TTA	7
3053	KTA	5
3053	STA	2
3053	RTA	2
3054	GCT	250854
3054	KCT	8
3054	GCY	7
3054	GYT	3
3054	ACT	3
3054	GCC	2
3055	ATC	249262
3055	ATT	1392
3055	ATY	150
3055	ACC	27
3055	ATA	15
3055	WTC	3
3055	AYC	2
3056	GTA	250339
3056	GTT	424
3056	ATA	44
3056	KTA	8
3056	GTG	7
3056	TTT	6
3056	TTA	6
3056	GTR	4
3056	GTW	3
3057	GTA	250837
3057	TTA	12
3057	GTG	8
3057	GTR	6
3057	ATA	4
3057	KTA	4
3057	GTT	2
3058	ACA	250212
3058	ATA	560
3058	ACG	45
3058	AYA	37
3058	ACT	7
3058	GCA	3
3059	TGC	250599
3059	GGC	116
3059	TGT	74
3059	AGC	48
3059	TCC	4
3059	TRC	3
3059	WGC	2
3059	TSC	2
3060	CTT	250766
3060	TTT	21
3060	CTC	17
3060	YTT	7
3060	CTA	7
3060	CYT	4
3060	CKT	4
3060	CWT	3
3060	ATT	3
3060	MTT	3
3060	CTY	2
3061	GCC	250774
3061	GCT	42
3061	GTC	19
3061	GCY	14
3061	SCC	13
3061	GCA	6
3061	GYC	5
3061	TCC	2
3061	GMC	2
3062	TAC	250821
3062	TAT	28
3062	TAY	6
3062	YAC	3
3062	TAS	2
3062	CAC	2
3063	TAT	250853
3063	TAC	14
3064	TTT	250827
3064	YTT	3
3065	ATG	250792
3065	ACG	8
3065	ATA	4
3065	ATK	4
3065	RTG	4
3066	AGG	250719
3066	AGT	33
3066	AGA	12
3066	AGK	10
3066	ASG	3
3066	WGG	3
3066	RGG	3
3067	TTT	250761
3067	TTC	6
3067	KTT	3
3067	GTT	3
3068	AGA	250747
3068	AGG	8
3068	AGM	3
3068	AGR	3
3068	ARA	3
3068	AAA	2
3069	AGA	250719
3069	ASA	8
3069	AAA	4
3069	AGM	3
3069	MGA	3
3069	RGA	3
3069	WGA	3
3069	AKA	2
3069	AGG	2
3069	ACA	2
3070	GCT	250200
3070	GTT	295
3070	GCY	47
3070	GYT	29
3070	ACT	27
3070	RCT	11
3070	TCT	3
3070	GCW	3
3071	TTT	248270
3071	TAT	2475
3071	YTT	9
3071	TWT	9
3071	TTK	3
3071	KTT	3
3072	GGT	250989
3072	TGT	390
3072	KGT	42
3072	GGC	11
3072	AGT	6
3072	GST	3
3072	RGT	2
3072	SGT	2
3072	GGK	2
3073	GAA	251442
3073	GMA	22
3073	GGA	16
3073	GAC	13
3073	GCA	11
3073	GAG	5
3073	GAT	4
3073	GRA	4
3073	GWA	3
3073	GTA	2
3074	TAC	251605
3074	CAC	22
3074	TAT	17
3074	TAY	3
3074	TAM	3
3074	TGC	2
3075	AGT	251809
3075	GGT	6
3075	AKT	4
3075	AAA	3
3075	AGY	2
3075	AAT	2
3075	AGC	2
3076	CAT	251623
3076	TAT	334
3076	YAT	23
3076	CCT	5
3076	CAC	5
3076	CAY	2
3077	GTA	251981
3077	GTG	8
3077	GCA	5
3077	CAG	3
3077	GTW	2
3078	GTT	251937
3078	GCT	27
3078	GYT	3
3078	GTC	3
3078	GTY	2
3078	STT	2
3078	ATT	2
3079	GCC	251811
3079	ACC	61
3079	GCY	61
3079	GCT	34
3079	GTC	4
3079	SCC	3
3079	AGA	3
3079	KCC	2
3079	GSC	2
3079	GYC	2
3080	TTT	256341
3080	TTC	14
3081	AAT	256315
3081	AAC	34
3081	AGT	6
3081	AAY	2
3081	ART	2
3082	ACT	256294
3082	ATT	21
3082	ACK	10
3082	ACC	9
3082	ACY	7
3082	AYT	4
3082	ACG	3
3083	TTA	256271
3083	TTG	81
3083	CTC	6
3083	CTG	6
3083	TTR	4
3083	TCA	3
3084	CTA	256280
3084	TTA	75
3084	TTG	6
3084	CTC	5
3084	CCA	3
3084	CTR	3
3084	CTM	3
3084	CWA	3
3084	CTW	2
3085	TTC	255695
3085	CTC	573
3085	TTT	51
3085	TCC	31
3085	TGC	13
3085	TTY	7
3085	TYC	6
3085	TTM	3
3085	TKC	2
3086	CTT	256239
3086	ATT	86
3086	TTT	72
3086	YTT	8
3086	TTG	6
3086	MTT	3
3087	ATG	253388
3087	ATT	2922
3087	ATK	97
3087	ATA	5
3087	GTG	5
3087	ATC	4
3088	TCA	256376
3088	TCG	17
3088	TYA	7
3088	TCC	6
3088	TCR	5
3088	TCT	2
3089	TTC	256283
3089	TTT	117
3089	TTY	13
3089	KTC	9
3089	CTC	4
3089	TYC	3
3089	GTC	2
3090	ACT	256362
3090	ATT	29
3090	AAT	10
3090	ACC	9
3090	AST	3
3090	AYT	3
3091	GTA	256396
3091	ATA	13
3092	CTC	256252
3092	CTT	107
3092	CTY	31
3092	CYC	4
3092	CAC	3
3092	YTC	2
3093	TGT	256388
3093	TGC	9
3093	TKT	3
3094	TTA	256378
3094	TTW	6
3094	TYA	5
3094	CTT	5
3094	TTG	5
3094	CTA	2
3095	ACA	256382
3095	GCA	6
3095	ACG	5
3096	CCA	256336
3096	CCG	6
3096	CCT	6
3096	YCA	3
3096	CCR	3
3097	GTT	256315
3097	GTG	5
3097	GCT	4
3097	KTT	3
3097	GTC	3
3097	ATT	2
3098	TAC	255700
3098	TAT	160
3098	TAY	8
3098	CAC	2
3099	TCA	255560
3099	TTA	205
3099	TYA	50
3099	TCG	26
3099	AGT	5
3100	TTC	255670
3100	TTT	175
3100	TTY	31
3100	TTA	4
3101	TTA	255860
3101	CTA	4
3101	TTG	2
3102	CCT	255749
3102	CCA	5
3102	CCY	3
3102	CMT	2
3102	TCT	2
3103	GGT	255499
3103	GGK	6
3103	AGT	4
3103	GGC	2
3104	GTT	255484
3104	KTT	7
3105	TAT	255435
3105	TAC	10
3105	TWT	2
3106	TCT	255408
3106	TCA	7
3106	TYT	6
3106	YCT	3
3106	TCC	2
3107	GTT	255377
3107	GGT	18
3107	TTT	13
3107	KTT	6
3107	ATT	5
3107	GTY	3
3108	ATT	255400
3108	GTT	9
3108	TTT	6
3108	RTT	2
3108	ACT	2
3108	AYT	2
3109	TAC	255394
3109	TAT	36
3109	TAY	4
3110	TTG	255320
3110	TTA	71
3110	TCG	2
3110	CTG	2
3111	TAC	255184
3111	TAT	196
3111	TAY	9
3111	CAC	6
3111	YAC	3
3112	TTG	255341
3112	TTT	30
3112	TKG	6
3112	YTG	3
3112	TTA	3
3112	TYG	2
3112	TTK	2
3113	ACA	255278
3113	ATA	77
3113	AYA	13
3113	ACW	6
3113	WCA	3
3113	ACR	2
3114	TTT	255368
3114	TTC	8
3114	TTY	2
3115	TAT	255399
3116	CTT	255268
3116	TTT	98
3116	YTT	29
3116	STT	3
3116	CTW	2
3116	ATT	2
3117	ACT	255351
3117	AYT	27
3117	ATT	17
3117	GCT	8
3117	ACW	3
3118	AAT	255385
3118	AWT	3
3118	AAY	2
3118	AAA	2
3118	AAC	2
3119	GAT	255388
3119	GAC	6
3119	KAT	5
3119	GAY	3
3119	GTT	2
3119	GGT	2
3120	GTT	255334
3120	GTY	25
3120	TTT	17
3120	KTT	11
3120	GTC	4
3120	TAT	3
3121	TCT	254981
3121	TCY	19
3121	TYT	14
3121	TCA	6
3121	TCC	2
3121	TMT	2
3122	TTT	255358
3122	TCT	17
3122	TTC	10
3122	YTT	7
3122	TYT	3
3123	TTA	255229
3123	TTT	126
3123	TTW	15
3123	TTG	5
3123	KTA	3
3124	GCA	255279
3124	GTA	22
3124	GCR	10
3124	GYA	10
3124	SCA	8
3124	GCT	6
3124	RCA	2
3125	CAT	255286
3125	CAC	13
3125	CAY	13
3125	TAT	8
3125	YAT	4
3125	SAT	2
3125	CCT	2
3126	ATT	255241
3126	ATC	20
3126	AGT	14
3126	GTT	11
3126	ATY	9
3126	ACT	6
3126	RTT	3
3126	AAT	3
3126	AKT	2
3127	CAG	255166
3127	CAA	15
3127	YAG	6
3127	CAT	5
3127	CGG	4
3127	CAK	3
3128	TGG	255119
3128	TGK	18
3128	AGG	5
3128	TGR	3
3128	YGG	2
3129	ATG	255042
3129	ATT	38
3129	GTG	12
3129	ATK	7
3129	ATA	6
3129	AYG	3
3129	ATR	2
3129	AGG	2
3130	GTT	255111
3130	TTT	11
3130	GTC	9
3130	KTT	6
3130	GYT	5
3130	RTT	3
3131	ATG	255076
3131	GTG	13
3131	ACG	6
3131	ATT	5
3131	ATK	4
3131	AYG	2
3131	RTG	2
3132	TTC	255055
3132	TTT	91
3132	TTY	21
3132	TTM	6
3132	TCC	4
3132	CTC	3
3133	ACA	255130
3133	ACT	6
3133	AYA	4
3133	ACW	2
3133	CCA	2
3134	CCT	255083
3134	CCC	65
3134	TCT	41
3134	SCT	11
3134	CYT	8
3134	YCT	5
3134	CCY	5
3134	CTT	4
3134	CCW	3
3134	GCT	3
3135	TTA	255164
3135	CTA	19
3135	YTA	4
3136	GTA	255179
3136	GTG	4
3137	CCT	255142
3137	CCY	8
3137	CCG	4
3137	CMT	2
3138	TTC	255097
3138	TTT	49
3138	TTY	9
3138	TYC	7
3138	TCC	4
3138	TWC	2
3139	TGG	255168
3139	TGR	4
3139	TKG	2
3140	ATA	255124
3140	ATG	16
3140	RTA	10
3140	ATT	10
3140	GTA	9
3140	ATW	3
3140	ATM	3
3141	ACA	255175
3141	ACT	4
3141	AYA	4
3142	ATT	255188
3142	ACT	4
3143	GCT	254707
3143	GTT	445
3143	GYT	14
3143	ACT	4
3144	TAT	255200
3144	TAC	25
3145	ATC	255122
3145	ATT	51
3145	GTC	18
3145	ATY	9
3145	ACC	8
3146	ATT	255143
3146	TTT	3
3146	ATK	3
3146	RTT	2
3146	WTT	2
3147	TGT	254943
3147	TTT	206
3147	CTT	9
3147	TGC	5
3147	YGT	4
3148	ATT	255078
3148	GTT	29
3148	ATA	7
3148	ACT	7
3148	AYT	5
3148	ATC	5
3149	TCC	254926
3149	TTC	90
3149	TCT	61
3149	TYC	7
3149	TCY	6
3150	ACA	254938
3150	ATA	45
3150	GCA	16
3150	ACT	6
3150	AYA	6
3150	AGA	4
3150	AMA	3
3151	AAG	254992
3151	ARG	10
3151	GAG	9
3151	AAA	5
3151	AAT	4
3151	AAK	2
3151	AGG	2
3152	CAT	254949
3152	CAC	34
3152	AAT	5
3152	CAY	4
3152	CWT	3
3152	YAT	2
3153	TTC	254728
3153	TTT	248
3153	TTY	12
3153	TGT	6
3153	TGC	6
3153	TYC	3
3154	TAT	254936
3154	TAC	9
3154	CAT	4
3154	TWT	2
3154	TGT	2
3154	TAW	2
3154	TAY	2
3155	TGG	254807
3156	TTC	254527
3156	TTT	181
3156	TTY	11
3156	TYC	3
3156	YTC	2
3157	TTT	254400
3157	TYT	4
3157	TGT	2
3158	AGT	254297
3158	GGT	84
3158	AGC	7
3158	AAT	6
3158	RGT	3
3158	ATT	3
3158	AAC	2
3159	AAT	253746
3159	AAC	613
3159	ACT	19
3159	AGT	5
3159	AAY	2
3159	ART	2
3160	TAC	251767
3160	TAT	2526
3160	TGC	44
3160	TAY	25
3160	CAC	19
3160	YAC	4
3160	TRC	3
3161	CTA	254373
3161	TTA	8
3161	CTT	7
3161	ATA	4
3161	CYW	4
3161	YTA	3
3161	CTR	3
3162	AAG	254271
3162	GAG	114
3162	AGG	11
3162	RAG	6
3162	ARG	6
3162	AGA	6
3163	AGA	254326
3163	AAA	12
3163	AGG	8
3163	CGT	7
3163	AKA	4
3163	AGW	2
3164	CGT	254528
3164	CGC	13
3164	AGA	7
3164	CAT	6
3164	CKT	4
3164	CRT	4
3164	CGG	3
3164	CTT	2
3164	CGY	2
3164	YGT	2
3165	GTA	254522
3165	GTT	12
3165	ATA	7
3165	STA	5
3165	GTM	3
3165	KTA	3
3165	GTR	2
3166	GTC	254520
3166	GTA	29
3166	TTC	16
3166	GTY	10
3166	GTT	8
3166	KTC	6
3166	GYC	2
3167	TTT	254535
3167	TTY	4
3167	TYT	4
3168	AAT	254518
3168	AAC	13
3168	WAT	4
3168	RAT	2
3169	GGT	254416
3169	GGK	3
3169	SGT	3
3170	GTT	254404
3170	ACT	6
3170	GTC	3
3171	TCC	254331
3171	TCT	53
3171	TCY	10
3171	TCA	9
3171	TYC	5
3171	YCC	2
3171	TMC	2
3172	TTT	254378
3172	CTT	8
3172	TGT	6
3172	YTT	5
3173	AGT	254392
3173	AGC	18
3173	GGT	11
3173	RGT	7
3173	WGT	3
3173	AGK	3
3173	AST	3
3173	ATT	3
3173	AKT	2
3174	ACT	254331
3174	ACY	12
3174	AYT	7
3174	ACA	6
3174	AMT	3
3174	ACC	2
3175	TTT	254336
3175	GTT	3
3176	GAA	254377
3176	GAG	4
3176	KAA	4
3177	GAA	254695
3177	GAG	8
3177	GAR	6
3177	KAA	2
3177	GWA	2
3177	AAA	2
3178	GCT	255813
3178	GCC	6
3178	GCA	5
3178	KCT	3
3178	GYT	2
3178	GCG	2
3179	GCG	254473
3179	GCT	1341
3179	GCK	34
3179	GCA	20
3179	GYG	12
3179	GCR	3
3180	CTG	255117
3180	CTT	460
3180	TTG	227
3180	ATG	23
3180	YTG	21
3180	CTA	14
3180	CTK	13
3180	TTA	8
3180	CTR	3
3181	TGC	255885
3181	TGT	45
3181	TKC	11
3181	TSC	2
3182	ACC	256254
3182	ACT	44
3182	ACA	17
3182	ACY	13
3182	ATC	5
3182	AYC	4
3183	TTT	255832
3183	YTT	10
3183	TTC	7
3183	TTK	4
3183	GTT	3
3183	TKT	2
3183	CTT	2
3184	TTG	256490
3184	TTA	12
3184	TTK	7
3184	CTC	6
3184	TTR	2
3185	TTA	256510
3185	CTT	6
3185	TTR	6
3185	CTA	3
3186	AAT	256497
3186	AAC	6
3186	AAW	4
3186	ART	3
3187	AAA	256507
3187	AAR	22
3187	AAG	19
3187	AWA	3
3187	WAA	2
3188	GAA	256492
3188	GTA	19
3188	RAA	12
3188	GGA	7
3188	GAR	6
3188	GRA	3
3189	ATG	256539
3189	GCG	19
3189	ACG	6
3189	GTG	6
3189	ATT	5
3190	TAT	255911
3190	TRT	7
3190	YAT	5
3190	TAY	3
3190	TAC	3
3190	TGT	2
3191	CTA	255987
3191	TTA	49
3191	CTG	10
3191	MTA	7
3191	CTT	5
3191	YTA	5
3192	AAG	256041
3192	AAA	15
3192	ARG	3
3192	AGG	2
3193	TTG	256100
3193	TWG	5
3193	TAG	2
3194	CGT	256107
3194	CGC	7
3195	AGT	255954
3195	GGT	114
3195	RGT	8
3195	MGT	7
3195	AAT	4
3195	AGY	2
3196	GAT	256020
3196	GAC	7
3196	GAA	6
3196	KAT	3
3197	GTG	255863
3197	GTT	99
3197	GTK	27
3197	ATG	15
3197	GTA	11
3197	ACT	6
3197	GTS	2
3198	CTA	255372
3198	TTA	244
3198	CTW	107
3198	YTA	16
3198	ATA	8
3198	CTT	8
3198	CTR	7
3198	CTG	6
3198	GTA	6
3198	STA	3
3198	CTH	3
3198	CTC	2
3199	TTA	255284
3199	CTA	60
3199	TTR	12
3199	YTA	9
3199	TYA	8
3199	CTG	7
3199	CTT	5
3199	TCA	3
3199	TTW	3
3199	TTM	3
3199	TKA	2
3200	CCT	255310
3200	TCT	22
3200	CCC	16
3200	CCY	13
3200	YCT	12
3200	CCA	9
3200	CCW	7
3200	CYT	6
3200	CMT	6
3200	CCG	4
3200	CAT	3
3201	CTT	255276
3201	TTT	73
3201	CTY	10
3201	CYT	7
3201	ATT	5
3201	CTG	5
3201	MTT	3
3201	CTC	3
3201	CKK	3
3201	YTT	2
3202	ACG	255224
3202	ATG	74
3202	ACA	30
3202	MCG	21
3202	ACT	9
3202	AYG	6
3202	ACR	5
3202	ASG	4
3202	WCG	3
3202	RCG	3
3203	CAA	255403
3203	CRA	15
3203	CWA	10
3203	CAG	9
3203	CTA	6
3203	YAA	4
3203	CAW	3
3203	MAA	3
3203	AAA	3
3203	CAM	2
3204	TAT	255555
3204	CAT	59
3204	TAC	8
3204	TAY	7
3204	TWT	6
3204	KAK	3
3204	YAT	3
3205	AAT	255647
3205	AAC	19
3205	RAT	7
3205	ART	4
3205	AWT	3
3205	AAK	3
3205	AAY	3
3206	AGA	255576
3206	ARA	19
3206	AGG	15
3206	RGA	10
3206	AGM	6
3206	AGR	6
3206	AGW	6
3206	AKA	3
3206	WGA	3
3207	TAC	255617
3207	TAT	23
3207	YAC	6
3207	TRC	3
3207	TAY	2
3208	TTA	255635
3208	TTR	12
3208	TTM	7
3208	TYA	5
3208	YTA	4
3208	TTG	4
3208	WTA	3
3209	GCT	255211
3209	GTT	328
3209	GYT	45
3209	TCT	42
3209	KCT	16
3209	GCC	10
3209	GCG	5
3209	GMT	4
3209	RCT	3
3209	BCT	3
3209	RYT	3
3209	ACT	2
3209	SCT	2
3209	GCY	2
3210	CTT	255657
3210	TTT	28
3210	YTT	7
3210	MTT	6
3210	CYT	4
3210	CTY	4
3210	CGT	3
3211	TAT	255697
3211	TAC	18
3211	TWT	6
3211	TAY	6
3211	YAY	3
3211	TRY	3
3211	KAT	3
3211	YAT	3
3211	TMT	3
3212	AAT	255674
3212	ACT	29
3212	AAG	9
3212	AAC	7
3212	RAT	6
3212	WAT	4
3212	AAK	3
3212	MMT	3
3212	AMT	3
3212	TTT	3
3212	ARY	3
3212	ATT	2
3213	AAG	255750
3213	AWG	4
3213	MMG	3
3213	MMK	3
3214	TAC	255713
3214	TAT	51
3214	TRC	12
3214	TAY	6
3214	TMC	6
3214	TWC	6
3214	YAC	6
3215	AAG	255776
3215	ARG	7
3215	AAA	6
3215	AAK	5
3215	WAG	4
3215	AAR	3
3215	AWG	3
3215	AMG	3
3215	MAG	3
3216	TAT	255982
3216	TWT	9
3216	TAC	7
3216	TAW	7
3216	TRT	7
3216	TAY	6
3216	TMT	4
3216	YAT	3
3216	WAT	2
3217	TTT	256036
3217	TYT	9
3217	TTY	7
3217	YTT	4
3217	TWT	3
3217	WTT	3
3218	AGT	256015
3218	AAT	21
3218	AGY	11
3218	AGW	9
3218	AST	6
3218	WGT	5
3218	AKT	4
3218	ATT	2
3218	AGC	2
3219	GGA	256018
3219	GGC	7
3219	GKA	6
3219	KGA	4
3219	GGR	4
3219	GSA	4
3219	SGA	4
3219	GGG	3
3219	RGA	3
3220	GCA	255803
3220	GTA	268
3220	GYA	29
3220	GCC	19
3220	ACA	10
3220	GCT	7
3220	GCM	3
3220	GMA	3
3220	KCA	3
3220	GCR	3
3221	ATG	255838
3221	ATT	271
3221	ATK	16
3221	AYG	6
3221	WTG	6
3221	AWG	4
3221	RTG	4
3221	CTG	3
3221	AKG	3
3221	TTG	3
3221	ATA	3
3221	MTG	2
3221	ATS	2
3222	GAT	256122
3222	AAT	45
3222	GAC	41
3222	GRT	7
3222	GAY	5
3222	GWT	3
3222	RAT	3
3222	TAT	3
3222	SAT	3
3222	GAW	3
3222	KAT	2
3223	ACA	256225
3223	AYA	8
3223	ACT	7
3223	RCA	6
3223	GCA	3
3224	ACT	256112
3224	AAT	48
3224	ATT	28
3224	AYT	12
3224	GCT	11
3224	ACY	9
3224	ACA	7
3224	RCT	4
3224	ACC	3
3225	AGC	256198
3225	AGT	22
3225	AKC	8
3225	AGY	8
3225	ARC	3
3225	AGS	3
3225	ATC	2
3225	ASC	2
3226	TAC	256086
3226	TAT	127
3226	TAY	18
3226	TRC	6
3226	YAC	6
3226	TAM	3
3226	TAS	3
3227	AGA	256176
3227	AGG	48
3227	AKA	11
3227	AAA	7
3227	ASA	4
3227	AGR	4
3227	RGA	3
3227	GGA	3
3228	GAA	256237
3228	KAA	7
3228	GAM	5
3228	GWA	4
3228	GAR	3
3229	GCT	256206
3229	GTT	17
3229	GYT	11
3229	GCA	9
3229	KCT	8
3229	GCC	5
3229	GCW	2
3229	RCT	2
3230	GCT	256249
3230	GCA	6
3230	GCY	6
3230	RCT	4
3230	GCC	3
3230	GYT	3
3231	TGT	256248
3231	YGT	12
3231	TGC	8
3231	TGY	3
3231	WGT	3
3232	TGT	256196
3232	TGC	45
3232	TGY	5
3232	AGT	4
3232	YGT	3
3232	TRT	3
3232	TGG	2
3233	CAT	256158
3233	TAT	74
3233	YAT	18
3233	CAC	11
3233	CAY	7
3233	CRT	4
3233	MAT	3
3234	CTC	255678
3234	CTT	558
3234	CTY	28
3234	CYC	6
3234	ATC	3
3234	TTC	3
3235	GCA	256160
3235	GTA	23
3235	ACA	18
3235	KCA	16
3235	GYA	15
3235	RCA	10
3235	GCT	8
3235	GCG	7
3235	GCC	7
3235	SCA	4
3235	GMA	3
3235	TCA	3
3236	AAG	256266
3236	AAR	27
3236	AAK	12
3236	ARG	11
3236	AAA	6
3236	AGG	6
3236	MAG	3
3236	RRG	3
3237	GCT	256286
3237	GCC	17
3237	RCT	8
3237	GYT	7
3237	KCT	7
3237	TCT	4
3237	GCY	3
3237	GCK	3
3237	GMT	3
3237	ACT	2
3238	CTC	256123
3238	CTT	169
3238	ATC	19
3238	CTY	16
3238	CTA	8
3238	CYC	5
3238	STC	3
3239	AAT	256284
3239	AAC	35
3239	RAT	9
3239	AGT	4
3239	WAT	3
3239	AWT	3
3239	AAW	2
3239	AAY	2
3240	GAC	256230
3240	GAT	44
3240	GCC	29
3240	GAY	12
3240	RAC	4
3240	AAC	4
3240	GAM	3
3240	GRC	3
3240	KAC	2
3240	TAC	2
3241	TTC	256275
3241	TTT	46
3241	YTC	10
3241	TTY	7
3241	TYC	4
3241	TTS	3
3241	TTM	3
3241	TWC	2
3242	AGT	256165
3242	AGC	194
3242	AGY	8
3242	AGW	4
3242	GGT	2
3243	AAC	256286
3243	AAT	67
3243	ARC	6
3243	AAY	4
3243	AGC	3
3243	AWC	3
3243	AAA	2
3244	TCA	255874
3244	TTA	434
3244	TYA	25
3244	YCA	10
3244	TCT	7
3244	GCA	5
3244	TCC	5
3244	TCG	4
3244	TCW	3
3245	GGT	256313
3245	GKT	17
3245	KGT	9
3245	GGC	7
3245	GRT	6
3245	GGY	6
3245	SGT	4
3245	GGK	3
3246	TCT	256296
3246	TTT	50
3246	TCK	6
3246	TMT	6
3246	TYT	5
3246	TCY	4
3246	WCT	3
3247	GAT	256322
3247	GAC	13
3247	RAT	8
3247	KAT	5
3247	GAY	3
3247	GRT	3
3248	GTT	256317
3248	GTG	13
3248	GTY	11
3248	GTC	6
3248	KTT	5
3248	GYT	3
3248	GWT	3
3248	ATT	2
3248	TTT	2
3249	CTT	256276
3249	CTC	21
3249	YTT	18
3249	CYT	14
3249	CTY	3
3249	CTK	3
3249	CWT	3
3250	TAC	256216
3250	TAT	116
3250	YAC	10
3250	TAY	9
3250	TRC	5
3251	CAA	256340
3251	MAA	6
3251	CAG	4
3251	YAA	3
3251	CTA	3
3252	CCA	256311
3252	CCG	19
3252	CMA	3
3253	CCA	256329
3253	YCA	16
3253	CYA	6
3253	CCG	5
3253	CMA	3
3253	CCR	3
3254	CAA	256301
3254	CAG	19
3254	MAA	5
3254	CAR	4
3254	CTA	2
3255	ACC	255850
3255	ATC	251
3255	ACT	121
3255	GCC	30
3255	ACA	19
3255	AYC	19
3255	ACY	9
3255	ACS	6
3255	MCC	3
3255	RCC	2
3255	ATT	2
3256	TCT	256261
3256	TCC	17
3256	TYT	13
3256	YCT	6
3256	TMT	4
3256	TTT	4
3256	TCY	3
3256	TCA	2
3256	GCT	2
3257	ATC	256147
3257	ATT	93
3257	ATY	19
3257	AWC	4
3257	ATM	3
3258	ACC	256046
3258	ACT	100
3258	ACA	31
3258	ATC	27
3258	ACY	11
3258	RCC	10
3258	AYC	9
3258	ACM	6
3258	MCC	4
3258	ASC	3
3258	WCC	2
3259	TCA	256144
3259	TCG	45
3259	YCA	14
3259	TCT	11
3259	TCM	9
3259	TYA	9
3259	TCW	9
3259	KCA	6
3259	TMA	3
3259	TCR	3
3260	GCT	256226
3260	GCC	9
3260	SCT	7
3260	KCT	5
3260	GCG	4
3260	GST	3
3260	TCT	3
3260	GMT	3
3261	GTT	256083
3261	RTT	74
3261	ATT	32
3261	GTC	19
3261	KTT	10
3261	GYT	6
3261	GTY	5
3261	GWT	4
3262	TTG	256192
3262	TTK	16
3262	TYG	13
3262	TTA	12
3262	TTR	11
3262	YTG	10
3262	CTT	8
3262	TWG	3
3262	KTG	3
3262	TTS	2
3262	TCG	2
3263	CAG	256222
3263	YAG	13
3263	CAA	9
3263	CWG	6
3263	CAR	4
3263	CAK	4
3263	YAK	3
3263	CRG	2
3264	AGT	256125
3264	WGT	57
3264	GGT	36
3264	AKT	9
3264	RGT	8
3264	AST	6
3264	TGT	3
3264	AGC	2
3265	GGT	256157
3265	GKT	25
3265	GGK	10
3265	RGT	8
3265	GGA	8
3265	KGT	6
3265	SGT	6
3265	GGY	6
3265	GRT	6
3265	GST	3
3265	GGC	2
3265	AGT	2
3266	TTT	256235
3266	TTY	15
3266	KTT	3
3267	AGA	256175
3267	ARA	20
3267	AGG	7
3267	AGR	6
3267	AKA	4
3267	ASA	3
3267	RGA	3
3267	WGA	3
3268	AAA	256236
3268	AAG	5
3268	AMA	3
3268	AAW	3
3269	ATG	256186
3269	CTG	16
3269	ATR	10
3269	AYG	8
3269	ATT	8
3269	RTG	3
3269	ATS	3
3269	AKG	3
3269	AWG	3
3269	WTG	3
3270	GCA	256195
3270	GTA	12
3270	ACA	10
3270	GCT	10
3270	GCW	9
3270	GYA	8
3270	GCR	4
3270	KCA	3
3270	GSA	3
3270	GMA	2
3270	RCA	2
3271	TTC	255007
3271	TTT	850
3271	WTC	372
3271	CTC	29
3271	TTY	23
3271	YTC	18
3271	HTC	10
3271	TTA	2
3272	CCA	256461
3272	CCR	7
3272	CTA	3
3272	CCT	3
3272	CCG	2
3273	TCT	256462
3273	TYT	9
3273	TCC	5
3273	TCY	5
3273	YCT	4
3273	TCA	3
3273	TTT	3
3274	GGT	256786
3274	GKT	6
3274	KGT	4
3274	GRT	4
3274	GTT	2
3275	AAA	256815
3275	AAG	11
3275	AGA	5
3276	GTT	256849
3276	ATT	10
3276	GTA	10
3276	GTG	4
3276	KTT	4
3276	GGG	3
3276	GTC	3
3276	RTT	2
3277	GAG	256828
3277	GAA	38
3277	KAG	2
3278	GGT	250573
3278	AGT	5887
3278	RGT	258
3278	TGT	49
3278	GKT	46
3278	GAT	10
3278	GGC	8
3278	KKT	8
3278	KGT	4
3279	TGT	257210
3279	TKT	99
3279	TGC	13
3280	ATG	257256
3280	ATT	22
3280	ATK	15
3280	ACG	12
3280	ATS	4
3280	ATR	4
3280	ATA	3
3280	GTG	3
3281	GTA	257268
3281	GTG	16
3281	KTA	14
3281	GCA	13
3281	GTR	8
3281	STA	4
3281	TTA	4
3281	GTW	3
3281	CTA	2
3281	ATA	2
3282	CAA	257323
3282	CAG	3
3283	GTA	257280
3283	GTT	16
3283	TTA	9
3283	ATA	8
3283	KTA	7
3283	GTG	2
3284	ACT	257227
3284	ATT	81
3284	AYT	10
3284	ACG	6
3284	AST	3
3284	GCT	2
3285	TGT	257310
3285	TKT	7
3285	TRT	3
3285	CGT	3
3286	GGT	257260
3286	AGT	23
3286	GKT	19
3286	GGA	9
3286	GST	7
3286	KGT	4
3286	GGC	2
3287	ACA	257298
3287	ATA	20
3287	GCA	10
3287	AYA	4
3288	ACT	257197
3288	ACY	112
3288	ACC	19
3288	ATT	6
3289	ACA	257325
3289	ACT	8
3289	AYA	6
3289	ACW	2
3289	RCA	2
3290	CTT	257311
3290	YTT	8
3290	CTA	6
3290	CTC	4
3290	CTY	3
3291	AAC	257036
3291	AAT	274
3291	AAY	23
3292	GGT	257302
3292	GGY	5
3292	GTT	4
3292	KGT	4
3292	GGC	4
3293	CTT	257310
3293	CGT	4
3293	TTT	2
3293	CTY	2
3294	TGG	255723
3294	TGK	5
3294	TAG	4
3294	TRG	3
3294	YGG	3
3295	CTT	255650
3295	YTT	13
3295	CTC	13
3295	TTT	4
3295	CTY	3
3295	STT	3
3295	CTG	2
3296	GAT	255602
3296	GAC	59
3296	GAA	7
3296	KAT	6
3296	TAT	5
3296	GCT	4
3296	GMT	4
3296	GAY	3
3296	GGT	2
3296	AAT	2
3296	GAG	2
3297	GAC	255290
3297	GAT	240
3297	GGC	60
3297	GAY	48
3297	GMC	15
3297	KAC	11
3297	AAC	8
3297	GRC	5
3297	GAA	5
3298	GTA	255579
3298	KTA	57
3298	GTG	14
3298	TTA	8
3298	ATA	5
3298	GTM	3
3298	GTR	3
3298	RTA	2
3299	GTT	255620
3299	GTC	12
3299	KTT	7
3299	GTY	5
3299	GGT	3
3299	STT	2
3300	TAC	255453
3300	TAT	51
3300	TAY	7
3300	TMC	7
3300	TGC	7
3300	YAC	5
3300	CAC	3
3301	TGT	255141
3301	TKT	149
3301	YGT	5
3301	TGC	5
3301	GGT	3
3301	TST	3
3301	KGT	2
3302	CCA	255284
3302	CYA	7
3302	CCR	5
3302	YCA	5
3302	CCW	5
3302	SCA	3
3302	CCG	3
3302	CSA	3
3303	AGA	254934
3303	CGA	7
3303	AKA	6
3303	AGR	3
3304	CAT	254932
3304	CAC	7
3304	CAY	6
3305	GTG	254913
3305	GTT	11
3305	TTG	7
3305	GTK	7
3305	GYG	3
3305	KTG	3
3306	ATC	254901
3306	ATT	11
3306	GTC	10
3306	ATY	7
3306	ATA	5
3306	ATM	5
3306	CTC	4
3306	AYC	4
3306	RTC	3
3306	MTC	2
3307	TGC	254892
3307	TGT	31
3307	TGY	8
3308	ACC	254096
3308	ATC	718
3308	ACT	57
3308	AYC	39
3308	ACY	12
3308	ACA	10
3308	AYY	3
3309	TCT	254816
3309	CCT	43
3309	WCT	35
3309	TYT	20
3309	GCT	13
3309	TTT	10
3309	TCY	3
3309	YCT	2
3310	GAA	254932
3310	AAA	29
3310	GCA	9
3310	KAA	5
3310	GAC	4
3311	GAC	254807
3311	GAT	72
3311	GAY	22
3311	GAA	4
3311	GRC	3
3311	KAC	3
3311	GGC	3
3311	TAC	3
3311	AAC	3
3312	ATG	254827
3312	ATT	18
3312	ATK	11
3312	ACG	6
3312	AYG	5
3312	ATC	3
3312	ATS	3
3313	CTT	254718
3313	TTT	115
3313	YTT	26
3313	CTC	2
3314	AAC	254683
3314	AAT	155
3314	AAY	13
3314	AGC	4
3314	WAC	3
3315	CCT	254824
3315	CCA	8
3315	CTT	8
3315	CCC	4
3315	CYT	4
3315	TCT	3
3315	CCY	3
3315	CMT	2
3315	YCT	2
3316	AAT	254897
3316	RAT	6
3316	AAC	4
3316	ART	3
3317	TAT	254859
3317	TAC	59
3317	TGT	3
3317	TWT	3
3318	GAA	254904
3318	GAG	11
3318	KAA	3
3319	GAT	254936
3319	GAC	7
3320	TTA	254921
3320	TTG	25
3320	TTR	4
3320	TTC	3
3321	CTC	253760
3321	CTT	1154
3321	CTY	25
3321	CTA	5
3322	ATT	254942
3322	ATC	3
3322	ACT	3
3322	WTT	2
3323	CGT	254880
3323	TGT	47
3323	YGT	23
3323	CTT	3
3323	CGC	2
3324	AAG	254842
3324	AGG	94
3324	AAA	17
3325	TCT	254922
3325	TAT	20
3325	TMT	12
3325	ACT	3
3325	YCT	2
3326	AAT	255038
3326	AAC	84
3326	AAY	6
3326	AWT	3
3326	GGT	3
3326	ART	2
3327	CAT	255129
3327	CAC	3
3327	TAT	3
3327	YAT	3
3328	AAT	254965
3328	AAC	158
3328	AGT	5
3328	AAY	3
3328	AAW	3
3329	TTC	254908
3329	TTT	198
3329	TTY	35
3329	YTC	4
3329	TYC	3
3330	TTG	255052
3330	TTT	85
3330	CTG	15
3330	TCG	3
3330	TTK	2
3330	TTR	2
3331	GTA	255126
3331	TTA	10
3331	ATA	7
3331	KTA	4
3331	GCA	4
3331	GTW	4
3331	GTT	2
3332	CAG	255023
3332	CAR	81
3332	CAA	28
3332	CGG	12
3332	YAG	8
3332	CAK	5
3332	CAT	3
3332	MAG	2
3332	CRG	2
3333	GCT	255052
3333	ACT	115
3333	TCT	22
3333	GTT	11
3333	GCY	6
3333	GCA	5
3333	GCC	5
3333	RCT	4
3333	KCT	3
3334	GGT	253139
3334	AGT	1866
3334	GKT	134
3334	RGT	71
3334	GGC	9
3334	GTT	4
3334	GAT	3
3335	AAT	255198
3335	TAT	4
3335	AAY	3
3335	RAT	3
3336	GTT	255205
3336	KTT	7
3336	GTY	4
3336	GTC	4
3336	GTW	3
3336	GTK	3
3336	ATT	3
3336	RTT	2
3337	CAA	255194
3337	CAT	8
3337	CRA	4
3337	CAG	4
3337	CAR	3
3337	SAA	3
3337	CAM	2
3338	CTC	254150
3338	CTT	722
3338	TTC	236
3338	CTY	46
3338	YTC	20
3338	TTG	8
3338	CYT	3
3338	CGC	2
3339	AGG	255107
3339	AGA	27
3339	AGT	23
3339	AKG	6
3339	RGG	4
3339	AGR	3
3339	AGK	3
3339	ARG	2
3339	AAG	2
3340	GTT	255169
3340	GTC	11
3340	KTT	11
3340	GTA	6
3341	ATT	255135
3341	GTT	32
3341	ATC	19
3341	ATA	8
3341	RTT	8
3341	ACT	6
3341	AYT	4
3341	AGT	3
3342	GGA	255205
3342	GGG	10
3342	RGA	3
3342	GRA	3
3343	CAT	255097
3343	AAT	99
3343	CAY	5
3343	CTT	3
3343	YAT	3
3343	CMT	3
3343	TAT	2
3344	TCT	255146
3344	TTT	64
3344	TCC	9
3344	TCW	3
3345	ATG	255149
3345	ATT	28
3345	ATK	8
3345	AYG	3
3346	CAA	254563
3346	AAA	567
3346	MAA	23
3346	CTA	8
3346	CRA	6
3346	YAA	3
3346	CAM	3
3346	TAA	2
3347	AAT	255138
3347	AGT	23
3347	TAT	3
3348	TGT	255144
3348	CGT	6
3348	TGW	5
3348	YGT	3
3348	TGY	2
3348	TTT	2
3349	GTA	255123
3349	ATA	15
3349	GTT	14
3349	GAA	5
3349	GTG	4
3349	GTW	3
3349	KTA	3
3349	GCA	2
3350	CTT	255150
3350	TTT	12
3350	CTC	2
3351	AAG	255072
3351	AGG	55
3351	AAT	11
3351	ARG	8
3351	AAA	4
3351	AAK	2
3352	CTT	248036
3352	TTT	7010
3352	YTT	40
3352	CCT	7
3352	TTG	7
3352	CTC	6
3352	CTY	2
3352	CYT	2
3352	MTT	2
3353	AAG	253019
3353	AGG	1879
3353	ARG	198
3353	AAT	30
3353	AAA	21
3353	AAK	3
3354	GTT	255164
3354	ATT	4
3354	GTY	3
3354	GYT	3
3355	GAT	255114
3355	GAC	42
3355	GGT	8
3355	GAA	4
3355	GAY	4
3355	KAT	3
3355	TAT	2
3355	GCT	2
3356	ACA	255106
3356	ATA	60
3356	ACC	10
3356	AYA	8
3356	GCT	6
3356	ACG	4
3356	ACT	4
3356	ACW	3
3356	AMA	2
3357	GCC	255082
3357	GTC	70
3357	GCT	35
3357	GCY	7
3357	GYC	6
3357	RCC	5
3357	GCG	3
3358	AAT	255186
3358	AAC	21
3358	AAY	5
3359	CCT	255089
3359	CTT	76
3359	TCT	36
3359	CCC	13
3359	YCT	12
3359	CYT	6
3359	CMT	2
3359	CAT	2
3359	CCY	2
3360	AAG	255197
3360	AAA	29
3360	AAT	2
3361	ACA	255206
3361	ATA	4
3361	AYA	3
3362	CCT	255167
3362	TCT	11
3362	CCC	9
3362	YCT	9
3362	CCA	8
3362	CTT	5
3362	CMT	3
3362	CCY	2
3363	AAG	255199
3363	AAT	14
3363	AAA	8
3363	AWG	3
3363	WAG	3
3363	MAG	2
3364	TAT	255222
3364	TAC	9
3364	TGT	6
3364	TRT	2
3365	AAG	255172
3365	AAA	60
3365	AAT	9
3365	RAG	3
3366	TTT	255209
3366	YYT	6
3366	TTW	3
3366	TYT	2
3366	YTT	2
3367	GTT	255565
3367	ATT	13
3367	RTT	10
3367	GTG	9
3367	GTY	7
3367	GTC	5
3367	GCT	4
3367	GTK	4
3367	TTT	3
3367	KTT	2
3368	CGC	254686
3368	CGT	733
3368	CKC	82
3368	CGY	53
3368	CAC	17
3368	CGA	8
3368	CRC	4
3368	TGC	4
3369	ATT	255851
3369	ATC	15
3369	ATY	7
3369	ATA	7
3369	TTT	6
3369	AGT	5
3369	RTT	4
3370	CAA	255839
3370	CAG	101
3370	YAA	10
3370	CAT	2
3370	CAR	2
3371	CCA	255040
3371	TCA	609
3371	CTA	310
3371	YCA	24
3371	CYA	24
3371	CCC	8
3371	CCG	4
3371	ACA	2
3372	GGA	255978
3372	KGA	8
3372	GGG	4
3372	GKA	3
3373	CAG	256040
3373	YAG	2
3373	CAT	2
3374	ACT	257071
3374	AYT	7
3374	AAT	3
3374	ACY	3
3374	ACG	3
3374	ACK	2
3374	ACC	2
3375	TTT	257134
3375	TTY	5
3375	CTT	2
3375	YTT	2
3376	TCA	257119
3376	TYA	13
3377	GTG	256975
3377	GTT	117
3377	GTA	17
3377	GTK	11
3377	KTG	10
3377	TTG	6
3377	GGT	3
3377	GYG	2
3377	GTC	2
3378	TTA	257129
3378	TTG	8
3378	CTA	7
3379	GCT	257067
3379	GTT	47
3379	GYT	6
3379	ACT	4
3379	TCT	4
3379	KCT	3
3379	GCY	3
3379	SCT	3
3380	TGT	257119
3380	TKT	3
3380	TST	3
3380	TGC	3
3380	AGT	3
3381	TAC	257046
3381	TAT	62
3381	TAY	18
3382	AAT	257092
3382	AGT	24
3382	AAY	4
3382	RAT	3
3382	GAT	2
3382	AAC	2
3383	GGT	257105
3383	TGT	8
3383	GKT	2
3384	TCA	257090
3384	TTA	18
3384	TYA	3
3385	CCA	257090
3385	YCA	4
3385	CCR	3
3385	TCA	3
3385	SCA	3
3385	CCG	2
3386	TCT	257012
3386	TYT	27
3386	TCA	14
3386	TTT	6
3386	TCY	4
3386	TCC	3
3386	TGT	2
3387	GGT	257031
3387	GGK	7
3387	SGT	4
3387	KGT	4
3387	GGC	3
3387	RGT	3
3388	GTT	257008
3388	ATT	9
3388	KTT	7
3388	GTY	5
3388	GTC	3
3389	TAC	257059
3389	TAT	11
3389	TAY	2
3390	CAA	257039
3390	CAG	11
3390	YAA	6
3390	CAC	4
3390	CGA	3
3391	TGT	256786
3391	WGT	6
3391	TGY	3
3392	GCT	256563
3392	GTT	146
3392	GYT	21
3392	KCT	6
3392	GCY	2
3393	ATG	256656
3393	ATT	6
3393	AYG	4
3393	ATR	3
3394	AGG	256333
3394	AGA	45
3394	AGK	7
3394	AGR	7
3394	AGT	4
3394	CGG	3
3394	AKG	2
3394	ASG	2
3395	CCC	255419
3395	CTC	372
3395	TCC	296
3395	CCT	138
3395	CYC	20
3395	CCY	13
3395	YCC	11
3395	CMC	3
3396	AAT	255801
3396	AAC	330
3396	AAY	10
3397	TTC	255861
3397	TTT	113
3397	TTY	27
3397	YTC	3
3397	TGC	3
3397	TKC	2
3398	ACT	255917
3398	ATT	81
3398	ACC	8
3398	ACA	4
3398	AYT	3
3399	ATT	255881
3399	WTT	8
3399	ATC	7
3399	GTT	6
3400	AAG	255809
3400	AAA	82
3400	AAR	6
3400	AMG	3
3401	GGT	255911
3401	GGA	8
3401	GKT	6
3401	KGT	3
3402	TCA	255908
3402	TCG	11
3402	TYA	10
3403	TTC	255877
3403	TTT	41
3403	TYC	8
3403	TTY	6
3403	TTA	3
3403	YTC	3
3403	TTS	2
3404	CTT	255921
3404	CYT	3
3404	CTW	2
3404	YTT	2
3405	AAT	255879
3405	AAC	35
3405	CTT	15
3405	AGT	15
3405	AAY	4
3406	GGT	255924
3406	AGT	9
3406	GKT	5
3406	GGW	3
3406	KGT	3
3407	TCA	255907
3407	TCT	17
3407	TCG	7
3407	TYA	6
3407	GAA	4
3407	TTA	3
3408	TGT	255919
3408	TKT	9
3408	TGC	8
3408	ATT	4
3408	TRT	3
3409	GGT	255927
3409	KGT	2
3410	AGT	255906
3410	AGC	9
3410	AKT	4
3410	RGT	3
3411	GTT	255907
3411	ATT	14
3411	KTT	4
3411	GYT	3
3411	GKT	3
3411	STT	3
3412	GGT	255889
3412	GKT	16
3412	KGT	4
3412	GGK	3
3412	GGG	2
3413	TTT	255951
3413	TTY	5
3413	TTC	4
3414	AAC	255355
3414	AAT	551
3414	AAY	30
3414	GAT	8
3414	GAC	5
3414	RAC	3
3414	TAC	2
3415	ATA	255947
3415	GTA	4
3415	ATG	3
3416	GAT	255941
3416	GAC	40
3416	KAT	7
3416	GGT	5
3416	RAT	3
3416	AAT	2
3416	GAY	2
3416	GAG	2
3417	TAT	255930
3417	TAC	90
3418	GAC	254990
3418	GAT	1031
3418	KAC	3
3418	GAY	3
3419	TGT	255954
3419	CGT	23
3419	TKT	13
3419	TTT	12
3419	TGC	5
3419	TAT	5
3420	GTC	255261
3420	GTT	598
3420	CTC	76
3420	GTY	42
3420	ATC	11
3420	STC	7
3420	GCC	3
3420	TTC	3
3420	KTC	3
3420	GTA	3
3421	TCT	255326
3421	TYT	19
3421	TCY	14
3421	TTT	9
3421	TCC	9
3421	GCT	3
3421	YCT	2
3422	TTT	255977
3422	YTT	7
3422	CTT	4
3422	TTY	4
3422	TTC	2
3423	TGT	255981
3423	TGC	15
3423	TTT	7
3423	TAT	4
3423	TGY	4
3423	TKT	4
3423	TRT	2
3424	TAC	255882
3424	TAT	129
3424	TAY	17
3425	ATG	255965
3425	ATT	37
3425	ATK	9
3425	ATA	4
3425	AWG	3
3425	ATR	2
3426	CAC	255931
3426	CAT	76
3426	CAY	9
3426	YAC	5
3426	CAM	3
3426	AAC	2
3427	CAT	256017
3427	CAC	15
3427	YAT	8
3427	CAK	3
3427	AAT	3
3427	CAY	3
3428	ATG	256046
3428	ATT	5
3428	AAG	4
3428	ATK	2
3429	GAA	255974
3429	GAG	61
3429	GTA	4
3429	RAA	3
3429	GRA	3
3430	TTA	255938
3430	TAA	47
3430	TDA	13
3430	CTT	9
3430	TTG	6
3430	CTA	5
3430	YTA	3
3430	TYA	2
3431	CCA	256004
3431	YCA	24
3431	TCA	11
3431	CTA	3
3431	CYA	2
3432	ACT	255888
3432	ACC	71
3432	ATT	34
3432	ACA	10
3432	AYT	10
3432	CCT	4
3433	GGA	255974
3433	GGC	25
3433	GKA	10
3433	AGA	9
3433	GGG	5
3433	GGR	3
3433	KGA	2
3434	GTT	255996
3434	CTT	16
3434	GTC	12
3434	GTA	10
3434	ATT	7
3434	KTT	3
3434	GKT	3
3434	GCT	2
3435	CAT	256034
3435	CAC	7
3435	YAT	3
3436	GCT	255947
3436	GCC	12
3436	GCG	8
3436	GYT	7
3436	TCT	7
3436	GCY	5
3436	GTT	4
3436	KCT	4
3436	GCA	3
3437	GGC	255950
3437	GGT	22
3437	GKC	12
3437	GGY	3
3437	GGM	3
3437	GTC	3
3437	KGC	2
3438	ACA	255973
3438	ACG	12
3439	GAC	255030
3439	GAT	872
3439	GAY	44
3439	KAC	24
3440	TTA	255978
3440	YTA	2
3441	GAA	255953
3441	GAC	14
3441	GGA	4
3441	GWA	3
3441	GAG	2
3441	KAA	2
3442	GGT	255933
3442	GKT	11
3442	KGT	6
3442	GGY	5
3442	GGC	3
3443	AAC	255692
3443	AAT	234
3443	AAY	18
3443	ACC	17
3443	GAC	4
3444	TTT	255913
3444	CTT	17
3444	TTC	16
3444	YTT	14
3445	TAT	255950
3445	TAC	13
3445	TAW	6
3445	TAK	4
3445	TAY	4
3445	TWT	2
3446	GGA	255961
3446	GGG	6
3446	GGM	4
3446	GCA	3
3446	GTA	2
3447	CCT	255743
3447	TCT	68
3447	CTT	54
3447	CCY	26
3447	CYT	25
3447	YCT	7
3447	CCC	6
3447	CCA	5
3447	CMT	2
3448	TTT	255928
3448	KTT	2
3449	GTT	255905
3449	GTA	16
3449	TTT	11
3449	KTT	6
3449	STT	5
3449	GCT	4
3449	ATT	2
3450	GAC	255359
3450	GAT	532
3450	GAY	17
3450	KAC	8
3451	AGG	255816
3451	AAG	27
3451	AGA	26
3451	AGK	15
3451	AGT	9
3451	CGG	8
3451	RGG	4
3451	AGR	2
3452	CAA	255755
3452	MAA	99
3452	CAG	11
3452	AAA	4
3452	YAA	2
3453	ACA	255796
3453	ATA	54
3453	AYA	32
3453	GCA	3
3453	ACC	3
3454	GCA	255201
3454	GTA	626
3454	GYA	28
3454	GCT	8
3454	KCA	6
3454	GCG	6
3454	ACA	5
3454	RCA	2
3455	CAA	255842
3455	YAA	6
3455	CAG	4
3455	TAA	3
3456	GCA	255725
3456	ACA	48
3456	GTA	37
3456	TCA	12
3456	KCA	5
3456	GYA	3
3457	GCT	255789
3457	GCA	19
3457	GTT	9
3457	GCC	5
3457	GCY	4
3457	KCT	4
3457	ACT	4
3458	GGT	255798
3458	AGT	8
3458	GAT	7
3458	GKT	6
3458	RGT	4
3458	KGT	4
3458	GGC	2
3459	ACG	255581
3459	ACT	118
3459	ATG	97
3459	ACA	22
3459	ACK	16
3459	AYG	8
3459	ACR	7
3459	GCG	6
3459	ACS	3
3459	MCG	3
3460	GAC	255793
3460	GAT	36
3460	GAY	13
3460	RAC	8
3460	GAS	2
3461	ACA	255810
3461	ATA	14
3461	AYA	9
3461	ACR	3
3461	GCA	2
3462	ACT	255829
3462	ATT	15
3462	GTC	6
3462	AYT	4
3462	ACY	3
3462	ACC	2
3463	ATT	255855
3463	ATC	10
3464	ACA	255812
3464	ACT	7
3464	ACG	4
3464	GCA	3
3464	WCA	2
3465	GTT	255784
3465	GTC	8
3465	KTT	6
3465	ATA	6
3465	GTW	3
3465	RTT	3
3465	GYT	2
3466	AAT	255811
3466	AAY	2
3466	AAK	2
3466	AAC	2
3467	GTT	255817
3467	GCT	62
3467	GYT	12
3468	TTA	256038
3468	TTG	13
3468	TKA	3
3468	GTA	2
3469	GCT	256129
3469	SCT	7
3469	KCT	5
3469	CCT	3
3470	TGG	256223
3470	TGK	45
3470	TRG	3
3470	TGS	3
3470	YGG	2
3471	TTG	256381
3471	CTG	6
3471	TTA	5
3471	TTK	4
3471	YTG	4
3471	TTR	3
3471	TYG	2
3472	TAC	256317
3472	TAT	58
3472	TAY	12
3472	YAC	4
3472	CAC	2
3473	GCT	256373
3473	GCA	6
3473	KCT	5
3473	GCY	4
3473	GTT	2
3474	GCT	256376
3474	RCT	2
3475	GTT	255723
3475	TTT	571
3475	KTT	27
3475	ATT	17
3475	RTT	4
3475	GTY	4
3476	ATA	256481
3476	ATT	10
3476	GTA	6
3476	ATG	5
3476	ACA	4
3476	ATR	3
3476	WTA	2
3476	RTA	2
3476	AWA	2
3477	AAT	256493
3477	AAY	5
3478	GGA	256448
3478	GKA	10
3478	AGA	7
3478	RGA	5
3478	GGG	2
3479	GAC	256222
3479	GAT	207
3479	GAY	34
3479	AAC	6
3479	GAS	3
3479	GAM	2
3480	AGG	256361
3480	AGT	44
3480	AKG	13
3480	ATG	10
3480	AGA	10
3480	AGK	7
3480	AAG	4
3480	AGS	3
3480	GGG	3
3480	ARG	3
3481	TGG	256632
3481	TGK	8
3482	TTT	256656
3482	CTT	2
3483	CTC	256469
3483	TTC	186
3483	CTT	27
3483	CTY	11
3483	CTM	4
3483	CYC	4
3483	YTC	2
3484	AAT	256379
3484	AAC	297
3484	AAY	7
3484	RAT	4
3484	AWT	3
3484	AGT	2
3485	CGA	256624
3485	YGA	41
3485	CGG	14
3485	CAA	9
3485	CKA	9
3485	AGA	6
3485	CKW	3
3485	CTA	2
3485	MGA	2
3486	TTT	256750
3486	TTC	12
3486	CGA	8
3486	TAC	6
3486	TCT	4
3486	TYT	3
3486	ATT	2
3487	ACC	256707
3487	GCC	41
3487	ACT	13
3487	ACA	9
3487	AYC	8
3487	ATC	5
3487	AAC	4
3487	ACY	3
3487	MCC	3
3487	WCC	2
3487	ACM	2
3488	ACA	256708
3488	AYA	47
3488	ATA	30
3488	ACT	9
3488	TCA	8
3488	GCA	6
3488	ABA	2
3488	ASA	2
3489	ACT	256813
3489	ACW	4
3489	AAT	2
3489	AST	2
3489	AYT	2
3490	CTT	256799
3490	TTT	67
3490	YTT	7
3490	CTW	5
3490	CTY	2
3491	AAT	250157
3491	AAY	26
3491	AGT	21
3491	AAC	3
3491	ACT	2
3492	GAC	249917
3492	GAT	220
3492	GAY	31
3492	KAC	8
3492	SAC	3
3493	TTT	250170
3493	TTC	10
3493	TGT	3
3493	TTW	3
3493	YTT	2
3494	AAC	249980
3494	AAT	170
3494	AAY	20
3494	AWC	2
3495	CTT	249856
3495	TTT	36
3495	TTA	6
3495	CTC	4
3495	YTT	3
3496	GTG	249800
3496	GTA	19
3496	GTT	18
3496	ATG	17
3496	GTR	4
3497	GCT	248083
3497	GTT	194
3497	KCT	133
3497	GYT	25
3497	ACT	19
3497	GCC	4
3497	GCY	3
3497	SCT	3
3498	ATG	248016
3498	ATT	33
3498	ATK	8
3498	RTG	3
3498	WTG	3
3498	WYG	3
3499	AAG	247971
3499	AGG	78
3499	ARG	14
3499	AAK	12
3499	AAT	5
3499	RAG	3
3499	AWG	3
3499	AMG	3
3499	AAA	3
3500	TAC	247634
3500	TAT	26
3500	TAY	10
3500	TTC	8
3500	TAM	7
3500	KAC	3
3500	TGC	2
3501	AAT	247666
3501	AAC	13
3501	ART	4
3501	WAT	3
3501	AWT	3
3501	RAT	3
3502	TAT	247682
3502	TAC	68
3502	TGT	12
3502	TRT	3
3502	YAT	3
3503	GAA	247747
3503	GAR	6
3503	RAA	4
3503	KAA	4
3503	GAT	3
3503	GRA	3
3503	GWA	2
3504	CCT	247685
3504	CTT	64
3504	TCT	20
3504	CAT	16
3504	MCT	5
3504	ACT	4
3504	YCT	3
3504	CCY	3
3504	CMT	2
3504	CCK	2
3505	CTA	247762
3505	TTA	43
3505	CYA	8
3505	TTG	7
3505	CTC	6
3505	YTA	5
3505	CTG	4
3505	STA	3
3505	CTR	2
3506	ACA	247880
3506	AYA	8
3506	AAA	4
3506	ATA	3
3506	GCA	3
3506	ACG	2
3507	CAA	247811
3507	CAG	26
3507	CGA	19
3507	YAA	8
3508	GAC	247644
3508	GAT	188
3508	KAC	11
3508	GAY	10
3508	GMC	3
3508	TAC	2
3508	RAC	2
3508	GCC	2
3509	CAT	247760
3509	TAT	58
3509	CAC	15
3509	YAT	13
3509	CAK	4
3509	GAT	3
3509	MAT	3
3510	GTT	247470
3510	GTC	187
3510	TTT	118
3510	ATT	31
3510	KTT	18
3510	STT	3
3510	GTY	2
3510	RTT	2
3511	GAC	247318
3511	GAA	493
3511	GAT	34
3511	KAC	11
3511	GAY	3
3512	ATA	247834
3512	ATT	8
3512	ACA	6
3512	AYA	3
3512	RTA	2
3513	CTA	247881
3513	TTA	26
3513	ATA	12
3513	YTA	7
3513	CTR	4
3513	MTA	3
3513	CWA	2
3514	GGA	247880
3514	GKA	9
3514	AGA	7
3514	KGA	3
3514	GRA	2
3514	RGA	2
3515	CCT	247833
3515	CCC	11
3515	CCA	6
3515	CCY	5
3515	TCT	2
3516	CTT	247803
3516	YTT	8
3516	CTA	6
3516	CYT	4
3516	CTG	3
3516	CTY	2
3516	TTA	2
3517	TCT	247639
3517	TTT	131
3517	TCA	16
3517	TYT	15
3517	TCC	8
3517	YCT	4
3517	TGT	3
3518	GCT	247760
3518	GTT	101
3518	GYT	17
3518	GCY	5
3518	KYT	3
3518	GGT	3
3518	SYT	2
3519	CAA	247854
3519	YAA	10
3519	CMA	3
3519	MAA	3
3519	CGA	2
3519	TTA	2
3520	ACT	247769
3520	AYT	32
3520	ATT	8
3520	ACA	4
3520	ACC	3
3520	GCT	3
3520	RCT	2
3521	GGA	247856
3521	GGT	6
3521	GRA	4
3521	GGC	3
3521	GGR	2
3522	ATT	247586
3522	GTT	28
3522	ACT	21
3522	ATA	7
3522	WTT	4
3522	RTT	4
3522	ATY	3
3522	ATC	3
3523	GCC	247044
3523	GTC	345
3523	GCT	191
3523	GYC	18
3523	GCY	13
3523	GCA	7
3523	KCC	5
3523	ACC	3
3523	TCC	3
3523	SCC	3
3523	GCM	2
3524	GTT	247467
3524	KTT	29
3524	ATT	20
3524	TTT	15
3524	GTC	13
3524	GCT	10
3524	GTY	6
3524	GTK	2
3525	TTA	247530
3525	CTA	6
3525	YTA	2
3525	TTG	2
3526	GAT	247524
3526	GAK	15
3526	TAT	7
3526	GGT	5
3526	KAT	4
3526	GAY	3
3526	GCT	3
3526	GRT	2
3527	ATG	247493
3527	GTG	18
3527	ATT	10
3527	ATS	3
3527	ATA	2
3528	TGT	247514
3528	TKT	5
3528	TGY	3
3528	TGC	3
3528	TST	2
3529	GCT	247209
3529	GTT	313
3529	GYT	9
3529	GCC	9
3529	GMT	4
3529	KCT	3
3530	TCA	247641
3530	TTA	37
3530	TYA	7
3530	TCC	6
3530	TCG	4
3530	TCR	3
3530	TMA	3
3530	YCA	2
3531	TTA	248785
3531	CTA	8
3531	TTG	6
3531	TTW	3
3532	AAA	248846
3532	AAG	8
3532	AAR	4
3533	GAA	248830
3533	RAA	8
3533	GAG	5
3534	TTA	248701
3534	TTG	8
3534	TTR	4
3534	TYA	2
3534	GTA	2
3535	CTG	245929
3535	CTT	2208
3535	TTG	401
3535	CTK	51
3535	CTC	15
3535	YTG	10
3535	CTA	7
3535	MTG	4
3535	CYS	3
3535	TTS	3
3535	CTR	2
3535	CTS	2
3536	CAA	248625
3536	CAG	8
3537	AAT	249532
3537	GAT	75
3537	AGT	11
3537	RAT	4
3537	MAT	3
3537	WAT	3
3537	ACT	3
3537	AAC	2
3538	GGT	249671
3538	AGT	4
3538	SGT	3
3538	KGT	3
3538	GKT	2
3539	ATG	249629
3539	GTG	22
3539	ACG	13
3539	RTG	6
3539	ATT	6
3539	ATR	4
3539	TTG	3
3539	AYG	3
3539	WTG	3
3539	ATK	2
3539	ATA	2
3540	AAT	249655
3540	AAC	22
3540	AWT	5
3540	AAY	4
3540	MAT	3
3540	CAT	2
3540	ACT	2
3541	GGA	248854
3541	AGA	229
3541	GAA	13
3541	GKA	12
3541	GGT	7
3541	RGA	4
3541	GGR	3
3541	GGG	2
3541	KGA	2
3542	CGT	248979
3542	TGT	87
3542	YGT	11
3542	CGC	7
3542	CRT	4
3542	CAT	3
3542	MGT	3
3543	ACC	249014
3543	ATC	16
3543	ACT	12
3543	ACY	6
3543	AYC	4
3543	GCC	3
3543	RCC	2
3544	ATA	249087
3544	ATC	8
3544	ATW	6
3544	GTA	4
3544	ATT	3
3544	AYA	3
3544	RTA	2
3545	TTG	249067
3545	CTG	13
3545	TTA	8
3545	TTK	5
3545	TTS	3
3545	KTG	3
3545	YTG	2
3546	GGT	248995
3546	GAT	84
3546	RGT	8
3546	AGT	4
3546	GGY	3
3546	KGT	2
3547	AGT	248954
3547	GGT	25
3547	AGC	17
3547	AGY	4
3547	RGT	4
3547	TGT	3
3547	ATT	3
3547	AAT	2
3548	GCT	248882
3548	GTT	106
3548	GCC	22
3548	GCY	6
3548	ACT	4
3548	SCT	3
3549	TTA	249042
3549	TTG	22
3549	ATA	6
3549	TYA	3
3549	TTW	2
3550	TTA	249114
3550	CTA	3
3551	GAA	249062
3551	KAA	10
3551	GAG	5
3551	GAC	4
3551	GAT	2
3552	GAT	249075
3552	GAC	28
3552	GAY	3
3552	KAT	2
3553	GAA	249128
3553	GAG	13
3553	GAR	5
3553	GAW	2
3553	KAA	2
3554	TTT	249122
3554	WTT	4
3554	TTC	4
3555	ACA	249126
3555	ACG	2
3556	CCT	249009
3556	CCY	24
3556	CCC	18
3556	TCT	16
3556	ACT	10
3556	CCA	7
3556	YCT	3
3556	CTT	3
3557	TTT	249122
3557	TTY	6
3557	TYT	3
3557	TTC	3
3557	ATT	2
3558	GAT	249117
3558	GAC	11
3559	GTT	249088
3559	GTW	4
3559	GWT	3
3559	GCT	2
3560	GTT	249117
3560	GTY	8
3560	GYT	6
3560	TTT	3
3560	ATT	2
3561	AGA	248579
3561	AGG	436
3561	AAA	108
3561	AGR	8
3561	AGC	5
3561	AKA	4
3561	WGA	3
3561	AGM	2
3562	CAA	249088
3562	CAG	10
3562	CWA	4
3562	YAA	4
3562	CMA	2
3563	TGC	249031
3563	TGT	39
3563	TKC	8
3563	TGY	5
3563	YGC	2
3563	AGC	2
3564	TCA	249017
3564	TTA	24
3564	TCG	17
3564	TYA	7
3564	CCA	5
3564	GCA	4
3564	ACA	4
3564	YCA	3
3564	TMA	2
3564	TAA	2
3565	GGT	248962
3565	GGC	45
3565	GKT	28
3565	TGT	6
3565	GGY	4
3565	RGT	2
3565	GST	2
3565	KGT	2
3566	GTT	249054
3566	GTA	7
3566	GTY	3
3566	RTT	2
3566	ATT	2
3567	ACT	248978
3567	ATT	36
3567	AYT	10
3567	ACC	4
3567	ACY	4
3567	AAT	2
3568	TTC	248866
3568	TTT	129
3568	TTY	19
3568	YTC	3
3568	CTC	3
3568	TKC	3
3569	CAA	248997
3569	CAG	10
3569	YAA	6
3569	CAC	4
3569	MAA	2
3570	AGT	248948
3570	GGT	10
3570	RGT	8
3570	AAT	7
3570	AKT	3
3570	WGT	3
3571	GCA	248140
3571	GCT	468
3571	GTA	297
3571	GYA	13
3571	GCG	4
3571	GMA	4
3571	SCA	3
3571	GCW	3
3571	KCA	3
3571	TCA	3
3571	GCR	2
3572	GTG	248657
3572	GTT	22
3572	GTA	13
3572	GCG	12
3572	GTR	7
3572	ATT	6
3572	ATG	5
3572	TTG	4
3572	GWR	3
3572	RTG	2
3573	AAA	248881
3573	GAA	28
3573	AAG	10
3573	RAA	10
3573	CAA	5
3573	ARA	2
3574	AGA	248582
3574	AKA	276
3574	ATA	12
3574	RGA	8
3574	GGA	8
3574	AGG	7
3574	ADA	6
3574	ARA	5
3574	AAA	4
3574	GCT	3
3574	ASA	3
3574	ACA	2
3575	ACA	248815
3575	ACG	29
3575	ATA	9
3575	ACT	6
3575	AYA	4
3575	CGG	3
3575	GCA	2
3576	ATC	248671
3576	ACC	144
3576	ATT	20
3576	GTC	12
3576	ATY	10
3576	AGA	3
3576	AYC	2
3577	AAG	248678
3577	AAT	102
3577	AAK	14
3577	AGG	8
3577	AAA	7
3577	GAG	5
3577	CAG	5
3577	RAG	3
3577	TGT	3
3577	AAR	2
3577	ARG	2
3578	GGT	248800
3578	GGW	22
3578	AGT	9
3578	GGC	5
3578	GTA	3
3578	GGY	2
3578	GAT	2
3578	KGT	2
3578	GKT	2
3579	ACA	248850
3579	ATA	309
3579	AYA	34
3579	ACT	7
3579	TAA	3
3579	TCA	3
3579	GCA	2
3580	CAC	248895
3580	TAC	95
3580	YAC	40
3580	CAA	23
3580	CAT	22
3580	AAC	3
3580	CAS	3
3580	GAG	3
3580	CVC	2
3580	CAY	2
3580	CRC	2
3581	CAC	249671
3581	CAT	69
3581	CAY	8
3581	ACA	3
3582	TGG	250192
3582	GGG	3
3582	TGR	3
3583	TTG	251019
3583	CTG	7
3583	TTR	4
3583	KTG	3
3583	TTA	2
3584	TTA	250993
3584	TTG	18
3584	TYA	3
3584	YTA	2
3584	CTA	2
3585	CTC	250797
3585	CTT	236
3585	CTY	27
3585	TTA	6
3585	CWC	3
3585	CKC	3
3585	ATC	3
3585	YTC	3
3585	CTM	2
3585	TTC	2
3586	ACA	251001
3586	ACM	55
3586	ATA	31
3586	AYA	11
3586	ACG	3
3587	ATT	256450
3587	ATC	11
3587	AAT	10
3587	WTT	10
3587	GTC	5
3587	ACT	5
3587	ATY	5
3587	GTT	3
3587	AYT	2
3588	TTG	256417
3588	TTA	47
3588	TTT	37
3588	YTG	8
3588	TTK	8
3588	TCG	3
3588	TYG	2
3588	TKR	2
3589	ACT	256492
3589	ACA	9
3589	ATT	9
3589	ACG	5
3589	WCT	4
3589	ACK	3
3589	AYT	2
3589	MYT	2
3590	TCA	256508
3590	TCT	6
3590	YCA	3
3590	YMM	2
3591	CTT	256455
3591	TTT	32
3591	YTT	11
3591	CTY	7
3591	ATT	6
3591	CYT	4
3591	CGT	3
3591	MTT	2
3591	CTC	2
3592	TTA	256501
3592	TTG	8
3592	CTT	6
3592	CTA	5
3592	TYA	4
3592	TTR	3
3592	YTA	2
3592	TWR	2
3593	GTT	256438
3593	TTT	26
3593	KTT	22
3593	ATT	13
3593	GTC	6
3593	GTA	6
3593	GKT	4
3593	STT	4
3593	GYT	2
3593	GTY	2
3594	TTA	256494
3594	TCA	12
3594	TTG	6
3594	TTR	4
3594	TYA	4
3594	TWA	2
3595	GTC	256180
3595	GTT	149
3595	KTC	46
3595	GYC	8
3595	GTA	8
3595	GTY	5
3595	GCC	3
3595	TTC	2
3596	CAG	256364
3596	CAK	9
3596	CAT	9
3596	CAA	8
3596	GAG	4
3596	MAG	3
3596	SAG	3
3596	YAG	2
3597	AGT	256410
3597	AKT	9
3597	AGC	5
3597	ART	2
3597	CGT	2
3598	ACT	256688
3598	ATT	22
3598	AYT	5
3598	ACC	2
3598	GCT	2
3599	CAA	256687
3599	CGA	17
3599	CAG	9
3599	YAA	6
3599	CRA	4
3599	MAA	2
3600	TGG	256643
3600	TKG	4
3600	TGK	4
3600	TGC	3
3601	TCT	256530
3601	TTT	8
3601	CCT	3
3601	TAT	2
3601	TYT	2
3602	TTG	256442
3602	TTC	44
3602	TTT	15
3602	TTS	10
3602	TTK	4
3602	TTY	3
3602	TTA	2
3603	TTC	255297
3603	TTT	528
3603	TTY	96
3603	TYC	4
3603	YTC	3
3604	TTT	254859
3604	YTT	70
3604	CTT	29
3604	TTC	20
3604	TYT	14
3604	HTT	3
3604	TCT	3
3604	WTT	2
3605	TTT	256489
3605	YTT	9
3605	CTT	7
3605	TTG	5
3605	TKT	4
3605	TTC	3
3605	GTT	2
3606	TTG	237262
3606	TTT	17340
3606	TTK	896
3606	TTA	11
3606	GTT	7
3606	TTS	7
3606	GTG	7
3606	TKG	3
3606	TTC	2
3607	TAT	256483
3607	TTT	16
3607	TWT	4
3607	TAY	3
3607	TAC	2
3607	TGT	2
3608	GAA	256294
3608	GAC	175
3608	RAA	30
3608	AAA	11
3608	GAM	5
3608	GGA	5
3608	GAG	2
3608	SAA	2
3609	AAT	256463
3609	AAC	44
3609	TAT	13
3609	ATT	4
3609	AGT	4
3609	AAA	4
3609	AAY	3
3610	GCC	256311
3610	GCT	85
3610	GTC	33
3610	GCY	14
3610	SCC	8
3610	GYC	4
3610	ACC	2
3610	CCC	2
3611	TTT	256430
3611	TTC	10
3611	YTT	6
3611	TTY	4
3611	TYT	3
3611	CTT	2
3612	TTA	256435
3612	TTG	16
3612	TTM	9
3613	CCT	256264
3613	TCT	110
3613	CCY	34
3613	CCC	16
3613	CTT	16
3613	CYT	7
3613	CCA	6
3613	YCT	3
3614	TTT	256430
3614	TTC	19
3614	YTT	5
3614	KTT	4
3614	TTY	3
3614	GTT	3
3615	GCT	255246
3615	GTT	1185
3615	GYT	45
3615	TCT	13
3615	KCT	6
3615	SCT	4
3615	ACT	3
3615	GMT	3
3615	GCC	3
3615	GCA	2
3616	ATG	256403
3616	ATT	64
3616	ATA	8
3616	TTA	6
3616	AYG	4
3616	ACG	3
3616	ATK	3
3616	ATR	3
3616	WKG	2
3616	AAA	2
3617	GGT	256448
3617	AGT	28
3617	GGY	12
3617	GKT	9
3617	KGT	5
3617	GAT	3
3617	TGT	3
3617	GGG	3
3617	GKW	2
3618	ATT	256474
3618	GTT	54
3618	ACT	7
3618	ATA	6
3618	RTT	3
3618	WTT	2
3619	ATT	256481
3619	GTT	52
3619	ACT	5
3619	ATA	5
3619	AYT	5
3619	WTT	2
3620	GCT	256218
3620	GTT	282
3620	GYT	15
3620	KCT	11
3620	ACT	7
3620	GCC	3
3620	GMT	3
3621	ATG	256493
3621	ATT	5
3621	ATA	5
3621	ATS	4
3621	ACG	4
3621	AYG	2
3621	ATK	2
3622	TCT	256459
3622	TCA	18
3622	TCC	6
3622	TMT	4
3622	TYT	4
3622	TAT	4
3622	TTT	3
3622	TCY	2
3622	YCT	2
3623	GCT	254801
3623	TCT	1385
3623	GCC	246
3623	KCT	28
3623	GCY	11
3623	GYT	4
3623	RCT	2
3624	TTT	256488
3624	TTC	7
3624	TTY	3
3624	TGT	3
3625	GCA	256485
3625	GTA	30
3625	TCA	15
3625	GCT	14
3625	GYA	11
3625	KCA	7
3625	GCG	3
3626	ATG	256557
3626	ACG	7
3626	ATA	3
3626	AYG	2
3626	ATT	2
3627	ATG	256487
3627	ATT	55
3627	CTG	12
3627	ATK	5
3627	ACG	4
3627	ATA	3
3627	ATC	2
3627	GTG	2
3628	TTT	256561
3628	YTT	5
3628	TTY	3
3628	TYT	2
3628	TTC	2
3629	GTC	255328
3629	GTT	1192
3629	GTY	33
3629	ATC	14
3629	STC	7
3629	GTM	6
3629	GKC	3
3629	GAC	2
3630	AAA	256576
3630	AAG	14
3630	AAR	3
3630	AAW	2
3631	CAT	256594
3631	CAY	5
3631	CAC	5
3631	CRT	3
3631	YAT	2
3632	AAG	256557
3632	AAA	22
3632	AAT	6
3632	AAK	4
3632	AAS	3
3633	CAT	256577
3633	CAG	10
3633	AAT	6
3634	GCA	256582
3634	KCA	5
3634	GCW	5
3634	GYA	4
3634	RCA	3
3635	TTT	256571
3635	TTC	14
3635	TTY	8
3636	CTC	256387
3636	CTT	88
3636	CTY	61
3636	CTA	16
3636	CTM	7
3636	YTC	7
3636	TTG	7
3636	ATC	4
3636	TTC	3
3637	TGT	256541
3637	TKT	10
3637	TGC	4
3637	TGY	4
3637	TAT	3
3637	KGT	2
3637	YGT	2
3638	TTG	256542
3638	TTK	7
3638	CTA	6
3638	TTA	4
3638	CTG	2
3639	TTT	256507
3639	TTC	26
3639	TTY	3
3639	TAT	3
3639	KTT	2
3640	TTG	256556
3640	CTG	9
3640	TTK	3
3640	KTG	3
3640	YTG	3
3641	TTA	256546
3641	TYA	3
3641	CTA	2
3642	CCT	256524
3642	YCT	9
3642	CCG	4
3642	CYT	3
3642	CCA	3
3642	CCK	2
3642	CCC	2
3643	TCT	256446
3643	CCT	91
3643	TCC	7
3643	TCY	4
3643	YCT	4
3643	TMT	3
3643	GCT	2
3643	TYT	2
3644	CTT	255803
3644	TTT	715
3644	YTT	16
3644	TTA	6
3644	CTC	6
3644	CYT	3
3645	GCC	256359
3645	GCT	131
3645	GCY	16
3645	GTC	9
3645	GYC	7
3645	SCC	3
3646	ACT	255829
3646	GCT	10
3646	AYT	7
3646	ATT	5
3646	RCT	3
3647	GTA	255818
3647	ATA	16
3647	KTA	4
3647	GGA	4
3647	GTW	3
3647	RTA	3
3647	GCA	2
3648	GCT	255734
3648	GTT	61
3648	GYT	13
3648	ACT	12
3648	TCT	5
3648	GCA	5
3648	CCT	3
3648	SCT	2
3649	TAT	255754
3649	TGT	35
3649	TAC	26
3649	TWT	5
3649	TRT	3
3649	TAY	3
3650	TTT	255846
3650	TTW	6
3650	TWT	3
3651	AAT	255843
3651	AAC	11
3651	AGT	5
3651	ART	4
3652	ATG	255684
3652	ATT	96
3652	ATA	18
3652	GTG	10
3652	ATK	4
3652	ACG	3
3653	GTC	255552
3653	GTT	267
3653	TTC	50
3653	GTY	7
3653	GYC	4
3653	ATC	4
3653	GTM	3
3653	CTC	2
3653	KTC	2
3654	TAT	255889
3654	TAC	22
3655	ATG	254186
3655	ATT	1686
3655	GTG	23
3655	ATK	19
3655	RTG	5
3655	ATS	2
3656	CCT	255872
3656	CCY	6
3656	CTT	5
3656	CCA	4
3656	CCC	3
3656	CCG	3
3656	YCT	2
3657	GCT	255837
3657	GTT	26
3657	ACT	13
3657	GYT	11
3657	GMT	3
3657	RCT	3
3657	CCT	3
3657	GCC	2
3657	KCT	2
3657	GCY	2
3658	AGT	255912
3658	AKT	2
3658	WGT	2
3659	TGG	255910
3659	YGG	6
3659	TGK	5
3659	TTG	3
3660	GTG	255811
3660	TTG	55
3660	GTA	22
3660	GCG	13
3660	ATG	13
3660	GTT	4
3660	KTG	4
3661	ATG	255839
3661	ATA	72
3661	TTG	10
3661	RTG	5
3661	GTG	4
3661	ACG	3
3661	CTG	3
3662	CGT	255730
3662	CAT	79
3662	TGT	10
3662	YGT	8
3662	CGC	5
3663	ATT	255840
3663	ATC	8
3663	ATY	5
3663	RTT	5
3663	ATA	5
3663	GTT	2
3664	ATG	255862
3664	ATK	3
3664	RTG	2
3665	ACA	255786
3665	ATA	48
3665	ACT	6
3665	ACG	4
3665	AYA	2
3665	ACW	2
3666	TGG	255844
3667	TTG	255779
3667	TTT	33
3667	TTA	10
3667	CTG	8
3667	TTK	3
3667	YTG	3
3668	GAT	255797
3668	GAC	16
3668	GGT	14
3668	AAT	7
3668	GAY	4
3669	ATG	255742
3669	ATT	28
3669	ATA	28
3669	GTG	11
3669	ATK	5
3669	ATC	4
3669	TTG	2
3669	RTG	2
3670	GTT	255874
3670	TTT	10
3670	GTD	7
3670	GTA	6
3670	GCT	4
3670	KTT	4
3670	GTK	3
3670	GTY	3
3670	GGT	3
3670	ATT	2
3671	GAT	255884
3671	GAC	32
3671	ATC	6
3671	GGT	6
3671	GAY	5
3671	GMT	3
3671	KAT	2
3672	ACT	255891
3672	CCT	18
3672	ACC	7
3672	AMT	4
3672	AYT	4
3672	ACY	3
3672	WCT	2
3673	AGT	255876
3673	AST	9
3673	AGC	7
3674	TTG	255903
3674	ATG	18
3674	TTK	9
3674	TYG	3
3674	TTA	2
3674	TTT	2
3675	TCT	255494
3675	TTT	113
3675	TYT	7
3675	TCC	5
3675	TMT	5
3675	TCA	4
3676	GGT	255579
3676	AGT	34
3676	TGT	7
3676	GKT	6
3676	GGC	3
3676	GGY	3
3676	CGT	2
3676	GAT	2
3676	KGT	2
3676	GGK	2
3677	TTT	255632
3677	TTC	17
3677	TAT	8
3677	TTY	2
3678	AAG	255917
3678	AGG	16
3678	AAA	14
3678	AAT	13
3678	AAS	4
3679	CTA	255919
3679	TTA	14
3679	YTA	6
3679	CTR	6
3679	CTT	6
3679	MTA	3
3679	CTC	3
3679	CAA	3
3679	CWA	2
3680	AAA	255955
3680	AAG	19
3680	AGA	5
3680	AAW	4
3680	CAA	2
3680	AAR	2
3681	GAC	255743
3681	GAT	154
3681	KAC	23
3681	AAC	14
3681	GAA	10
3681	RAC	9
3681	GAY	4
3681	GGC	3
3681	GAM	3
3682	TGT	256001
3682	TTT	10
3682	TAT	5
3682	TGC	3
3682	TKT	2
3683	GTT	256044
3683	GCT	25
3683	ATC	8
3683	GTC	5
3683	GGT	4
3683	GYT	2
3684	ATG	256206
3684	WTG	3
3684	RTG	2
3685	TAT	256105
3685	TAC	112
3685	TGT	6
3685	CAT	3
3685	TAY	3
3685	YAT	2
3686	GCA	256184
3686	GTA	41
3686	RCA	5
3686	KCA	3
3686	GYA	2
3686	GCT	2
3686	ACA	2
3687	TCA	256220
3687	TTA	11
3687	TCG	6
3687	TYA	3
3688	GCT	256238
3688	GYT	6
3688	ACT	4
3688	GTT	4
3688	GMT	3
3688	GCC	3
3688	GCY	3
3688	GGT	3
3688	TCT	2
3689	GTA	256255
3689	ATT	8
3689	TTA	4
3689	ATA	3
3690	GTG	256126
3690	GTT	205
3690	GTK	21
3690	TTG	7
3690	GTA	7
3690	ATG	6
3690	ATC	6
3690	KTG	3
3690	CTG	2
3690	ATT	2
3691	TTA	256357
3691	TTG	19
3691	TTM	3
3691	YTA	3
3692	CTA	256288
3692	TTA	44
3692	YTA	12
3692	CTC	11
3693	ATC	256258
3693	ATT	64
3693	ACC	11
3693	ATA	8
3693	GTC	5
3693	ATY	5
3693	ATM	4
3693	MTC	4
3693	TTC	3
3693	WTC	3
3693	ATG	2
3694	CTT	256281
3694	TTT	77
3694	YTT	6
3694	CTC	3
3694	CTY	2
3695	ATG	256319
3695	GTG	37
3695	AYG	4
3695	ATK	3
3695	ATT	3
3696	ACA	256349
3696	AYA	4
3696	ACG	3
3696	ATA	3
3696	ACT	2
3696	RCA	2
3697	GCA	256300
3697	GTA	38
3697	GCT	11
3697	GYA	4
3698	AGA	256350
3698	AKA	6
3698	CGA	4
3698	AAA	2
3698	ARA	2
3698	AGG	2
3699	ACT	256355
3699	ACC	9
3699	AYT	3
3700	GTG	256304
3700	GTT	47
3700	GTK	10
3700	GTA	10
3700	KTG	3
3701	TAT	256377
3701	YAT	2
3701	TGT	2
3702	GAT	256385
3702	GAC	7
3702	GAY	4
3702	KAT	3
3702	SAT	3
3703	GAT	256052
3703	GAC	4
3703	AAT	3
3704	GGT	255938
3704	AGT	68
3704	RGT	12
3704	GGC	9
3704	GTT	7
3705	GCT	255095
3705	GTT	544
3705	GYT	405
3705	GCC	9
3705	KCT	2
3706	AGG	256032
3706	AGA	10
3706	AGK	6
3706	AKG	4
3707	AGA	255313
3707	CGT	9
3707	CGA	4
3707	AGR	4
3707	AGG	3
3707	AKA	3
3707	WGA	3
3708	GTG	255017
3708	GTT	19
3708	GTA	17
3708	ATG	4
3708	GTK	3
3708	GWG	2
3708	KTG	2
3709	TGG	254767
3709	TGK	183
3709	TTG	3
3709	TGT	2
3710	ACA	254902
3710	ACM	15
3710	AYA	5
3710	ATA	4
3710	ACH	2
3711	CTT	252648
3711	TTT	2232
3711	ATT	53
3711	YTT	20
3711	CTA	8
3711	CTC	6
3711	STT	3
3711	SKT	2
3711	CTG	2
3712	ATG	253724
3712	ATT	1229
3712	ATA	16
3712	ATK	8
3712	GTG	5
3712	ATR	4
3712	ATC	3
3712	RTG	2
3712	AYG	2
3713	AAT	255010
3713	AAC	4
3713	AAK	3
3713	WAT	2
3713	RAT	2
3714	GTC	254895
3714	ATC	66
3714	GTT	41
3714	STC	9
3714	KTC	6
3714	GYC	4
3714	RTC	2
3714	GTY	2
3715	TTG	254942
3715	TTA	145
3715	CTG	12
3715	CTT	8
3715	TTT	4
3715	TTK	4
3715	TTS	3
3715	TTR	3
3716	ACA	255123
3716	ATA	29
3716	GCA	7
3716	ACW	2
3717	CTC	255132
3717	CTT	37
3717	CTY	12
3717	TTC	5
3717	CTA	3
3717	YTC	2
3718	GTT	254332
3718	TTT	1075
3718	KTT	47
3718	GCT	33
3718	STT	6
3718	GTW	3
3718	ATT	2
3718	GTC	2
3719	TAT	255612
3719	TAC	9
3719	TAY	3
3719	TGT	2
3720	AAA	255588
3720	AAG	14
3720	AAR	3
3720	AAT	2
3721	GTT	255619
3721	GTC	15
3721	TTT	5
3722	TAT	255667
3722	TGT	49
3722	TRT	4
3722	TTT	3
3722	TAC	2
3723	TAT	255726
3723	TGT	2
3724	GGT	255716
3724	GKT	4
3724	KGT	2
3724	GGY	2
3725	AAT	255606
3725	GAT	74
3725	AGT	22
3725	ART	9
3725	RAT	6
3725	AAC	5
3726	GCT	255763
3726	GYT	13
3726	GTT	5
3726	GCY	3
3726	GCC	2
3727	TTA	255809
3727	TTG	7
3727	TYA	3
3728	GAT	255500
3728	AAT	284
3728	GAC	40
3728	GAG	3
3728	KAT	2
3728	SAT	2
3728	GAW	2
3729	CAA	255779
3729	YAA	7
3729	AAA	6
3729	CGA	6
3729	CAG	2
3729	MAA	2
3730	GCC	255613
3730	GCT	154
3730	GTC	23
3730	ACC	21
3730	GCY	19
3730	GYC	11
3730	GCA	7
3730	KCC	6
3730	TCC	3
3730	GMC	3
3731	ATT	255851
3731	ACT	24
3731	RTT	2
3732	TCC	255749
3732	TTC	34
3732	GCC	21
3732	TCT	20
3732	TCY	12
3732	TYC	8
3732	TAC	3
3733	ATG	255798
3733	ATA	44
3733	ATK	9
3733	ATS	4
3733	GTG	2
3733	ATT	2
3734	TGG	255821
3734	TGK	6
3734	CGG	2
3735	GCT	255792
3735	GCC	4
3735	RCT	3
3735	GCW	3
3736	CTT	255644
3736	TTT	180
3736	YTT	21
3736	CTG	7
3736	CYT	5
3737	ATA	255789
3737	ATT	10
3737	ACA	8
3737	GTA	7
3737	TTA	5
3737	AYA	3
3737	ATG	3
3737	RTA	2
3738	ATC	255771
3738	ATT	27
3738	ATY	9
3738	WTC	3
3739	TCT	255737
3739	TYT	7
3739	TCC	6
3740	GTT	255711
3740	GTC	14
3740	GTA	7
3740	KTT	6
3740	GTY	4
3740	STT	2
3741	ACT	255669
3741	ACC	12
3741	AYT	4
3741	ATT	3
3741	ACY	2
3742	TCT	255686
3742	TCY	4
3742	TCC	2
3742	TTT	2
3742	YCT	2
3743	AAC	255646
3743	AAT	29
3743	RAC	2
3743	AAY	2
3744	TAC	252766
3744	TAT	2868
3744	TAY	48
3744	CAC	3
3744	TRC	2
3745	TCA	255669
3745	TYA	14
3745	TCG	4
3745	TCR	3
3746	GGT	255649
3746	GGC	9
3746	GKT	8
3746	GRT	4
3746	GGW	3
3747	GTA	255592
3747	ATA	12
3747	GTT	11
3747	GTG	5
3747	GTR	5
3747	GCA	2
3748	GTT	255631
3748	ATT	2
3748	GTA	2
3748	GCT	2
3749	ACA	255562
3749	ATA	27
3749	AYA	10
3749	AGA	4
3749	ACW	4
3749	ACR	2
3750	ACT	255249
3750	ATT	244
3750	AYT	31
3750	ACA	6
3750	ACC	5
3750	ACG	3
3750	ACY	2
3750	ACW	2
3751	GTC	255407
3751	GTT	83
3751	ATC	24
3751	GTY	14
3751	TTC	11
3752	ATG	255044
3752	ATA	197
3752	ATT	138
3752	GTG	15
3752	ATC	7
3752	ATK	6
3752	ATS	4
3752	RTG	3
3752	ACG	2
3753	TTT	255297
3753	GTT	186
3753	KTT	12
3753	TTC	7
3753	TCT	3
3753	TYT	3
3753	TKT	2
3754	TTG	255409
3754	TTT	9
3754	ATG	7
3754	TCG	7
3754	CTG	5
3754	TTK	5
3754	TTS	3
3754	TTA	3
3754	TYG	2
3754	TTR	2
3755	GCC	255275
3755	GCT	30
3755	ACC	15
3755	RCC	12
3755	TCC	7
3755	GCY	4
3755	KCC	2
3755	GTC	2
3755	GYC	2
3756	AGA	253640
3756	AGG	1605
3756	AGR	27
3756	WGA	2
3757	GGT	254710
3757	GKT	339
3757	GTT	229
3757	AGT	34
3757	RGT	4
3757	GAT	3
3758	ATT	255251
3758	GTT	44
3758	ATC	9
3758	RTT	3
3758	ACT	3
3758	ATA	2
3758	MTT	2
3759	GTT	255085
3759	GGT	98
3759	TTT	98
3759	GTC	9
3759	KTT	7
3759	GTY	4
3759	GYT	3
3760	TTT	255305
3760	GTT	4
3760	KTT	3
3760	TTY	3
3760	CTT	2
3760	ATT	2
3761	ATG	255247
3761	GTG	10
3761	ATT	8
3761	ATR	7
3761	WTG	5
3761	RTG	3
3761	ATA	3
3761	AWG	2
3761	ACG	2
3762	TGT	255214
3762	TGC	10
3762	TAT	6
3762	TRT	2
3763	GTT	255204
3763	TTT	10
3763	GTC	10
3763	GTA	4
3763	GTK	2
3763	GTY	2
3763	GTG	2
3764	GAG	254738
3764	GAT	517
3764	GAK	11
3764	GAA	9
3764	RAG	6
3764	GRG	3
3764	GWG	2
3764	GGG	2
3765	TAT	255334
3765	TGT	8
3765	TAY	3
3765	TAC	3
3765	TRT	2
3766	TGC	255035
3766	TGT	122
3766	AGC	12
3766	TGY	8
3766	TTC	6
3766	CGC	4
3766	TAC	3
3766	WGC	2
3766	KGC	2
3766	TSC	2
3767	CCT	256114
3767	CTT	14
3767	CCA	12
3767	TCT	12
3767	YCT	4
3767	CCY	4
3767	CCD	3
3767	CCK	3
3767	CST	3
3767	MCT	3
3767	CYT	2
3768	ATT	256254
3768	ATC	10
3768	ACT	6
3768	WTT	4
3768	GTT	3
3768	RTT	2
3769	TTC	255918
3769	TTT	319
3769	TTY	16
3769	CTC	8
3769	TTA	6
3769	ATC	4
3769	TYC	3
3769	YTC	2
3770	TTC	255824
3770	TTT	542
3770	TTY	16
3770	TTA	2
3770	KTC	2
3771	ATA	256330
3771	ACA	41
3771	ATT	8
3771	AYA	8
3771	TTA	3
3771	GTA	2
3772	ACT	256288
3772	ACA	61
3772	ACC	16
3772	ATT	6
3772	AYT	5
3772	GCT	4
3773	GGT	256423
3773	GKT	3
3773	GRT	2
3773	GAT	2
3774	AAT	256560
3774	AAC	47
3774	GAT	6
3774	ART	4
3774	AAY	4
3774	AGT	3
3775	ACA	256617
3775	ACG	12
3775	ACC	7
3775	AYA	3
3775	ATA	2
3775	RCA	2
3775	ACR	2
3775	WCA	2
3776	CTT	256504
3776	TTT	112
3776	ATT	11
3776	TTA	8
3776	YTT	6
3776	CYT	4
3776	CTA	3
3777	CAG	255437
3777	CGG	1032
3777	CAT	174
3777	CRG	15
3777	CAK	12
3777	YAG	6
3777	CAA	4
3777	CGR	3
3778	TGT	256693
3778	TGC	6
3778	TGY	2
3779	ATA	256622
3779	GTA	47
3779	ACA	6
3779	ATR	3
3779	ATT	3
3780	ATG	256661
3780	ATT	9
3780	ATR	4
3780	GTG	3
3780	ATK	2
3780	ATC	2
3780	ATS	2
3781	CTA	256598
3781	TTA	30
3781	ATA	24
3781	YTA	9
3781	TTG	8
3781	MTA	8
3782	GTT	256652
3782	ATT	10
3782	GTC	9
3782	GTG	7
3782	TTT	4
3782	KTT	2
3783	TAT	256668
3783	TAC	7
3783	YAT	4
3783	TAW	3
3784	TGT	256646
3784	TGC	8
3784	TKT	6
3784	TGY	4
3784	TKY	3
3784	WGT	3
3784	YGT	2
3785	TTC	256470
3785	TTT	218
3785	TTY	8
3785	TYC	2
3786	TTA	256542
3786	TTG	153
3786	TTR	3
3787	GGC	256675
3787	GGT	7
3787	GGY	4
3787	GRC	2
3787	KGC	2
3787	GAC	2
3788	TAT	256639
3788	TAC	41
3788	TWT	2
3788	TAY	2
3789	TTT	256668
3789	TTC	9
3789	CTT	4
3789	TTA	4
3789	TTY	3
3789	TCT	3
3790	TGT	256628
3790	TTT	35
3790	TKT	16
3790	TGY	6
3790	TGC	5
3790	TAT	3
3790	TST	3
3791	ACT	256471
3791	ACC	142
3791	AYT	4
3791	TCT	3
3792	TGT	256608
3792	TGC	4
3792	TRT	3
3792	TKT	2
3793	TAC	256615
3793	TAT	18
3793	TRC	4
3793	TAY	3
3793	CAC	2
3794	TTT	256610
3794	KTT	4
3794	TTY	3
3794	TTK	2
3794	YTT	2
3795	GGC	256587
3795	GGT	30
3795	GGY	7
3795	GGA	4
3795	SGC	3
3795	GKC	3
3796	CTC	256353
3796	CTT	228
3796	CTY	18
3796	TTC	13
3796	YTC	5
3796	CYC	2
3796	CTA	2
3797	TTT	256583
3797	YTT	33
3797	TTC	9
3797	CTT	6
3797	TYT	2
3798	TGT	256612
3798	TKT	10
3798	TST	3
3798	TCT	2
3798	YGT	2
3799	TTA	256516
3799	ATA	23
3799	YTA	4
3799	TCA	3
3799	CTA	3
3800	CTC	256463
3800	CTT	68
3800	TTC	22
3800	CAC	7
3800	CTY	6
3800	CTA	4
3801	AAC	256522
3801	AAT	26
3801	AAY	4
3801	ARC	3
3801	TAC	3
3801	RAC	3
3801	AAA	2
3802	CGC	256387
3802	CGT	52
3802	CAC	37
3802	TGC	32
3802	CGY	10
3802	YGC	7
3802	CRC	4
3802	AGC	3
3802	MGC	2
3803	TAC	256205
3803	TAT	232
3803	TAY	81
3803	WAC	13
3803	CAC	5
3803	TTC	2
3803	AAC	2
3803	YAC	2
3804	TTT	256496
3804	CTT	69
3804	TTC	4
3804	YTT	3
3805	AGA	256551
3805	AAA	9
3805	AKA	5
3805	GGA	3
3805	RGA	2
3806	CTG	256365
3806	TTG	14
3806	CTT	10
3806	CTK	4
3806	YTG	3
3806	CTA	3
3806	CTC	3
3807	ACT	256231
3807	ACC	171
3807	AYT	4
3807	RCT	3
3807	TCT	2
3807	ACY	2
3808	CTT	256331
3808	TTT	28
3809	GGT	256332
3809	GKT	2
3809	GGK	2
3810	GTT	256000
3810	TTT	22
3810	GWT	19
3810	KTT	11
3810	GYT	9
3810	GKT	8
3810	ATT	5
3810	STT	2
3810	CTT	2
3810	GAT	2
3810	GVT	2
3810	GTC	2
3811	TAT	255926
3811	TAC	135
3811	TAK	3
3811	TWW	3
3811	AAT	2
3812	GAT	256052
3812	KAT	8
3812	GAC	5
3812	GGT	3
3813	TAC	255865
3813	TAT	211
3813	TAY	18
3813	TRC	3
3813	YAC	3
3814	TTA	256073
3814	CTC	8
3814	TTG	6
3814	TYA	4
3814	TCA	3
3815	GTT	256106
3815	ATT	6
3815	GTY	3
3815	KTT	3
3815	RTT	2
3816	TCT	256105
3816	TCC	13
3816	TYT	3
3816	TMT	2
3817	ACA	256123
3817	GCA	6
3817	ACG	4
3818	CAG	256072
3818	CAA	43
3818	CAS	3
3818	YAG	2
3818	CAR	2
3819	GAG	256116
3819	GAK	9
3819	GMG	4
3820	TTT	256123
3820	TTC	3
3820	TYT	2
3821	AGA	256131
3821	AGG	9
3822	TAT	256013
3822	TAC	80
3822	TAY	13
3822	TGT	10
3823	ATG	256145
3823	TTG	15
3823	ATR	4
3823	ATK	3
3824	AAT	256130
3824	AAC	27
3824	AGT	13
3824	AAY	2
3824	AAG	2
3824	AMT	2
3825	TCA	256128
3825	TCG	15
3825	TCC	8
3825	TCT	8
3825	TYA	8
3826	CAG	256069
3826	CAT	42
3826	CAA	16
3826	YAG	9
3826	CAK	6
3826	CAC	5
3826	CTG	3
3827	GGA	256146
3827	GAA	24
3827	AGA	16
3827	GGT	9
3827	GTA	4
3827	GKA	4
3827	KGA	3
3827	GGM	2
3828	CTA	255493
3828	TTA	631
3828	YTA	54
3828	CTT	9
3828	CTC	8
3828	TTG	3
3828	CTR	3
3828	ATA	2
3828	CAA	2
3829	CTC	255726
3829	TTC	284
3829	CTT	146
3829	CTA	20
3829	CTY	12
3829	YTC	11
3829	CAC	8
3829	TTA	6
3829	ATC	4
3829	CYC	3
3829	TTG	3
3829	CTM	2
3829	STC	2
3829	CCC	2
3830	CCA	256144
3830	CCG	20
3830	CCT	11
3830	CCR	8
3830	MCA	7
3830	CYA	6
3830	TCA	5
3830	YCA	2
3831	CCC	255718
3831	CCT	434
3831	CCY	33
3831	YCC	9
3831	CCA	6
3831	CCM	3
3832	AAG	256082
3832	AAT	91
3832	AAK	4
3832	ARG	4
3832	AGG	4
3832	WAG	3
3832	AAR	2
3833	AAT	256197
3833	AAC	11
3833	AMT	3
3833	AWT	3
3833	AAY	2
3833	RAT	2
3833	AGT	2
3833	GAT	2
3834	AGC	256116
3834	AGT	92
3834	AGY	16
3834	AKC	4
3834	ARC	2
3835	ATA	256227
3835	ATG	3
3835	WTA	3
3835	TTA	2
3836	GAT	256220
3836	AAT	16
3836	GGT	8
3836	GAA	6
3836	GAC	2
3837	GCC	255975
3837	GCT	257
3837	GTC	6
3837	GCY	4
3837	KCC	3
3837	GMC	3
3837	GCA	2
3837	GYC	2
3837	ACC	2
3838	TTC	256205
3838	TTT	11
3838	YTC	4
3838	TTY	4
3838	TWC	3
3838	TTA	2
3838	CTC	2
3838	TTM	2
3839	AAA	254163
3839	AGA	1427
3839	AAG	561
3839	AAR	49
3839	ARA	19
3839	GAA	8
3840	CTC	256210
3840	CTT	12
3840	CTA	8
3840	CTY	3
3840	ATC	3
3841	AAC	256196
3841	AAT	28
3841	WAC	3
3842	ATT	256189
3842	GTT	15
3842	ACT	13
3842	ATC	10
3842	ATW	6
3842	ATY	4
3843	AAA	256170
3843	AAG	42
3843	AAR	20
3844	TTG	256173
3844	CTG	18
3844	CTT	7
3844	TTK	4
3844	TTA	3
3844	WTG	3
3844	TTT	3
3844	GTG	3
3844	TKG	3
3844	TTS	3
3844	YTG	2
3845	TTG	256150
3845	CTG	40
3845	YTG	9
3845	TTA	9
3845	TYG	5
3845	TTK	5
3845	KTG	3
3845	TTT	2
3846	GGT	255681
3846	AGT	528
3846	RGT	13
3846	TGT	2
3847	GTT	256192
3847	ATT	21
3847	GYT	6
3847	GTC	2
3847	GTY	2
3848	GGT	256167
3848	GGA	15
3848	AGT	4
3848	KGT	3
3848	GKT	2
3849	GGC	256056
3849	GGT	87
3849	GGM	34
3849	GGA	9
3849	GGY	5
3849	RGC	5
3849	GSC	3
3849	GRC	2
3850	AAA	256179
3850	WAA	3
3851	CCT	256259
3851	CCC	12
3851	CCA	8
3851	YCT	8
3851	CYT	6
3851	CCG	3
3851	CCY	3
3852	TGT	256283
3852	TGC	11
3852	TKT	2
3852	YGT	2
3853	ATC	256174
3853	ATT	258
3853	ATY	37
3853	GTC	11
3853	RTC	5
3853	AYC	2
3854	AAA	256497
3854	AAR	11
3854	AAG	4
3854	AAC	2
3855	GTA	256474
3855	GTG	43
3855	ATA	8
3855	TTA	7
3855	GTR	2
3855	KTA	2
3855	GTT	2
3856	GCC	256292
3856	GCT	149
3856	GTC	55
3856	ACC	28
3856	GCA	11
3856	GCY	7
3856	KCC	6
3856	SCC	4
3856	GSC	4
3856	GYC	4
3857	ACT	256514
3857	ACC	38
3857	ATT	15
3857	RCT	6
3857	ACW	4
3857	MCT	4
3857	ACY	3
3857	GCT	3
3857	TCT	3
3857	AYT	2
3858	GTA	256497
3858	GTG	64
3858	TTA	18
3858	KTA	8
3858	GTT	6
3858	ATA	6
3858	GTC	3
3858	RTA	3
3859	CAG	256315
3859	CAA	219
3859	CAT	42
3859	CAK	11
3859	YAG	8
3859	CAR	8
3859	CRG	3
3860	TCT	256568
3860	TYT	8
3860	TCA	8
3860	YCT	5
3860	TCC	4
3860	TCW	2
3861	AAA	256561
3861	AAG	12
3861	AGA	5
3861	AWA	4
3861	GAA	3
3861	ARA	2
3862	ATG	255658
3862	ATT	812
3862	ATK	58
3862	ATA	48
3862	ATS	3
3862	GTG	2
3862	RTG	2
3862	WTK	2
3863	TCA	256523
3863	TCG	20
3863	TYA	9
3863	GCA	5
3864	GAT	256525
3864	GAC	35
3864	KAT	6
3864	GCT	4
3864	GAG	2
3865	GTA	256521
3865	ATA	13
3865	GTG	11
3865	GCA	3
3865	RTA	3
3865	GTW	3
3865	KTA	2
3866	AAG	256522
3866	AAA	11
3866	AAT	10
3866	AAK	8
3866	ARG	6
3866	AGG	4
3866	WAG	3
3866	AAS	3
3867	TGC	256567
3867	TGT	112
3867	TKC	17
3867	TGY	11
3867	TAC	3
3867	KGC	2
3868	ACA	256668
3868	AYA	16
3868	ACG	15
3868	ACT	8
3868	ATA	7
3868	TCA	3
3868	RCA	2
3869	TCA	256980
3869	TCT	9
3869	TMA	3
3869	TYA	2
3870	GTA	257021
3870	GTG	12
3870	ATA	2
3871	GTC	256924
3871	GTT	64
3871	GTA	20
3871	STC	8
3871	TTC	7
3871	GTY	4
3871	ATC	3
3871	KTC	3
3872	TTA	256995
3872	CTT	8
3872	WTA	6
3872	CTA	4
3872	TYA	4
3872	TCA	3
3873	CTC	257002
3873	CTT	18
3873	TTC	14
3873	CTA	6
3873	CTM	4
3873	YTC	3
3873	CTY	3
3874	TCA	256993
3874	TTA	40
3874	ACA	5
3874	TYA	4
3874	TCC	3
3874	GCA	2
3875	GTT	257000
3875	GTC	8
3875	KTT	7
3875	GTG	7
3875	GTW	3
3875	GCT	2
3876	TTG	257213
3876	TTT	82
3876	TTA	21
3876	CTT	13
3876	TTK	9
3876	TTS	8
3876	TYG	3
3877	CAA	257339
3877	YAA	6
3877	CAG	6
3877	CTA	4
3877	MAA	3
3878	CAA	257355
3878	TAA	5
3878	YAA	4
3879	CTC	257257
3879	CTT	91
3879	CTY	12
3879	TTC	4
3880	AGA	257360
3880	GGA	3
3880	AKA	2
3880	AGC	2
3881	GTA	257293
3881	CTA	35
3881	GTG	17
3881	GTT	8
3881	GTR	5
3881	KTA	4
3881	RTA	2
3881	ATA	2
3881	TTA	2
3882	GAA	257351
3882	GAG	4
3882	KAA	3
3883	TCA	257318
3883	TCG	27
3883	TYA	5
3883	TCR	4
3883	TMA	3
3884	TCA	253715
3884	TTA	3543
3884	TYA	51
3884	GCA	17
3884	TCT	15
3884	TCG	3
3885	TCT	257003
3885	TTT	301
3885	TYT	22
3885	TCW	8
3885	TCA	8
3885	GCT	6
3885	TCC	4
3885	YCT	3
3886	AAA	257178
3886	AAG	158
3886	AWA	3
3886	AAM	2
3886	RAR	2
3887	TTG	257319
3887	TTA	8
3887	TTT	6
3887	TTK	3
3887	GTG	3
3888	TGG	257265
3888	TGK	6
3888	TKG	3
3888	TCG	2
3889	GCT	257208
3889	GAT	47
3889	GTT	19
3889	GCA	8
3889	GCC	7
3889	KCT	5
3889	GCY	2
3889	GYT	2
3890	CAA	257267
3890	CAC	11
3890	CAG	8
3890	YAA	3
3890	CMM	3
3891	TGT	257077
3891	TKT	10
3891	TGC	9
3891	TGY	5
3891	TRT	2
3891	TTT	2
3892	GTC	256680
3892	GTT	207
3892	TGC	62
3892	ATC	42
3892	GCC	29
3892	GTY	16
3892	GTA	16
3892	GTG	9
3892	STC	3
3892	KTC	3
3892	GTM	2
3893	CAG	256904
3893	CAT	13
3893	CAA	10
3893	YAG	8
3893	CAK	4
3893	CTG	3
3893	CWG	3
3893	CMK	3
3893	CGG	2
3894	TTA	256914
3894	TTG	15
3894	TTR	10
3894	CTC	7
3894	TTM	3
3894	CTG	2
3895	CAC	256832
3895	CAT	60
3895	CAY	8
3895	CWC	3
3895	CRC	3
3895	CAA	3
3896	AAT	256876
3896	AAC	5
3896	AAY	2
3897	GAC	256418
3897	GAT	409
3897	GAY	27
3897	KAC	15
3897	GRC	6
3897	GCC	3
3897	TAC	3
3897	SAC	2
3898	ATT	256864
3898	WTT	12
3898	ATA	9
3898	ATC	6
3898	GTT	5
3898	ACT	3
3898	ATY	3
3899	CTC	256652
3899	CTT	161
3899	CTY	37
3899	ATC	30
3899	TTC	10
3899	CTG	6
3899	YTC	5
3900	TTA	256901
3900	CTT	8
3901	GCT	256866
3901	GTT	16
3901	GYT	10
3901	GCA	9
3901	GCC	4
3901	KCT	3
3902	AAA	256874
3902	AAG	16
3902	AAC	4
3902	AGA	2
3903	GAT	256856
3903	GAC	31
3903	GAY	8
3903	AAT	3
3903	GWT	3
3904	ACT	256821
3904	ATT	22
3904	ACC	19
3904	AYT	13
3904	WCT	6
3904	ACY	5
3904	AAT	4
3904	CCT	3
3905	ACT	256882
3905	ATT	5
3905	AAT	5
3905	ACC	3
3905	AYT	2
3906	GAA	256837
3906	GAG	38
3906	GAR	9
3906	GTA	8
3906	KMA	3
3907	GCC	256860
3907	GCA	10
3907	GTC	8
3907	GCT	6
3907	GCY	4
3907	RCC	4
3907	GYC	3
3907	TCC	2
3908	TTT	256874
3908	YTT	6
3908	TTC	5
3908	TTW	4
3908	CTT	3
3909	GAA	256538
3909	GGA	74
3909	GRA	20
3909	GAT	15
3909	RAA	5
3909	GMA	3
3909	KMA	3
3909	GAW	2
3910	AAA	256895
3910	AAG	4
3910	AAC	2
3911	ATG	256884
3911	ATK	3
3911	AWK	3
3912	GTT	256866
3912	KTT	6
3912	GKT	6
3912	RTT	3
3913	TCA	256848
3913	TTA	14
3913	TCG	9
3913	YCA	6
3913	TYA	5
3913	GCA	3
3913	CCA	2
3913	TCR	2
3914	CTA	256835
3914	TTA	46
3914	YTA	4
3914	GTA	2
3915	CTT	256795
3915	TTT	46
3915	YTT	34
3915	CTG	8
3915	CYT	3
3915	CTY	3
3915	ATT	2
3915	CTW	2
3916	TCT	256868
3916	TYT	6
3916	YCT	5
3916	TMT	3
3916	TCC	3
3917	GTT	256806
3917	GGT	13
3917	TTT	10
3917	GTC	9
3917	GTG	8
3917	ATT	8
3917	GKT	6
3917	KTT	5
3917	STT	3
3917	GTW	3
3917	GCT	3
3917	GYT	3
3917	GTA	3
3918	TTG	256859
3918	CTG	12
3918	TWG	6
3918	TTA	6
3918	TYG	3
3918	TTK	3
3918	TTR	3
3918	TTT	2
3919	CTT	256824
3919	TTT	26
3919	YTT	12
3919	CTA	11
3919	CYT	6
3919	CTC	3
3919	CTY	3
3920	TCC	256362
3920	TCT	536
3920	TCY	13
3920	TYC	2
3921	ATG	256867
3921	ACG	15
3921	ATT	12
3921	TTG	12
3921	AKG	6
3921	ATA	5
3921	CTG	3
3921	GTG	3
3921	ATR	2
3922	CAG	256836
3922	CAA	37
3922	CAT	22
3922	CAR	12
3922	CAK	5
3922	YAG	2
3922	CRG	2
3923	GGT	256891
3923	GKT	8
3923	GGC	4
3923	GRW	3
3923	CGT	3
3923	TGT	2
3923	AGT	2
3924	GCT	256898
3924	GYT	12
3924	GTT	12
3924	GCC	4
3924	KCT	2
3925	GTA	256873
3925	ATA	16
3925	GTG	8
3925	GKA	8
3925	GYA	3
3926	GAC	256682
3926	GAT	154
3926	KAC	71
3926	GAY	7
3926	CAC	3
3926	GWC	3
3926	GCC	3
3927	ATA	256902
3927	GTA	7
3927	ACA	6
3927	ATG	6
3927	ATT	5
3927	RTA	4
3927	AYA	3
3928	AAC	256778
3928	AAT	148
3928	AAY	12
3928	ARC	4
3928	AGC	3
3929	AAG	256744
3929	AAT	94
3929	AAK	82
3929	AAA	8
3929	RAG	3
3930	CTT	256466
3930	TTT	413
3930	YTT	21
3930	CTC	8
3930	CTY	4
3931	TGT	256919
3931	TGC	2
3931	TGY	2
3931	YGT	2
3932	GAA	256878
3932	GAG	14
3932	GAR	10
3932	GAC	5
3932	RAA	4
3932	KAA	2
3933	GAA	256921
3933	RAA	8
3933	GAG	2
3934	ATG	255212
3934	ATT	1649
3934	ATK	36
3934	ACG	22
3934	RTG	8
3934	ATA	4
3934	AYG	3
3934	ATR	2
3935	CTG	256614
3935	TTG	138
3935	CTT	111
3935	YTG	21
3935	CTK	15
3935	CTC	14
3935	MTG	4
3935	CWG	3
3935	ATG	3
3935	CTA	3
3935	GTG	2
3936	GAC	256749
3936	GAT	143
3936	AAC	17
3936	GAY	14
3936	KAC	5
3936	TAC	4
3936	RAC	3
3937	AAC	256602
3937	AAT	241
3937	AGC	64
3937	AAY	14
3937	ARC	6
3937	RAC	2
3938	AGG	256899
3938	AGA	21
3938	AGR	4
3938	RGG	4
3938	ATG	4
3938	GGG	3
3938	AGC	3
3938	AGK	2
3938	ARG	2
3939	GCA	256879
3939	GTA	31
3939	GYA	8
3939	GCT	6
3939	GCG	5
3939	ACA	4
3939	GMA	3
3939	SCA	3
3939	RCA	2
3940	ACC	256404
3940	ATC	389
3940	ACT	109
3940	ACY	14
3940	ACA	9
3940	AYC	7
3940	GCC	5
3941	TTA	256924
3941	CTA	17
3941	YTA	2
3941	TTG	2
3942	CAA	256914
3942	CAG	26
3942	CRA	5
3942	YAA	3
3943	GCT	256887
3943	GCC	40
3943	GYT	5
3943	RCT	3
3943	TCT	2
3943	KCT	2
3943	GCY	2
3944	ATA	256899
3944	GTA	14
3944	ATT	8
3944	ATG	5
3944	ACA	4
3944	AWA	3
3944	RTA	3
3944	ATW	3
3944	AYA	2
3944	ATR	2
3945	GCC	256854
3945	GCT	41
3945	GCA	18
3945	GTC	17
3945	GYC	5
3945	TCC	3
3945	GCY	2
3946	TCA	256629
3946	TCG	238
3946	TTA	28
3946	TYA	22
3946	TCR	6
3946	TCM	3
3947	GAG	256910
3947	GAA	13
3947	GAK	2
3948	TTT	256916
3948	TTC	2
3949	AGT	256744
3949	AGC	94
3949	GGT	40
3949	AAT	35
3949	RGT	6
3949	AKT	5
3949	WKT	3
3949	ATT	2
3950	TCC	256744
3950	TCT	210
3950	TCY	13
3950	TTC	7
3950	TYC	4
3950	CCC	3
3951	CTT	256576
3951	TTT	361
3951	CTC	21
3951	YTT	19
3951	TTA	9
3951	MTT	2
3951	ATT	2
3952	CCA	256660
3952	TCA	270
3952	CCG	24
3952	CTA	17
3952	YCA	16
3952	CCT	10
3952	CYA	8
3952	CCC	5
3953	TCA	257013
3953	TCT	12
3953	GCA	7
3953	TCC	6
3953	TCW	4
3953	TYA	4
3953	ACA	4
3953	YCA	3
3953	TCR	3
3953	TCG	3
3953	TAA	2
3953	TTA	2
3954	TAT	257030
3954	TGT	32
3954	YAT	2
3954	CAT	2
3955	GCA	257009
3955	GCG	23
3955	GCT	12
3955	GYA	5
3955	ACA	4
3956	GCT	256894
3956	GTT	32
3956	ACT	29
3956	GCC	29
3956	GCY	21
3956	GYT	8
3956	GCA	4
3956	TCT	3
3956	SCT	3
3957	TTT	257089
3957	TTC	9
3957	CTT	8
3957	TTA	3
3958	GCT	257020
3958	GCC	46
3958	GTT	36
3958	TCT	7
3958	GCA	4
3958	GYT	4
3958	ACT	2
3959	ACT	256645
3959	ATT	87
3959	ACA	10
3959	ACC	7
3959	AAT	6
3959	GCT	4
3959	RCT	3
3959	MCT	3
3959	AYT	3
3960	GCT	257045
3960	GCG	41
3960	TCT	12
3960	ACT	8
3960	KCT	2
3960	GMT	2
3960	GCC	2
3961	CAA	257060
3961	CAT	18
3961	CAG	12
3961	CAC	5
3962	GAA	257072
3962	AAA	7
3962	KAA	7
3962	SAA	3
3962	CAA	3
3962	GAC	3
3962	GAG	2
3963	GCT	257025
3963	GTT	68
3963	GYT	8
3963	TCT	5
3963	RCT	3
3963	GCG	2
3963	ACT	2
3964	TAT	257109
3964	TAC	5
3964	TAY	3
3964	YAT	3
3965	GAG	256991
3965	GAA	32
3965	GAK	29
3965	GGG	6
3965	GAR	5
3965	GRG	4
3965	GAT	3
3965	GAC	3
3966	CAG	257004
3966	CAA	31
3966	CGG	23
3966	CAK	7
3966	CAT	6
3966	CRG	2
3966	AAG	2
3967	GCT	256686
3967	KCT	385
3967	GCG	10
3967	TCT	2
3967	GCC	2
3967	GYT	2
3967	GCY	2
3968	GTT	257034
3968	ATT	29
3968	TTT	10
3968	GTG	8
3968	GTY	3
3968	GTA	3
3968	RTT	2
3968	GTC	2
3969	GCT	256935
3969	GTT	105
3969	ACT	16
3969	GAT	2
3969	GYT	2
3970	AAT	257006
3970	AGT	10
3970	AAG	9
3970	AAC	7
3971	GGT	256949
3971	AGT	65
3971	GKT	4
3971	GGY	3
3971	GTT	2
3971	GGC	2
3972	GAT	256920
3972	GGT	66
3972	GAC	22
3972	SAT	4
3972	GAK	3
3972	KAT	2
3972	GCT	2
3973	TCT	256927
3973	TCC	36
3973	TTT	28
3973	TYT	11
3973	TCY	5
3973	YCT	4
3974	GAA	256986
3974	GAG	9
3974	GAR	2
3974	KAA	2
3975	GTT	256920
3975	TTT	36
3975	GTG	8
3975	ATT	8
3975	GTC	6
3975	KTT	5
3975	GYT	3
3975	GTA	2
3976	GTT	256738
3976	TTT	220
3976	KTT	22
3976	GYT	2
3976	GTC	2
3976	GTW	2
3977	CTT	256870
3977	TTT	28
3977	YTT	10
3977	CTY	2
3978	AAA	256540
3978	AAG	310
3978	CAA	90
3978	RAA	6
3978	WAA	2
3978	RAR	2
3979	AAG	256859
3979	AAT	99
3979	AAK	15
3979	AAC	5
3979	AAS	3
3979	ARG	3
3980	TTG	256929
3980	TTC	37
3980	TTA	16
3980	TTK	2
3980	TTT	2
3981	AAG	256976
3981	AGG	3
3981	AAT	3
3981	AAR	2
3982	AAG	256946
3982	AAA	22
3982	AAT	13
3982	AAK	5
3982	AMG	3
3982	ACG	2
3983	TCT	257012
3983	TTT	99
3983	TYT	17
3984	TTG	257156
3984	CTG	12
3984	TTA	2
3984	TTK	2
3985	AAT	257103
3985	CAT	58
3985	AAY	3
3986	GTG	257125
3986	GTT	20
3986	KTG	6
3986	GTK	2
3987	GCT	257105
3987	GTT	30
3987	GCA	8
3987	GCC	5
3987	GCW	4
3987	GYT	4
3987	RCT	2
3988	AAA	257161
3988	AAG	16
3989	TCT	257132
3989	TYT	11
3989	TTT	10
3989	TCC	7
3989	TCY	5
3990	GAA	256457
3990	GGA	64
3990	RAA	8
3990	GAG	7
3990	GAC	5
3990	GAM	5
3990	GAR	4
3990	GRA	3
3990	GAT	2
3991	TTT	256542
3991	TTC	15
3991	WTT	5
3992	GAC	256515
3992	GAT	19
3992	KAC	8
3992	GAY	4
3993	CGT	256161
3993	TGT	180
3993	CAT	87
3993	CTT	55
3993	CKT	16
3993	YGT	10
3993	CGC	9
3993	CGY	4
3993	MGT	4
3994	GAT	256530
3994	RAT	12
3994	GAC	9
3994	KAT	3
3995	GCA	256297
3995	GTA	91
3995	GCG	32
3995	SCA	17
3995	GYA	12
3995	KCA	4
3995	GCT	3
3995	RCA	3
3996	GCC	256325
3996	GCT	44
3996	ACC	10
3996	RCC	4
3996	TCC	4
3996	GYC	4
3996	KCC	3
3996	GTC	3
3996	GCS	3
3996	GCY	2
3997	ATG	256317
3997	ATT	34
3997	ATK	12
3997	AKG	5
3997	RTG	5
3997	ATA	3
3998	CAA	256275
3998	CAG	16
3998	SAA	9
3998	YAA	2
3999	CGT	256266
3999	CGY	7
3999	CAT	7
3999	CGG	2
3999	CGC	2
4000	AAG	256249
4000	AAK	12
4000	ARG	3
4000	RRG	3
4000	AWG	2
4001	TTG	256247
4001	CTA	8
4001	TTA	6
4001	TYG	3
4001	TTR	3
4001	TTT	3
4002	GAA	256236
4002	GAG	9
4002	RAA	4
4002	GAW	3
4002	GAR	3
4003	AAG	256254
4003	AAA	21
4003	ARG	12
4003	AAT	12
4003	AAK	6
4003	AAR	4
4003	AGG	4
4003	AAS	4
4003	WAG	3
4003	RRG	3
4003	AWG	3
4004	ATG	256319
4005	GCT	256279
4005	GYT	6
4005	ACT	6
4005	TCT	5
4005	GCC	3
4005	RCT	3
4005	KCT	3
4006	GAT	256309
4006	GAC	6
4006	KAT	2
4007	CAA	256298
4007	CAG	20
4007	CRA	4
4007	MAA	2
4008	GCT	256302
4008	KCT	7
4008	GCY	4
4008	GYT	4
4008	GCW	3
4009	ATG	256501
4009	AYG	3
4010	ACC	256378
4010	ATC	62
4010	ACT	39
4010	ACA	32
4010	GCC	7
4010	AYC	4
4010	ACY	3
4010	MCC	2
4011	CAA	256504
4011	CAG	10
4011	CGA	2
4011	YAA	2
4011	CMA	2
4012	ATG	256514
4012	ATK	5
4012	RTG	4
4012	AGG	3
4012	ATT	2
4013	TAT	256489
4013	TAC	33
4013	YAT	3
4014	AAA	256529
4014	AGA	13
4014	RAA	5
4014	AAG	4
4014	AAW	3
4015	CAG	256494
4015	CAA	28
4015	CAK	7
4015	CAT	4
4015	CGG	3
4015	CAR	2
4016	GCT	256342
4016	ACT	85
4016	GTT	72
4016	GCA	16
4016	GYT	14
4016	TCT	4
4016	GCC	3
4016	GCW	2
4017	AGA	256315
4017	AAA	138
4017	AGG	38
4017	CGG	8
4017	AKA	7
4017	ARA	3
4018	TCT	256445
4018	TTT	19
4018	TYT	3
4019	GAG	256398
4019	GAA	34
4019	GAT	11
4019	GAR	6
4019	GAK	4
4019	KAG	2
4020	GAC	256403
4020	GAT	25
4020	GAY	6
4021	AAG	256402
4021	AAA	9
4021	AAK	5
4022	AGG	256037
4022	AGR	91
4022	AGK	9
4022	AGT	5
4022	ARG	4
4022	AGA	3
4022	AKG	2
4023	GCA	255877
4023	TCA	31
4023	GCT	19
4023	RCA	4
4023	GCG	3
4023	ACA	2
4023	KCA	2
4024	AAA	255930
4024	AAR	20
4024	AAG	5
4024	AGA	3
4025	GTT	256010
4025	GTC	10
4025	STT	5
4025	KTT	3
4025	ATT	3
4025	GTW	2
4026	ACT	256039
4026	ATT	5
4026	AYT	2
4027	AGT	256003
4027	AAT	6
4027	AKT	5
4027	AGW	3
4027	WGT	3
4028	GCT	256005
4028	GTT	10
4028	GCA	8
4028	GCC	7
4028	ACT	4
4028	KCT	3
4028	GYT	3
4029	ATG	256047
4029	ATR	3
4029	ATK	2
4030	CAG	256012
4030	CAA	15
4030	CAK	10
4030	CAT	4
4030	CAR	4
4030	CAC	3
4030	YAG	3
4031	ACA	255892
4031	ATA	99
4031	ACT	24
4031	AYA	12
4031	AMA	4
4031	ACG	2
4032	ATG	256010
4032	ATT	14
4032	ATR	3
4032	AWG	3
4033	CTT	255972
4033	CTA	27
4033	CYT	17
4033	YTT	9
4033	CTY	9
4033	TTT	6
4034	TTC	255992
4034	TTT	40
4034	TTY	32
4035	ACT	256025
4035	ATT	23
4035	AAT	7
4035	ACC	4
4035	WCT	3
4035	ACA	3
4035	AYT	2
4036	ATG	256071
4036	ATT	3
4036	ATK	2
4037	CTT	255877
4037	TTT	177
4037	YTT	13
4037	MTT	3
4038	AGA	256036
4038	AAA	8
4038	ARA	5
4038	WRA	4
4038	RGA	3
4039	AAG	256027
4039	AAA	16
4039	AAK	6
4039	ARG	3
4039	AGG	3
4040	TTG	256008
4040	CTG	18
4040	CTT	9
4040	TTK	8
4040	TTT	2
4041	GAT	256039
4041	GAC	8
4041	GGT	3
4041	RAT	3
4041	AAT	3
4041	KAT	2
4042	AAT	256025
4042	AGT	7
4042	ART	4
4042	AAC	3
4042	RAT	2
4043	GAT	256013
4043	GGT	13
4043	GAC	4
4043	GWT	4
4043	RAT	4
4044	GCA	255917
4044	ACA	71
4044	GTA	23
4044	GYA	10
4044	GCT	9
4045	CTC	255745
4045	CTT	229
4045	CTY	25
4045	CTA	8
4045	CTM	7
4045	YTC	7
4045	MTC	3
4045	CWC	3
4046	AAC	256007
4046	AAT	22
4046	AGC	4
4046	ACC	3
4046	AAY	3
4047	AAC	255981
4047	AAT	46
4047	ARC	6
4047	AAY	4
4047	AGC	3
4047	AWC	3
4048	ATT	256035
4048	WTT	3
4049	ATC	255531
4049	GTC	318
4049	ATT	156
4049	RTC	14
4049	ATY	5
4049	WTC	3
4049	ATS	3
4050	AAC	255789
4050	AAT	221
4050	ARC	6
4050	AGC	2
4050	AAY	2
4050	CAC	2
4050	AWC	2
4051	AAT	255981
4051	AAC	6
4051	ART	5
4051	AWT	3
4051	WAT	2
4052	GCA	256006
4052	GCC	9
4052	GYA	7
4052	GCG	3
4052	KCA	3
4052	GCT	2
4053	AGA	256050
4053	CGA	4
4053	AAA	4
4053	AKA	2
4053	ARA	2
4054	GAT	256158
4054	GAC	9
4054	KAT	3
4054	RAT	3
4054	GAA	2
4055	GGT	256202
4055	GKT	5
4055	KGT	4
4055	GGK	3
4056	TGT	256220
4056	TGY	3
4056	TGC	2
4057	GTT	256015
4057	GTA	8
4057	ATT	7
4057	GTY	5
4057	GTC	5
4057	KTT	3
4057	GYT	3
4057	GYY	3
4058	CCC	255735
4058	CCT	277
4058	CCA	19
4058	CCY	11
4058	CYC	10
4058	CCG	7
4059	TTG	256645
4059	CTG	13
4059	GTG	3
4059	TTR	3
4059	TTK	2
4060	AAC	256666
4060	AAY	5
4060	AAT	4
4060	AWC	3
4060	AGC	2
4061	ATA	256666
4061	GTA	7
4062	ATA	256643
4062	ATC	8
4062	ATG	6
4063	CCT	256763
4063	CCA	9
4063	CCC	9
4063	TCT	8
4063	CCY	4
4064	CTT	256550
4064	TTT	170
4064	CTA	24
4064	ATT	21
4064	MTT	13
4064	CTC	11
4064	CCT	7
4064	YTT	4
4065	ACA	256474
4065	ATA	193
4065	AYA	59
4065	GCA	43
4065	ACT	15
4065	RCA	8
4065	ACG	3
4065	ACW	2
4066	ACA	256734
4066	ATA	17
4066	ACT	16
4066	ACG	4
4066	ACM	3
4066	ACR	2
4066	AYA	2
4067	GCA	256596
4067	GYA	5
4067	GAA	4
4067	TCA	4
4067	ACA	3
4067	GCG	3
4068	GCC	256561
4068	GCT	38
4068	GCM	6
4068	GTC	4
4068	TCC	3
4068	SCC	3
4068	GCY	2
4069	AAA	256596
4069	AAG	7
4069	ACA	3
4069	AGA	2
4070	CTA	256262
4070	TTA	296
4070	YTA	49
4071	ATG	256057
4071	ATA	551
4071	ATR	7
4071	ATT	4
4072	GTT	256466
4072	KTT	9
4072	GTY	8
4072	ATT	3
4072	RTT	2
4073	GTC	256308
4073	GTT	127
4073	GTY	16
4073	ATC	7
4073	KTC	5
4073	GYC	4
4074	ATA	256420
4074	AYA	11
4074	GTA	9
4074	WTA	6
4074	ACA	4
4074	ATM	3
4074	ATR	3
4074	CTA	2
4075	CCA	256268
4075	TCA	174
4075	YCA	17
4075	CCT	12
4076	GAC	256267
4076	KAC	71
4076	GAT	44
4076	GAA	6
4076	TAC	3
4076	RAC	3
4076	GAG	3
4076	AAC	2
4077	TAT	256397
4077	TAC	6
4077	CAT	2
4077	YAT	2
4078	AAC	256359
4078	AAT	25
4078	AGC	11
4078	AAY	3
4078	AAM	2
4079	ACA	256345
4079	ATA	10
4079	ACC	9
4079	AYA	5
4080	TAT	255815
4080	CAT	551
4080	TAC	6
4080	YAT	3
4080	TMT	3
4080	WAT	3
4081	AAA	256335
4081	RAA	17
4081	AAG	8
4081	AWA	7
4081	AGA	5
4081	AAW	3
4082	AAT	256363
4082	AAC	19
4082	MAT	3
4082	AAY	3
4083	ACG	255802
4083	ATG	295
4083	ACT	235
4083	AYG	27
4083	ACK	8
4083	ACA	8
4083	ACC	4
4083	RYG	3
4083	ACS	2
4084	TGT	256384
4084	YGT	5
4085	GAT	256360
4085	GGT	10
4085	GAA	8
4085	AAT	5
4085	GCT	4
4085	GAC	3
4085	RAT	2
4086	GGT	256382
4086	GGC	7
4086	AGT	5
4086	RGT	4
4086	GAT	4
4086	GRT	2
4087	ACA	255873
4087	ATA	479
4087	AYA	25
4087	AGT	8
4087	ACT	7
4087	ASA	3
4087	GCA	2
4088	ACA	256317
4088	ATA	37
4088	ACT	17
4088	ACG	14
4088	AYA	11
4088	ACW	6
4088	AAA	3
4088	WCA	2
4089	TTT	256394
4089	CTT	11
4089	TTC	3
4089	TTY	2
4090	ACT	255992
4090	ATT	341
4090	AYT	27
4090	GCT	26
4090	ACG	3
4090	ACC	2
4091	TAT	256373
4091	TAC	8
4091	TAY	3
4092	GCA	256364
4092	GTA	7
4092	GCC	7
4092	GMA	6
4092	KCA	5
4092	GYA	4
4092	GCG	4
4092	GCT	2
4093	TCA	256400
4093	TCG	6
4093	KCA	3
4093	TCT	3
4094	GCA	256341
4094	GCT	32
4094	GTA	24
4094	GYA	12
4094	GCG	6
4094	ACA	4
4094	KCA	4
4094	GSA	3
4094	GMA	3
4094	TCA	3
4094	RCA	2
4095	TTG	256314
4095	TTA	93
4095	CTT	8
4095	GTG	8
4095	CTA	7
4095	WTG	3
4095	CTG	3
4095	TTR	3
4095	TTK	3
4096	TGG	256425
4096	TKG	7
4096	TGT	4
4096	TSG	3
4096	TGR	3
4097	GAA	256378
4097	GAC	49
4097	GAG	18
4097	RAA	8
4097	GCA	6
4097	AAA	5
4097	GGA	3
4098	ATC	256150
4098	GTC	136
4098	ATT	103
4098	CTC	47
4098	ACC	8
4098	ATY	7
4098	RTC	7
4098	AYC	4
4098	ATM	2
4099	CAA	256440
4099	CAG	11
4099	CAR	3
4099	CTA	2
4100	CAG	256258
4100	CAT	185
4100	CAA	17
4100	CAK	4
4101	GTT	256629
4101	ATT	8
4101	TTT	7
4101	GWT	3
4102	GTA	256621
4102	GTT	16
4102	GTG	14
4102	ATA	5
4102	GYA	3
4102	TTA	3
4102	KTA	2
4103	GAT	256648
4103	GRT	4
4103	SAT	3
4103	TAT	3
4103	GAC	2
4104	GCA	256650
4104	GYA	5
4104	GCW	3
4104	GCR	2
4105	GAT	256547
4105	KAT	67
4105	GAC	6
4105	GRT	4
4105	TAT	4
4105	RAT	3
4105	GGT	3
4105	AAT	2
4106	AGT	256632
4106	AGC	8
4106	AKT	6
4106	ATT	3
4106	ART	2
4106	AGW	2
4107	AAA	256647
4108	ATT	256624
4108	ATA	8
4108	ATC	4
4108	WTT	3
4108	GTT	3
4109	GTT	256610
4109	GTC	20
4109	RTT	3
4110	CAA	256610
4110	CAG	10
4110	CGA	7
4110	CRA	2
4110	CAC	2
4111	CTT	256598
4111	CTC	6
4111	TTT	6
4111	CCT	5
4111	YTT	5
4111	MKK	3
4111	CTY	2
4112	AGT	256553
4112	ATT	12
4112	AGG	8
4112	AAT	6
4112	WGT	6
4112	GGT	6
4112	AKT	3
4112	AGC	3
4113	GAA	256574
4113	RAA	23
4113	GAG	9
4114	ATT	256579
4114	GTT	10
4114	WTT	10
4114	ATC	6
4114	RTT	4
4115	AGT	256598
4115	ACT	8
4115	ATT	2
4115	AGC	2
4116	ATG	256581
4116	ATA	16
4116	ATS	4
4116	ACG	2
4117	GAC	256527
4117	GAT	62
4117	KAC	21
4117	GAY	6
4117	AAC	4
4117	GGC	3
4117	GAM	2
4118	AAT	256600
4118	ACT	6
4118	AAC	4
4118	GAT	4
4118	RAT	3
4118	AAW	3
4118	ART	3
4118	AGT	2
4119	TCA	256554
4119	TTA	32
4119	TYA	13
4119	TCG	12
4119	TCT	8
4119	CCA	3
4119	TCR	3
4119	YCA	3
4120	CCT	256560
4120	TCT	53
4120	YCT	9
4120	CYT	5
4120	CTT	3
4120	SCT	3
4120	ACT	2
4121	AAT	256607
4121	AAC	8
4121	AWT	4
4121	ART	3
4121	AAY	3
4121	AAW	2
4121	AGT	2
4122	TTA	256593
4122	CTA	13
4122	ATA	12
4122	TTG	8
4122	ATT	8
4122	TTW	3
4123	GCA	256601
4123	GCT	9
4123	GCG	6
4123	GYA	5
4123	TCA	4
4123	RCA	4
4123	KCA	3
4124	TGG	256614
4124	TKG	7
4124	KGG	3
4124	TSG	3
4125	CCT	256619
4125	MCT	3
4125	CCW	3
4125	CCY	2
4126	CTT	256603
4126	CTC	13
4126	YTT	7
4126	TTT	4
4126	MTT	3
4127	ATT	256619
4127	GTT	6
4127	AYT	5
4127	ATC	4
4128	GTA	256622
4128	KTA	5
4128	GTT	2
4129	ACA	256478
4129	ATA	128
4129	AYA	15
4129	ACG	4
4129	ACR	2
4130	GCT	256601
4130	KCT	10
4130	GCC	9
4130	GCY	5
4130	GYT	4
4130	TCT	4
4131	TTA	256606
4131	TTG	13
4131	TWA	3
4132	AGG	256546
4132	AGA	53
4132	AGR	8
4132	ACG	3
4132	AKG	2
4132	AGK	2
4133	GCC	256547
4133	GCT	34
4133	ACC	13
4133	GTC	10
4133	GCM	7
4133	KCC	6
4133	GCY	5
4133	GYC	3
4133	RCC	3
4134	AAT	256608
4134	AAC	7
4134	AAW	4
4134	AGT	4
4134	AAY	2
4135	TCT	256557
4135	TTT	12
4135	TCA	9
4135	TYT	9
4135	YCT	5
4135	TCC	4
4135	TAT	2
4136	GCT	256499
4136	GTT	57
4136	GYT	18
4136	KCT	10
4137	GTC	256538
4137	GTT	27
4137	ATC	11
4137	GTY	7
4137	RTC	6
4137	KTC	3
4137	GTM	2
4137	GTA	2
4138	AAA	256584
4138	ARA	3
4139	TTA	256541
4139	CTT	8
4139	CTA	5
4139	TTG	3
4139	TYW	2
4140	CAG	256302
4140	CAK	207
4140	CAT	20
4140	CAC	3
4140	YAG	3
4140	CAA	2
4141	AAT	256539
4141	AAC	7
4141	AWT	3
4141	AAY	2
4142	AAT	256539
4142	AAC	4
4143	GAG	256466
4143	GAA	66
4143	KAG	7
4143	SAG	3
4144	CTT	256488
4144	CTG	9
4144	YTT	5
4144	CTC	4
4144	CTY	3
4145	AGT	256489
4145	WRT	3
4145	AGW	3
4145	RGT	2
4145	AAT	2
4146	CCT	256421
4146	CCC	11
4146	YCT	4
4146	CCG	3
4147	GTT	256370
4147	GTY	29
4147	GTA	10
4147	GCT	7
4147	KTT	4
4147	TTT	3
4147	GYW	3
4147	ATT	2
4148	GCA	256280
4148	GTA	40
4148	GYA	8
4148	GCG	7
4148	GCR	4
4149	CTA	255527
4149	TTA	219
4149	YTA	13
4149	CTT	8
4149	CTG	4
4149	ATA	3
4150	CGA	255683
4150	YGA	14
4150	CGG	6
4150	MGA	6
4150	CKA	4
4150	CGR	4
4150	CSA	3
4150	CAA	2
4150	CRA	2
4151	CAG	255698
4151	CAA	19
4151	CAK	3
4152	ATG	255728
4152	ATK	9
4152	AGG	8
4152	ATT	5
4152	ACG	4
4152	RTG	3
4152	ATS	2
4153	TCT	255767
4153	TCA	15
4153	TYT	14
4153	YCT	9
4153	CCT	8
4153	TCG	7
4153	TCC	3
4154	TGT	255881
4154	KGT	2
4155	GCT	255817
4155	GTT	21
4155	ACT	17
4155	GCC	15
4155	GCG	5
4155	GCW	3
4155	GCA	2
4156	GCC	255674
4156	GCT	139
4156	GCA	44
4156	ACC	18
4156	GCY	7
4156	GYC	6
4156	RCC	4
4156	GCM	2
4157	GGT	256036
4157	GGY	8
4157	GGC	8
4157	AGT	6
4157	GKT	5
4157	KGT	2
4158	ACT	256008
4158	GCT	27
4158	ATT	16
4158	AYT	14
4158	ACC	13
4158	ACA	7
4158	ACY	3
4159	ACA	255940
4159	ATA	118
4159	ACG	23
4159	AAA	19
4159	GCA	12
4159	AYA	8
4160	CAA	256083
4160	CAG	5
4160	YAA	5
4160	CAR	3
4161	ACT	255996
4161	ATT	50
4161	ACA	17
4161	AAT	15
4161	AYT	13
4161	RCT	3
4161	ACY	2
4161	AGT	2
4161	CCT	2
4162	GCT	256029
4162	GCW	24
4162	GCA	19
4162	GTT	18
4162	ACT	5
4162	RCT	3
4162	GYT	3
4162	SCT	2
4163	TGC	255989
4163	TGT	110
4163	TGY	6
4164	ACT	255014
4164	ATT	1050
4164	GCT	43
4164	ACC	17
4164	AYT	10
4164	AAT	8
4164	RCT	5
4165	GAT	255847
4165	GGT	202
4165	GRT	29
4165	GCT	18
4165	GAG	8
4165	AAT	6
4165	GAC	6
4165	GAY	4
4165	KAT	3
4165	GAA	2
4166	GAC	255798
4166	GAT	321
4166	GAY	17
4166	KAC	5
4166	GAM	2
4166	AAC	2
4167	AAT	256129
4167	AAW	2
4168	GCG	255964
4168	GCT	114
4168	GCA	17
4168	GCS	17
4168	GCK	8
4168	KCG	3
4168	GCR	2
4168	GYG	2
4168	GTG	2
4169	TTA	256112
4169	CTA	8
4169	TTG	7
4169	TCA	3
4169	KTA	3
4170	GCT	256067
4170	GTT	32
4170	GCC	18
4170	GYT	7
4170	KCT	5
4170	TCT	3
4171	TAC	256036
4171	TAT	74
4171	TAM	17
4171	TAY	4
4171	YAC	2
4172	TAC	255309
4172	TAT	293
4172	TAY	11
4172	TWC	8
4172	CAC	8
4173	AAC	255573
4173	AAT	75
4173	TAC	16
4173	AAY	5
4173	AGC	3
4174	ACA	254600
4174	ATA	1003
4174	ACG	20
4174	AYA	9
4174	ACT	6
4174	ACM	4
4174	ACR	4
4175	ACA	255441
4175	ATA	84
4175	AYA	55
4175	ACT	16
4175	ACG	12
4175	TCA	9
4175	ACW	6
4175	GCA	4
4175	MCA	3
4175	RCA	2
4175	AAA	2
4176	AAG	255515
4176	AAT	42
4176	AAA	16
4176	AGG	15
4176	AAK	7
4176	AAS	4
4176	RAG	4
4176	WAG	3
4177	GGA	254762
4177	GAA	449
4177	GKA	127
4177	AGA	70
4177	GGC	18
4177	KGA	10
4177	GGG	9
4177	RGA	6
4177	GGR	3
4177	GGT	2
4178	GGT	255329
4178	TGT	51
4178	AGT	12
4178	GTT	9
4178	KGT	9
4178	GGY	6
4178	GKT	2
4178	GAT	2
4179	AGG	255389
4179	AGK	17
4179	AAG	6
4179	AGA	4
4179	RGG	3
4179	AKG	2
4180	TTT	255330
4180	TTC	15
4180	KTT	10
4180	GTT	2
4181	GTA	255358
4181	GTT	9
4181	KTA	4
4181	ATA	4
4181	GTG	2
4182	CTT	255102
4182	TTT	229
4182	YTT	10
4182	TTG	8
4182	CTA	6
4182	TTA	6
4182	CYT	4
4182	CGT	3
4183	GCA	255363
4183	KCA	6
4183	GCG	3
4183	GYA	2
4183	GCR	2
4184	CTG	255077
4184	TTG	211
4184	CTT	34
4184	CTA	19
4184	TTA	15
4184	YTG	4
4184	CTK	3
4184	CTR	2
4184	CYG	2
4185	TTA	255162
4185	TTG	194
4185	CTA	15
4185	TTR	6
4186	TCC	255188
4186	TCT	188
4186	TCY	3
4186	GCC	3
4186	YCC	2
4186	TCM	2
4187	GAT	255290
4187	AAT	50
4187	GGT	9
4187	GAC	5
4187	GAG	5
4187	GRT	4
4187	RAT	3
4187	GAW	3
4187	GWT	2
4188	TTA	255342
4188	TCA	8
4188	CTT	8
4188	TTG	7
4188	TYA	3
4188	CTA	2
4189	CAG	255121
4189	CAT	144
4189	CAA	78
4189	YAG	11
4189	AAG	3
4189	CWG	2
4190	GAT	255274
4190	KAT	56
4190	GAC	17
4190	AAT	13
4190	GWT	7
4190	RAT	3
4190	GGT	2
4191	TTG	255330
4191	TTR	18
4191	CTC	7
4191	TTA	6
4191	TTK	5
4191	CTT	2
4191	TTT	2
4192	AAA	255311
4192	AAG	23
4192	CAA	5
4192	AAW	3
4192	AMA	3
4193	TGG	255332
4193	TGR	10
4193	TGK	3
4193	KGG	3
4193	TKG	2
4193	YGG	2
4194	GCT	255334
4194	GTT	14
4194	GCC	12
4194	ACT	6
4194	GYT	4
4194	SCT	4
4194	CCT	3
4194	KCT	2
4194	RCT	2
4195	AGA	255311
4195	AGG	20
4195	AAA	8
4195	AGR	4
4195	AGW	2
4195	AKA	2
4195	ARA	2
4196	TTC	255308
4196	TTT	19
4196	TTY	4
4196	TTM	4
4196	TYC	2
4197	CCT	255255
4197	TCT	60
4197	CTT	33
4197	CYT	15
4197	YCT	9
4197	ACT	5
4197	CAT	4
4197	CCY	2
4197	CCC	2
4198	AAG	255352
4198	AAA	13
4198	AAK	4
4198	ARG	3
4198	AGG	2
4198	AAT	2
4199	AGT	255321
4199	ATT	10
4199	AKT	8
4199	TCT	6
4199	GGT	4
4199	AST	3
4199	AGY	2
4199	AGC	2
4199	TCG	2
4200	GAT	255346
4200	GAC	6
4200	GGT	5
4200	AAT	4
4200	GAK	3
4200	KAT	3
4201	GGA	255352
4201	GGT	9
4201	GKA	4
4201	KGA	3
4202	ACT	255317
4202	ATT	21
4202	ACG	4
4202	AYT	4
4202	ACA	3
4202	GCT	3
4202	ACC	2
4203	GGT	255319
4203	GGC	20
4203	AGT	19
4204	ACT	255238
4204	GCT	13
4204	ATT	13
4204	ACC	11
4204	AYT	3
4204	AST	3
4204	ACY	3
4205	ATC	254816
4205	ATT	470
4205	ATY	18
4205	RTC	7
4205	ATA	4
4205	ACC	2
4206	TAT	255270
4206	TAC	40
4206	TAY	2
4206	YAT	2
4207	ACA	255089
4207	ATA	142
4207	ACG	58
4207	AYA	21
4207	ACR	4
4207	ACC	2
4207	GCA	2
4208	GAA	255283
4208	GAG	7
4208	KAA	6
4208	GCA	3
4209	CTG	255220
4209	CTT	28
4209	TTG	20
4209	CTA	11
4209	CTR	2
4209	YTG	2
4210	GAA	255276
4210	KAA	7
4210	SAA	4
4210	GAG	3
4211	CCA	255166
4211	CTA	81
4211	TCA	25
4211	CAA	20
4211	CYA	9
4211	CCG	8
4212	CCT	255292
4212	MCT	3
4212	CYT	2
4212	YCT	2
4213	TGT	255289
4213	TKT	11
4213	TGC	5
4213	YGT	3
4213	TGY	3
4213	TTT	2
4214	AGG	255241
4214	AGA	51
4214	AGK	6
4214	AAG	5
4214	GGG	4
4214	RGG	4
4214	AGT	2
4215	TTT	255276
4215	TTA	5
4215	KTT	4
4215	TTY	2
4216	GTT	255248
4216	ATT	35
4216	RTT	6
4216	GTY	3
4216	GTA	3
4216	GTC	3
4216	GYT	2
4216	TTT	2
4217	ACA	255111
4217	ATA	166
4217	AYA	20
4217	ACT	6
4217	AMA	3
4218	GAC	255197
4218	GAT	69
4218	AAC	30
4218	GGC	4
4218	GAY	3
4218	GAM	3
4219	ACA	255237
4219	ATA	26
4219	GCA	6
4219	ACG	4
4219	AYA	3
4219	MCA	3
4219	RCA	2
4220	CCT	255069
4220	CTT	99
4220	TCT	69
4220	CCA	16
4220	CYT	10
4220	ACT	8
4220	CCC	7
4220	YCT	6
4220	CAT	2
4221	AAA	255272
4221	AAG	18
4221	RAA	10
4221	ACA	2
4221	AAR	2
4221	AMA	2
4221	AGA	2
4222	GGT	255242
4222	GGA	9
4222	GKT	7
4222	GRT	3
4222	SGT	3
4222	KGT	3
4222	TGT	3
4222	GST	3
4222	RGT	3
4223	CCT	255125
4223	TCT	35
4223	CTT	18
4223	CCY	7
4223	CYT	6
4223	CCW	3
4223	CCC	3
4223	CMT	3
4223	YCT	2
4224	AAA	255194
4224	WAA	7
4224	ACA	3
4225	GTG	255123
4225	RTG	11
4225	GTT	10
4225	GTA	8
4225	GTK	6
4225	GTS	3
4225	ATG	2
4225	TTG	2
4225	KTG	2
4226	AAG	255160
4226	AAA	7
4226	ARG	5
4227	TAT	255194
4227	TAC	7
4227	YAT	4
4227	TAY	2
4228	TTA	255153
4228	TTG	42
4228	TTW	8
4229	TAC	255198
4229	TAT	16
4229	TAY	8
4229	YAC	3
4230	TTT	255100
4230	TTC	13
4230	TYT	3
4230	TTY	3
4230	CTT	2
4231	ATT	255141
4231	ATC	3
4231	CTT	3
4232	AAA	255134
4232	AAG	23
4232	AGA	4
4232	WAA	3
4233	GGA	255146
4233	GGG	18
4233	GGT	14
4233	RGA	3
4233	GKA	3
4233	KGA	2
4234	TTA	255153
4234	CTA	14
4234	TTG	9
4234	YTA	4
4235	AAC	255026
4235	AAT	133
4235	AAY	21
4236	AAC	255124
4236	AAT	31
4236	AAY	7
4236	WAC	3
4237	CTA	255144
4237	TTA	36
4237	YTA	9
4237	TTG	8
4237	CWA	3
4237	CTT	3
4237	STA	3
4237	ATA	2
4237	CYW	2
4238	AAT	255221
4238	AAY	7
4238	AAC	5
4239	AGA	255196
4239	AKA	5
4239	WGA	4
4239	MGA	3
4239	AGR	3
4239	AGG	3
4240	GGT	255196
4240	GST	3
4240	GKT	2
4240	GGC	2
4241	ATG	253229
4241	ATT	1919
4241	ATK	32
4241	GTG	23
4241	ACG	3
4241	ATA	3
4241	ATS	3
4241	RTG	2
4241	AYG	2
4242	GTA	255228
4242	ATA	6
4242	KTA	3
4243	CTT	255187
4243	CTG	9
4243	TTG	6
4243	TTT	5
4243	YTT	4
4243	CTY	3
4244	GGT	255190
4244	GGC	9
4244	GGY	4
4244	GST	3
4245	AGT	255177
4245	AGC	8
4245	GGT	4
4245	AGK	3
4245	AKT	3
4246	TTA	255177
4246	TTG	5
4246	TGT	2
4246	TYA	2
4246	CTA	2
4246	TTW	2
4247	GCT	254967
4247	GCC	401
4247	GYT	18
4247	GTT	17
4247	TCT	15
4247	SCT	14
4247	GCY	9
4247	ACT	4
4247	GCW	4
4247	GCA	3
4247	GTA	3
4247	GCG	3
4248	GCC	255697
4248	GCT	92
4248	ACC	7
4248	GTC	2
4248	TAA	2
4249	ACA	255884
4249	ATA	143
4249	AYA	20
4249	ACT	8
4249	GAG	2
4250	GTA	256567
4250	RTA	4
4250	ACA	2
4251	CGT	256623
4251	CGC	7
4251	CKT	5
4251	CGY	3
4251	CST	2
4251	GGT	2
4252	CTA	256385
4252	TTA	266
4252	YTA	60
4253	CAA	256723
4253	CAG	8
4253	CAR	5
4253	YAA	3
4254	GCT	256674
4254	GYT	6
4254	GMT	4
4254	KCT	4
4254	GCC	3
4254	GTT	2
4255	GGT	256709
4255	GGC	9
4255	GKT	6
4255	GGY	3
4255	GGA	2
4256	AAT	256842
4256	AAA	6
4256	AGT	5
4256	AAC	5
4256	ACT	2
4257	GCA	256950
4257	GTA	16
4257	KCA	4
4257	GAA	2
4257	TCA	2
4257	GYA	2
4257	RCA	2
4258	ACA	256946
4258	AYA	13
4258	ACG	7
4258	ATA	6
4258	ACR	3
4259	GAA	256955
4259	KAA	9
4259	GAR	3
4259	GAG	3
4259	GWA	2
4260	GTG	256902
4260	GTT	25
4260	TTG	9
4260	GTS	8
4260	GTA	8
4260	STG	6
4260	KTG	5
4260	GTK	4
4261	CCT	256943
4261	TCT	8
4261	CYT	7
4261	CTT	4
4261	ACT	4
4261	CCC	4
4262	GCC	256870
4262	GCT	79
4262	GYC	7
4262	KCC	4
4262	GTC	3
4263	AAT	256945
4263	AAC	11
4263	RAT	6
4263	AWT	3
4264	TCA	256957
4264	TYA	3
4264	YCA	3
4265	ACT	256860
4265	ATT	84
4265	AYT	9
4265	RCT	2
4265	AAT	2
4265	ACC	2
4266	GTA	256937
4266	GTG	28
4266	GTT	8
4266	KTA	5
4266	GYA	3
4266	ATA	2
4267	TTA	256939
4267	CTA	35
4267	CTT	8
4267	YTA	3
4267	TYA	3
4267	TTG	3
4268	TCT	256951
4268	TYT	25
4268	TCA	7
4268	TCG	6
4268	TCY	4
4268	TCC	2
4269	TTC	256927
4269	TTT	53
4269	TTY	9
4270	TGT	256908
4270	TKT	5
4271	GCT	256816
4271	GCY	34
4271	GTT	10
4271	GCC	9
4271	GYT	7
4271	GCA	6
4272	TTT	256897
4272	TTY	3
4272	TTC	2
4273	GCT	256856
4273	GTT	10
4273	TCT	7
4273	GCA	6
4273	GYT	3
4274	GTA	256864
4274	GTW	3
4274	RTA	2
4275	GAT	256845
4275	GAC	9
4275	KAT	4
4275	GAA	3
4275	GAY	3
4275	GCT	2
4276	GCT	256787
4276	GCA	17
4276	SCT	6
4276	KCT	6
4276	GCC	2
4277	GCT	256749
4277	GTT	27
4277	GCC	12
4277	TCA	8
4277	TCT	5
4277	ACT	5
4277	GCY	4
4277	KCT	4
4277	GMT	4
4277	GYT	2
4278	AAA	256753
4278	AAG	10
4278	AAR	4
4278	MAA	2
4278	HAA	2
4279	GCT	256749
4279	GCA	9
4279	SCT	6
4279	GCG	4
4279	GCY	3
4279	GTT	3
4280	TAC	256713
4280	TAT	39
4280	TAY	9
4280	CAG	8
4281	AAA	256756
4281	AGA	9
4281	AAG	3
4281	AAR	2
4282	GAT	256750
4282	GAC	22
4282	GAY	5
4283	TAT	256710
4283	TAC	46
4283	AAT	8
4283	TGT	3
4283	CAT	2
4283	WAT	2
4283	TWT	2
4284	CTA	256544
4284	TTA	196
4284	YTA	26
4284	CYA	4
4285	GCT	256555
4285	GTT	169
4285	TCT	20
4285	KCT	12
4285	GCA	10
4285	GYT	6
4285	ACT	2
4286	AGT	256727
4286	AGC	5
4286	AKT	4
4286	AGW	3
4286	AAT	2
4286	ART	2
4286	RGT	2
4287	GGG	256619
4287	GGT	41
4287	GGA	27
4287	GGK	7
4287	AGG	4
4287	GSG	2
4287	GKG	2
4287	GTG	2
4287	KGG	2
4288	GGA	256731
4288	GKA	3
4288	GGW	2
4289	CAA	256690
4289	YAA	9
4289	AAA	3
4289	CAG	3
4290	CCA	256674
4290	TCA	9
4290	YCA	7
4290	CMA	4
4290	GCA	3
4290	CCW	2
4290	CTA	2
4290	CAA	2
4291	ATC	256643
4291	ATT	38
4291	ATY	9
4291	ATA	8
4291	AYC	3
4291	GTC	2
4292	ACT	256637
4292	ATT	22
4292	AYT	12
4292	ACA	8
4292	ACC	7
4293	AAT	256682
4293	AAC	2
4294	TGT	256677
4294	TGY	6
4294	TGC	4
4294	YGT	2
4294	AGT	2
4295	GTT	256707
4295	GTC	4
4296	AAG	256720
4296	AAK	8
4296	AAA	6
4296	AGG	2
4297	ATG	256718
4297	ATK	7
4298	TTG	256716
4298	TTA	6
4298	TTK	6
4299	TGT	256591
4299	TKT	124
4299	TGY	7
4299	TGC	4
4300	ACA	256692
4300	AYA	9
4300	ATA	7
4300	WCA	3
4301	CAC	256581
4301	CAT	129
4301	YAC	4
4301	TAC	3
4301	CAM	2
4301	CAY	2
4302	ACT	256674
4302	ATT	24
4302	AYT	12
4302	ACA	10
4302	GCT	4
4302	ACC	3
4302	TCT	2
4303	GGT	256750
4303	SGT	4
4304	ACT	256665
4304	ATT	52
4304	AYT	11
4304	GCT	6
4304	ACC	4
4304	ACA	2
4305	GGT	256663
4305	GGC	81
4305	RST	3
4306	CAG	256692
4306	CAS	11
4306	CAK	7
4306	CGG	7
4306	CAA	5
4306	YAG	4
4306	CTG	3
4306	SAG	3
4306	CWG	2
4306	CRG	2
4307	GCA	256731
4307	GAA	6
4307	GCT	6
4307	GCR	4
4307	RCA	4
4308	ATA	256731
4308	GTA	10
4308	ACA	7
4308	ATG	4
4308	AKA	3
4309	ACA	256734
4309	ACT	13
4309	GCA	4
4309	RCA	4
4309	ACM	3
4309	AYA	3
4309	ACG	2
4309	ACW	2
4310	GTT	256574
4310	KTT	169
4310	GTA	10
4310	GTC	8
4310	GYT	3
4311	ACA	256735
4311	ATA	6
4311	AYA	6
4311	ACG	4
4312	CCG	256399
4312	CCT	152
4312	ACG	85
4312	CCA	64
4312	TCG	16
4312	CCR	5
4312	CCK	4
4312	YCG	4
4313	GAA	256731
4313	GAG	5
4313	GWA	3
4313	SAA	3
4313	KAA	3
4313	GCA	2
4314	GCC	256715
4314	GCT	11
4314	TCC	6
4314	GCY	4
4314	GCM	3
4314	GYC	3
4315	AAT	256727
4315	AAC	9
4315	AAG	5
4315	ACT	3
4315	CAT	2
4315	AGT	2
4316	ATG	256671
4316	ACG	43
4316	ATA	8
4316	GTG	6
4316	RTG	4
4316	ATK	4
4316	AAG	2
4317	GAT	256389
4317	GAG	287
4317	GAC	50
4317	GRT	6
4317	KAT	4
4317	GAA	3
4317	GAK	3
4318	CAA	256729
4318	YAA	4
4318	CAR	3
4319	GAA	256700
4319	GAG	18
4319	KAA	7
4319	RAA	4
4319	GGA	3
4320	TCC	256605
4320	TCT	60
4320	TCY	50
4320	YCC	5
4320	TCM	4
4320	TCG	3
4320	TAC	3
4320	CCC	2
4321	TTT	256726
4321	YTT	7
4321	CTT	3
4322	GGT	256731
4322	GGC	7
4322	KGT	4
4323	GGT	256722
4323	KGT	6
4323	GGC	4
4324	GCA	256718
4324	GCT	9
4324	GYA	6
4324	KCA	5
4324	GCG	3
4324	ACA	2
4325	TCG	256478
4325	TYK	130
4325	TCK	92
4325	TCA	14
4325	TCT	8
4325	TYG	6
4325	TCR	4
4325	ACG	3
4326	TGT	256703
4326	TGC	27
4326	TKT	6
4326	CGT	4
4326	TTT	3
4327	TGT	256757
4327	TGC	8
4328	CTG	256527
4328	TTG	129
4328	CTT	81
4328	YTG	6
4328	CTK	4
4328	CAG	3
4328	CTA	3
4328	CTR	2
4329	TAC	256661
4329	TAT	87
4329	TAY	9
4329	YAC	3
4329	CAC	2
4330	TGC	256644
4330	TGT	74
4330	TGY	26
4330	CGC	4
4330	TTC	3
4330	TKC	2
4331	CGT	256784
4331	CGC	19
4331	YGT	14
4331	AGA	8
4331	CKT	5
4332	TGC	256786
4332	TGT	55
4332	TKC	11
4332	TGY	8
4332	TGM	2
4333	CAC	256831
4333	CAT	47
4333	CAY	14
4333	YAC	3
4334	ATA	256864
4334	ACA	8
4334	TTA	6
4334	GTA	6
4334	RTA	3
4334	AYA	3
4334	ATT	3
4335	GAT	256841
4335	GAC	22
4335	KAT	8
4335	GAY	7
4335	GCT	3
4335	GRT	2
4336	CAT	256852
4336	CAY	11
4336	CAC	11
4336	YAT	6
4336	SAT	2
4336	MAT	2
4337	CCA	256669
4337	TCA	146
4337	CTA	24
4337	YCA	12
4337	CYA	10
4337	CCT	8
4338	AAT	256832
4338	AGT	25
4338	AAC	11
4338	CAT	3
4338	AAG	3
4338	AWT	2
4339	CCT	256857
4339	CYT	4
4339	MCT	4
4339	CTT	3
4339	CCC	2
4340	AAA	256837
4340	AAG	25
4340	WAA	5
4340	AAC	2
4340	AAR	2
4341	GGA	256855
4341	GGG	10
4341	GGT	6
4341	GGW	5
4341	KGA	4
4341	GGM	3
4341	GKA	3
4342	TTT	256878
4342	TTG	7
4342	TAC	6
4342	CTT	6
4342	TCT	2
4342	YTT	2
4343	TGT	256891
4343	TKT	2
4344	GAC	256697
4344	GAT	153
4344	GAY	23
4344	KAC	7
4344	GAG	6
4344	GAA	3
4344	GGC	2
4345	TTA	256875
4345	TTW	7
4345	TTG	7
4345	CTT	6
4345	CTA	4
4345	YTA	2
4346	AAA	256884
4346	AAR	11
4346	HAA	3
4346	RAA	3
4347	GGT	256887
4347	KGT	9
4348	AAG	256839
4348	AGG	24
4348	AAT	9
4348	AAA	8
4348	RAG	3
4348	AWG	3
4348	AAK	2
4349	TAT	256922
4349	TAW	3
4350	GTA	256903
4350	GTG	9
4350	GCA	4
4350	ATA	3
4350	KTA	3
4351	CAA	256886
4351	CAG	17
4351	YAA	8
4351	MAA	7
4351	CAR	2
4351	CAM	2
4352	ATA	256884
4352	GTA	6
4352	AKA	6
4353	CCT	256883
4353	CMT	12
4353	CYT	10
4353	CCY	7
4353	MCT	6
4353	YCT	5
4353	CCC	4
4353	MCK	3
4353	CCK	3
4354	ACA	256872
4354	ATA	42
4354	AYA	10
4354	ACC	6
4354	ACW	2
4355	ACT	256687
4355	ATT	211
4355	AYT	13
4355	AGT	8
4355	ACK	6
4355	AMT	4
4355	WCT	3
4355	ACA	3
4355	ACC	3
4355	ACY	2
4356	TGT	256899
4356	TGY	7
4356	TGK	5
4356	YGT	4
4356	TRT	3
4356	CGT	3
4356	TTT	3
4356	AGT	3
4356	TKT	2
4357	GCT	256700
4357	GTT	171
4357	GYT	17
4357	KCT	5
4357	GCK	4
4357	SCT	4
4357	GCW	4
4357	GST	3
4357	GCC	3
4357	TCT	2
4358	AAT	256703
4358	AAC	216
4358	AAA	8
4358	RAT	5
4358	AAY	4
4358	AGT	3
4358	MAT	3
4359	GAC	256917
4359	GAT	20
4359	GWC	3
4360	CCT	256880
4360	CCC	7
4360	CCA	6
4360	CYT	3
4360	CCG	3
4360	CCY	3
4360	CTT	2
4361	GTG	256794
4361	GTT	137
4361	GTK	20
4361	KTG	5
4361	STG	4
4361	TTG	4
4361	GTA	2
4361	GYG	2
4361	GGG	2
4362	GGT	256976
4362	GKT	5
4363	TTT	256983
4363	TTY	4
4363	YTT	4
4363	TTC	2
4364	ACA	256895
4364	ATA	74
4364	AYA	17
4364	GCA	3
4365	CTT	256958
4365	CTC	16
4365	YTT	9
4365	TTT	8
4366	AAA	256986
4366	AAR	8
4366	AAG	4
4366	ARA	2
4367	AAC	256418
4367	AAT	9
4367	AAY	9
4367	AMC	4
4367	MAC	2
4367	RAC	2
4368	ACA	256419
4368	ASA	17
4368	AGA	8
4368	AYA	7
4368	ATA	4
4368	ACR	4
4368	MCA	3
4369	GTC	256390
4369	GTT	89
4369	GTY	27
4369	ATC	10
4369	STC	4
4369	RTC	3
4369	KTC	2
4370	TGT	256526
4370	TKT	9
4370	TGY	3
4370	TRT	2
4371	ACC	256331
4371	ACT	39
4371	ACY	11
4371	ATC	5
4371	GCC	3
4371	ACA	3
4371	AYC	2
4371	AAC	2
4372	GTC	252505
4372	GTT	170
4372	RTC	54
4372	STC	28
4372	GTY	18
4372	ATC	17
4372	KTC	13
4372	GCC	6
4372	GTG	6
4372	GTA	4
4372	GYC	4
4372	BTC	3
4372	GDC	2
4373	TGC	252640
4373	TGT	32
4373	TGY	5
4373	TSC	3
4373	YGC	2
4374	GGT	252417
4374	GGC	12
4374	AGT	6
4374	GRT	6
4374	GKT	4
4374	GGK	4
4374	GGY	3
4375	ATG	252321
4375	ATK	18
4375	ATT	5
4375	GTG	4
4375	AYG	4
4375	RTG	4
4375	ACG	4
4375	CAG	2
4375	AKG	2
4375	TTG	2
4375	ATA	2
4376	TGG	251979
4376	TGK	7
4376	TKG	4
4376	TGR	3
4376	WGG	2
4376	TGT	2
4376	TRG	2
4377	AAA	250586
4377	ARA	10
4377	AAW	10
4377	RAA	8
4377	AAR	5
4377	WAA	5
4377	AGA	3
4377	AAM	3
4377	AAG	3
4377	RMA	3
4377	AMA	3
4378	GGT	250643
4378	TGT	5
4378	AGT	5
4378	GKT	4
4378	GGC	4
4378	GVC	3
4378	KGT	2
4379	TAT	250341
4379	TAK	11
4379	TAG	6
4379	YAT	4
4379	TAW	3
4379	TWT	3
4379	TAC	3
4379	TGT	3
4379	TMT	2
4379	TTT	2
4380	GGC	250452
4380	GRC	15
4380	GKC	11
4380	KGC	8
4380	TGC	5
4380	AGC	3
4380	GGT	3
4381	TGT	250430
4381	TGK	5
4381	TGC	4
4381	WGT	3
4381	TGY	2
4382	AGT	250374
4382	RGT	11
4382	AKT	6
4382	AST	5
4382	AGW	4
4382	AGC	3
4382	GGT	3
4382	AGY	3
4382	ACT	3
4382	AAT	2
4383	TGT	250415
4383	YGT	9
4383	TKT	4
4383	TST	3
4383	TRT	3
4384	GAT	250467
4384	GAC	13
4384	KAT	10
4384	GGT	5
4384	GAY	5
4385	CAA	250457
4385	AAA	11
4385	YAA	7
4385	CAR	7
4385	CTA	4
4385	CGA	3
4385	CAG	2
4385	MAA	2
4386	CTC	250376
4386	TTC	13
4386	CTT	13
4386	CTY	13
4386	CYC	12
4386	ATC	10
4386	YTC	9
4386	CTM	2
4387	CGC	250242
4387	CGT	131
4387	TGC	43
4387	CAC	16
4387	AGC	13
4387	CGY	9
4387	YGC	5
4387	MGC	4
4387	CRC	3
4387	CKC	2
4388	GAA	250400
4388	RAA	4
4388	GWA	3
4388	GAR	3
4388	GCA	3
4388	GAG	2
4388	KAA	2
4389	CCC	250329
4389	TCC	73
4389	CCT	37
4389	CTC	25
4389	ACC	6
4389	YCC	5
4389	CCY	5
4389	CHC	3
4389	CYC	2
4389	CCA	2
4390	ATG	250477
4390	ATA	14
4390	GTG	10
4390	AWG	6
4390	ACG	5
4390	ATR	3
4390	ATT	2
4390	TTG	2
4390	RTG	2
4391	CTT	250454
4391	CTC	54
4391	TTT	24
4391	CTY	5
4391	CWT	3
4392	CAG	250614
4392	CAA	5
4392	CGG	4
4392	YAG	4
4392	CAR	4
4392	CAK	4
4392	CWG	3
4393	TCA	250647
4393	TTA	12
4393	TYA	12
4393	TCT	11
4393	TCC	6
4393	TCG	4
4393	TCR	3
4393	GCA	2
4394	GCT	250652
4394	GTT	33
4394	GCG	4
4394	GCY	3
4394	GAT	3
4394	ACT	3
4394	TCT	3
4394	GCC	3
4394	KCT	3
4394	GYT	2
4394	GCW	2
4395	GAT	250674
4395	GGT	18
4395	GAC	7
4395	GAY	4
4395	RAT	3
4395	GAW	3
4395	KAT	2
4396	GCA	250732
4396	GTA	18
4396	SCA	5
4396	GCR	4
4396	GYA	4
4396	ACA	4
4396	TCA	3
4397	CAA	250696
4397	CAG	49
4397	CRA	6
4397	YAA	6
4397	CCA	3
4397	MAA	2
4397	TAA	2
4398	TCG	249268
4398	TCA	1019
4398	TTG	223
4398	TCT	134
4398	TYG	87
4398	TCK	16
4398	YCG	4
4398	TMG	3
4399	TTT	250625
4399	TYT	2
4399	TTY	2
4400	TTA	250684
4400	TWA	4
4400	TTR	3
4400	TTW	2
4401	AAC	250679
4401	AAY	6
4401	AAT	5
4401	ARC	3
4402	CGG	250621
4402	CKG	11
4402	YGG	6
4402	TGG	5
4402	CGK	4
4402	CSG	3
4402	CGR	3
4402	CAG	3
4403	GTT	250497
4403	ATT	12
4403	GTY	12
4403	GCT	10
4403	GWT	8
4403	RTT	5
4403	KTT	5
4403	GTA	2
4403	GTC	2
4404	TGC	250443
4404	TGY	16
4404	YGC	15
4404	TGT	13
4404	CGC	7
4404	WGC	4
4404	KGC	4
4404	TSC	4
4404	TKC	3
4404	TCC	2
4404	TTC	2
4405	GGT	250473
4405	AGT	16
4405	GST	3
4405	KGT	2
4405	GGW	2
4406	GTA	250497
4406	GTG	16
4406	GTR	11
4406	GTW	3
4406	STA	3
4406	GYA	3
4407	AGT	250418
4407	AKT	9
4407	AST	7
4407	AGK	3
4407	AGY	3
4407	RGT	2
4407	ART	2
4408	GCA	249703
4408	GTA	417
4408	GCG	73
4408	GYA	10
4408	KCA	9
4408	SCA	6
4408	GCR	5
4408	RCA	4
4408	GMA	3
4409	GCC	250156
4409	GVC	9
4409	GYC	7
4409	RCC	6
4409	GCM	3
4409	GAC	3
4409	BCC	3
4409	GCY	3
4410	CGT	250166
4410	YGT	8
4410	CGW	6
4410	CKT	5
4410	BGT	4
4410	CGY	3
4410	MRW	3
4410	CGC	3
4410	MGT	3
4410	CGH	3
4410	SSW	3
4410	BGA	2
4410	CGA	2
4410	GGA	2
4411	CTT	250506
4411	YTT	6
4411	TTT	3
4411	CTW	2
4412	ACA	250424
4412	ATA	23
4412	GCA	23
4412	AYA	19
4412	ACG	7
4412	RCA	4
4412	ACR	3
4412	ACW	3
4413	CCG	250133
4413	TCG	56
4413	CCT	14
4413	YCG	10
4413	CYG	6
4413	CTG	5
4413	CCA	4
4413	CCS	3
4413	CCK	2
4414	TGC	250392
4414	TGT	18
4414	TTC	8
4414	TGY	6
4414	TKC	3
4414	TRC	2
4415	GGC	250415
4415	GRC	3
4416	ACA	250212
4416	ACT	166
4416	ATA	21
4416	ACG	9
4416	AYA	9
4416	MCA	6
4416	RCA	4
4416	ACR	4
4416	GCA	3
4416	AMA	2
4417	GGC	250175
4417	TAC	154
4417	GGA	51
4417	GAC	15
4417	GGT	10
4417	KGC	7
4417	GKC	5
4417	GTC	5
4417	GGY	5
4417	TGC	4
4417	AGC	3
4417	GRC	3
4418	ACT	250257
4418	ATT	149
4418	AYT	34
4418	GCT	8
4418	ACY	6
4418	ACA	6
4418	WCT	3
4418	ACK	3
4418	RCT	2
4419	AGT	250367
4419	ATT	22
4419	AGC	8
4419	AAT	6
4419	RGT	4
4419	AKT	4
4419	AGK	2
4419	AST	2
4420	ACT	250335
4420	AYT	6
4420	RCT	3
4420	WCT	3
4420	GCT	3
4420	ACC	3
4421	GAT	250318
4421	GCT	50
4421	GAC	24
4421	GAA	8
4421	GGT	7
4421	GWT	4
4421	GRT	3
4421	KAT	3
4422	GTC	250497
4422	GTT	8
4422	GTY	6
4422	GYC	4
4422	GCC	4
4423	GTA	250516
4423	GTG	23
4423	RTA	6
4423	ATA	4
4423	GCA	3
4423	GYA	2
4423	GAA	2
4424	TAC	246896
4424	TAT	3586
4424	TAY	75
4424	YAC	3
4424	TAS	3
4424	AAC	2
4424	TWC	2
4424	CAC	2
4425	AGG	250286
4425	AKG	9
4425	ARG	7
4425	AGT	6
4425	AGR	6
4425	AGK	6
4425	RGG	4
4425	TGG	3
4426	GCT	250111
4426	GYT	61
4426	GCK	7
4426	GCA	6
4426	GCY	5
4426	GGT	3
4426	GCW	3
4426	KCT	3
4426	GCC	3
4426	GTT	2
4427	TTT	250293
4427	TTY	8
4427	YTT	3
4427	TKK	3
4427	ATT	3
4428	GAC	250156
4428	GAT	44
4428	GAY	9
4428	GRC	4
4428	RAC	4
4428	SAC	2
4429	ATC	250071
4429	ATT	112
4429	ATY	18
4429	ATA	3
4429	AAC	2
4430	TAC	250133
4430	TAT	63
4430	CAC	24
4430	TAY	10
4430	YAC	5
4430	WAC	3
4430	TAM	2
4431	AAT	250201
4431	RAT	4
4431	ART	3
4431	MAT	3
4431	AAW	3
4431	AAC	2
4432	GAT	250122
4432	GAC	44
4432	GAY	6
4432	GAA	6
4432	AAT	6
4432	KAT	4
4432	SAT	3
4432	GAW	3
4432	GWT	3
4432	GMT	2
4432	RAT	2
4432	GGT	2
4433	AAA	250152
4433	ARA	6
4433	AAG	5
4433	AAW	4
4433	AAR	2
4434	GTA	250026
4434	TTA	27
4434	ATA	13
4434	KTA	5
4434	GTR	5
4434	RTA	4
4434	GYA	3
4434	GTG	3
4435	GCT	249921
4435	TCT	58
4435	GTT	55
4435	GCY	10
4435	GCC	7
4435	GCA	6
4435	GYT	6
4435	ACT	4
4435	RCT	4
4435	GST	3
4435	GCK	3
4436	GGT	249205
4436	GKT	420
4436	GTT	103
4436	GGY	9
4436	RGT	5
4436	TGT	5
4436	GGC	5
4436	GRT	4
4436	AGT	3
4436	GGK	2
4437	TTT	249777
4437	TTC	26
4437	GTT	4
4437	WTT	3
4437	TAT	2
4438	GCT	249725
4438	TCT	27
4438	GYT	10
4438	GTT	9
4438	GCY	7
4438	GMT	5
4438	KCT	4
4438	GCC	4
4438	RCT	3
4438	GST	3
4438	RCW	3
4439	AAA	249730
4439	ARA	17
4439	AAG	10
4439	RAA	3
4439	AAR	2
4440	TTC	249518
4440	TTT	146
4440	TTY	9
4440	TYC	6
4440	TTM	5
4440	YTC	4
4441	CTA	249582
4441	TTA	16
4441	YTA	13
4441	CTT	7
4441	CTW	3
4441	CYA	3
4441	ATA	3
4441	MTA	2
4442	AAA	249698
4442	AAM	3
4442	AAR	3
4442	WAA	3
4443	ACT	249628
4443	ATT	9
4443	ACA	6
4443	ACC	3
4443	WCT	3
4443	ACY	2
4443	AAT	2
4444	AAT	249641
4444	AAC	3
4444	WAT	2
4445	TGT	249465
4445	TGC	79
4445	TGY	10
4445	TRT	7
4445	YGT	5
4445	TKT	4
4445	TAT	3
4445	TST	3
4445	KGT	3
4446	TGT	249774
4446	TGC	9
4446	TKT	4
4446	TGY	2
4447	CGC	249848
4447	CGT	13
4447	YGC	4
4447	MGC	3
4447	CCC	3
4447	CGY	2
4448	TTC	250267
4448	TTT	15
4448	TTY	5
4448	CTC	3
4448	YTC	2
4449	CAA	252264
4449	MAA	5
4449	CAG	4
4449	YAA	3
4449	CRA	3
4450	GAA	253144
4450	GAG	7
4450	SAA	3
4451	AAG	253171
4451	AAT	124
4451	AAA	20
4451	AAK	20
4451	AGG	3
4452	GAC	253381
4452	GAT	231
4452	TAC	83
4452	GAY	11
4452	GAA	7
4452	KAC	4
4452	GAM	2
4453	GAA	253827
4453	GAT	6
4453	KAA	6
4453	AAA	4
4453	GRA	4
4453	RAA	3
4453	GTA	3
4453	GAW	3
4453	GAM	2
4454	GAT	254918
4454	TAT	22
4454	KAT	21
4454	GGT	17
4454	GAC	10
4454	GAG	6
4454	GAY	6
4454	AAT	3
4454	RAT	3
4454	GMT	3
4454	GRT	2
4455	GAC	256004
4455	TAC	301
4455	KAC	23
4455	GAY	10
4455	GGC	9
4455	GAT	8
4455	GGT	6
4455	SAC	4
4455	RAC	4
4455	GMC	3
4455	GRC	2
4455	GAM	2
4456	AAT	256481
4456	AAC	9
4456	AWT	7
4456	AGT	7
4456	AAW	5
4456	RAT	3
4456	AAY	2
4457	TTA	256522
4457	CTG	6
4457	YTA	5
4457	TTR	4
4457	TTW	4
4458	ATT	256540
4458	ATA	6
4458	WTT	5
4458	TTT	3
4458	ATW	3
4458	AGT	2
4458	GTT	2
4459	GAT	256581
4459	GAC	12
4459	AAT	8
4459	KAT	7
4459	GRT	4
4459	GWT	3
4459	GMT	2
4459	RAT	2
4459	GGT	2
4460	TCT	256595
4460	TTT	16
4460	TCC	15
4460	TYT	11
4460	TCY	4
4460	TCK	3
4461	TAC	256591
4461	TAT	53
4461	TAY	14
4462	TTT	256584
4462	TTC	12
4462	TTK	12
4462	YTT	7
4462	TYT	3
4463	GTA	256592
4463	GTG	16
4463	ATA	14
4463	STA	3
4463	GTR	2
4464	GTT	256624
4464	GTC	7
4464	KTT	6
4464	ATT	2
4465	AAG	256599
4465	AAK	12
4465	AWG	4
4465	AAR	3
4465	AAS	2
4466	AGA	256109
4466	CGA	4
4466	AAA	3
4466	RGA	3
4466	AGG	3
4466	AKA	2
4466	ASA	2
4466	AGW	2
4467	CAC	255522
4467	CAT	551
4467	CAY	30
4467	TAC	14
4467	YAC	7
4467	CAA	7
4467	CAM	6
4467	MAC	4
4468	ACT	255199
4468	ATT	864
4468	AYT	29
4468	ACW	6
4468	ACC	6
4468	RCT	4
4468	WCT	3
4468	ACG	3
4468	ACY	2
4468	AMT	2
4469	TTC	255671
4469	TTY	201
4469	TTT	108
4469	TCC	14
4469	TGC	14
4469	TYC	4
4469	YTC	2
4470	TCT	256051
4470	TYT	7
4470	TTT	5
4470	TCC	4
4470	CCT	3
4471	AAC	255964
4471	AAT	24
4471	MAC	3
4471	ARC	3
4472	TAC	255905
4472	TAT	39
4472	CAC	17
4472	TAY	4
4472	TWC	2
4472	TGC	2
4473	CAA	255958
4473	GAA	10
4473	AAA	6
4473	CAR	3
4473	YAA	2
4473	CMA	2
4474	CAT	255887
4474	TAT	39
4474	CAA	22
4474	CGT	9
4474	CAC	8
4474	YAT	6
4474	MAT	3
4474	CAD	3
4474	CAW	2
4474	CAY	2
4475	GAA	255913
4475	TAA	29
4475	GAG	9
4475	KAA	8
4475	AAA	3
4475	GRA	3
4475	GMA	3
4475	GWA	2
4475	GAW	2
4476	GAA	255908
4476	AAA	13
4476	RAA	12
4476	GGA	5
4476	GAW	4
4476	GMA	3
4476	GTA	3
4477	ACA	255695
4477	ATA	140
4477	TCA	36
4477	AYA	18
4477	ACC	8
4477	GCT	7
4477	ACR	3
4477	WCA	3
4477	RCA	3
4477	AGA	2
4477	GCA	2
4478	ATT	255916
4478	WTT	5
4478	ATY	3
4478	AWT	2
4478	AYT	2
4479	TAT	255871
4479	TAC	19
4479	TWT	7
4479	TAY	4
4479	TRT	2
4479	TGT	2
4479	CAT	2
4480	AAT	256017
4480	AAC	19
4480	AGT	6
4480	MAT	3
4481	TTA	256036
4481	TTG	12
4481	TCA	2
4482	CTT	255997
4482	ATT	16
4482	TTT	9
4482	MTT	7
4482	YTT	6
4482	CYT	4
4482	CTY	2
4483	AAG	255803
4483	AGG	166
4483	GAG	41
4483	ARG	21
4483	RAG	8
4483	AAT	8
4483	AAK	7
4483	AAA	7
4484	GAT	256234
4484	AAT	12
4484	GGT	7
4484	GAC	6
4484	RAT	4
4484	GAK	3
4484	KAT	2
4484	GRT	2
4485	TGT	256233
4485	AGT	13
4485	TGY	7
4485	TKT	6
4486	CCA	256086
4486	CTA	99
4486	CYA	25
4486	TCA	22
4486	CCG	8
4486	CCT	7
4486	MCA	3
4486	CCC	2
4486	CCR	2
4487	GCT	256095
4487	GTT	85
4487	TCT	34
4487	KCT	14
4487	ACT	9
4487	GYT	8
4487	GCC	5
4487	GMT	3
4488	GTT	256232
4488	KTT	17
4488	GTC	3
4488	RTT	2
4488	STT	2
4489	GCT	253736
4489	GTT	2431
4489	GYT	56
4489	KCT	7
4489	GCY	4
4489	GCA	3
4489	GCW	2
4489	GCC	2
4490	AAA	256299
4490	AAG	14
4490	GTT	7
4490	MAA	4
4491	CAT	256364
4491	CAC	5
4491	CAY	2
4492	GAC	256340
4492	GAA	36
4492	GAT	21
4492	TAC	2
4493	TTC	256359
4493	TTT	48
4493	TTY	5
4494	TTT	256436
4494	TTC	10
4494	YTT	9
4495	AAG	256450
4495	AAT	18
4495	AGG	8
4495	AWG	3
4495	AAR	3
4496	TTT	256501
4496	TTC	3
4497	AGA	256500
4497	AGG	6
4497	GGA	3
4497	ATA	3
4497	AGW	2
4497	ARA	2
4497	ASA	2
4497	AKA	2
4498	ATA	256516
4498	GTA	10
4498	ACA	4
4498	ATG	2
4499	GAC	256472
4499	AAC	44
4499	GAT	28
4499	TAC	4
4499	GCC	4
4499	GMC	3
4499	SAC	3
4500	GGT	256432
4500	AGT	55
4500	GTT	20
4500	GKT	8
4500	GGC	6
4500	GAT	6
4500	GST	4
4500	TGT	3
4500	RGT	2
4500	CGT	2
4500	GCT	2
4501	GAC	256623
4501	GGC	7
4501	KAC	6
4501	GAT	3
4501	GRC	2
4501	GAY	2
4502	ATG	256561
4502	GTG	54
4502	ATA	28
4502	ATS	4
4503	GTA	256600
4503	TTA	28
4503	ATA	14
4503	GTG	5
4503	KTA	3
4504	CCA	256561
4504	TCA	53
4504	CYA	13
4504	YCA	12
4504	ACA	4
4504	CCR	3
4504	CCW	3
4505	CAT	256627
4505	CAC	19
4505	CAY	8
4505	YAT	5
4505	TAT	3
4505	CAK	2
4506	ATA	256642
4506	WTA	9
4506	ATW	4
4506	AYA	4
4506	ATG	3
4506	AGA	3
4506	RTA	2
4507	TCA	256645
4507	GCA	11
4507	YCA	5
4507	TCG	3
4508	CGT	256746
4508	CGC	11
4508	YGT	3
4508	CGY	2
4508	TGT	2
4509	CAA	256734
4509	CAG	4
4509	CRA	3
4509	CGA	2
4510	CGT	256632
4510	CGG	60
4510	CAT	16
4510	TGT	13
4510	CGC	11
4510	AGT	6
4510	YGT	4
4511	CTT	256688
4511	CTC	38
4511	CTA	11
4511	CKT	3
4512	ACT	256738
4512	AYT	5
4512	ACW	2
4513	AAA	256672
4513	AAR	6
4513	AAG	3
4514	TAC	256693
4514	YAC	4
4514	TTC	4
4514	TAT	3
4514	CAC	3
4514	TAY	2
4515	ACA	256704
4515	ACC	3
4515	ACG	3
4515	AYA	2
4515	WCA	2
4516	ATG	256610
4516	ATT	75
4516	ATK	11
4516	GTG	10
4516	ATA	5
4516	ACG	3
4516	ATR	2
4517	GCA	256663
4517	TCA	14
4517	GCC	10
4517	GCT	9
4517	KCA	7
4517	GYA	7
4517	GCG	6
4517	GCW	4
4518	GAC	256709
4518	GAY	6
4518	KAC	5
4518	GAT	3
4519	CTC	256669
4519	CTT	27
4519	CTY	19
4519	TTA	9
4519	CTA	4
4519	YTC	2
4520	GTC	256504
4520	ATC	19
4520	GTT	7
4520	GTM	4
4520	GTA	2
4520	GYC	2
4521	TAT	256424
4521	TAC	102
4521	TAY	8
4522	GCT	256464
4522	GYT	12
4522	GTT	9
4522	GCC	9
4522	SCT	3
4522	GMT	3
4522	ACT	2
4523	TTA	256476
4523	TTG	21
4523	TTW	3
4523	TTR	2
4524	AGG	256433
4524	ATG	16
4524	AKG	10
4524	CGT	9
4524	CGG	7
4524	AGK	7
4524	AGR	4
4524	AGA	4
4524	AAG	3
4524	ASG	2
4525	CAT	256458
4525	CAC	15
4525	SAT	3
4525	CAA	3
4525	TAT	3
4525	CWT	2
4526	TTT	256504
4526	TTC	2
4527	GAT	256488
4527	GAC	18
4527	TAT	4
4527	KAT	2
4528	GAA	256460
4528	GAG	11
4528	SAA	6
4528	KAA	4
4528	GCA	3
4528	GAT	3
4528	GAC	2
4528	TAA	2
4529	GGT	256431
4529	GKT	15
4529	GAT	9
4529	GTT	9
4529	KGT	5
4529	GGY	4
4529	TGT	3
4529	GGC	2
4530	AAT	256395
4530	GAT	13
4530	AAC	8
4530	AWT	6
4530	RAT	4
4530	AAW	3
4530	AAY	3
4530	TAT	3
4530	AAK	2
4530	WAT	2
4531	TGT	256228
4531	TGC	13
4531	TGY	6
4531	YGT	4
4531	TKT	2
4532	GAC	255958
4532	GAT	181
4532	TAC	51
4532	GAY	34
4532	AAC	14
4532	KAC	9
4532	GGC	8
4532	CAC	2
4532	GRC	2
4532	SAC	2
4532	GMC	2
4533	ACA	255250
4533	ATA	927
4533	AYA	41
4533	ACT	8
4533	ACW	4
4533	ACC	4
4533	ACG	3
4533	ASR	3
4534	TTA	256233
4534	CTT	8
4534	TTT	4
4534	TTW	3
4534	CTA	2
4535	AAA	256233
4535	AAR	11
4535	CAA	7
4535	AGA	4
4535	ARA	3
4535	RAA	2
4536	GAA	256233
4536	RAA	9
4536	GRA	4
4536	AAA	4
4536	GAT	3
4536	GAR	2
4537	ATA	256242
4537	GTA	9
4537	CTA	7
4537	WTA	3
4537	ACA	2
4537	ATG	2
4538	CTT	256248
4538	TTT	6
4538	CWT	3
4538	CTK	3
4538	CTY	2
4538	YTT	2
4539	GTC	256218
4539	ATC	26
4539	GTT	10
4539	GYC	4
4539	GWC	3
4539	GCC	3
4539	GGC	2
4539	STC	2
4539	GTY	2
4540	ACA	256242
4540	ACT	11
4540	AYA	9
4540	ATA	7
4540	GCA	3
4541	TAC	256055
4541	TAT	202
4541	TAY	9
4541	TGC	4
4542	AAT	256096
4542	AAC	121
4542	AGT	30
4542	AAY	13
4542	ART	4
4542	ACT	2
4542	RAT	2
4542	WAT	2
4543	TGT	256231
4543	TGW	3
4543	TKT	3
4543	TAT	2
4543	KGT	2
4544	TGT	256241
4544	TKT	3
4545	GAT	256139
4545	TAT	62
4545	GGT	22
4545	KAT	8
4545	ACT	8
4545	GAC	3
4545	AAT	3
4546	GAT	256211
4546	GGT	17
4546	TAT	10
4546	GAC	6
4546	GAK	3
4546	AAT	2
4547	GAT	256226
4547	GAC	10
4547	GAG	7
4547	GGT	6
4547	GAY	3
4547	KAT	2
4547	AAT	2
4548	TAT	256192
4548	TGT	40
4548	TTT	10
4548	TRT	4
4548	TWT	3
4548	CAT	2
4549	TTC	256204
4549	TTT	28
4549	TYC	4
4549	YTC	4
4549	GTC	3
4549	TTY	3
4549	TTM	2
4550	AAT	256127
4550	AAC	65
4550	TGT	10
4550	AAK	6
4550	AAW	4
4550	TAT	2
4550	AGT	2
4550	WAT	2
4551	AAA	255927
4551	AAG	12
4551	ATG	10
4551	WAA	5
4551	AAW	2
4551	AGA	2
4552	AAG	256131
4552	AAA	33
4552	AAT	31
4552	ARG	9
4552	WAG	4
4552	AAK	3
4552	AAR	2
4552	AAC	2
4553	GAC	256189
4553	GAY	32
4553	TAC	18
4553	GAT	15
4553	AAC	9
4553	GTC	6
4553	GWC	5
4553	GGC	5
4553	GAA	3
4553	KAC	3
4554	TGG	256276
4554	TGT	10
4554	DGG	3
4554	TGR	3
4554	TGK	3
4554	TKG	2
4555	TAT	256419
4555	TAC	44
4555	TGT	16
4555	TRT	7
4555	CAT	3
4555	YAT	3
4556	GAT	256394
4556	AAT	9
4556	KAT	5
4556	GWT	4
4556	GAC	4
4557	TTT	256503
4557	TTC	10
4557	TTY	5
4557	TYT	5
4557	GTT	2
4558	GTA	256457
4558	KTA	19
4558	GTG	17
4558	TTA	8
4558	GTT	3
4558	GTC	3
4558	RTA	2
4559	GAA	256473
4559	GAG	11
4559	RAA	10
4559	AAA	2
4560	AAC	256450
4560	AAT	45
4560	AAY	11
4560	AAM	3
4560	ARC	3
4561	CCA	256373
4561	CCT	58
4561	TCA	41
4561	YCA	8
4561	CTA	7
4561	CYA	6
4561	CAA	2
4562	GAT	257006
4562	GAC	22
4562	KAT	14
4562	GAA	12
4562	TAT	8
4562	GGT	8
4562	SAT	4
4562	GAK	2
4563	ATA	256892
4563	ATG	76
4563	GTA	44
4563	ATT	8
4563	RTA	5
4563	TTA	3
4563	ACA	2
4564	TTA	256896
4564	CTA	129
4564	YTA	4
4564	GTA	3
4564	TTG	2
4565	CGC	256859
4565	TGC	133
4565	CGT	17
4565	YGC	15
4565	CAC	7
4565	AGC	3
4565	CGY	2
4565	GGC	2
4566	GTA	256798
4566	GTG	58
4566	ATA	27
4566	GTR	5
4566	RTA	5
4566	KTA	4
4567	TAC	256701
4567	TAT	59
4567	CAC	11
4567	TAY	10
4567	YAC	7
4568	GCC	256710
4568	GCT	64
4568	GCY	16
4568	ACC	12
4568	RCC	3
4568	GTC	3
4568	KCC	3
4568	GAC	2
4569	AAC	256784
4569	AAT	3
4569	RAC	3
4569	AAA	2
4570	TTA	256732
4570	TTG	22
4570	TTM	6
4570	CTA	2
4571	GGT	256708
4571	TGT	24
4571	KGT	8
4571	AGT	3
4571	GKT	3
4572	GAA	256538
4572	GAG	17
4572	SAA	6
4572	RAA	3
4572	KAA	3
4573	CGT	256535
4573	CGC	5
4573	TGT	4
4573	CGA	3
4573	CGK	3
4573	CAT	2
4573	CGY	2
4574	GTA	256511
4574	GKA	12
4574	GDA	10
4574	TTA	4
4574	GTG	4
4574	KTA	2
4574	GWA	2
4574	ATA	2
4574	GCA	2
4575	CGC	256526
4575	CGT	94
4575	CGY	3
4575	TGC	3
4575	CRC	3
4575	YGC	2
4575	CGA	2
4576	CAA	256604
4576	CGA	8
4576	CAG	6
4576	YAA	4
4576	CWA	3
4577	GCT	253364
4577	TCT	2868
4577	GTT	273
4577	KCT	61
4577	GYT	23
4577	GCA	9
4577	GCY	9
4577	RCT	5
4578	TTG	256605
4578	GTG	23
4578	TTA	13
4578	TTK	4
4578	TTR	3
4578	TYS	3
4578	TTT	2
4579	TTA	256727
4579	TTR	5
4579	TTG	2
4579	TTT	2
4580	AAA	256736
4580	AAG	15
4580	MAA	3
4580	ARA	3
4581	ACA	256730
4581	ACT	9
4581	ACR	6
4581	AAA	3
4582	GTA	256721
4582	ATA	34
4582	GTG	10
4582	RTA	4
4582	TTA	3
4583	CAA	256767
4583	CRA	8
4583	CTA	8
4583	CAG	6
4583	YAA	2
4584	TTC	256647
4584	TTT	122
4584	TAC	4
4584	TTY	4
4584	TYC	2
4584	CTC	2
4585	TGT	256778
4585	TGC	10
4585	TKT	6
4586	GAT	256788
4586	RAT	4
4586	GGT	4
4586	GWT	3
4586	KAT	3
4586	AAT	2
4587	GCC	256773
4587	GCT	17
4587	ACC	5
4587	GCY	4
4587	ACT	2
4587	KCC	2
4588	ATG	256746
4588	ATT	53
4588	ATK	10
4588	ATA	3
4588	AYG	3
4588	GTG	2
4589	CGA	256791
4589	CAA	9
4589	CGT	8
4589	CRA	6
4589	CGR	3
4589	CKA	3
4590	AAT	256772
4590	GAT	18
4590	AGT	8
4590	AAC	7
4590	ART	6
4590	CAT	4
4591	GCT	256778
4591	GCA	9
4591	GYT	8
4591	GTT	5
4591	KCT	5
4591	GCY	3
4591	TCT	2
4592	GGT	256795
4592	GGC	8
4592	GGY	6
4592	GGW	3
4593	ATT	256766
4593	GTT	34
4593	TTT	6
4593	RTT	4
4593	CTT	3
4593	ATY	2
4594	GTT	256810
4594	GTA	12
4594	TTT	6
4594	ATT	5
4594	KTT	3
4595	GGT	256838
4595	KGT	12
4595	GGK	3
4595	GGC	3
4596	GTA	256899
4596	ATA	2
4597	CTG	256618
4597	CTT	236
4597	CTA	21
4597	CTK	15
4597	TTG	14
4597	CTS	9
4597	YTG	4
4597	CTC	3
4598	ACA	256950
4598	ACT	8
4598	AYA	6
4598	ACR	6
4599	TTA	256965
4599	TTG	23
4599	CTA	8
4599	YTA	3
4599	TTR	3
4600	GAT	257001
4600	GAC	9
4600	KAT	2
4601	AAT	256985
4601	AAC	20
4601	AAY	5
4601	RAT	3
4602	CAA	257003
4602	YAA	11
4603	GAT	256946
4603	GAC	49
4603	GAY	4
4603	RAT	4
4603	AAT	3
4603	SAT	2
4604	CTC	256957
4604	CTT	28
4604	ATC	12
4604	TTC	6
4604	CTY	5
4604	MTC	4
4604	CYC	4
4604	YTC	3
4605	AAT	256987
4605	AAC	31
4605	AGT	3
4605	AAA	3
4605	GAT	2
4606	GGT	257004
4606	GGG	9
4606	GKT	4
4606	SGT	3
4607	AAC	256467
4607	AGC	541
4607	ARC	13
4607	AAT	8
4607	GAC	2
4608	TGG	257014
4608	TKG	3
4608	CGG	3
4608	TSG	2
4609	TAT	257019
4609	TAC	11
4609	TAW	3
4610	GAT	257011
4610	GWT	4
4610	GTT	3
4610	KAT	3
4610	CAT	2
4610	GAC	2
4611	TTC	256961
4611	TTT	57
4611	TTY	13
4611	YTC	3
4612	GGT	256859
4612	GGC	127
4612	GGA	6
4612	KGT	5
4612	GKT	4
4612	GST	3
4612	SGT	3
4612	GGY	3
4613	GAT	256903
4613	GAC	21
4613	GAY	2
4614	TTC	256913
4614	CTC	18
4614	TYC	3
4614	WTC	3
4614	TTT	2
4615	ATA	256908
4615	GTA	22
4615	ATG	5
4615	TTA	2
4616	CAA	256901
4616	CGA	17
4616	CAG	15
4616	CWA	9
4616	YAA	3
4616	AAA	3
4616	CTA	3
4616	MAA	2
4617	ACC	256976
4617	ACT	19
4617	ATC	5
4617	AYC	4
4617	RCC	3
4618	ACG	256807
4618	ACA	79
4618	ACT	72
4618	ATG	25
4618	ACR	7
4618	ACK	5
4618	AYG	4
4618	ACC	3
4618	GCG	2
4619	CCA	256635
4619	CTA	259
4619	TCA	50
4619	CYA	35
4619	YCA	9
4619	CAA	5
4619	CCG	5
4619	GCA	2
4620	GGT	256886
4620	TGT	81
4620	GKT	16
4620	GAT	12
4620	RGT	5
4620	KGT	5
4620	GGY	4
4620	GRT	3
4620	AGT	2
4621	AGT	256961
4621	AAT	20
4621	AGC	8
4621	ART	5
4621	AKT	5
4621	GGT	4
4621	ATT	4
4621	RGT	4
4622	GGA	256941
4622	GGT	45
4622	GGG	11
4622	GKA	6
4622	GGW	3
4622	GSA	3
4622	GGM	3
4622	GGC	3
4622	KGA	3
4623	GTT	256955
4623	GTC	40
4623	ATT	12
4623	TTT	11
4623	GTY	3
4624	CCT	256965
4624	CCC	24
4624	TCT	21
4624	CYT	3
4625	GTT	256960
4625	ATT	45
4625	GTY	3
4625	KTT	2
4626	GTA	256977
4626	TTA	21
4626	GTT	8
4626	KTA	4
4626	STA	3
4626	GTR	3
4626	GTG	2
4626	GYA	2
4626	GCA	2
4627	GAT	256980
4627	GAC	13
4627	KAT	5
4627	GGT	3
4627	GWT	3
4628	TCT	256977
4628	TCC	8
4628	YCT	6
4628	TYT	2
4629	TAT	256977
4629	TAC	7
4629	TMT	4
4630	TAT	256924
4630	CAT	6
4630	TAY	4
4630	TAC	3
4630	YAT	2
4630	TWT	2
4631	TCA	256928
4631	TYA	4
4632	TTG	256924
4632	TTA	4
4632	TKG	3
4632	TTK	2
4633	TTA	256878
4633	CTA	20
4633	YTA	5
4633	TWA	2
4634	ATG	256908
4635	CCT	256898
4635	CYT	5
4635	YCT	3
4635	CCK	3
4636	ATA	256909
4636	ACA	38
4636	ATT	8
4636	AYA	2
4637	TTA	256928
4637	CTA	10
4637	CTC	8
4637	TYA	4
4638	ACC	256596
4638	ACT	174
4638	ACA	69
4638	ATC	60
4638	ACY	21
4638	AYC	7
4638	WCC	3
4638	GCC	2
4639	TTG	256884
4639	TTC	14
4639	TTA	11
4639	CTG	10
4639	CTT	8
4639	TTT	6
4639	TTS	4
4639	TTK	3
4640	ACC	256509
4640	ACT	267
4640	ATC	93
4640	ACY	36
4640	AYC	23
4640	ACA	13
4640	ACG	8
4640	ACM	2
4641	AGG	256813
4641	AGA	49
4641	AAG	32
4641	ATG	19
4641	AGT	14
4641	TGG	13
4641	GGG	7
4641	AGK	4
4641	RGG	3
4641	AKG	2
4642	GCT	256856
4642	GTT	46
4642	GCA	17
4642	KCT	16
4642	GYT	14
4642	SCT	6
4642	GCC	4
4642	ACT	3
4642	GCG	2
4642	GCY	2
4643	TTA	256574
4643	CTA	377
4643	TTW	3
4643	TYA	3
4643	CTG	2
4644	ACT	256894
4644	AAT	31
4644	GCT	10
4644	AYT	8
4644	ATT	6
4644	ACC	6
4644	ACW	3
4644	ACY	3
4644	RCT	3
4645	GCA	256775
4645	KCA	91
4645	GCT	23
4645	GCG	23
4645	GTA	10
4645	GCR	5
4645	ACA	4
4645	TCA	4
4645	RCA	4
4645	SCA	2
4646	GAG	254575
4646	GAT	2338
4646	GAK	22
4646	GWG	3
4646	GAS	3
4646	SAG	2
4646	GAA	2
4647	TCA	256974
4647	TCT	8
4647	TMA	2
4648	CAT	256832
4648	CMT	56
4648	TAT	35
4648	YAT	14
4648	CCT	8
4648	CAY	5
4648	CRT	2
4648	CTT	2
4649	GTT	256924
4649	TTT	67
4649	CTA	6
4649	GTC	6
4649	KTT	5
4649	GTY	3
4649	GTK	3
4649	TTA	2
4649	ATT	2
4649	GYT	2
4650	GAC	256999
4650	GAT	17
4650	TAC	5
4650	GRC	4
4650	GMC	2
4650	AAC	2
4650	GAY	2
4651	ACT	256961
4651	ATT	85
4651	GCT	10
4651	ACC	7
4651	ACA	6
4651	AAT	3
4651	AMT	3
4651	AYT	2
4652	GAC	257028
4652	GAT	113
4652	GAY	13
4652	RAC	4
4652	KAC	4
4652	TAC	2
4652	GCC	2
4652	GRC	2
4652	GAA	2
4653	TTA	256395
4653	TGC	336
4653	TGA	296
4653	TTG	11
4653	CTA	7
4653	TBM	3
4653	TGM	2
4653	TBA	2
4654	ACA	256547
4654	ATA	132
4654	ABA	22
4654	GCA	9
4654	RCA	4
4654	AAA	4
4654	ACG	4
4655	AAG	256937
4655	AGG	21
4655	AAT	16
4655	AAA	13
4655	AAS	5
4655	RAG	3
4655	AAC	3
4655	AAK	2
4656	CCT	256383
4656	ACT	509
4656	TCT	54
4656	MCT	49
4656	CYT	4
4656	CCA	4
4656	CCC	4
4656	CTT	3
4656	YCT	3
4657	TAC	257015
4657	TAT	42
4657	TAY	12
4657	WAC	5
4657	YAC	4
4657	CAC	3
4658	ATT	257021
4658	ATC	23
4658	GTT	11
4658	GTA	8
4658	ATA	6
4658	AGT	3
4659	AAG	256565
4659	AAT	484
4659	AAA	27
4659	AAK	7
4659	ARG	3
4659	AGG	3
4660	TGG	257049
4660	TGT	26
4660	TKG	3
4660	TGK	3
4661	GAT	257046
4661	AAT	8
4661	GGT	6
4661	KAT	4
4661	GRT	4
4661	GWT	3
4661	GAY	3
4661	GAC	2
4661	GCT	2
4662	TTG	257036
4662	TTT	21
4662	TTA	12
4662	TTK	7
4662	ATG	3
4663	TTA	257058
4663	TTW	2
4663	CTA	2
4664	AAA	257079
4664	AAG	9
4664	AAW	3
4664	ARA	3
4665	TAT	257058
4665	TAC	10
4665	YAT	4
4665	TRT	4
4665	WAT	2
4665	CAT	2
4665	TGT	2
4666	GAC	256981
4666	GAT	85
4666	GAY	5
4666	GWC	5
4667	TTC	257040
4667	TTT	25
4667	TTY	16
4667	YTC	8
4667	TCC	3
4668	ACG	256974
4668	ATG	45
4668	ACA	43
4668	AYG	10
4668	GCG	6
4668	ACK	4
4668	ACR	4
4668	ASG	3
4668	ACC	3
4668	AAG	2
4668	ACT	2
4669	GAA	257072
4669	GCA	5
4669	GWA	3
4669	GAR	3
4669	GRA	2
4670	GAG	256018
4670	GAA	172
4670	KAG	8
4670	GAC	6
4670	GAK	4
4670	GAT	3
4671	AGG	255569
4671	AGK	324
4671	AGT	296
4671	AGA	4
4671	CGT	2
4672	TTA	256165
4672	TTG	4
4672	CTA	4
4673	AAA	256187
4673	AAC	8
4674	CTC	256138
4674	CTT	12
4674	CTY	4
4674	ATC	3
4674	YTC	2
4675	TTT	256123
4675	TTK	12
4675	YTT	4
4675	TTA	4
4675	TTC	2
4676	GAC	256002
4676	TAC	69
4676	GAM	12
4676	AAC	11
4676	GAY	7
4676	GAA	6
4676	GCC	3
4676	GAT	2
4677	CGT	255867
4677	CGC	15
4677	CAT	12
4677	TGT	10
4677	MGT	3
4677	CGA	3
4677	CGY	2
4677	YGT	2
4678	TAT	255885
4678	TAC	10
4678	TWT	6
4679	TTT	255789
4679	TTY	25
4679	TTC	15
4679	TWT	6
4679	TYT	3
4679	TKT	2
4680	AAA	255815
4680	AAG	17
4680	WAA	7
4680	AWA	3
4680	AGA	2
4681	TAT	255831
4681	CAT	10
4681	TAC	5
4681	YAT	2
4682	TGG	255775
4682	TGT	9
4682	TGK	6
4682	KGG	4
4682	YGG	3
4683	GAT	255563
4683	GAC	245
4683	GAY	7
4683	KAT	4
4684	CAG	255677
4684	CAT	100
4684	CAA	26
4684	CAK	10
4684	YAG	7
4684	CWG	4
4684	CAC	2
4685	ACA	255603
4685	ATA	155
4685	AYA	14
4685	ACT	8
4685	ACC	6
4685	RCA	3
4686	TAC	255646
4686	TAT	117
4686	TAY	13
4687	CAC	255746
4687	TAC	13
4687	CAT	5
4687	CAY	4
4687	YAC	3
4687	CAM	3
4688	CCA	255726
4688	CMA	16
4688	CCC	6
4688	CCM	3
4688	SMA	3
4688	CCG	3
4688	CCW	3
4688	CCT	2
4688	CCR	2
4689	AAT	255389
4689	AAC	26
4689	AGT	4
4689	RAT	4
4689	AMT	3
4689	AAW	2
4690	TGT	255402
4690	AGT	7
4690	YGT	3
4690	TKT	2
4691	GTT	255336
4691	TTT	63
4691	KTT	8
4691	ATT	6
4691	GCT	4
4692	AAC	255407
4692	AAT	15
4692	AAY	9
4692	GAC	6
4692	AGC	2
4693	TGT	255415
4693	TGC	7
4693	TKT	4
4694	TTG	255722
4694	TCG	16
4694	TTT	13
4694	TYG	10
4694	TTR	8
4694	TTA	6
4694	TGG	6
4694	TTK	6
4694	ATG	2
4695	GAT	255794
4695	GGT	21
4695	KAT	5
4695	RAT	4
4695	GAA	3
4695	GAC	3
4696	GAC	255740
4696	TAC	63
4696	GAT	23
4696	GAY	9
4696	KAC	8
4696	GGC	2
4697	AGA	255754
4697	AGG	90
4697	AAA	3
4697	AKA	3
4697	AGR	2
4698	TGC	255759
4698	TGT	73
4698	TGY	22
4698	TKC	5
4698	TSC	3
4699	ATT	255840
4699	ATC	13
4699	ATY	5
4699	CTT	3
4699	AWT	2
4700	CTG	255807
4700	CTT	38
4700	TTG	35
4700	YTG	11
4700	CYG	4
4700	ATG	3
4700	CTA	3
4700	CTK	3
4701	CAT	255965
4701	CAY	3
4701	CCT	3
4701	CWT	2
4702	TGT	255950
4702	TGC	7
4702	TST	5
4702	TKT	5
4703	GCA	255813
4703	TCA	111
4703	KCA	14
4703	GCG	6
4703	GYA	4
4703	CCA	3
4703	GTA	3
4704	AAC	255922
4704	AAT	12
4704	AAY	7
4704	AAA	2
4705	TTT	255958
4706	AAT	255932
4706	AAC	51
4706	RAT	5
4707	GTT	255995
4707	GTG	9
4707	KTT	8
4707	GKT	4
4707	GTY	4
4707	RTT	3
4707	TTT	3
4708	TTA	256030
4708	TTG	11
4708	TTR	3
4708	ATA	3
4708	YTA	3
4708	TCA	2
4709	TTC	256032
4709	TTT	32
4709	TYC	7
4710	TCT	256022
4710	TCC	31
4710	GCT	10
4710	TCA	8
4710	TCY	3
4711	ACA	255966
4711	ATA	84
4711	AYA	21
4711	ACG	12
4711	ACT	8
4711	ACM	3
4711	ACW	3
4712	GTG	256033
4712	GTT	18
4712	TTG	16
4712	GTC	9
4712	GTA	6
4712	GYG	6
4712	GAG	3
4713	TTC	255997
4713	TTT	62
4713	TYC	7
4713	TTY	6
4713	CTC	3
4713	ATC	3
4713	YTC	2
4714	CCA	256215
4714	TCA	4
4714	CAA	3
4714	CYA	3
4714	CCG	2
4715	CTT	226104
4715	CCT	29088
4715	CYT	518
4715	TTT	180
4715	CTC	19
4715	CCA	14
4715	YTT	9
4715	CAT	7
4715	CTY	4
4716	ACA	256139
4716	AYA	9
4716	ACG	7
4716	ACW	6
4716	ATA	6
4717	AGT	256071
4717	ATT	55
4717	AKT	19
4717	AGY	3
4717	ACT	3
4717	TGT	2
4718	TTT	256182
4718	TTC	8
4718	TAT	7
4718	TTY	3
4718	TKT	3
4718	ATT	2
4719	GGA	256158
4719	GGT	15
4719	KGA	6
4719	GKA	4
4719	SGA	4
4719	RGA	3
4719	GSA	3
4719	GGM	3
4719	GGR	3
4719	GGC	2
4720	CCA	256162
4720	TCA	19
4720	CCG	18
4720	CCT	9
4720	CCR	3
4720	CYA	2
4721	CTA	255987
4721	ATA	36
4721	TTA	25
4721	MTA	12
4721	YTA	4
4721	CTM	3
4722	GTG	255762
4722	KTG	97
4722	TTG	64
4722	GTT	23
4722	GTC	11
4722	GAG	8
4722	STG	6
4722	GTK	3
4722	GTA	2
4723	AGA	255983
4723	ARA	8
4723	AGR	4
4723	AGT	3
4723	AGW	3
4723	AAT	2
4724	AAA	256014
4724	AAG	11
4724	AAR	4
4724	AAM	3
4725	ATA	255959
4725	ATT	13
4725	ACA	9
4725	AWA	4
4725	ATG	4
4726	TTT	256031
4726	YTT	6
4726	TAT	3
4726	TCT	2
4727	GTT	256034
4727	KTT	6
4727	GYT	4
4727	TTT	3
4727	GCT	2
4727	GTC	2
4728	GAT	256033
4728	KAT	6
4728	AAT	5
4728	GAC	5
4728	GRT	3
4728	GAY	2
4728	GWT	2
4729	GGT	256026
4729	KGT	7
4729	GGY	4
4729	RGT	3
4729	GGK	3
4729	SGT	3
4729	TGT	2
4730	GTT	256002
4730	GTC	12
4730	GTY	8
4730	GTA	8
4730	ATT	7
4730	KTT	6
4730	GTG	3
4730	TTT	3
4730	GYT	3
4731	CCA	256032
4731	CCT	13
4731	CCG	3
4731	YCA	2
4732	TTT	256017
4732	TTY	3
4732	TTW	3
4732	KTT	2
4733	GTA	255971
4733	GTG	9
4733	GTT	7
4733	RTA	3
4733	KTA	2
4734	GTT	255937
4734	GTC	18
4734	KTT	15
4734	STT	3
4734	GTK	3
4734	CTT	3
4735	TCA	255991
4735	TYA	4
4735	YCA	2
4736	ACT	255942
4736	AYT	9
4736	ACA	7
4736	ATT	7
4736	AAT	3
4736	AMT	2
4737	GGA	255908
4737	GGT	13
4737	GGG	2
4738	TAC	255882
4738	CAC	13
4738	TAY	4
4738	TAT	3
4738	TRC	3
4738	YAC	3
4739	CAC	255849
4739	CAT	43
4739	CAY	5
4739	YAC	2
4740	TTC	255852
4740	TTT	9
4740	TTY	6
4740	TCC	2
4741	AGA	255761
4741	AGG	7
4741	GGA	4
4741	CGA	4
4741	ATA	4
4741	MGA	3
4741	AKA	2
4742	GAG	255822
4742	KAG	39
4742	GTG	3
4742	GAK	2
4742	GAA	2
4742	GRG	2
4743	CTA	255920
4743	TTA	9
4743	YTA	4
4743	CCA	3
4743	CTG	2
4743	ATA	2
4744	GGT	255914
4744	GGA	7
4744	GGY	6
4744	KGT	4
4744	GGK	2
4745	GTT	255790
4745	GTG	11
4745	GTC	7
4745	GTY	5
4745	ATT	4
4745	GCT	3
4745	KTT	2
4746	GTA	255633
4746	TTA	99
4746	KTA	54
4746	GTG	37
4746	GCA	16
4746	GYA	6
4746	GGA	3
4746	ATA	2
4747	CAT	255929
4747	TAT	12
4747	YAT	5
4747	CRT	3
4747	CAK	3
4747	CMT	3
4748	AAT	255969
4748	AAC	8
4748	AWT	3
4748	RRT	2
4749	CAG	255908
4749	CAT	14
4749	YAG	12
4749	CAA	9
4749	CAK	6
4749	CWG	3
4750	GAT	255913
4750	GAC	18
4750	TAT	5
4750	KAT	5
4750	GAY	4
4750	GAK	3
4750	GGT	2
4750	SAT	2
4751	GTA	255988
4751	ATA	6
4751	GYA	4
4751	GWA	3
4751	GTG	3
4752	AAC	256011
4752	AAT	14
4752	AAY	6
4753	TTA	256010
4753	ATA	6
4753	TKA	4
4753	KTA	3
4753	TTR	2
4754	CAT	256032
4754	YAT	8
4754	CAC	2
4754	TAT	2
4755	AGC	255975
4755	AAC	8
4755	AGA	7
4755	AGT	6
4755	AGY	6
4755	ASC	4
4755	ATC	4
4755	ARC	2
4756	TCT	256000
4756	TTT	7
4756	TCC	7
4756	TCG	6
4756	YCT	5
4756	GCT	2
4756	KCT	2
4757	AGA	255990
4757	AAA	24
4757	AKA	4
4757	CGA	2
4757	AGW	2
4758	CTT	255762
4758	YTT	185
4758	CYT	5
4758	TTT	3
4758	MTT	3
4759	AGT	255941
4759	WGT	3
4760	TTT	255967
4760	TTY	3
4761	AAG	255921
4761	WAG	12
4761	AAT	9
4761	AAA	5
4761	AAR	4
4761	RAG	2
4762	GAA	255742
4762	RAA	168
4762	DAA	76
4762	KAA	11
4762	AAA	8
4762	GAG	4
4762	GGA	3
4762	GRA	2
4763	TTA	256009
4763	CTA	11
4763	YTA	8
4763	TTG	4
4763	TTR	2
4764	CTT	256117
4764	TTT	14
4764	YTT	11
4764	TTA	6
4764	CTK	4
4764	CTC	4
4764	GTT	2
4764	CYT	2
4765	GTG	256193
4765	TTG	11
4765	KTG	3
4765	GTT	2
4765	GKG	2
4766	TAT	256214
4766	TGT	4
4766	TAC	2
4767	GCT	256173
4767	GCA	18
4767	RCT	4
4767	GMT	3
4767	GYT	2
4767	GCC	2
4768	GCT	256203
4768	GCC	21
4768	GYT	2
4769	GAC	256119
4769	GAT	86
4769	GAY	11
4769	GMC	2
4770	CCT	256882
4770	CTT	17
4770	CYT	7
4770	YCT	4
4770	MCT	3
4770	CCA	2
4770	TTG	2
4771	GCT	256989
4771	GTT	42
4771	TCT	20
4771	GGT	16
4771	GYT	14
4771	KCT	8
4771	CCT	3
4771	GCC	3
4771	GCK	3
4772	ATG	256515
4772	ATT	118
4772	GTG	40
4772	TTG	8
4772	ATA	5
4772	ATK	4
4772	ATR	3
4772	RTG	2
4772	ATS	2
4773	CAC	256577
4773	CAT	91
4773	CAY	3
4774	GCT	256498
4774	GTT	54
4774	ACT	30
4774	GYT	19
4774	RCT	14
4774	GCA	8
4774	GCC	3
4774	KCT	2
4775	GCT	256607
4775	GTT	15
4775	KCT	5
4775	GCC	4
4775	TCT	4
4775	GAT	3
4775	GYT	3
4776	TCT	256604
4776	TCG	8
4776	YCT	4
4776	CCT	3
4776	TCY	2
4777	GGT	256576
4777	RGT	6
4777	AGT	5
4777	GRT	4
4777	GGA	3
4777	KGT	2
4778	AAT	256368
4778	AAK	8
4778	AGT	4
4778	GAT	3
4778	ART	3
4778	AAC	2
4778	CTG	2
4778	AAY	2
4779	CTA	255988
4779	TTA	353
4779	YTA	30
4779	CTG	8
4779	CTT	6
4779	CTM	3
4779	TCT	2
4779	MTA	2
4780	TTA	256392
4780	TTG	20
4780	YTA	7
4780	TTR	5
4780	CTT	2
4780	CTA	2
4780	TYA	2
4781	CTA	256377
4781	TTA	40
4781	CTG	4
4781	CYA	3
4781	ATA	3
4781	MTA	3
4782	GAT	256403
4782	GAC	26
4782	GAY	4
4782	CAC	2
4782	KAT	2
4782	GAW	2
4783	AAA	256438
4783	AAG	10
4784	CGC	256346
4784	CGT	76
4784	YGC	12
4784	CKC	6
4784	CGA	2
4785	ACT	256380
4785	ACC	24
4785	AYT	7
4785	ACY	7
4785	ACA	7
4785	ATT	6
4785	WCT	2
4786	ACG	256352
4786	ATG	38
4786	ACA	24
4786	ACT	9
4786	AYG	8
4786	ACK	4
4786	ACR	3
4786	GCG	2
4786	AAG	2
4787	TGC	256191
4787	TGT	193
4787	TGY	16
4787	TSC	3
4787	TCC	3
4787	TGS	3
4787	TGA	2
4787	TKC	2
4787	TRC	2
4788	TTT	256419
4788	YTT	16
4788	TTC	3
4788	KTT	2
4789	TCA	256390
4789	TYA	7
4789	TCG	4
4789	TCW	3
4790	GTA	256150
4790	GTG	62
4790	ATA	9
4790	TTA	4
4790	RTA	3
4790	GTW	2
4791	GCT	256209
4791	GTT	20
4791	ACT	8
4791	GCA	6
4791	GCC	4
4792	GCA	256210
4792	TCA	18
4792	ACA	10
4792	RCA	7
4792	GTA	3
4792	KCA	2
4793	CTT	256159
4793	CTC	24
4793	CTA	6
4793	YTT	6
4793	CYY	3
4793	CAT	3
4793	TTT	2
4793	CKT	2
4794	ACT	256162
4794	AYT	20
4794	ATT	18
4794	ACG	12
4794	ACC	12
4794	AGT	3
4794	ACY	2
4795	AAC	256113
4795	AAT	98
4795	AAY	15
4795	AGC	6
4796	AAT	256180
4796	AAC	11
4796	AAY	9
4796	AAG	3
4796	AWT	2
4796	ACT	2
4797	GTT	256088
4797	TTT	40
4797	KTT	23
4797	ATT	11
4797	GTG	7
4797	GTA	4
4797	GTC	3
4797	STT	3
4797	GCT	3
4798	GCT	256046
4798	GAT	36
4798	GCY	24
4798	TCT	16
4798	GTT	16
4798	GYT	11
4798	GCC	8
4798	GCA	7
4798	KCT	4
4799	TTT	256191
4799	TYT	4
4799	CTT	4
4799	YTT	2
4800	CAA	256246
4800	YAA	10
4800	CAR	3
4801	ACT	256248
4801	RCT	6
4801	ACY	6
4801	ATT	4
4801	AST	2
4802	GTC	256255
4802	GTT	26
4802	GTY	6
4802	GTM	6
4802	GTA	4
4802	ATC	3
4802	GYC	2
4803	AAA	256248
4803	AAG	25
4803	AGA	15
4803	CAA	4
4803	AAR	2
4803	ARA	2
4804	CCC	255725
4804	CCT	511
4804	CCY	19
4804	CCA	13
4804	CYC	7
4804	TCC	6
4804	CCS	6
4804	YCC	4
4805	GGT	256219
4805	KGT	8
4805	GGC	6
4805	GGY	4
4805	RGT	4
4805	GGW	3
4805	AGT	2
4805	GKT	2
4806	AAT	256276
4806	GAT	6
4806	AGT	4
4806	AAY	3
4806	AAC	3
4807	TTT	256296
4807	TCT	11
4807	TTY	4
4808	AAC	256173
4808	AAT	131
4808	AAY	9
4809	AAA	256289
4809	AAG	13
4809	AAR	7
4810	GAC	256309
4810	AAC	9
4810	KAC	5
4810	GAY	3
4810	GAM	2
4810	TAC	2
4811	TTC	256281
4811	TTT	54
4811	TTY	13
4811	TYC	4
4811	YTC	2
4812	TAT	256312
4812	TAC	39
4812	TAY	5
4812	YAT	3
4813	GAC	256295
4813	GAT	19
4813	TAC	12
4813	GAY	11
4813	GAM	4
4813	AAC	4
4813	KAC	2
4814	TTT	256327
4814	YTT	9
4815	GCT	256092
4815	GTT	175
4815	GYT	13
4815	KCT	7
4815	GCK	6
4815	GCC	6
4815	GCA	6
4815	SCT	4
4815	RCT	3
4815	CCT	3
4815	ACT	2
4815	TCT	2
4816	GTG	256202
4816	GTT	32
4816	GTA	28
4816	TTG	22
4816	GTC	13
4816	GTK	10
4816	ATG	8
4816	KTG	5
4816	GYG	2
4817	TCT	256366
4817	TMT	3
4817	TYT	3
4818	AAG	256265
4818	AAA	69
4818	AAT	15
4818	AAR	5
4818	RAG	4
4818	AGG	3
4818	WAG	3
4818	AAK	2
4819	GGT	256162
4819	GGC	112
4819	GKT	36
4819	GGA	3
4819	KGT	3
4819	GGY	3
4819	GGK	2
4819	TGT	2
4820	TTC	255799
4820	TTT	432
4820	TTY	43
4821	TTT	256274
4821	TTC	8
4821	YTT	4
4821	CTT	2
4822	AAG	256250
4822	AAA	16
4822	AGG	6
4822	AAS	3
4822	AAC	3
4822	AAR	2
4823	GAA	256251
4823	GMA	4
4823	AAA	3
4823	GAM	3
4824	GGA	256230
4824	GGG	36
4824	AAA	3
4824	RGA	2
4825	AGT	256238
4825	GGT	15
4825	AAT	3
4825	AGC	3
4825	AGY	2
4826	TCT	255864
4826	TTT	358
4826	CCT	14
4826	TYT	13
4826	TCA	8
4826	ACA	3
4826	TCK	2
4826	YCT	2
4827	GTT	256221
4827	ATT	14
4827	TTT	7
4827	GTG	6
4827	GCT	6
4828	GAA	256167
4828	GGA	46
4828	KAA	10
4828	GAW	7
4828	RAA	5
4828	GAG	4
4828	GRA	2
4829	TTA	256195
4829	TTG	12
4829	CTC	6
4829	TWA	5
4829	YTA	5
4829	ATA	3
4829	TTW	3
4829	TYA	2
4830	AAA	256248
4830	AAG	2
4831	CAC	256198
4831	CAT	22
4831	TAC	11
4831	YAC	5
4831	CRC	3
4831	CAY	3
4832	TTC	256211
4832	TTT	35
4832	TTY	5
4832	TTM	3
4832	GTA	3
4833	TTC	256296
4833	TTT	7
4833	TTA	4
4833	YTC	3
4834	TTT	256344
4834	TTC	6
4834	YTT	3
4835	GCT	255818
4835	GTT	445
4835	GCC	29
4835	GYT	15
4835	TCT	14
4835	KCT	5
4835	GCG	4
4835	RCT	3
4835	ACT	3
4835	SCT	3
4835	GST	3
4835	GCY	2
4836	CAG	256247
4836	CAT	53
4836	CAA	18
4836	CGG	10
4836	CAK	7
4836	CRG	3
4836	YAG	3
4837	GAT	256311
4837	AAT	15
4837	GRT	12
4837	KAT	8
4837	GGT	8
4837	TAT	7
4837	GAC	4
4837	GAY	4
4837	GAG	3
4838	GGT	256367
4838	GGC	5
4838	RGT	3
4838	GKT	3
4838	GGG	3
4838	AGT	2
4839	AAT	256401
4839	AAC	5
4839	AAY	2
4839	RAT	2
4840	GCT	256361
4840	GCA	7
4840	GCC	6
4840	SCT	4
4840	KCT	4
4840	GMT	3
4840	GTT	3
4841	GCT	255322
4841	GTT	1006
4841	GYT	33
4841	GCA	7
4841	ACT	5
4841	GCC	4
4841	TCT	3
4841	KCT	2
4842	ATC	256227
4842	ATT	92
4842	ATY	49
4842	GTC	10
4842	ATA	6
4842	ACC	3
4842	ATM	3
4843	AGC	256177
4843	ATC	141
4843	AGT	30
4843	TGC	26
4843	AGY	8
4843	AGA	3
4843	AGM	3
4843	AKC	3
4843	GGC	2
4844	GAT	256371
4844	GAC	2
4844	SAT	2
4845	TAT	256380
4845	TAC	6
4845	TAK	2
4846	GAC	256336
4846	GAA	31
4846	GAT	19
4846	GAY	7
4847	TAC	245233
4847	TAT	10921
4847	TAY	215
4847	GAC	3
4847	TTC	3
4848	TAT	256395
4848	TAC	7
4848	TWT	4
4849	CGT	256368
4849	TGT	12
4849	YGT	9
4849	CGC	8
4849	CGG	6
4849	CKT	3
4850	TAT	256379
4850	TAC	17
4850	TAW	3
4851	AAT	256398
4851	AAC	7
4852	CTA	256348
4852	TTA	52
4853	CCA	256325
4853	ACA	34
4853	TCA	10
4853	MCA	5
4853	YCA	4
4853	CMA	3
4853	CCT	2
4854	ACA	256383
4854	ACT	13
4854	AMA	3
4855	ATG	256081
4855	ATT	200
4855	GTG	54
4855	ATK	23
4855	ACG	5
4855	WTG	4
4855	ATC	3
4855	RTG	2
4856	TGT	256337
4856	TTT	23
4856	TGC	7
4856	TKT	7
4856	TST	4
4856	YGT	2
4857	GAT	256353
4857	GAC	14
4857	SAT	4
4857	GAY	3
4858	ATC	256273
4858	ATT	58
4858	ACC	18
4858	ATY	9
4858	GTC	9
4858	RTC	2
4858	MTC	2
4859	AGA	256344
4859	ATA	10
4859	CGA	6
4859	AKA	4
4859	AGR	3
4860	CAA	256350
4860	CAG	7
4860	YAA	5
4861	CTA	256348
4861	TTA	7
4861	CYA	3
4861	CTG	2
4861	CWA	2
4861	CTC	2
4862	CTA	256301
4862	TTA	14
4862	CTT	12
4862	YTA	6
4862	CWA	2
4863	TTT	256262
4863	TTC	6
4863	TTY	5
4863	YTT	3
4863	TYT	2
4863	WTW	2
4864	GTA	256235
4864	GTG	14
4864	TTA	12
4864	KTA	9
4864	RTA	2
4865	GTT	256223
4865	TTT	64
4865	GTA	14
4865	KTT	6
4865	GYT	4
4865	GTY	3
4865	CTT	3
4865	GTC	2
4866	GAA	256303
4866	GAR	3
4866	KAA	3
4867	GTT	256253
4867	GTK	10
4867	GTA	6
4867	ATT	4
4867	KTT	3
4867	GTY	3
4868	GTT	256266
4868	ATT	27
4868	GCT	27
4868	TTT	3
4868	GTW	3
4868	GTC	2
4869	GAT	256325
4869	GRT	9
4869	GGT	9
4869	SAT	3
4869	KAT	3
4869	GAC	2
4870	AAG	256174
4870	AAT	127
4870	AGG	20
4870	AAK	16
4870	AAA	7
4870	AAS	4
4870	ARG	2
4871	TAC	256184
4871	TAT	428
4871	TAY	21
4872	TTT	256618
4872	TTC	3
4872	YTT	2
4872	TYT	2
4873	GAT	256585
4873	GGT	9
4873	GAC	4
4873	KAT	3
4873	GAY	3
4873	GRT	2
4874	TGT	256595
4874	TGC	10
4874	TGK	2
4875	TAC	256586
4875	TAT	38
4875	TAY	5
4875	YAC	4
4876	GAT	256597
4876	GAC	21
4876	KAT	2
4876	AAT	2
4877	GGT	256599
4877	TGT	10
4877	GGC	6
4878	GGC	256718
4878	GGT	171
4878	GKC	5
4878	GGY	4
4878	KGY	2
4878	KGC	2
4879	TGT	256422
4879	TKT	5
4879	TGC	2
4880	ATT	256615
4880	AGT	4
4880	GTT	3
4880	WTT	2
4881	AAT	256622
4881	AAC	5
4881	AAY	4
4881	ART	2
4881	GAT	2
4882	GCT	256527
4882	GCC	12
4882	GCY	7
4882	GCA	7
4882	SCT	6
4882	KCT	5
4882	GYT	2
4883	AAC	256352
4883	AGC	165
4883	AAT	44
4883	AAY	9
4883	AWC	6
4883	ARC	5
4884	CAA	256449
4884	YAA	5
4884	CRA	3
4884	CAR	3
4884	CAG	2
4885	GTC	256307
4885	GTT	33
4885	GTY	7
4885	KTC	5
4885	GYC	5
4885	GTG	2
4886	ATC	255494
4886	ATA	14
4886	ATY	11
4886	ATT	10
4886	GTC	4
4887	GTC	255149
4887	GTT	348
4887	GTY	26
4887	ATC	16
4887	GTA	6
4887	RTC	4
4887	GYC	2
4888	AAC	255351
4888	AAT	28
4888	AAY	3
4888	WAC	2
4889	AAC	255443
4889	AAT	170
4889	AAY	13
4889	AAA	7
4890	CTA	255603
4890	TTA	30
4890	YTA	3
4890	CYA	3
4890	CTR	3
4891	GAC	255160
4891	GAT	472
4891	GAY	18
4891	KAC	4
4891	GAM	3
4891	GAA	3
4892	AAA	255549
4892	AAG	105
4892	AWA	4
4893	TCA	255642
4893	TCT	13
4893	TYA	4
4893	TCG	4
4894	GCT	255687
4894	GCC	7
4894	RCT	5
4894	KCT	5
4895	GGT	255672
4895	GKT	21
4895	GGC	15
4895	GGA	5
4895	GGY	3
4895	KGT	3
4895	GTT	2
4896	TTT	255735
4896	TTY	6
4896	TYT	3
4897	CCA	255734
4897	CCW	5
4897	CCR	4
4897	YCA	3
4897	CYA	3
4897	CCG	3
4898	TTT	255695
4898	TTC	7
4898	TTW	3
4898	YTT	3
4898	CTT	2
4898	TAG	2
4899	AAT	255687
4899	AAC	26
4899	AAY	5
4899	AAK	4
4900	AAA	255704
4900	AAG	4
4900	WAA	2
4901	TGG	255683
4901	TKG	6
4901	TGT	6
4901	TGK	4
4901	KGG	3
4901	YGG	2
4901	TTG	2
4902	GGT	255707
4902	GKT	36
4902	GGC	8
4902	GGA	5
4902	GGK	4
4902	GGY	4
4902	GST	3
4902	SGT	2
4902	KGT	2
4903	AAG	255756
4903	AAA	6
4904	GCT	255756
4904	KCT	12
4904	GCC	5
4905	AGA	255773
4905	AGG	34
4905	AKA	7
4905	ASA	2
4906	CTT	255628
4906	TTT	117
4906	YTT	17
4906	TTA	6
4906	CYT	3
4906	CWT	3
4907	TAT	255788
4907	WAT	5
4908	TAT	255803
4908	TAC	9
4909	GAT	255785
4909	GGT	9
4909	SAT	3
4909	RAT	3
4909	KAT	3
4910	TCA	255769
4910	TCT	12
4910	TMA	6
4910	TCG	2
4910	TYA	2
4911	ATG	255808
4911	ATK	5
4911	ACG	4
4911	RTG	3
4911	WTG	2
4912	AGT	255759
4912	TGT	11
4912	GGT	7
4912	AGC	5
4912	AAT	3
4913	TAT	255779
4913	TGT	52
4913	TAC	4
4913	TTT	3
4913	TAY	2
4913	TRT	2
4914	GAG	255729
4914	GAT	35
4914	KAG	24
4914	SAG	8
4914	GAC	4
4914	GAK	3
4914	GCG	3
4914	GGG	2
4914	GWG	2
4915	GAT	255884
4915	GAC	17
4915	AAT	6
4915	GAY	5
4915	KAT	4
4915	GGT	2
4915	GMT	2
4916	CAA	255981
4916	YAA	11
4916	CTA	3
4917	GAT	255951
4917	KAT	5
4917	GAY	5
4918	GCA	255772
4918	GTA	66
4918	GYA	41
4918	TCA	30
4918	TTA	15
4918	SCA	7
4918	KCA	5
4918	GAA	4
4918	GCR	3
4918	GMA	2
4919	CTT	255737
4919	CTC	19
4919	TTT	15
4919	CTY	9
4919	YTT	7
4919	TTG	6
4919	CYT	4
4919	CTA	3
4920	TTC	255647
4920	TTT	87
4920	TTY	40
4920	TYC	3
4921	GCA	255455
4921	GTA	208
4921	RCA	71
4921	GCT	14
4921	KCA	10
4921	GYA	8
4921	ACA	8
4921	TCA	7
4922	TAT	255817
4922	TAC	29
4922	YAT	6
4922	TWT	4
4922	TAY	4
4923	ACA	255840
4923	ACT	12
4923	AYA	9
4923	WCA	6
4923	ACC	3
4923	ATA	2
4924	AAA	255872
4924	AAG	13
4925	CGT	255871
4925	TGT	12
4925	YGT	10
4925	CTT	5
4925	CGC	5
4925	CAT	4
4925	CKT	2
4926	AAT	255906
4926	MAT	3
4926	AAC	3
4927	GTC	255871
4927	GTY	15
4927	GTT	12
4927	STC	5
4927	KTC	3
4927	ATC	2
4928	ATC	255882
4928	ACC	11
4928	AYC	5
4928	ATT	5
4928	GTC	5
4928	ATY	3
4929	CCT	255806
4929	CCC	70
4929	TCT	14
4929	CCA	8
4929	YCT	3
4929	CYT	3
4930	ACT	255877
4930	WCT	6
4930	AYT	4
4930	ACC	2
4930	ACY	2
4931	ATA	255882
4931	AYA	10
4931	WTA	5
4931	RTA	3
4931	ACA	2
4932	ACT	255890
4932	ACC	8
4932	ACY	7
4932	ACG	7
4932	AYT	2
4933	CAA	255897
4933	MAA	5
4933	CRA	4
4934	ATG	255912
4935	AAT	255878
4935	AAC	36
4936	CTT	255937
4936	YTT	4
4936	CAT	4
4937	AAG	255852
4937	AAK	85
4937	AAA	7
4937	AWG	3
4938	TAT	255884
4938	TAC	22
4938	YAT	3
4938	TGT	3
4938	TAY	3
4938	TRT	2
4939	GCC	255878
4939	GCT	20
4939	GCY	13
4939	GTC	6
4939	KCC	4
4939	ACC	3
4940	ATT	255923
4940	GTT	4
4941	AGT	255864
4941	AGC	7
4941	AAT	6
4941	AGY	5
4941	AGK	4
4941	AKT	3
4941	ART	2
4942	GCA	255865
4942	GTA	20
4942	GCT	13
4942	KCA	3
4942	GYA	3
4942	RCA	2
4943	AAG	255884
4943	AAA	25
4943	AAR	5
4943	ARG	3
4943	AAK	3
4943	AWG	2
4944	AAT	255919
4944	AAC	18
4944	RAT	7
4944	AAW	2
4944	AMT	2
4944	AAA	2
4945	AGA	255927
4945	AKA	5
4945	AGG	4
4945	AGW	3
4945	ARA	2
4946	GCT	255603
4946	GCG	188
4946	TCT	20
4946	GTT	15
4946	GCC	9
4946	GYT	7
4946	GCY	6
4946	GCA	6
4946	ACT	5
4946	KCT	4
4946	GCK	2
4947	CGC	255850
4947	CGT	20
4947	YGC	12
4947	CGY	6
4947	CSC	4
4947	CKC	3
4948	ACC	255867
4948	ACA	14
4948	ACY	9
4948	ACT	7
4948	AYC	2
4949	GTA	255905
4949	GTT	12
4949	GTG	6
4949	ATA	2
4949	RTA	2
4950	GCT	255854
4950	GCC	34
4950	GYT	9
4950	GCA	6
4950	TCT	5
4950	GCY	3
4950	KCT	2
4951	GGT	255887
4951	GGC	13
4951	GGW	3
4951	KGT	3
4952	GTC	255845
4952	GTT	28
4952	GTA	11
4952	GTY	5
4952	GYC	5
4952	KTC	3
4952	GTM	2
4953	TCT	255875
4953	TYT	4
4953	TCY	4
4953	TCA	3
4954	ATC	255842
4954	ATT	36
4954	ATY	6
4954	GTC	6
4954	AYC	3
4954	RTC	2
4954	AKC	2
4955	TGT	255525
4955	TTT	363
4955	TKT	11
4955	TGC	6
4955	TRT	2
4956	AGT	255886
4956	AGC	10
4956	AKT	5
4956	RGT	2
4956	AGY	2
4957	ACT	255829
4957	AYT	8
4957	ACC	3
4957	RCT	3
4958	ATG	255741
4958	ATT	15
4958	ATK	6
4958	ATA	5
4958	RTG	3
4959	ACC	255636
4959	ACT	85
4959	ACY	18
4959	WCC	7
4959	ACA	6
4959	AYC	4
4959	ACM	3
4959	ACG	2
4960	AAT	255740
4960	AAC	11
4960	WAT	2
4960	GAT	2
4961	AGA	255680
4961	AGG	13
4961	ASA	12
4961	RGA	3
4961	ARA	2
4962	CAG	255630
4962	CAK	9
4962	YAG	8
4962	CAT	4
4963	TTT	255560
4963	TTC	11
4963	TTY	7
4963	TYT	3
4963	YTT	2
4964	CAT	255473
4964	CAC	61
4964	TAT	22
4964	CAW	3
4964	YAT	3
4964	CMT	3
4964	CAY	2
4964	MAT	2
4965	CAA	255504
4965	CAG	8
4965	MAA	7
4965	CAR	4
4965	CWA	3
4965	AAA	2
4966	AAA	255595
4966	AAG	3
4966	CAA	2
4967	TTA	255490
4967	TTG	45
4967	CTT	12
4967	TTR	11
4967	CTA	7
4967	WTA	6
4967	TYA	4
4967	TTW	3
4968	TTG	255434
4968	CTG	114
4968	TTR	12
4968	YTG	6
4968	CTT	6
4968	TTK	6
4968	TTA	4
4968	TCG	2
4969	AAA	255570
4969	AAG	7
4969	AAW	6
4969	MMM	3
4969	ARA	3
4969	AAR	2
4970	TCA	255645
4970	TYA	20
4970	TMA	8
4970	TCT	6
4970	TCC	6
4970	YCA	4
4970	KCA	3
4970	WCA	3
4970	GCA	2
4971	ATA	255727
4971	GTA	5
4971	CTA	4
4971	ATG	3
4971	AWA	2
4972	GCC	255946
4972	GCT	62
4972	GCA	8
4972	GCY	6
4972	GCM	2
4972	KCC	2
4973	GCC	256214
4973	TCC	226
4973	ACC	35
4973	GCT	10
4973	GYC	4
4973	GCY	4
4973	RCC	3
4973	GTC	2
4974	ACT	256770
4974	ACK	10
4974	ACC	6
4974	ACA	6
4974	ATT	6
4974	AYT	2
4975	AGA	256841
4975	GGA	8
4975	AGG	5
4975	AKA	3
4975	AGW	3
4975	AAA	2
4975	RGA	2
4976	GGA	256816
4976	GGT	13
4976	GTA	6
4976	KGA	4
4976	AGA	3
4976	GGR	2
4977	GCT	256777
4977	TCT	26
4977	GCC	23
4977	GTT	18
4977	GYT	11
4977	SCT	6
4977	ACT	4
4977	KCT	4
4978	ACT	257102
4978	ATT	8
4978	ACA	6
4978	RCT	4
4978	GCT	4
4978	ACC	3
4978	AYT	2
4979	GTA	256916
4979	KTA	198
4979	GTT	13
4979	ATA	2
4980	GTA	256791
4980	KTA	185
4980	TTA	117
4980	CTA	18
4980	GTC	6
4980	GTT	6
4980	GTG	3
4980	STA	3
4980	GTM	2
4980	GKA	2
4981	ATT	257088
4981	ATA	26
4981	ATC	15
4981	AYT	3
4981	GTT	3
4981	ATY	2
4982	GGA	257094
4982	KGA	9
4982	GGC	6
4982	GKA	4
4982	GGG	3
4982	TGA	2
4982	GSA	2
4983	ACA	257062
4983	ATA	28
4983	ACT	12
4983	AYA	8
4983	ASA	3
4983	ACW	3
4983	ACG	3
4984	AGC	257022
4984	AGT	101
4984	AGY	9
4984	AKC	5
4984	AGM	3
4984	ACC	2
4984	WGC	2
4985	AAA	257120
4985	AAG	17
4985	ARA	3
4985	AAR	2
4985	MAA	2
4986	TTC	257079
4986	TTT	66
4986	TTY	11
4986	YTC	4
4986	TYC	4
4986	TTM	2
4987	TAT	256563
4987	TAC	18
4987	TWT	2
4987	TAA	2
4987	TAW	2
4988	GGT	256514
4988	AGT	28
4988	RGT	4
4988	GGY	3
4988	GST	3
4988	GKT	2
4989	GGT	256472
4989	GKT	32
4989	GGC	24
4989	GGY	3
4989	KGT	2
4990	TGG	256525
4990	TGK	5
4990	TKG	3
4990	TTG	2
4990	TGR	2
4990	TSG	2
4991	CAC	256184
4991	CAT	249
4991	CAY	46
4991	TAC	7
4991	AAC	6
4991	YAC	2
4992	AAC	256141
4992	AAT	244
4992	AAY	31
4992	ARC	3
4992	AGC	2
4993	ATG	256122
4993	ATT	185
4993	ATK	53
4993	AYG	8
4993	ATS	6
4993	AAG	4
4993	WTG	2
4994	TTA	256332
4994	TTG	13
4994	TWA	5
4994	YTA	3
4994	TTW	2
4995	AAA	256250
4995	AAG	25
4995	CAA	3
4995	AAT	3
4995	ARA	3
4996	ACT	256132
4996	ATT	80
4996	AYT	10
4996	GCT	9
4996	ACC	8
4996	AAT	4
4996	ACK	3
4997	GTT	256207
4997	ATT	27
4997	GCT	16
4997	GTC	3
4997	GTY	3
4997	KTT	3
4998	TAT	256225
4998	TGT	17
4998	TAC	15
4998	TWT	2
4998	TRT	2
4999	AGT	256157
4999	ATT	82
4999	AAT	8
4999	AGC	5
4999	AST	4
4999	RGT	3
4999	AKT	3
5000	GAT	256189
5000	GAC	62
5000	GAY	4
5000	GGT	3
5001	GTA	256238
5001	ATA	6
5001	GTR	6
5001	GTG	4
5001	KTA	4
5001	GTT	2
5002	GAA	256236
5002	RAA	7
5002	GGA	4
5002	GAR	3
5002	SAA	3
5003	AAC	256217
5003	AAT	26
5003	GAC	4
5003	AAM	3
5003	RAC	3
5004	CCT	255669
5004	CCA	661
5004	CCC	20
5004	CCW	8
5005	CAC	255754
5005	CAT	364
5005	TAC	204
5005	CGC	22
5005	YAC	15
5005	CAY	8
5005	MAC	2
5006	CTT	256409
5006	YTT	16
5006	TTT	13
5006	ATT	8
5006	CTY	2
5006	MTT	2
5006	CTC	2
5007	ATG	256425
5007	GTG	10
5007	ATT	9
5007	ATK	7
5007	ATR	3
5007	RTG	2
5007	AYG	2
5008	GGT	256464
5008	GKT	5
5008	KGT	4
5008	RGT	4
5009	TGG	256464
5009	TTG	3
5010	GAT	256466
5010	GAC	16
5010	KAT	3
5011	TAT	256466
5011	TAC	20
5011	TRT	2
5012	CCT	256456
5012	CYT	7
5012	CCA	7
5012	YCT	4
5012	CCW	4
5012	MCT	3
5012	CCC	3
5012	GCT	3
5013	AAA	256485
5013	AGA	3
5013	AAG	2
5014	TGT	256483
5014	TGC	3
5014	TKT	3
5014	WKT	2
5015	GAT	256501
5015	GAC	7
5015	SAT	3
5015	GAY	2
5016	AGA	256505
5016	AKA	5
5016	AGW	4
5016	AGG	2
5017	GCC	256484
5017	GCT	15
5017	TCC	8
5017	KCC	7
5017	GCA	7
5017	RCC	4
5018	ATG	256527
5018	ATK	4
5018	AYG	4
5018	ATT	3
5019	CCT	256530
5019	TCT	7
5019	CYT	4
5019	CCY	3
5019	CCC	2
5020	AAC	251062
5020	AAT	5337
5020	AAY	144
5021	ATG	256333
5021	ATT	134
5021	GTG	26
5021	ATK	18
5021	CTG	9
5021	ACG	4
5021	RTG	3
5021	ATA	3
5021	WTG	2
5022	CTT	256338
5022	YTT	10
5022	TTT	9
5022	CYT	3
5022	CTY	2
5023	AGA	256337
5023	AGG	6
5023	ARA	2
5023	RGA	2
5024	ATT	256308
5024	ATC	24
5024	GTT	8
5024	ATA	6
5024	ATY	4
5024	AWW	3
5025	ATG	256334
5025	ACG	16
5025	GTG	14
5025	AYG	5
5025	CTG	3
5025	ATK	2
5026	GCC	256325
5026	GCT	91
5026	GCY	38
5026	GYC	5
5026	TCC	3
5026	SCC	3
5026	KCC	3
5026	GCA	3
5027	TCA	256462
5027	TCT	6
5028	CTT	256423
5028	ATT	18
5028	TTT	17
5028	CTC	10
5028	YTT	5
5028	CTA	5
5028	CTK	3
5029	GTT	256423
5029	GTG	31
5029	GTC	5
5029	ATT	4
5029	GTY	4
5029	KTT	2
5029	CTT	2
5029	GTA	2
5029	GYT	2
5029	GTW	2
5030	CTT	255561
5030	TTT	638
5030	CTC	238
5030	YTT	26
5030	CTA	3
5030	STT	3
5031	GCT	256642
5031	GTT	9
5031	GCY	8
5031	GCG	7
5031	GYT	5
5031	KCT	2
5032	CGC	256637
5032	CGT	13
5032	CGM	9
5032	YGC	6
5032	CGY	5
5032	CSC	3
5032	CRC	2
5032	MGC	2
5033	AAA	256717
5033	AAG	10
5033	AGA	7
5034	CAT	256720
5034	CAC	31
5034	CAY	3
5035	ACA	256673
5035	ATA	54
5035	GCA	8
5035	ACT	6
5035	ACG	4
5035	AYA	3
5036	ACG	256298
5036	ATG	248
5036	ACT	126
5036	AYG	16
5036	ACK	15
5036	ACC	8
5036	RCG	3
5036	ACA	2
5036	WCG	2
5036	AMG	2
5037	TGT	256625
5037	TGC	8
5037	TGY	2
5037	TKT	2
5038	TGT	256638
5038	TGC	8
5038	TKT	3
5038	YGT	3
5039	AGC	256067
5039	ATC	406
5039	AKC	40
5039	AGT	29
5039	AGY	7
5039	GGC	6
5039	ASC	2
5040	TTG	256250
5040	TTT	16
5040	CTG	13
5040	TTA	4
5040	YTG	2
5041	TCA	256245
5041	CCA	21
5041	TTA	10
5041	TMA	6
5041	TYA	4
5041	TCR	2
5041	YCA	2
5042	CAC	256254
5042	CAT	19
5042	MAC	6
5042	CMC	3
5043	CGT	256127
5043	TGT	4
5043	CGC	4
5043	CGY	3
5043	CKT	3
5043	YGT	2
5044	TTC	256113
5044	TTT	12
5044	TYC	3
5044	YTC	2
5045	TAT	256122
5045	TAY	9
5045	TMT	2
5045	CAT	2
5045	TAC	2
5046	AGA	256120
5046	WGA	4
5046	AGW	4
5046	ACA	3
5046	RGA	3
5046	AKA	2
5046	AGR	2
5047	TTA	256127
5047	TTG	12
5047	YTA	3
5047	TTR	2
5047	CTA	2
5048	GCT	253858
5048	TCT	2063
5048	ACT	149
5048	KCT	34
5048	GTT	28
5048	GYT	11
5048	SCT	5
5048	GCW	3
5049	AAT	256138
5049	AAC	11
5050	GAG	256147
5050	GAA	10
5050	KAG	2
5051	TGT	256140
5051	KGT	4
5051	TKT	3
5051	TST	3
5051	WGT	3
5052	GCT	256092
5052	GYT	15
5052	TCT	15
5052	GCA	13
5052	KCT	5
5052	SCT	4
5052	GCY	3
5052	GCC	3
5052	GTT	2
5053	CAA	256127
5053	CAG	9
5053	CAW	7
5053	MAA	2
5054	GTA	256099
5054	GTG	42
5054	GTT	6
5054	STA	4
5054	RTA	3
5054	KTA	2
5055	TTG	256106
5055	CTG	22
5055	TTA	16
5055	TTK	4
5055	TTS	2
5055	KTG	2
5056	AGT	256095
5056	AGC	51
5056	AKT	6
5056	AGA	3
5057	GAA	255844
5057	GAR	176
5057	GAG	18
5057	RAA	8
5057	AAA	3
5057	KAA	2
5058	ATG	255460
5058	ATT	681
5058	ATK	18
5058	GTG	10
5058	ACG	7
5058	ATA	4
5058	AAA	3
5058	AYG	3
5058	ATC	2
5059	GTC	256120
5059	GTT	44
5059	ATC	26
5059	KTC	4
5059	GTA	4
5059	GTY	3
5060	ATG	256074
5060	ATT	90
5060	ATK	16
5060	TTG	6
5060	CTG	3
5060	ATA	2
5061	TGT	256178
5061	TKT	6
5061	TGC	4
5062	GGC	256130
5062	GGT	41
5062	GKC	10
5062	TGC	6
5062	GAC	3
5062	GGY	3
5062	KGC	2
5063	GGT	256010
5063	GTT	75
5063	AGT	72
5063	TGT	15
5063	GKT	6
5063	RGT	4
5063	KGT	2
5064	TCA	256170
5064	TCG	4
5064	YCA	3
5064	CCA	3
5064	TYA	3
5065	CTA	256171
5065	TTA	13
5065	CTW	4
5065	YTA	3
5065	CCA	2
5066	TAT	256168
5066	TAY	3
5066	CAT	2
5067	GTT	256159
5067	TTT	7
5067	GTG	6
5067	GTW	6
5067	KTT	4
5067	ATT	3
5067	GKT	2
5067	GTC	2
5067	GTY	2
5068	AAA	256119
5068	MAA	49
5068	AAG	6
5068	AAR	2
5069	CCA	256141
5069	MCA	5
5069	CTA	4
5069	TCA	4
5069	CCW	2
5069	YCA	2
5070	GGT	256114
5070	GGK	15
5070	RGT	3
5070	KGT	3
5070	GGG	2
5071	GGA	255516
5071	GGT	586
5071	GGG	14
5071	GGW	8
5071	SGA	3
5071	KGA	3
5071	AGA	3
5071	GKA	2
5072	ACC	254273
5072	ACT	1842
5072	ACY	24
5072	ACA	9
5072	AYC	6
5072	GCC	5
5072	WCC	3
5072	AMC	2
5073	TCA	256103
5073	TYA	22
5073	TCG	11
5073	TCT	6
5073	TCM	4
5073	TCC	4
5073	WCA	3
5073	YCA	3
5073	TMA	2
5074	TCA	256162
5074	TYA	38
5074	CCT	5
5074	TCT	5
5074	TTA	4
5074	TSA	3
5074	TCW	2
5074	WCA	2
5075	GGA	256263
5075	GGG	9
5075	GGR	8
5075	GKA	3
5075	TGA	2
5076	GAT	256390
5076	GAC	5
5077	GCC	256381
5077	GCT	23
5077	GCA	8
5077	KCC	6
5077	SCC	6
5077	TCC	3
5077	GCM	2
5078	ACA	256419
5078	ACT	6
5078	ACG	4
5078	AAA	2
5079	ACT	256428
5079	AYT	2
5079	ACA	2
5080	GCT	256436
5080	GCY	5
5080	GCG	2
5081	TAT	257034
5081	TAC	9
5081	YAT	4
5082	GCT	256883
5082	GMT	132
5082	GYT	12
5082	KCT	8
5082	GCW	5
5083	AAT	256950
5083	AAW	77
5083	AAY	2
5084	AGT	257047
5084	MGT	3
5084	AGC	2
5085	GTT	257021
5085	GTC	10
5085	GTK	4
5085	ATT	2
5086	TTT	257035
5086	TTC	8
5086	TTW	4
5087	AAC	257031
5087	AAT	10
5087	GAC	3
5088	ATT	257023
5088	ATC	7
5088	ATY	3
5088	ACT	3
5089	TGT	257020
5089	TTT	20
5089	TGC	4
5089	TKT	3
5090	CAA	257032
5090	CAG	9
5090	CAW	4
5090	AAA	3
5090	CMA	3
5090	CAR	2
5090	CRA	2
5091	GCT	256990
5091	TCT	39
5091	GCC	7
5091	GCK	5
5091	RCT	3
5091	GYT	2
5092	GTC	256210
5092	GTT	676
5092	GTY	47
5092	GCC	3
5092	ATC	2
5092	KTC	2
5093	ACG	256750
5093	ACT	146
5093	ACA	23
5093	AYG	12
5093	ACK	8
5093	ACR	3
5094	GCC	256895
5094	GCT	28
5094	GCA	9
5094	TCC	6
5094	GCY	6
5094	KCC	5
5094	GCM	4
5094	GYC	2
5095	AAT	256945
5095	RAT	2
5096	GTT	256911
5096	GTC	7
5096	GTG	6
5096	GWT	3
5097	AAT	256855
5097	AAC	16
5097	GAT	7
5097	RAT	3
5097	AAY	3
5097	ART	2
5098	GCA	256870
5098	GTA	7
5098	ACA	5
5098	GCR	3
5099	CTT	256803
5099	YTT	15
5099	CTW	4
5099	CTC	4
5099	GTT	3
5099	CYT	3
5099	TTT	3
5100	TTA	256838
5100	CTA	6
5100	YTA	3
5100	TTG	2
5101	TCT	256769
5101	TCC	73
5101	TCA	6
5101	TMT	3
5102	ACT	256830
5102	ACC	6
5102	ATT	2
5103	GAT	256823
5103	TAT	5
5103	RAT	4
5103	GMT	3
5103	GAK	3
5103	SAT	2
5103	AAT	2
5103	KAT	2
5104	GGT	256783
5104	GKT	24
5104	GTT	9
5104	KGT	7
5104	GGC	6
5104	AGT	2
5104	GST	2
5105	AAC	256632
5105	AAT	186
5105	AAY	19
5105	AGC	4
5105	RAC	2
5106	AAA	256817
5106	AAG	7
5106	GAA	6
5107	ATT	256840
5107	ATA	6
5107	AYT	2
5108	GCC	256749
5108	GCT	80
5108	GGC	7
5108	GYC	6
5108	KCC	5
5108	GCY	4
5109	GAT	256836
5109	GAY	3
5109	AAT	3
5109	KAT	2
5110	AAG	254776
5110	AAT	1940
5110	AGG	70
5110	AAK	46
5110	AAA	13
5110	AMG	3
5111	TAT	256809
5111	TGT	13
5111	TAC	8
5111	TAY	6
5111	TWT	4
5111	TRT	3
5111	CAT	2
5112	GTC	254815
5112	ATC	1943
5112	RTC	21
5112	GTT	18
5112	GTY	9
5112	TTC	6
5112	ATT	6
5112	KTC	2
5113	CGC	256770
5113	CAC	41
5113	TGC	13
5113	YGC	5
5113	CGT	3
5114	AAT	256819
5114	AAC	15
5114	WAT	4
5114	ART	3
5114	GAT	3
5114	ACT	2
5115	TTA	256801
5115	TTG	30
5115	CTT	6
5115	TCA	4
5115	CTA	3
5116	CAA	256841
5116	CAG	7
5116	YAA	5
5117	CAC	256765
5117	TAC	53
5117	CAT	46
5117	YAC	5
5118	AGA	256841
5118	AGW	5
5118	AKA	4
5118	RGA	3
5118	ASA	2
5118	GGA	2
5119	CTT	256836
5119	YTT	8
5119	CTK	5
5119	CYT	4
5119	CTC	3
5119	TTT	3
5119	CTG	2
5120	TAT	256841
5120	TAC	19
5120	TAW	3
5121	GAG	256836
5121	GCG	9
5121	GAA	9
5121	GAK	3
5121	KAG	2
5121	GAT	2
5121	SAG	2
5122	TGT	256851
5123	CTC	256845
5123	CTT	7
5123	CTY	5
5123	YTC	3
5123	TTC	2
5124	TAT	256849
5124	TAC	7
5124	TMT	5
5125	AGA	256848
5125	ARA	9
5125	AGG	8
5125	AAA	5
5126	AAT	256845
5126	AGT	11
5126	RAT	7
5126	GAT	4
5126	TAT	4
5126	ART	4
5126	ACT	3
5127	AGA	256889
5127	ATA	6
5127	AGG	4
5127	AGW	2
5128	GAT	256998
5128	GAC	43
5128	GGT	15
5128	AAT	12
5128	GCT	8
5128	RAT	4
5128	KAT	3
5128	TAT	2
5129	GTT	257148
5129	ATT	10
5129	TTT	9
5129	GCT	6
5129	KTT	5
5129	GYT	4
5129	GTY	3
5130	GAC	256409
5130	TAC	420
5130	GAT	340
5130	KAC	17
5130	GAY	11
5130	GAM	3
5130	GWC	3
5130	GGC	2
5131	ACA	256675
5131	ATA	454
5131	ACG	49
5131	AYA	13
5131	GCA	4
5131	ACT	2
5132	GAC	257158
5132	GAT	19
5132	GAY	15
5132	KAC	5
5132	TAC	3
5132	AAC	3
5132	GAA	3
5132	SAC	2
5133	TTT	257158
5133	TTC	7
5133	TTY	4
5133	TYT	2
5134	GTG	257163
5134	GTR	10
5134	ATG	7
5134	GTC	6
5134	GCG	4
5134	GTA	3
5134	TTG	2
5135	AAT	257045
5135	AAC	130
5135	AGT	12
5135	ART	5
5136	GAG	256912
5136	GAT	232
5136	GAK	29
5136	GAA	6
5136	GWG	4
5137	TTT	257197
5137	YTT	2
5138	TAC	257189
5138	TAT	13
5138	TAY	4
5139	GCA	257176
5139	GCT	7
5139	RCA	4
5139	ACA	4
5139	GCR	2
5140	TAT	257132
5140	TAC	13
5140	TWT	12
5140	TAY	10
5140	WAT	9
5140	CAT	3
5140	TAK	3
5140	AAT	2
5141	TTG	257172
5141	WTG	10
5141	TTA	3
5141	TYG	3
5141	ATG	2
5142	CGT	257166
5142	CAT	10
5142	TGT	4
5142	YGT	3
5142	CRT	2
5142	CGY	2
5143	AAA	257186
5143	RAA	3
5143	ARA	2
5143	AGA	2
5144	CAT	257158
5144	CAG	24
5144	CAC	7
5144	YAT	6
5144	CWT	3
5145	TTC	257176
5145	TTY	13
5145	TTT	12
5145	TKC	3
5145	YTC	3
5146	TCA	257178
5146	TYA	9
5146	TTA	8
5146	TCT	3
5146	TCW	2
5147	ATG	257178
5147	ATT	21
5147	ATK	6
5147	ATA	2
5148	ATG	257185
5148	ATT	33
5148	GTG	9
5148	ATK	7
5148	ATC	2
5149	ATA	257208
5149	RTA	9
5149	GTA	6
5149	AYA	4
5149	ATW	3
5149	ATR	2
5150	CTC	257049
5150	CTT	126
5150	CTY	16
5150	CYC	5
5150	ATC	5
5150	CTM	3
5150	YTC	2
5151	TCT	257209
5151	TYT	7
5152	GAC	256436
5152	GAT	706
5152	GAY	55
5152	GRC	6
5152	KAC	2
5153	GAT	257171
5153	GAC	10
5153	KAT	5
5153	GAY	3
5154	GCT	257193
5154	ACT	6
5154	GCC	3
5155	GTT	257183
5155	ATT	4
5155	GTC	4
5155	GCT	3
5156	GTG	257073
5156	GTT	116
5156	GTA	5
5156	STG	3
5157	TGT	256972
5157	TGC	18
5157	TCT	5
5157	TKT	4
5157	WGT	3
5157	TRT	2
5158	TTC	256408
5158	TTT	481
5158	TTY	72
5159	AAT	256964
5159	WAT	3
5159	AAC	3
5160	AGC	256945
5160	AAC	12
5160	AKC	3
5160	AGM	3
5160	AGT	3
5160	AGA	3
5160	AGY	3
5160	WGC	2
5160	ARC	2
5161	ACT	256936
5161	ACC	19
5161	ATT	5
5162	TAT	256988
5162	TAC	9
5162	TAK	2
5163	GCA	256653
5163	GCG	350
5163	GTA	62
5163	GYA	5
5163	TCA	3
5163	GCR	2
5164	TCT	257002
5164	TCC	11
5164	TCG	9
5164	TTT	9
5164	TCA	8
5164	TCY	6
5164	TAT	3
5164	TCK	3
5165	CAA	257017
5165	CAG	10
5165	CGA	9
5165	YAA	5
5165	CAC	2
5165	CTA	2
5166	GGT	256843
5166	AGT	125
5166	TGT	15
5166	GGG	6
5166	KGT	5
5166	GKT	3
5166	GGC	2
5167	CTA	256141
5167	TTA	186
5167	CTT	10
5167	YTA	9
5167	CYA	4
5167	GTA	3
5167	CTC	3
5167	CCA	2
5168	GTG	253379
5168	TTG	2872
5168	KTG	59
5168	GTA	9
5168	GTT	5
5168	GTK	4
5168	GAG	4
5169	GCT	255935
5169	KCT	322
5169	GCY	30
5169	TCT	19
5169	GCK	12
5169	GCW	10
5169	GYT	4
5169	GCD	3
5169	ACT	3
5169	GCH	3
5170	AGC	256336
5170	AGT	14
5170	AGY	8
5170	AKC	7
5170	AAC	5
5170	TGC	4
5170	RGC	3
5171	ATA	256347
5171	TTA	4
5172	AAG	256272
5172	AGG	45
5172	ACG	15
5172	AAT	9
5172	AAA	9
5172	ARG	7
5172	GAG	3
5172	AAK	3
5173	AAC	256330
5173	AAT	11
5173	ARC	3
5173	AGC	2
5174	TTT	256358
5174	TTC	7
5174	TTW	2
5174	TTY	2
5175	AAG	256334
5175	AAT	17
5175	AAA	12
5175	AAK	5
5175	AGG	3
5175	AAR	2
5176	TCA	256349
5176	TYA	7
5176	TCG	6
5177	GTT	256375
5177	GTC	3
5178	CTT	256353
5178	YTT	24
5178	CTC	4
5178	CYT	2
5179	TAT	256367
5179	TAC	8
5179	YAT	3
5180	TAT	256326
5180	TAC	65
5180	TAY	2
5181	CAA	256359
5181	YAA	14
5181	CAG	5
5181	MAA	5
5181	CAR	4
5181	CRA	2
5181	TAA	2
5182	AAC	256261
5182	AAT	114
5182	AAY	16
5183	AAT	256357
5183	AAC	9
5183	AAY	4
5184	GTT	256339
5184	RTT	5
5184	ATT	4
5184	KTT	3
5184	GTY	3
5184	GKT	2
5185	TTT	256364
5185	CTT	6
5186	ATG	256336
5186	GTG	10
5186	ATS	8
5186	RTG	6
5186	ATT	5
5187	TCT	256313
5187	TTT	33
5187	TYT	16
5187	TCC	11
5187	TST	4
5188	GAA	256325
5188	GAG	17
5188	GGA	7
5188	GAC	5
5188	GAR	4
5188	RAA	4
5188	TAA	3
5189	GCA	256392
5189	GCT	14
5189	GTA	7
5189	KCA	4
5189	GCR	3
5189	GCG	3
5189	GYA	2
5190	AAA	256432
5190	AAG	4
5190	AAM	3
5191	TGT	256496
5191	TGC	16
5191	YGT	4
5191	TGY	3
5191	CGT	3
5191	TKT	3
5191	TTT	2
5192	TGG	256518
5192	TKG	4
5192	TGK	3
5192	TGT	2
5193	ACT	256398
5193	AAT	79
5193	ATT	25
5193	AYT	5
5193	GCT	4
5193	ACC	2
5193	ACY	2
5194	GAG	256524
5194	GAT	6
5194	GCG	3
5194	GAK	3
5194	KAG	2
5194	RAG	2
5195	ACT	256138
5195	ATT	314
5195	AYT	34
5195	ACY	13
5195	ACC	6
5195	ACA	5
5195	GCT	4
5195	RCT	4
5195	ACW	4
5195	TCT	3
5195	AMT	2
5196	GAC	256480
5196	TAC	17
5196	GAT	7
5196	KAC	7
5196	AAC	5
5196	GAS	3
5196	GMC	3
5196	GAY	2
5197	CTT	256495
5197	TTT	15
5197	YTT	4
5197	CTY	2
5197	CTC	2
5198	ACT	256278
5198	ATT	186
5198	AYT	45
5198	ACA	8
5198	AMT	3
5198	WCT	3
5198	GCT	2
5198	RCT	2
5198	AAT	2
5198	ACW	2
5199	AAA	256487
5199	AGA	21
5199	AAG	11
5199	AAR	10
5200	GGA	256337
5200	KGA	6
5200	GGG	3
5200	RGA	3
5200	GAA	2
5201	CCT	256165
5201	CCG	121
5201	TCT	10
5201	CST	9
5201	CCW	4
5201	CCA	4
5201	CCK	3
5201	CGT	2
5202	CAT	256272
5202	CTT	25
5202	TAT	8
5202	CAG	6
5202	MAT	3
5203	GAA	256308
5203	RAA	6
5203	GAW	3
5203	GAG	3
5204	TTT	256327
5205	TGC	256235
5205	TGT	17
5205	TGY	8
5205	KGC	3
5206	TCT	256166
5206	TCY	8
5206	CCT	4
5207	CAA	256175
5207	CAG	9
5207	YAA	3
5207	CAM	3
5208	CAT	256092
5208	CAC	25
5208	CHT	9
5208	CMT	6
5208	TAT	5
5208	CRT	3
5208	CAY	3
5208	CWT	3
5208	CGT	2
5209	ACA	256166
5209	ACT	10
5209	AYA	8
5209	AMA	4
5209	ACG	3
5210	ATG	256156
5210	ATT	24
5210	AYG	3
5210	ATS	3
5210	ATA	2
5210	GTG	2
5210	CTG	2
5211	CTA	256151
5211	TTA	26
5211	CTR	6
5211	YTA	5
5211	CYA	3
5212	GTT	256176
5212	GTC	12
5212	GYT	6
5212	GTY	6
5212	GTW	4
5212	KTT	2
5213	AAA	256172
5213	AAG	11
5213	ARA	6
5213	WAA	4
5213	AAW	3
5213	RAA	3
5214	CAG	255764
5214	CAT	316
5214	CAA	39
5214	CAK	20
5214	CGG	18
5214	YAG	10
5214	CRG	4
5214	CWG	4
5214	CAR	3
5214	CAC	2
5215	GGT	255911
5215	GAT	143
5215	TGT	38
5215	AGT	32
5215	TAT	17
5215	GTT	14
5215	GKT	10
5215	KGT	10
5215	RGT	4
5215	GRT	3
5215	GGC	2
5216	GAT	256139
5216	TAT	23
5216	GGT	18
5216	KAT	6
5216	GAC	5
5217	GAT	256215
5217	GAC	8
5217	TAT	6
5217	KAT	5
5217	GWT	4
5217	GGT	3
5218	TAT	256258
5218	YAT	5
5218	TMT	3
5218	TAY	2
5218	TAC	2
5219	GTG	256187
5219	ATG	28
5219	TTG	22
5219	GTT	15
5219	RTG	13
5219	GTA	9
5219	GCG	5
5219	GTK	4
5219	KTG	3
5220	TAC	256157
5220	TAT	62
5220	YAC	52
5220	CAC	25
5220	TAY	6
5220	AAC	2
5221	CTT	256167
5221	CTG	66
5221	TTT	40
5221	ATT	23
5221	CTC	12
5221	TTG	8
5221	YTT	6
5221	CYT	5
5222	CCT	256236
5222	TCT	54
5222	CCC	20
5222	YCT	10
5222	CCY	5
5222	CCG	4
5222	CCA	3
5222	MCT	3
5222	CYT	2
5223	TAC	254198
5223	TAT	2112
5223	TAY	6
5223	TMC	3
5223	CAC	2
5224	CCA	256317
5224	CCT	16
5224	CYA	6
5224	CCG	2
5225	GAT	256293
5225	GAC	27
5225	KAT	9
5225	AAT	8
5225	GAY	6
5226	CCA	256274
5226	CCG	30
5226	CCW	8
5226	CYA	7
5226	CCC	6
5226	CCR	5
5226	TCA	4
5226	YCA	4
5226	CTA	2
5227	TCA	256318
5227	TYA	13
5227	TCG	8
5227	TTA	4
5227	TCR	2
5228	AGA	256342
5228	CGC	8
5228	CGA	2
5228	RGA	2
5229	ATC	256232
5229	ATT	92
5229	ATY	12
5229	AYC	8
5229	GTC	3
5229	RTC	2
5230	CTA	255855
5230	TTA	425
5230	YTA	33
5230	CTG	6
5230	CYA	3
5230	CTR	3
5231	GGG	255476
5231	GGT	715
5231	GGA	111
5231	GGK	21
5231	GGC	8
5231	SGG	5
5231	GGR	5
5232	GCC	255768
5232	GCT	519
5232	GCY	24
5232	TCC	21
5232	KCC	15
5232	GCA	10
5232	GYC	3
5233	GGC	256284
5233	GGT	30
5233	GGY	17
5233	GKC	4
5233	GTC	3
5234	TGT	256283
5234	TKT	43
5235	TTT	256341
5235	TTA	3
5235	TYY	2
5236	GTA	255496
5236	GTG	858
5236	GTR	27
5236	GTC	8
5236	GTT	6
5236	RTA	4
5236	STA	3
5236	KTA	3
5236	TTA	2
5237	GAT	256338
5238	GAT	256205
5238	GAC	75
5238	SAT	17
5238	KAT	9
5238	TAT	7
5238	GAY	6
5239	ATC	256027
5239	ATT	272
5239	ATY	11
5239	GTC	7
5239	RTC	3
5239	WTC	2
5239	AGC	2
5240	GTA	255857
5240	GTT	307
5240	TTA	101
5240	ATA	12
5240	GTC	8
5240	GAA	6
5240	GTW	5
5240	KTA	3
5240	GYA	2
5241	AAA	256307
5241	AAG	8
5241	AAW	4
5241	AGA	2
5242	ACA	256290
5242	GCA	7
5242	AYA	7
5242	ACG	6
5242	ATA	3
5242	WCA	2
5243	GAT	256291
5243	GAC	28
5244	GGT	256316
5244	GGY	5
5244	KGT	2
5244	GKT	2
5245	ACA	256320
5245	ACR	6
5245	AYA	3
5246	CTT	256305
5246	TTT	9
5246	CTA	8
5246	TTA	7
5246	CYT	3
5247	ATG	256301
5247	AYG	17
5247	ATK	8
5247	ATT	4
5247	ATC	2
5248	ATT	256298
5248	ATA	8
5248	ATC	7
5248	ATY	4
5248	GTT	4
5248	AYT	3
5248	RTT	2
5249	GAA	256282
5249	GAG	37
5249	KAA	8
5249	GAR	3
5249	GWA	3
5250	CGG	256250
5250	CGA	26
5250	CGT	21
5250	AGA	8
5250	YGG	6
5250	AGG	5
5250	CKG	5
5250	CGK	3
5250	CSG	2
5251	TTC	255820
5251	TTT	467
5251	TTY	7
5251	TTM	3
5252	GTG	256305
5252	GTA	6
5252	KTG	6
5252	GYG	5
5252	GTR	3
5253	TCT	256290
5253	TYT	9
5253	TCA	8
5253	TCY	4
5253	TCC	2
5254	TTA	256311
5254	TTG	9
5254	CTA	9
5255	GCT	256299
5255	GYT	8
5255	KCT	7
5255	GCY	4
5255	RCT	3
5255	GCW	3
5256	ATA	256322
5256	ATT	6
5256	AYA	4
5257	GAT	256298
5257	GAY	5
5257	TAT	5
5257	GAC	4
5258	GCT	256322
5258	RCT	3
5258	GCC	2
5259	TAC	256299
5259	TAT	22
5259	YAC	3
5259	TAY	3
5260	CCA	255933
5260	CCT	369
5260	CYA	11
5260	CCC	6
5260	CCW	5
5261	CTT	256263
5261	TTT	28
5261	CTC	24
5261	YTT	5
5261	CYT	3
5261	CTY	2
5262	ACT	256160
5262	ATT	102
5262	ACC	23
5262	AYT	16
5262	RCT	6
5262	ACY	6
5262	GCT	2
5263	AAA	256290
5263	AGA	11
5263	TAA	3
5263	AAG	3
5263	AAR	2
5264	CAT	256277
5264	TAT	10
5264	CAY	6
5264	CAC	4
5264	YAT	4
5265	CCT	256272
5265	CCA	7
5265	TCT	6
5265	CCY	5
5265	CCC	3
5265	CMT	3
5265	YCT	3
5265	MCT	2
5265	CCW	2
5265	CTT	2
5266	AAT	256341
5266	AAC	23
5266	GAT	3
5266	AAY	3
5266	AWT	2
5266	AGT	2
5266	ART	2
5267	CAG	256325
5267	CAT	19
5267	CAA	14
5267	CGG	9
5267	CAR	2
5267	YAG	2
5267	CRG	2
5268	GAG	256250
5268	GAK	86
5268	GAT	33
5268	SAG	6
5268	GAA	5
5269	TAT	256333
5269	TGT	4
5270	GCT	256374
5270	GTT	22
5270	TCT	11
5270	ACT	6
5270	GYT	5
5270	KCT	3
5270	CCT	3
5271	GAT	256409
5271	TAT	98
5271	GGT	19
5271	KAT	5
5271	GAC	3
5271	SAT	2
5271	GCT	2
5271	GRT	2
5272	GTC	256719
5272	ATC	95
5272	GTT	10
5272	GTY	9
5272	STC	2
5273	TTT	256946
5273	TTC	5
5273	TYT	2
5274	CAT	256923
5274	TAT	97
5274	CGT	20
5274	YAT	10
5274	CAC	10
5274	SAT	3
5274	CWT	3
5274	CRT	2
5274	MAT	2
5275	TTG	257041
5275	TTA	14
5275	TTK	12
5275	TYG	3
5276	TAC	256621
5276	TAT	440
5276	TAY	10
5276	YAC	4
5277	TTA	257108
5277	TYA	10
5277	YTA	8
5277	TTG	7
5278	CAA	257091
5278	CAG	7
5278	CAW	2
5279	TAC	257098
5279	TAT	29
5279	TAY	3
5279	TRC	3
5280	ATA	257134
5280	AYA	4
5280	AAA	2
5281	AGA	257109
5281	AAA	25
5281	CGA	8
5281	ARA	5
5282	AAG	257145
5282	AAK	5
5282	ARG	2
5282	AAA	2
5283	CTA	256446
5283	TTA	635
5283	YTA	111
5284	CAT	257161
5284	TAT	18
5284	CAY	3
5284	YAT	3
5284	CAC	3
5284	CMT	2
5285	GAT	257078
5285	TAT	71
5285	KAT	23
5285	SAT	6
5285	AAT	6
5285	GAY	3
5285	GAC	3
5285	CAT	3
5285	RAT	2
5286	GAG	257191
5286	GAA	17
5286	RAG	8
5286	GAK	6
5286	KAG	3
5286	GAR	3
5287	TTA	257223
5287	CTC	8
5287	YTA	3
5287	TYA	2
5288	ACA	257224
5288	ACG	17
5288	ATA	7
5288	ACR	3
5289	GGA	257267
5290	CAC	257232
5290	CAT	41
5290	CWC	4
5290	CAS	3
5291	ATG	257290
5291	ATT	14
5291	ATA	2
5292	TTA	257312
5292	TTR	3
5292	KTA	2
5292	TTG	2
5293	GAC	257270
5293	TAC	13
5293	KAC	9
5293	SAC	5
5293	AAC	4
5293	GAY	2
5293	GGC	2
5294	ATG	257326
5294	ATT	5
5294	ACG	2
5294	ATK	2
5295	TAT	257418
5295	TGT	8
5295	TAC	3
5295	YAT	3
5296	TCT	257429
5297	GTT	257385
5297	ATT	21
5297	GCT	7
5297	GTY	3
5297	GTK	3
5298	ATG	257369
5298	ATT	25
5298	RTG	7
5298	ATK	7
5298	AYG	3
5298	GTG	3
5298	AAG	2
5298	ACG	2
5299	CTT	257372
5299	CTC	15
5299	YTT	3
5299	TTT	2
5299	CYT	2
5300	ACT	257238
5300	ATT	130
5300	AYT	9
5300	ATC	6
5300	ACW	5
5300	AAT	3
5300	GCT	3
5300	WCT	2
5300	ACC	2
5301	AAT	257378
5301	AGT	8
5301	GAT	3
5301	MMT	3
5301	ACT	3
5301	AAY	3
5301	ART	3
5302	GAT	257371
5302	GAC	12
5302	GGT	11
5302	GAY	4
5302	KMT	3
5302	GCT	2
5303	AAC	257190
5303	AAT	107
5303	AGC	75
5303	AAA	8
5303	AGT	8
5303	AAY	7
5303	AMC	6
5303	MAC	3
5304	ACT	257090
5304	ACC	281
5304	GCT	8
5304	ATT	5
5304	AYT	4
5304	ACA	3
5304	RCT	3
5304	AAT	3
5304	ACY	2
5305	TCA	257166
5305	TTA	179
5305	TYA	27
5305	TCT	9
5305	TCG	9
5305	GCA	3
5305	YCA	3
5305	KCA	2
5306	AGG	257365
5306	RGG	10
5306	AKG	4
5306	AGK	4
5306	MGG	3
5306	AGR	3
5306	AAG	2
5306	AAA	2
5307	TAT	257345
5307	TAC	16
5307	YAT	3
5307	TRT	3
5308	TGG	255701
5308	TGK	171
5308	TGT	11
5308	KGG	4
5308	TKK	3
5308	TGR	2
5309	GAA	255818
5309	GAG	9
5309	RAA	4
5309	AAA	3
5309	KAA	3
5309	KMM	3
5310	CCT	255597
5310	TCT	106
5310	CTT	78
5310	CCA	14
5310	YCT	5
5310	CYT	2
5311	GAG	255714
5311	GAT	48
5311	GAA	7
5311	GAK	5
5311	RAG	2
5312	TTT	255646
5312	TTC	17
5313	TAT	255323
5313	TAC	5
5313	TGT	4
5313	TRT	2
5314	GAG	254885
5314	GAT	108
5314	GAA	15
5314	GAK	8
5314	KAG	3
5314	GAR	3
5314	RAG	3
5314	GTG	2
5314	CAG	2
5315	GCT	255005
5315	TCT	36
5315	ACT	9
5315	GCA	8
5315	KCT	8
5315	GYT	8
5315	GTT	5
5315	GCC	3
5315	GCK	3
5315	GCY	2
5316	ATG	254241
5316	WTG	656
5316	DTG	6
5316	HTG	3
5316	WTS	3
5316	RTG	3
5316	ATR	3
5316	GTG	3
5316	AKG	3
5316	AGG	2
5317	TAC	254916
5317	TAT	7
5317	CAC	5
5317	YAC	5
5317	TWC	3
5317	TRC	3
5318	ACA	254890
5318	ATA	6
5318	GCA	4
5318	ACR	4
5318	AMA	3
5318	ACM	3
5318	MCM	3
5318	ACG	2
5319	CCG	254560
5319	CCA	256
5319	CCT	34
5319	CCR	17
5319	CYG	7
5319	YCG	6
5319	TCG	6
5319	CMG	6
5319	CYK	3
5319	MCG	3
5319	CCK	3
5319	CCS	3
5319	CCC	2
5320	CAT	254706
5320	TAT	183
5320	CAY	15
5320	CAC	13
5320	CWT	10
5320	YAT	8
5320	MAT	4
5320	CRT	4
5320	CRY	3
5320	CAG	2
5321	ACA	254919
5321	ACR	6
5321	ATA	4
5321	ACG	3
5322	GTC	254949
5322	ATC	10
5322	GTT	4
5322	KTC	4
5323	TTA	254906
5323	TWA	24
5323	TTR	12
5323	TTG	11
5323	WTA	6
5323	TTW	6
5323	CTA	3
5323	YTA	3
5323	TAA	2
5324	CAG	254894
5324	CAT	37
5324	YAG	16
5324	CAA	13
5324	CAR	9
5324	CAK	7
5324	CWG	6
5324	CRG	3
5324	TAG	2
5325	GCT	254948
5325	GCY	9
5325	GYT	6
5325	GST	3
5325	GCA	2
5325	GCC	2
5326	GTT	254578
5326	GTA	384
5326	GTC	23
5326	GTY	12
5326	GWT	9
5326	GTG	6
5326	ATT	5
5326	GYT	3
5327	GGG	254896
5327	GGA	46
5327	GGT	44
5327	GGR	22
5327	KGG	9
5327	GRG	6
5327	GGK	4
5327	SGG	3
5327	GKG	2
5328	GCT	254727
5328	GTT	207
5328	TCT	33
5328	KCT	31
5328	GYT	25
5328	GCC	10
5328	RCT	5
5328	SCT	3
5328	GCG	2
5329	TGT	255026
5329	TGY	10
5329	TGW	9
5329	TKT	6
5329	TGC	5
5329	TRT	3
5329	YKT	3
5330	GTT	254945
5330	GYT	8
5330	RTT	5
5330	GTC	4
5330	STT	3
5330	GTY	3
5330	GTW	3
5331	CTT	250861
5331	YTT	15
5331	CTC	14
5331	CTY	10
5331	CYT	7
5331	MTT	5
5331	CTW	2
5332	TGC	251788
5332	TGT	3166
5332	TGY	43
5332	TKC	8
5332	WGC	5
5332	YGC	4
5332	TGM	3
5332	KGC	3
5333	AAT	255013
5333	AWT	6
5333	AAY	6
5333	MAT	5
5333	AAC	4
5333	AAG	3
5333	ART	3
5334	TCA	255025
5334	TCR	7
5334	TCW	7
5334	TMA	4
5334	TTA	3
5334	TAA	3
5334	TSA	3
5334	TYA	3
5334	GCA	3
5334	TCM	3
5334	YCA	2
5334	TCG	2
5335	CAG	255043
5335	CAA	13
5335	CAK	5
5335	TAG	4
5335	CRG	3
5335	CGA	3
5336	ACT	255013
5336	ACG	16
5336	ACY	9
5336	WCT	7
5336	RCT	5
5336	GTT	3
5336	AYT	2
5336	ACC	2
5336	ACA	2
5337	TCA	255020
5337	YCA	11
5337	TCG	10
5337	TTA	9
5337	TCC	6
5337	WCA	6
5337	TMA	4
5337	TYA	3
5337	TSA	3
5337	TCT	2
5338	TTA	255033
5338	YTA	6
5338	CTA	6
5338	TTW	6
5338	TYA	4
5338	TTR	3
5338	WTA	3
5339	AGA	255030
5339	AKA	15
5339	AGR	8
5339	ASA	7
5339	AGW	5
5339	RGA	4
5339	AGM	3
5339	MGA	3
5340	TGT	254525
5340	TST	508
5340	TCT	8
5340	TGC	6
5340	YGT	6
5340	TGY	6
5340	TGK	3
5340	TRT	3
5340	TGW	3
5341	GGT	255064
5341	GGY	9
5341	GKT	7
5341	KGT	7
5341	GRT	4
5341	GGW	3
5342	GCT	253838
5342	GTT	1081
5342	GCK	111
5342	GYT	47
5342	GCG	15
5342	GCY	9
5342	KCT	3
5342	RCT	3
5342	TCT	3
5342	GCC	2
5343	TGC	254609
5343	TGT	482
5343	TGY	40
5343	TKC	14
5343	TRC	5
5343	WGC	3
5343	TSC	3
5343	YGC	3
5344	ATA	255153
5344	ATC	16
5344	AYA	6
5344	AWA	3
5344	ACA	2
5344	ATR	2
5345	CGT	255134
5345	CGC	12
5345	YGT	6
5345	CST	4
5345	CKT	4
5345	CGY	4
5346	AGA	255086
5346	AAA	26
5346	AGR	6
5346	RGA	5
5346	ARA	3
5346	AKA	2
5346	AGG	2
5347	CCA	255068
5347	CCG	11
5347	CCC	10
5347	CCT	9
5347	YCA	6
5347	CYA	4
5347	TCA	4
5347	SCA	3
5347	CYW	3
5347	CTA	2
5348	TTC	254834
5348	TTT	280
5348	TTY	12
5348	TYC	4
5348	TTM	4
5348	CTC	2
5349	TTA	255111
5349	TTG	6
5349	TTW	3
5349	TYW	3
5349	TTR	3
5349	YYA	2
5349	CTA	2
5349	TKA	2
5349	TYA	2
5350	TGT	255367
5350	TGC	8
5350	TRT	3
5350	YGT	3
5350	TGY	3
5351	TGT	255267
5351	TGC	68
5351	TST	6
5351	TGK	6
5351	TGY	3
5351	TRT	3
5351	TKT	2
5351	TTT	2
5352	AAA	255321
5352	ARA	8
5352	AWA	5
5352	AAW	3
5352	AAG	2
5352	AAR	2
5353	TGC	255129
5353	TGT	141
5353	TGY	39
5353	YGC	7
5353	TRC	6
5353	TSC	4
5353	TKC	4
5354	TGT	255342
5354	TKT	11
5354	TST	3
5354	YGT	3
5354	TRT	3
5354	TCT	3
5354	TGC	2
5355	TAC	254145
5355	TAT	1186
5355	TAY	19
5355	YAC	7
5355	TGC	6
5355	TRC	4
5355	TAM	4
5355	TWC	3
5356	GAC	255244
5356	GAT	100
5356	GAY	14
5356	KAC	6
5356	RAC	5
5356	GRC	4
5357	CAT	255343
5357	CAC	12
5357	YAT	10
5357	CRT	7
5357	CMT	3
5357	MAT	3
5357	CAY	3
5358	GTC	255119
5358	ATC	127
5358	GTT	97
5358	GTY	24
5358	KTC	10
5358	GWC	5
5358	RTC	4
5358	GYC	4
5358	STC	3
5358	GTM	3
5358	GTA	2
5359	ATA	255054
5359	GTA	23
5359	ATG	6
5359	WTA	5
5359	MTA	3
5359	ATM	3
5359	ATW	3
5360	TCA	254985
5360	TCG	54
5360	TTA	18
5360	TYA	10
5360	CCA	8
5360	WCA	5
5360	TCT	4
5360	TCW	3
5360	TCM	3
5360	TMA	3
5360	YCA	2
5361	ACA	255068
5361	AYA	11
5361	RCA	11
5361	ACG	8
5361	ACR	4
5361	ACM	3
5361	ASA	2
5362	TCA	254826
5362	TTA	199
5362	TYA	17
5362	CCA	11
5362	TCT	8
5362	TMA	7
5362	KCA	7
5362	TCW	4
5362	YCA	3
5362	TSA	3
5362	WCA	3
5363	CAT	255073
5363	YAT	8
5363	CMT	6
5363	CWT	6
5363	CAW	3
5363	CAY	2
5364	AAA	255069
5364	AGA	11
5364	AMA	6
5364	AAG	3
5364	AAW	3
5364	WAA	3
5364	RAA	3
5364	ARA	2
5365	TTA	255075
5365	TTG	7
5365	TTR	6
5365	TYA	4
5365	CTA	3
5366	GTC	254913
5366	GTT	136
5366	GTY	24
5366	GYC	9
5366	STC	5
5366	KTC	5
5366	RTC	3
5366	CTC	3
5366	GTA	2
5367	TTG	255039
5367	TTT	36
5367	TTK	8
5367	TYG	7
5367	CTG	4
5367	TTS	3
5367	YTG	2
5368	TCT	255057
5368	TYT	10
5368	TCY	6
5368	YCT	5
5368	TCW	3
5368	KCT	3
5368	WCT	3
5368	TTT	2
5368	TCK	2
5369	GTT	255001
5369	KTT	14
5369	GYT	14
5369	GTW	4
5369	ATT	4
5369	GGT	3
5370	AAT	254900
5370	ACT	53
5370	AAC	33
5370	AGT	22
5370	AAY	11
5370	WAT	4
5370	ART	4
5370	AAK	3
5370	AAW	3
5371	CCG	253781
5371	CTG	480
5371	TCG	234
5371	CCA	208
5371	CCT	199
5371	YCG	44
5371	CYG	29
5371	CCC	16
5371	CCR	12
5371	CCK	12
5371	CMG	4
5371	ACG	2
5371	TTG	2
5372	TAT	254979
5372	KAT	9
5372	TAC	7
5372	YAT	6
5372	WAT	4
5372	TAY	4
5372	TAW	3
5372	WWT	3
5372	TWT	3
5373	GTT	254792
5373	ATT	146
5373	RTT	6
5373	TTT	5
5373	KTT	5
5373	GTW	3
5373	GKT	2
5373	GYT	2
5374	TGC	254858
5374	TGT	59
5374	TGY	21
5374	TRC	13
5374	YGC	13
5374	TKC	7
5374	TGM	5
5374	TKS	3
5375	AAT	254891
5375	RAT	18
5375	TAT	16
5375	AAC	13
5375	ART	6
5375	AAW	6
5375	AAY	5
5375	MAW	3
5375	AAK	2
5375	AGT	2
5376	GCT	254798
5376	GTT	45
5376	GYT	18
5376	GCY	14
5376	GCC	12
5376	KCT	11
5376	RCT	9
5376	GCG	5
5376	GMK	3
5376	GMT	3
5376	KSY	3
5376	TCT	2
5377	CCA	254348
5377	CTA	293
5377	TCA	155
5377	CYA	39
5377	YCA	23
5377	CCR	12
5377	CCT	10
5377	ACA	8
5377	CCG	6
5377	CAA	4
5377	CMA	3
5377	YCM	3
5377	ACG	3
5377	MCA	2
5377	CCW	2
5378	GGT	254759
5378	TGT	130
5378	GTT	10
5378	GGK	7
5378	KGT	6
5378	RGT	6
5378	GGY	6
5378	AGT	5
5378	SGT	4
5378	GKT	3
5378	GRK	3
5378	RGK	3
5378	GGC	2
5379	TGT	254896
5379	TGC	14
5379	TGW	9
5379	TKT	5
5379	TGY	4
5379	TGK	3
5379	TRT	3
5380	GAT	254889
5380	GAC	12
5380	GAY	11
5380	GRT	7
5380	GAK	4
5380	SAT	4
5380	TAT	2
5380	GGT	2
5380	KAT	2
5381	GTC	254874
5381	ATC	5
5381	TTC	5
5381	KTC	5
5381	STC	4
5381	GYY	3
5381	RTC	3
5381	GYC	3
5381	GTM	3
5382	ACA	254845
5382	ACG	11
5382	ACR	9
5382	AYA	8
5382	ATA	5
5382	WCA	3
5382	ACW	3
5382	ASA	3
5382	WSA	3
5382	ACM	3
5382	ACT	2
5382	GCA	2
5383	GAT	254834
5383	GAC	15
5383	TAT	12
5383	KAT	11
5383	GAY	6
5383	RAT	3
5383	GAW	3
5383	GMT	3
5384	GTG	254750
5384	GTR	28
5384	GTT	22
5384	GTK	14
5384	STG	6
5384	RTG	4
5384	GYG	4
5384	KTG	4
5384	GTC	3
5384	GCG	3
5384	TTG	2
5384	GYR	2
5385	ACT	254991
5385	ACC	13
5385	ACA	11
5385	ACW	6
5385	RCT	6
5385	ACY	4
5385	AYT	3
5385	ACG	2
5386	CAA	255064
5386	YAA	5
5386	CTA	2
5387	CTT	254443
5387	CTG	628
5387	CYT	7
5387	CTA	6
5387	CTC	4
5387	CTW	2
5387	CTY	2
5387	YTT	2
5388	TAC	255054
5388	TAT	194
5388	TAY	19
5388	TWC	3
5388	CAC	3
5389	TTA	255162
5389	TTR	14
5389	TTG	6
5389	CTA	4
5389	TTM	3
5390	GGA	255170
5390	KGA	6
5390	GGR	4
5391	GGT	255193
5391	GKT	14
5391	KGT	3
5391	GGC	2
5391	GTT	2
5392	ATG	255216
5392	RTG	16
5392	GTG	16
5392	ACG	4
5392	AAG	3
5392	ATK	3
5393	AGC	255224
5393	AGT	24
5393	AKC	5
5393	CGC	2
5394	TAT	255247
5394	TAC	18
5394	TAY	8
5394	YAT	3
5395	TAT	256435
5395	TGT	10
5395	TAC	7
5395	TRT	5
5395	YAT	4
5395	WWT	3
5395	TAY	3
5396	TGT	256429
5396	TGC	16
5396	TKT	9
5396	TST	5
5396	YGT	3
5397	AAA	256417
5397	AAC	15
5397	AAG	14
5397	AGA	2
5398	TCA	256143
5398	TTA	143
5398	CCA	109
5398	GCA	27
5398	TYA	12
5398	KCA	4
5398	YCA	3
5399	CAT	256417
5399	CAC	26
5399	YAT	12
5399	CMT	3
5400	AAA	256452
5400	AAG	8
5400	AWA	3
5400	ARA	2
5401	CCA	256151
5401	CYA	116
5401	CTA	93
5401	CCG	73
5401	YCA	4
5401	CAA	2
5401	MCA	2
5401	TCA	2
5402	CCC	256040
5402	CTC	289
5402	TCC	69
5402	CCT	27
5402	YCC	9
5402	MCC	8
5402	CCY	4
5402	CCA	3
5403	ATT	256383
5403	ATA	3
5403	AWT	2
5404	AGT	256179
5404	GGT	125
5404	AAT	30
5404	RGT	16
5404	AGC	16
5404	WGT	3
5404	AGK	2
5404	ATT	2
5405	TTT	256259
5405	TTC	115
5405	TYT	4
5405	KTT	3
5406	CCA	256340
5406	ACA	18
5406	CCT	18
5406	TCA	9
5406	YCA	8
5406	CMA	7
5406	CYA	4
5406	CCG	2
5407	TTG	256280
5407	TTA	11
5407	CTG	9
5407	CTT	8
5407	TKG	2
5407	TTK	2
5407	TTR	2
5407	TTT	2
5407	YTG	2
5408	TGT	255238
5408	TKT	4
5408	TRT	3
5409	GCT	255025
5409	GCC	138
5409	GTT	51
5409	TCT	6
5409	GCY	3
5409	GMT	2
5409	ACT	2
5410	AAT	255092
5410	AAC	6
5410	AAW	3
5410	MAT	3
5411	GGA	254914
5411	GAA	5
5411	GKA	3
5411	KGA	2
5411	GTA	2
5412	CAA	254655
5412	CAG	23
5412	YAA	14
5412	CAR	10
5412	CAW	4
5412	CGA	2
5412	CTA	2
5413	GTT	254578
5413	GYT	8
5413	GTC	4
5413	KTT	4
5413	GTK	3
5413	RTT	3
5414	TTT	254414
5414	TTC	14
5414	TTY	10
5414	TTK	3
5415	GGT	254290
5415	GKT	101
5415	KGT	11
5415	GTT	3
5415	TGT	3
5415	GGY	3
5415	GGG	3
5416	TTA	253939
5416	TTG	174
5416	WTA	5
5416	TAA	5
5416	TKA	3
5416	TTW	2
5417	TAT	254134
5417	TAC	34
5417	TGT	10
5417	YAT	4
5417	KAT	3
5417	TAY	3
5417	TAW	3
5418	AAA	254171
5418	AAG	5
5418	AWA	3
5418	RAA	2
5419	AAT	254130
5419	AAC	63
5419	AAY	3
5419	ACT	2
5419	RAT	2
5420	ACA	254187
5420	AYA	14
5420	ATA	11
5420	RCA	4
5421	TGT	254238
5421	TKT	4
5421	TGK	2
5422	GTT	254263
5422	TTT	52
5422	GTA	15
5422	KTT	4
5422	GWT	3
5422	GTY	2
5422	GTC	2
5423	GGT	254344
5423	GGY	3
5423	KGT	2
5424	AGC	254288
5424	GGC	26
5424	AGT	18
5424	ATC	7
5424	AGY	4
5424	AGM	4
5424	AAC	3
5424	RGC	3
5424	AKC	3
5425	GAT	254306
5425	RAT	15
5425	GAC	11
5425	TAT	8
5425	KAT	5
5425	AAT	4
5425	GGT	4
5425	GAW	2
5426	AAT	254270
5426	AAC	62
5426	AGT	8
5426	ACT	7
5426	ART	2
5427	GTT	254354
5427	KTT	5
5427	GKK	3
5427	GTY	3
5427	GTC	2
5427	TTT	2
5428	ACT	254334
5428	ACC	10
5428	RCT	7
5428	AMT	7
5428	AYT	3
5428	MCT	3
5428	AAT	2
5428	ACG	2
5429	GAC	254291
5429	AAC	29
5429	GGC	25
5429	GAY	18
5429	GAT	9
5429	KAC	4
5429	TAC	2
5429	GRC	2
5430	TTT	254373
5430	TTC	19
5430	TYT	5
5430	TTW	2
5430	YTT	2
5431	AAT	254395
5431	AAC	13
5431	RAT	7
5432	GCA	254324
5432	TCA	18
5432	GCR	7
5432	GCT	7
5432	KCA	5
5432	GCG	4
5432	GYA	3
5432	GTA	3
5432	RCA	3
5432	GAA	2
5432	ACA	2
5432	GCC	2
5433	ATT	254353
5433	ATC	16
5433	ATA	16
5433	WTT	6
5433	ATY	4
5433	ATK	3
5433	AWT	3
5433	ATW	2
5434	GCA	254325
5434	GCG	26
5434	GCT	15
5434	TCA	11
5434	KCA	8
5434	GCC	7
5434	RCA	4
5434	GCW	4
5435	ACA	254388
5435	ATA	31
5435	AYA	4
5435	ACW	3
5435	ACC	2
5435	ACG	2
5436	TGT	254451
5436	TKT	8
5436	YGT	4
5436	TRT	3
5436	KGT	2
5437	GAC	254239
5437	GAT	186
5437	GAY	18
5437	KAC	6
5437	RAC	6
5437	GRC	4
5437	GWC	3
5437	GAA	2
5437	TAC	2
5438	TGG	254463
5438	TGK	7
5438	YGG	6
5438	TKG	3
5438	TRG	3
5438	GGG	2
5439	ACA	254392
5439	ATA	54
5439	AYA	21
5439	ACR	7
5439	GCA	6
5439	RCA	6
5439	AMA	4
5439	ACG	2
5440	AAT	254480
5440	TAT	3
5440	AAC	2
5440	AAK	2
5440	ACT	2
5441	GCT	254506
5441	CCT	13
5441	ACT	10
5441	GGT	10
5441	GCA	7
5441	GTT	6
5441	GYT	4
5441	GMT	3
5441	GMW	3
5441	RCT	2
5441	KCT	2
5442	GGT	254565
5442	GST	6
5442	GKT	4
5442	SGT	4
5442	GTT	3
5442	TGT	2
5442	GGC	2
5443	GAT	254602
5443	TGT	36
5443	RAT	4
5443	GAC	4
5443	GAW	3
5443	KAT	2
5444	TAC	254579
5444	TAT	41
5444	TAY	9
5444	TWC	4
5445	ATT	254612
5445	ATK	6
5445	GTT	4
5445	ACT	2
5445	WTT	2
5446	TTA	254612
5446	CTT	13
5446	TTR	12
5446	CTC	2
5447	GCT	254620
5447	GCC	9
5447	GCG	8
5447	GCY	6
5447	GYT	6
5447	TCT	6
5447	KCT	3
5447	ACT	3
5447	SCT	2
5448	AAC	254618
5448	AGC	27
5448	ATC	16
5448	AAT	6
5448	CAT	3
5448	AAY	2
5449	ACC	254674
5449	ACT	21
5449	AYC	6
5449	ACY	4
5449	ACM	4
5449	AMC	3
5449	ATC	3
5450	TGT	254732
5450	TGC	8
5450	TGY	3
5450	TKT	3
5451	ACT	254236
5451	ATT	611
5451	AYT	26
5451	ACA	11
5451	ACC	9
5451	GCT	5
5451	AAT	4
5451	ACY	3
5452	GAA	254659
5452	RAA	14
5452	GAG	6
5452	GRA	2
5453	AGA	254617
5453	AAA	24
5453	ATA	3
5453	ARA	3
5454	CTC	254398
5454	CTT	202
5454	CTY	21
5454	YTC	4
5454	CTA	3
5454	CYC	3
5454	MTC	2
5455	AAG	254578
5455	AAA	15
5455	AAK	4
5455	AGG	4
5455	ARG	3
5456	CTT	254138
5456	CTG	8
5456	CTY	7
5456	CYT	5
5456	YTT	4
5456	TTT	3
5456	CTC	2
5457	TTT	254522
5457	TTC	8
5457	TYT	4
5457	KTT	3
5457	TTY	3
5458	GCA	254275
5458	GCG	38
5458	GCT	17
5458	GYA	12
5458	TCA	10
5458	KCA	6
5458	GTA	2
5458	GCW	2
5459	GCA	254237
5459	GCT	19
5459	TCA	14
5459	GYA	10
5459	GCG	8
5460	GAA	254289
5460	RAA	5
5460	KAA	3
5460	GAM	2
5461	ACG	229684
5461	ACT	24437
5461	ACA	52
5461	ACC	29
5461	AYG	27
5461	ACK	22
5461	ATG	14
5461	ACR	10
5461	WCT	4
5461	MCG	3
5461	AMG	3
5462	CTC	253892
5462	CTT	423
5462	YTC	6
5462	TTG	6
5462	CYC	5
5462	CTM	4
5462	CTY	3
5462	CKC	2
5463	AAA	254325
5463	AGA	4
5463	AAG	3
5463	AAR	3
5464	GCT	254374
5464	GCA	17
5464	GCC	13
5464	GTT	11
5464	TCT	8
5464	GYT	5
5464	GCY	2
5465	ACT	254363
5465	ATT	48
5465	AYT	25
5465	ACA	15
5465	ACY	6
5465	RCT	5
5466	GAG	254367
5466	GAA	23
5466	GAK	9
5466	GAR	4
5466	GTG	4
5466	KAG	3
5466	GAS	3
5467	GAG	254236
5467	KAG	51
5467	GAA	10
5467	GAK	7
5468	ACA	254199
5468	AYA	25
5468	ATA	18
5468	ACC	14
5468	ACR	6
5468	AAA	3
5468	RCA	2
5469	TTT	254253
5469	TTC	34
5469	CTT	3
5469	YTT	3
5469	TTW	2
5469	TTY	2
5470	AAA	254301
5470	WAA	4
5470	AAW	3
5471	CTG	254214
5471	TTG	25
5471	CTA	20
5471	YTG	10
5471	CWG	4
5471	CTT	3
5472	TCT	254323
5472	TCC	7
5472	TTT	5
5472	TYT	2
5473	TAT	254354
5473	TTT	11
5473	TGT	8
5473	TAC	7
5473	YAT	6
5473	TMT	2
5474	GGT	254312
5474	GGC	7
5474	AGT	7
5474	GKT	5
5474	KGT	4
5474	GGY	4
5475	ATT	254306
5475	GTT	24
5475	ATC	9
5475	RTT	4
5475	AKT	2
5475	AYT	2
5476	GCT	254302
5476	GCC	15
5476	GYT	9
5476	KCT	5
5476	GCA	5
5476	GMT	3
5476	GCY	2
5476	GCG	2
5477	ACT	254012
5477	ATT	274
5477	AYT	10
5477	AAT	9
5477	AMT	6
5477	RCT	5
5477	ACG	4
5477	ACC	3
5478	GTA	254301
5478	GTG	9
5478	KTA	5
5478	ATA	4
5478	GYA	3
5478	TTA	2
5479	CGT	254180
5479	TGT	48
5479	CTT	48
5479	YGT	18
5479	CGC	10
5479	CKT	6
5479	CGY	4
5480	GAA	254287
5480	GAG	6
5480	GAW	3
5480	KAA	2
5480	GAM	2
5480	SAA	2
5481	GTG	254140
5481	GTT	87
5481	GTA	11
5481	GTK	8
5481	GYG	4
5481	GTR	3
5481	KTG	3
5482	CTG	253986
5482	CTT	162
5482	GTG	49
5482	TTG	30
5482	CTA	17
5482	STG	12
5482	TTT	3
5482	YTG	3
5482	CTR	3
5482	CYG	3
5482	MTG	2
5483	TCT	254268
5483	TCA	8
5483	TYT	8
5483	TCC	4
5483	TTT	3
5483	TCK	3
5484	GAC	254260
5484	GAT	27
5484	GAA	3
5484	GAY	3
5484	GWC	3
5484	RAC	2
5485	AGA	254216
5485	AGG	9
5485	AAA	5
5485	ASA	4
5486	GAA	254224
5486	GAG	8
5486	KAA	3
5486	AAA	2
5486	RAA	2
5487	TTA	254249
5487	TTG	3
5487	CTA	2
5488	CAT	253982
5488	TAT	215
5488	CAC	26
5488	YAT	19
5488	CGT	3
5489	CTT	254161
5489	YTT	20
5489	CYT	7
5489	CKT	3
5489	TTT	3
5490	TCA	253982
5490	TTA	141
5490	TCG	45
5490	TYA	40
5490	GCA	18
5490	TCT	8
5490	CTT	2
5491	TGG	254235
5491	TGK	5
5492	GAA	254144
5492	KAA	39
5492	GAT	15
5492	GAG	7
5492	CAA	5
5492	GAM	4
5492	GAW	3
5493	GTT	253656
5493	TTT	261
5493	KTT	146
5493	ATT	91
5493	GTC	6
5493	GTA	6
5493	GYT	5
5493	GWT	4
5493	GCT	2
5493	STT	2
5493	GAT	2
5493	GGT	2
5494	GGT	254146
5494	AGT	47
5494	GGA	15
5494	TGT	12
5494	GGY	9
5494	GGC	8
5494	GTT	7
5494	GAT	5
5494	KGT	4
5494	GGW	2
5495	AAA	254185
5495	AGA	50
5495	AAG	3
5495	AAR	3
5495	ARA	2
5496	CCT	254510
5496	TCT	84
5496	YCT	8
5496	CCA	3
5496	CMT	3
5496	CCG	3
5496	CCW	3
5496	CYT	3
5496	CCC	2
5496	CAT	2
5497	AGA	254649
5497	MGA	3
5497	AAA	2
5497	AGG	2
5498	CCA	255419
5498	TCA	5
5498	CMA	3
5498	CCR	2
5498	CYA	2
5499	CCA	255601
5499	CCT	7
5499	YCA	5
5499	CCC	3
5500	CTT	255114
5500	TTT	464
5500	CTC	45
5500	YTT	13
5500	CTY	5
5500	CAT	3
5500	CTG	2
5501	AAC	255594
5501	AAT	62
5501	AAY	13
5501	RAC	3
5501	TAC	3
5502	CGA	255614
5502	AGA	17
5502	TGA	8
5502	YGA	7
5502	CGC	6
5502	MGA	3
5502	CGW	3
5503	AAT	256849
5503	AAY	4
5503	AAC	4
5503	AAK	2
5504	TAT	256836
5504	TAC	10
5504	TGT	6
5504	TRT	3
5504	TAY	3
5505	GTC	256813
5505	GTY	18
5505	GTT	9
5505	GTG	8
5505	KTC	4
5505	TTC	3
5505	RTC	3
5506	TTT	256861
5506	YTT	6
5506	TTC	4
5507	ACT	256875
5507	ACA	2
5508	GGT	256648
5508	GKT	205
5508	GTT	10
5508	GGY	2
5509	TAT	256861
5509	TAC	19
5509	TRT	4
5510	CGT	256832
5510	YGT	21
5510	AGA	8
5510	CRT	7
5510	CAT	4
5510	CKT	4
5510	TGT	3
5510	CGY	2
5510	CGC	2
5511	GTA	256625
5511	TTA	158
5511	KTA	24
5511	GTG	15
5511	ATA	12
5511	GTC	6
5511	KYA	3
5512	ACT	256824
5512	AAT	17
5512	ACY	5
5512	ACC	5
5513	AAA	256819
5513	AAG	8
5514	AAC	256666
5514	AAT	41
5514	AAY	4
5514	AMC	2
5514	GAC	2
5514	CAC	2
5515	AGT	256714
5515	AAT	6
5515	AGW	4
5515	AST	3
5516	AAA	256682
5516	AAR	6
5516	AAG	3
5516	WAA	2
5517	GTA	256138
5517	ATA	481
5517	TTA	36
5517	ACA	9
5517	GYA	6
5517	KTA	6
5517	GTR	5
5517	GCA	2
5518	CAA	256657
5518	MAA	6
5518	AAA	5
5518	YAA	4
5518	CAG	3
5518	CAR	2
5519	ATA	256589
5519	ACA	19
5519	ATT	8
5519	ATG	8
5519	GTA	5
5519	AYA	5
5519	AKA	4
5519	ATR	3
5520	GGA	256627
5520	GGT	9
5520	GGG	8
5520	GKA	4
5520	GGR	4
5520	GGW	3
5520	SGA	3
5520	KGA	2
5520	GGC	2
5520	GGM	2
5521	GAG	256541
5521	GAA	14
5521	GAT	3
5521	KAG	3
5521	SAG	2
5521	GAR	2
5522	TAC	256456
5522	TAT	58
5522	CAC	6
5522	TGC	6
5522	KAC	3
5523	ACC	256501
5523	ACT	15
5523	ACY	4
5523	ACM	3
5523	GCC	3
5524	TTT	256397
5524	YTT	23
5524	TTY	8
5524	TTC	8
5524	TYT	2
5525	GAA	256357
5525	GAG	81
5525	RAA	15
5525	GRA	2
5526	AAA	256443
5526	AAR	8
5526	CAA	7
5526	AGA	7
5526	WAA	4
5526	ARA	2
5526	MAA	2
5527	GGT	256434
5527	TGT	29
5527	RGT	4
5527	GAT	4
5527	KGT	3
5527	GKT	2
5528	GAC	256346
5528	TAC	102
5528	GAT	30
5528	AAC	5
5528	KAC	4
5528	GAA	4
5528	CTC	3
5528	GAY	3
5529	TAT	256476
5529	TGT	12
5529	YAT	8
5529	TAC	8
5530	GGT	256081
5530	TGT	231
5530	GTT	116
5530	KGT	17
5530	AGT	9
5530	GGA	6
5530	GGY	4
5530	GKT	4
5530	GRT	3
5530	GGK	3
5530	RGT	2
5530	GGC	2
5531	GAT	256400
5531	GAC	45
5531	KAT	10
5531	RAT	6
5531	SAT	4
5531	TAT	4
5531	GAA	4
5531	GMT	3
5531	GAY	3
5531	AAT	3
5531	GGT	3
5532	GCT	256380
5532	GTT	68
5532	TCT	12
5532	GYT	11
5532	KCT	5
5532	SCT	4
5532	GCA	3
5532	ACT	2
5533	GTT	256423
5533	TTT	31
5533	GTC	13
5533	STT	3
5533	ATT	2
5533	GTY	2
5533	KTT	2
5534	GTT	256449
5534	GTC	25
5534	ATT	13
5534	GTA	7
5534	KTT	5
5534	GKT	3
5535	TAC	256471
5535	TAT	32
5535	TGC	3
5536	CGA	256455
5536	CGC	12
5536	CAA	9
5536	CGT	8
5536	CKA	3
5536	AGA	3
5536	CRA	2
5536	CGG	2
5537	GGT	256479
5537	RGT	7
5537	GGC	3
5537	AGT	2
5537	GKT	2
5537	KGT	2
5538	ACA	256252
5538	ATA	96
5538	AYA	15
5538	GCA	4
5538	AGA	3
5538	WCA	3
5538	AMA	3
5539	ACA	256366
5539	ACG	6
5539	AYA	5
5539	ATA	3
5539	WCA	2
5540	ACT	256339
5540	AAT	14
5540	GCT	10
5540	ACC	7
5540	AYT	5
5540	ATT	2
5541	TAC	255054
5541	TAT	1218
5541	TAY	79
5542	AAA	253486
5542	AGA	2824
5542	ARA	42
5542	AAG	8
5543	TTA	256355
5543	CTA	10
5544	AAT	256314
5544	AGT	28
5544	AAC	13
5544	WAT	4
5544	AAW	3
5544	AAK	3
5544	AWT	3
5545	GTT	256323
5545	TTT	19
5545	GTG	8
5545	GCT	5
5545	GTC	4
5545	STT	3
5545	KYT	3
5545	GTA	2
5546	GGT	256324
5546	AGT	18
5546	GAT	15
5546	KGT	4
5546	GKT	4
5546	TGT	4
5546	GST	3
5547	GAT	256268
5547	GAC	100
5547	GAY	3
5547	GTT	2
5548	TAT	256353
5548	YAT	7
5548	TAC	6
5548	TRT	2
5548	KAT	2
5548	CAT	2
5549	TTT	256324
5549	CTT	45
5549	WTT	3
5550	GTG	255961
5550	TTG	407
5550	GTT	24
5550	KTG	16
5550	GTA	10
5550	RTG	2
5550	GTK	2
5551	CTG	256129
5551	TTG	231
5551	CTT	37
5551	YTG	9
5551	TTA	8
5551	CTA	7
5551	CTK	6
5551	CAA	3
5551	CTS	2
5552	ACA	256418
5552	ACG	6
5552	ACC	4
5552	AAA	3
5553	TCA	256410
5553	TCG	6
5553	YCA	4
5553	TYA	3
5554	CAT	256319
5554	CAC	119
5554	MAT	3
5554	CAK	3
5554	CAW	3
5554	CGT	2
5555	ACA	256404
5555	ACC	22
5555	ATA	13
5555	AYA	4
5555	ACR	4
5555	ACW	3
5556	GTA	256411
5556	GTG	9
5556	GTC	8
5556	GTW	3
5556	GAA	3
5556	GTR	3
5557	ATG	256276
5557	ATT	206
5557	ATK	14
5557	ATA	7
5558	CCA	256448
5558	TCA	11
5558	CCT	8
5558	CTA	7
5558	CYA	4
5559	TTA	256447
5559	CTA	11
5559	TTG	10
5559	CTG	6
5559	TYA	3
5559	CTT	2
5560	AGT	256345
5560	AKT	57
5560	ATT	38
5560	GGT	13
5560	ACT	4
5560	AGW	3
5560	AGY	3
5560	AST	3
5561	GCA	256301
5561	GTA	80
5561	ACA	43
5561	TCA	12
5561	GCG	11
5561	GYA	5
5561	RCA	4
5561	GCR	2
5562	CCT	256342
5562	CCC	42
5562	CYT	28
5562	TCT	23
5562	CTT	22
5562	YCT	9
5562	CCA	9
5562	CCY	2
5563	ACA	256288
5563	ATA	174
5563	AYA	23
5563	RCA	3
5563	ACG	2
5564	CTA	256449
5564	TTA	134
5564	YTA	16
5564	CTG	6
5564	CTR	3
5564	MTA	2
5564	ATA	2
5565	GTG	256680
5565	TTG	30
5565	KTG	10
5565	GTA	7
5565	GTT	3
5565	GCG	2
5566	CCA	256748
5566	CTA	4
5566	CCR	3
5566	TCA	2
5566	CCG	2
5567	CAA	256776
5567	CAG	9
5567	YAA	9
5567	CAR	3
5567	CAM	2
5568	GAG	254880
5568	GAT	1833
5568	GAA	44
5568	GAS	6
5568	GAR	5
5568	GGG	2
5569	CAC	256742
5569	CAT	40
5569	CGC	11
5569	TAC	9
5570	TAT	256795
5570	TAW	3
5570	TAC	2
5571	GTT	256786
5571	TTT	52
5571	KTT	10
5571	GCT	5
5571	GTC	3
5571	STT	3
5571	GYT	2
5572	AGA	256801
5572	AGG	12
5572	ATA	12
5572	GGA	5
5572	AKA	5
5572	ACA	3
5572	ARA	3
5572	AGR	2
5573	ATT	256828
5573	ATA	10
5573	GTT	3
5573	ATC	3
5574	ACT	256750
5574	ATT	85
5574	AYT	9
5574	GCT	4
5575	GGC	256798
5575	GKC	74
5575	GGT	12
5575	KGC	5
5575	RGC	3
5575	GGY	2
5576	TTA	256857
5576	TTG	28
5576	YTA	2
5576	WTA	2
5577	TAC	256658
5577	CAC	144
5577	AAC	73
5577	TAT	54
5577	YAC	12
5577	TAY	5
5578	CCA	256796
5578	CTA	81
5578	TCA	20
5578	CCT	11
5578	CCG	8
5578	CYA	7
5578	YCA	5
5578	CCW	3
5579	ACA	256867
5579	ATA	18
5579	AYA	13
5579	ACG	3
5579	GCA	3
5580	CTC	256542
5580	CTT	260
5580	TTC	44
5580	YTC	34
5580	CTY	25
5580	CWC	2
5581	AAT	256817
5581	AAC	87
5581	ATT	3
5581	AAY	3
5582	ATC	256406
5582	ATT	314
5582	GTC	102
5582	ATA	62
5582	ATY	14
5582	ACC	8
5583	TCA	256705
5583	TTA	139
5583	TYA	41
5583	TCG	9
5583	ACA	3
5583	TCT	3
5583	TMA	3
5583	CCA	2
5583	GCA	2
5584	GAT	256599
5584	TAT	259
5584	KAT	19
5584	GAC	6
5584	GCT	4
5584	GWT	2
5585	GAG	253881
5585	GAT	2939
5585	GAK	46
5585	AAG	8
5585	KAG	6
5585	GAA	5
5585	GAR	3
5585	KAK	2
5586	TTT	256903
5586	TYT	3
5586	KTT	2
5587	TCT	256866
5587	CCT	18
5587	TYT	13
5587	TTT	8
5587	ACT	4
5587	WCT	2
5588	AGC	256859
5588	AGT	49
5588	AAC	12
5588	ATC	5
5588	AGY	4
5588	ARC	2
5589	AAT	256889
5589	AAC	15
5589	AAA	4
5589	TAT	3
5589	AAY	2
5590	GTT	256880
5590	GTA	6
5590	KTT	5
5590	TTT	4
5590	GCT	3
5590	GTC	3
5590	GTY	2
5590	GGT	2
5590	GKT	2
5591	GCA	256868
5591	GTA	20
5591	ACA	9
5591	GCT	6
5591	KCA	4
5591	GCG	3
5591	GYA	2
5592	AAT	256899
5592	AGT	5
5592	AAY	4
5592	ACT	3
5592	AAC	3
5593	TAT	256903
5593	TAC	10
5593	TGT	8
5594	CAA	256860
5594	YAA	12
5594	CAG	7
5594	TAA	2
5595	AAG	256830
5595	AAT	24
5595	ARG	15
5595	AAA	13
5595	ACG	10
5595	AAK	6
5595	GGG	6
5595	GAG	3
5595	AAC	3
5596	GTT	256880
5596	TTT	10
5596	KTT	3
5596	ATT	3
5597	GGT	256898
5597	GGC	6
5598	ATG	256765
5598	ATT	96
5598	GTG	10
5598	ATK	10
5598	ATA	9
5598	ATR	8
5598	ATS	2
5599	CAA	256894
5599	CTA	6
5599	AAA	3
5599	CAG	2
5600	AAG	256691
5600	AGG	183
5600	ARG	14
5600	AAT	9
5600	AAA	8
5600	GGG	6
5600	AAK	4
5600	AAR	3
5601	TAT	256896
5601	WAT	9
5601	TAC	8
5601	YAY	5
5601	TGT	5
5601	TWT	5
5601	CAT	4
5601	YAT	4
5601	TRT	4
5601	KAT	3
5602	TCT	256998
5602	TTT	56
5602	TCA	8
5602	TYT	5
5602	TAT	3
5602	TCY	3
5602	YCT	2
5602	TCC	2
5603	ACA	257138
5603	AYA	8
5603	ATA	8
5603	ACT	6
5603	ACR	2
5604	CTC	257183
5604	TTC	36
5604	YTC	24
5604	ATC	13
5604	TTA	6
5604	CTT	5
5604	CAC	4
5604	CYC	3
5604	CTM	2
5605	CAG	257151
5605	CGG	81
5605	CAA	11
5605	CAT	9
5605	CAK	3
5605	CRG	2
5606	GGA	257171
5606	GGG	21
5606	GKA	6
5606	KGA	3
5607	CCA	257084
5607	CCT	7
5607	YCA	5
5607	TCA	2
5608	CCT	257097
5608	CCA	8
5608	CCC	2
5609	GGT	257182
5609	GGC	15
5609	GGW	3
5610	ACT	257218
5610	AYT	4
5611	GGT	256844
5611	GKT	324
5611	GTT	28
5611	GGC	5
5611	GST	4
5611	GGK	3
5612	AAG	257198
5612	AAK	12
5612	AGG	6
5612	AAA	5
5612	AAR	3
5613	AGT	257195
5613	AGC	9
5613	WGT	3
5614	CAT	254103
5614	TAT	3030
5614	YAT	51
5614	CGT	14
5614	CWT	7
5614	CAC	2
5615	TTT	257162
5615	TAT	59
5615	ATT	3
5616	GCT	256797
5616	TCT	406
5616	KCT	5
5616	GCY	4
5616	GTT	3
5616	GCC	3
5616	GST	3
5617	ATT	257179
5617	GTT	20
5617	ACT	12
5617	ATA	5
5617	ATW	3
5617	ATC	3
5618	GGC	257141
5618	GGT	47
5618	AGC	10
5618	GGA	8
5618	GGY	8
5618	GKC	4
5618	GAC	3
5618	KGC	3
5619	CTA	257070
5619	ATA	86
5619	TTA	43
5619	CTG	7
5619	MTA	3
5619	GTA	3
5619	YTA	2
5619	CTT	2
5619	CAA	2
5620	GCT	256765
5620	TCT	349
5620	GTT	26
5620	ACT	18
5620	GYT	16
5620	KCT	14
5620	GCC	10
5620	GCA	5
5620	GCY	2
5621	CTC	256529
5621	TTC	413
5621	CCC	198
5621	YTC	25
5621	CTA	11
5621	ATC	6
5621	CTT	6
5621	CYC	6
5621	TTG	5
5622	TAC	257188
5622	TAT	10
5623	TAC	256996
5623	TAT	8
5623	TRC	3
5624	CCT	256746
5624	CTT	163
5624	CYT	12
5624	TCT	8
5624	CCG	6
5624	CCY	3
5624	CAT	3
5624	YCT	3
5624	CCW	2
5625	TCT	256531
5625	CCT	243
5625	TCA	15
5625	TTT	11
5625	TYT	7
5625	TCC	7
5625	YCT	3
5625	TAT	2
5626	GCT	256564
5626	GCA	77
5626	TCT	64
5626	GCW	19
5626	GAT	15
5626	KCT	14
5626	GCC	14
5626	GCG	6
5626	SCT	2
5626	ACT	2
5627	CGC	256623
5627	CGT	24
5627	CAC	24
5627	TGC	5
5627	YGC	4
5627	CGG	3
5627	CGM	3
5627	MGC	3
5627	CRC	2
5627	CKC	2
5628	ATA	256589
5628	ATG	8
5628	ATT	6
5628	ACA	3
5628	AAA	3
5628	TTA	3
5628	GTA	3
5628	ATM	3
5628	ATR	2
5628	AYA	2
5629	GTG	256583
5629	GTT	56
5629	ATG	11
5629	GCG	8
5629	GTA	7
5629	GAG	3
5629	TTT	2
5629	KTG	2
5630	TAT	256599
5630	TGT	32
5630	TAC	12
5631	ACA	256623
5631	ATA	4
5631	ACG	4
5631	GCA	3
5632	GCT	256573
5632	ACT	9
5632	GCA	5
5632	GYT	3
5632	TAT	3
5632	GTT	3
5633	TGC	256558
5633	TGT	72
5633	TRC	3
5633	TAC	3
5634	TCT	256603
5634	GCT	14
5634	TYT	9
5634	TCA	5
5634	TCC	5
5634	TAT	3
5634	YCT	3
5634	TCG	3
5634	TMT	3
5635	CAT	256601
5635	YAT	34
5635	TAT	4
5635	CAC	4
5636	GCC	256604
5636	GCT	49
5636	GCA	37
5636	GCY	11
5636	GCM	4
5637	GCT	256679
5637	GYT	4
5637	KCT	2
5637	GCC	2
5638	GTT	256618
5638	GTG	69
5638	GTC	7
5638	GTD	5
5638	GTA	5
5639	GAT	256646
5639	TAT	77
5639	GAC	5
5639	SAT	4
5639	GAA	3
5640	GCA	256626
5640	ACA	118
5640	GCG	10
5640	GCT	3
5641	CTA	256757
5641	CTG	8
5641	CTT	7
5641	TTA	6
5641	MTA	3
5642	TGT	256760
5642	TGC	26
5642	TGY	2
5643	GAG	256625
5643	GAT	106
5643	GAA	35
5643	GCG	25
5643	GAK	6
5643	KAG	3
5643	GGG	2
5644	AAG	256777
5644	AAA	18
5645	GCA	256749
5645	TCA	12
5645	GCT	11
5645	GCG	7
5645	ACA	7
5645	SCA	3
5645	RCA	3
5646	TTA	256679
5646	TCA	61
5646	TTW	3
5646	TWA	3
5646	GTA	2
5647	AAA	256755
5647	AAG	13
5647	ACA	2
5648	TAT	256739
5648	TGT	17
5648	TAC	8
5648	CAT	8
5648	TWT	4
5648	TRT	3
5648	TAY	2
5649	TTG	256639
5649	TTT	137
5649	CTG	7
5649	YTG	4
5650	CCT	256779
5650	CTT	9
5650	CCC	7
5650	CYT	4
5651	ATA	256795
5651	ATT	6
5651	GTA	3
5652	GAT	256804
5652	GAC	6
5652	GGT	2
5653	AAA	256786
5653	AGA	9
5653	AAG	5
5654	TGT	256828
5654	TKT	4
5654	YGT	3
5655	AGT	256827
5655	AGC	11
5655	ART	3
5656	AGA	256841
5656	GGA	6
5656	AGG	3
5656	ARA	3
5657	ATT	256881
5657	RTT	8
5657	GTT	4
5657	WTT	3
5657	ATC	3
5657	CTT	3
5658	ATA	256890
5658	GTA	16
5659	CCT	256878
5659	CCA	10
5659	CCY	3
5659	YCT	2
5659	CCC	2
5660	GCA	256814
5660	ACA	28
5660	GTA	21
5660	GCG	8
5660	SCA	3
5660	KCA	3
5661	CGT	254528
5661	CGC	2276
5661	CGY	52
5661	CGG	6
5661	TGT	4
5662	GCT	256803
5662	GTT	48
5662	GYT	18
5662	KCT	5
5662	GCG	2
5663	CGT	256842
5663	CTT	29
5663	CAT	27
5663	CKT	5
5663	CGC	3
5663	TGT	2
5664	GTA	256917
5664	GTT	13
5664	GTG	7
5664	KTA	5
5664	GTR	3
5664	GTM	3
5665	GAG	256728
5665	GAT	195
5665	GAA	9
5665	GAK	7
5665	GAC	4
5665	KAG	3
5665	GCG	3
5665	GAR	2
5666	TGT	256827
5666	TGC	42
5666	TAT	39
5666	TGY	9
5666	TKT	4
5667	TTT	256927
5667	YTT	8
5667	TTY	3
5667	TYT	3
5668	GAT	256843
5668	GGT	44
5668	AAT	17
5668	GAC	17
5668	KAT	5
5668	TAT	4
5668	GAG	2
5669	AAA	256920
5669	AGA	8
5669	GAA	6
5669	AAR	3
5669	WAA	2
5670	TTC	256900
5670	TTT	44
5670	YTC	5
5670	TTY	4
5670	TTA	3
5670	TYC	2
5671	AAA	256943
5671	AGA	3
5672	GTG	256163
5672	TTG	625
5672	GTT	100
5672	KTG	37
5672	GTK	7
5672	GTA	5
5672	GYG	3
5672	GTS	3
5672	GTC	3
5672	GCG	2
5673	AAT	256925
5673	GGT	6
5673	MAT	3
5673	AAC	2
5674	TCA	256664
5674	TTA	213
5674	TYA	11
5674	TCG	8
5674	TMA	2
5675	ACA	256787
5675	ATA	71
5675	AYA	11
5675	ACG	10
5675	GCA	4
5675	RCA	3
5676	TTA	256865
5676	CTA	10
5676	TTG	3
5677	GAA	256851
5677	GAG	28
5677	KAA	2
5678	CAG	256858
5678	CAT	16
5678	CAA	6
5678	AAG	5
5678	CAK	4
5679	TAT	256867
5679	TAC	5
5679	TGT	4
5680	GTC	256315
5680	GTT	251
5680	TTC	154
5680	GTY	35
5680	KTC	10
5680	GTG	7
5680	GTA	6
5681	TTT	256862
5681	TTC	10
5681	YTT	8
5682	TGT	256870
5682	TGC	20
5682	TKT	5
5683	ACT	256872
5683	ACA	6
5683	ACC	5
5684	GTA	256861
5684	GTG	9
5684	GCA	3
5684	ATA	2
5685	AAT	256880
5685	AAC	2
5686	GCA	256821
5686	TCA	16
5686	GYA	13
5686	GTA	10
5686	KCA	9
5686	GCR	3
5686	GCW	2
5686	GCG	2
5687	TTG	256877
5687	TTT	14
5687	CTA	6
5687	TTA	5
5687	TTK	3
5687	TWG	3
5687	CTG	2
5687	TTR	2
5688	CCT	256985
5688	TCT	66
5688	CCA	13
5688	CTT	8
5688	CCC	8
5688	YCT	3
5688	CYT	3
5688	CCY	3
5688	CCG	2
5688	CAT	2
5689	GAG	256971
5689	GAT	90
5689	GAK	15
5689	GAA	13
5689	KAG	2
5690	ACG	256863
5690	ACT	158
5690	ACA	41
5690	ATG	23
5690	ACK	12
5690	GCG	6
5690	RCG	5
5690	AYG	5
5690	AAG	2
5691	ACA	255104
5691	ACG	1929
5691	ACR	32
5691	ATA	29
5691	ACT	10
5691	AYA	6
5691	GCA	3
5691	RCA	3
5691	CCA	2
5692	GCA	256877
5692	GTA	159
5692	TCA	57
5692	GCT	13
5692	ACA	8
5692	GYA	6
5692	KCA	5
5692	GCG	2
5693	GAT	257090
5693	GGT	17
5693	GAC	11
5693	KAT	8
5693	GAG	4
5693	TAT	3
5693	GAK	3
5693	GRT	2
5694	ATA	257130
5694	GTA	10
5694	ATT	10
5694	ACA	5
5694	ATM	3
5695	GTT	257132
5695	TTT	11
5695	GTG	7
5695	STT	5
5695	GGT	3
5696	GTC	257117
5696	GTT	20
5696	GTY	6
5696	GCC	6
5696	GWC	5
5696	KTC	2
5697	TTT	257113
5697	CTT	25
5697	TTC	8
5698	GAT	257142
5698	GRT	3
5698	GAY	3
5699	GAA	257126
5699	RAA	7
5699	GAG	5
5700	ATT	257141
5700	ATA	6
5700	ATC	4
5700	ATG	2
5700	WTT	2
5701	TCA	257138
5701	TCG	5
5701	TYA	3
5701	YCA	2
5702	ATG	257068
5702	ATA	67
5702	ATK	5
5702	ATT	4
5702	AYG	4
5702	ATS	3
5703	GCC	256917
5703	GCT	159
5703	GTC	28
5703	ACC	19
5703	GCY	15
5703	GYC	6
5703	TCC	5
5703	KCC	4
5704	ACA	257079
5704	ACG	24
5704	ATA	22
5704	ACT	8
5704	AYA	6
5704	AMA	3
5705	AAT	257135
5705	AAY	3
5706	TAT	257131
5706	CAT	9
5706	YAY	3
5707	GAT	257136
5707	GAC	13
5707	RAT	5
5707	SAT	3
5707	KAT	2
5708	TTG	257139
5708	TTT	7
5708	TTA	6
5708	TTR	3
5708	ATG	2
5709	AGT	257227
5710	GTT	257233
5710	GTC	7
5710	GTA	4
5710	GYT	4
5711	GTC	257235
5711	GTT	18
5711	GTY	4
5711	ATC	3
5712	AAT	257232
5712	ACT	11
5712	AGT	4
5712	AAC	4
5712	AAY	2
5713	GCC	257130
5713	GCT	73
5713	ACC	12
5713	GTC	10
5713	GCY	8
5713	GYC	7
5714	AGA	257218
5714	AGG	21
5714	GGA	6
5714	AKA	2
5715	TTA	257315
5715	CTA	38
5715	TTG	2
5716	CGT	256711
5716	TGT	539
5716	YGT	45
5716	AGT	19
5716	CTT	11
5716	AGG	6
5716	CGC	5
5716	CAT	3
5717	GCT	257335
5717	GCA	6
5717	GCC	5
5717	GTT	4
5717	KCT	3
5717	GYT	3
5718	AAG	257310
5718	AAA	45
5718	AAT	6
5718	AAR	5
5718	ARG	3
5718	AAS	3
5719	CAC	257349
5719	CAT	15
5719	CAY	6
5719	CAA	2
5720	TAT	257329
5720	TGT	20
5720	TRT	8
5720	YAT	3
5721	GTG	256974
5721	GTT	347
5721	GTK	15
5721	GCG	15
5721	GTA	15
5721	KTG	3
5721	GTS	2
5721	GKG	2
5722	TAC	257278
5722	TGC	34
5722	TAT	29
5722	TAY	12
5722	YAC	4
5723	ATT	257107
5723	GTT	21
5723	ATA	9
5724	GGC	257085
5724	GGT	27
5724	GGY	5
5724	GGG	2
5725	GAC	256998
5725	GAT	90
5725	GAY	19
5725	KAC	3
5726	CCT	256918
5726	TCT	53
5726	YCT	30
5726	CYT	7
5726	CTT	7
5726	CCC	5
5726	CCY	4
5726	CCA	3
5726	CST	3
5727	GCT	256902
5727	TCT	48
5727	GTT	19
5727	KCT	16
5727	GAT	12
5727	GYT	9
5727	GCA	7
5727	GCC	4
5727	ACT	3
5727	GCY	2
5728	CAA	256788
5728	CAG	7
5728	CMA	4
5728	YAA	3
5729	TTA	256732
5729	CTA	15
5729	TTG	6
5730	CCT	255875
5730	CCA	17
5730	CYT	10
5730	YCT	9
5730	CCC	9
5730	CCY	8
5730	CMT	7
5731	GCA	255917
5731	GTA	13
5731	KCA	10
5731	GYA	10
5731	GCG	4
5731	RCA	3
5731	GMA	3
5732	CCA	255903
5732	YCA	11
5732	CCG	9
5732	CCR	6
5732	CSA	3
5732	CCT	3
5732	ACA	3
5732	CCM	3
5733	CGC	255868
5733	CGT	29
5733	CGY	9
5733	CSC	7
5733	CRC	7
5733	CKC	6
5733	YGC	4
5733	MGM	2
5734	ACA	255895
5734	AYA	7
5734	ACG	7
5734	AMA	3
5734	RCA	3
5734	MCA	3
5734	ATA	2
5735	TTG	255921
5735	TYG	7
5735	TTA	4
5735	YTG	4
5735	TKG	3
5735	TTR	3
5735	TTK	2
5736	CTA	255737
5736	TTA	186
5736	YTA	7
5736	CTG	7
5736	CTC	6
5736	CTR	3
5736	CKA	3
5736	CYA	2
5737	ACT	255833
5737	ATT	83
5737	AYT	13
5737	GCT	8
5737	AMT	6
5737	ACC	4
5737	AST	3
5737	ACK	3
5738	AAG	255928
5738	AAA	13
5738	ARG	4
5738	AAK	3
5738	AWG	3
5739	GGC	255873
5739	KGC	49
5739	TGC	8
5739	GGT	6
5739	AGC	4
5739	GRC	3
5739	GGA	2
5740	ACA	255850
5740	GCA	49
5740	ATA	35
5740	ACT	6
5740	ACG	4
5740	AYA	3
5740	ACR	3
5741	CTA	255935
5741	TTA	17
5741	CWA	6
5741	CTW	4
5741	CTG	3
5741	CTM	3
5741	MTA	3
5741	CYA	3
5741	CCA	2
5741	YTA	2
5742	GAA	255941
5742	KAA	10
5742	RAA	7
5742	AAA	6
5742	SAA	3
5742	GAG	2
5742	GCA	2
5742	GAR	2
5743	CCA	255827
5743	TCA	83
5743	CYA	18
5743	YCA	13
5743	CCT	8
5743	CCW	4
5743	CCG	4
5743	MCA	3
5744	GAA	255920
5744	GAG	10
5744	RAA	7
5744	GWA	4
5744	GMA	3
5744	GAM	3
5744	GRA	3
5744	GAR	3
5744	GCA	2
5745	TAT	255881
5745	CAT	19
5745	TAC	13
5745	YAT	5
5745	WAT	3
5745	TAW	3
5745	TWT	2
5745	TGT	2
5746	TTC	255692
5746	TTT	176
5746	TTY	27
5746	YTC	9
5746	TTM	5
5746	WTC	3
5746	TWC	3
5746	TYC	3
5747	AAT	255897
5747	WAT	6
5747	AWT	3
5747	AAY	3
5747	AAC	2
5748	TCA	255877
5748	TCT	7
5748	TYA	6
5748	ACA	3
5748	KCA	3
5748	TCR	3
5748	YCA	3
5749	GTG	255858
5749	GTR	11
5749	GTT	6
5749	TTG	5
5749	KTG	5
5749	STG	3
5749	KTK	3
5749	GCG	2
5750	TGT	255904
5750	TGC	9
5750	TKT	9
5750	TCT	5
5750	TRT	3
5750	YGT	3
5750	KGT	3
5751	AGA	255916
5751	AAA	8
5751	AKA	5
5751	ATA	5
5751	AKM	3
5752	CTT	255491
5752	TTT	342
5752	YTT	47
5752	TTA	6
5752	CYT	6
5752	CTC	4
5752	CTY	3
5753	ATG	255772
5753	ATT	73
5753	ATR	16
5753	GTG	11
5753	ATK	11
5753	RTG	3
5753	ATC	3
5753	AYG	3
5754	AAA	255896
5754	AAM	6
5754	RAA	3
5755	ACT	255843
5755	ATT	33
5755	AYT	11
5755	AAT	5
5755	RCT	3
5755	GCT	2
5755	AMT	2
5755	ACC	2
5756	ATA	255440
5756	ACA	27
5756	WTA	6
5756	ATR	4
5756	RTA	3
5757	GGT	255456
5757	RGT	6
5757	SGT	3
5758	CCA	255427
5758	CCT	28
5758	YCA	16
5758	CYA	7
5758	CCG	4
5758	CMA	3
5758	TCA	3
5759	GAC	255458
5759	GAT	18
5759	KAC	4
5759	TAC	3
5759	GAY	3
5759	AAC	3
5760	ATG	255390
5760	RTG	22
5760	AWG	14
5760	GTG	9
5760	ATT	9
5760	ATR	4
5760	ATS	3
5761	TTC	255396
5761	CTC	31
5761	TTT	11
5761	KTC	2
5762	CTC	254988
5762	CTT	384
5762	CTY	41
5762	CKM	14
5762	YTC	7
5762	TTA	5
5762	STC	3
5762	CTS	3
5762	CYC	3
5762	ATC	3
5763	GGA	255360
5763	AGA	12
5763	GGR	6
5763	GGT	6
5763	KGA	6
5763	GGG	4
5763	GAA	4
5763	GTA	4
5763	GGC	3
5763	GKA	2
5763	RGA	2
5764	ACT	255229
5764	ACC	26
5764	ACW	19
5764	ATT	7
5764	AYT	5
5764	AMT	5
5764	ACY	4
5764	WCT	3
5764	ACG	3
5764	RCT	3
5765	TGT	255294
5765	TKT	4
5765	YGT	3
5765	TGC	3
5765	AGT	2
5765	GGT	2
5765	TST	2
5766	CGG	255051
5766	CAG	84
5766	CGT	82
5766	CGK	28
5766	CKG	22
5766	CRG	8
5766	CGA	8
5766	AGA	6
5766	CTG	6
5766	AGG	6
5766	YKG	3
5766	YGG	3
5766	CGS	3
5766	MGG	2
5767	CGT	255252
5767	CGC	20
5767	CKT	13
5767	YGT	13
5767	AGA	6
5767	CGY	5
5767	MRT	3
5768	TGT	255262
5768	TGC	31
5768	YGT	6
5768	TKT	3
5768	TAT	2
5769	CCT	255291
5769	TCT	30
5769	MCT	2
5769	CCY	2
5770	GCT	254777
5770	TCT	313
5770	GTT	40
5770	GYT	22
5770	GCC	17
5770	KCT	8
5770	GAT	6
5770	RCT	6
5770	GCA	5
5770	GCG	3
5770	GST	3
5770	SCT	3
5770	ACT	2
5771	GAA	255160
5771	RAA	6
5771	GWA	4
5772	ATT	255152
5772	ATA	13
5772	ATY	4
5772	WTT	4
5772	AWT	3
5772	AYT	3
5772	AWW	2
5772	ATC	2
5773	GTT	255154
5773	GTC	8
5773	RTT	5
5773	GAT	3
5773	KTT	2
5773	GTY	2
5773	ATT	2
5774	GAC	255122
5774	GAT	25
5774	GAY	16
5774	TAC	7
5774	GWC	6
5774	GGC	3
5774	GTC	3
5774	SAC	2
5775	ACT	255150
5775	ACC	11
5775	ATT	8
5775	ACA	6
5776	GTG	255028
5776	GTT	60
5776	TTG	41
5776	GTA	13
5776	GTK	8
5776	KTG	5
5776	ATG	5
5776	GYG	4
5776	GWG	4
5777	AGT	255146
5777	AKT	3
5777	AGY	2
5778	GCT	255115
5778	GTT	9
5778	GCY	7
5778	GYT	5
5778	GCC	4
5779	TTG	255094
5779	TTA	14
5779	CTA	11
5779	TCG	9
5779	TTT	4
5779	TTS	3
5779	TTK	3
5779	TYG	3
5779	YTG	2
5779	TTR	2
5780	GTT	255108
5780	GTY	9
5780	GWT	4
5780	GKT	4
5780	TTT	4
5780	GCT	4
5780	GTC	3
5781	TAT	255135
5781	TAC	15
5782	GAT	255060
5782	TAT	29
5782	GAC	11
5782	GWT	7
5782	SAT	6
5782	RAT	3
5782	GCT	3
5782	KAT	2
5782	GGT	2
5783	AAT	255108
5783	GAT	12
5783	RAT	7
5783	AMT	3
5783	AAY	2
5784	AAG	254759
5784	AGG	334
5784	AAA	12
5784	GAG	10
5784	ARG	9
5784	AAT	8
5785	CTT	255157
5785	CTG	8
5785	YTT	4
5785	CTC	4
5785	CYT	3
5785	CAT	3
5785	CTW	2
5786	AAA	255155
5786	AAG	9
5786	AGA	6
5786	AAR	5
5787	GCA	255195
5787	GCR	17
5787	ACA	8
5787	GCT	6
5787	GMA	3
5787	GYA	3
5787	SCA	3
5788	CAT	255202
5788	TAT	11
5788	YAT	6
5788	CAC	6
5788	CAW	6
5788	MAT	3
5788	CRT	2
5789	AAA	255232
5789	AAR	6
5789	AAG	5
5789	AAM	3
5789	AWA	3
5790	GAC	255056
5790	GAT	63
5790	TAC	42
5790	GAA	23
5790	AAC	20
5790	RAC	17
5790	GAY	7
5790	GAM	5
5790	KAC	4
5791	AAA	255098
5791	AAG	103
5791	AGA	12
5791	AAT	4
5791	RAA	3
5792	TCA	253968
5792	TTA	1215
5792	TYA	20
5792	YCA	9
5793	GCT	255141
5793	GTT	10
5793	GCA	9
5793	ACT	7
5793	CAA	6
5793	GCC	6
5793	RCT	5
5793	TCT	4
5793	KCT	4
5793	GCK	3
5793	GAT	2
5794	CAA	255168
5794	YAA	11
5794	CTA	8
5794	CAG	7
5794	MAA	6
5794	CGA	5
5794	YAW	3
5794	AAA	3
5794	CAR	3
5794	CAW	3
5794	GAA	2
5795	TGC	255069
5795	TGT	126
5795	TGY	13
5795	TKC	5
5795	AGC	3
5795	YGC	3
5795	TRC	3
5796	TTT	255200
5796	TTW	5
5796	TTK	4
5796	ATA	3
5796	YTT	3
5796	TTY	3
5796	TTC	2
5797	AAA	255187
5797	WAA	10
5797	AAR	6
5797	AGA	4
5797	AWA	3
5797	ADA	3
5797	RAA	3
5798	ATG	255082
5798	ATT	100
5798	GTG	9
5798	ATK	9
5798	AYG	4
5798	AKG	3
5799	TTT	255186
5799	GTT	11
5799	TYT	7
5799	TTG	3
5799	CTT	3
5799	YTT	2
5799	KTT	2
5800	TAT	255204
5800	TAC	12
5800	TAY	6
5800	YAT	4
5800	TRT	3
5801	AAG	255172
5801	AAR	13
5801	AAA	8
5801	AAT	6
5801	AGG	4
5801	AWG	4
5801	AAK	4
5801	ARG	2
5802	GGT	255089
5802	KGT	89
5802	GKT	8
5802	SGT	4
5802	RGT	3
5802	GGK	3
5802	KKT	2
5802	GGY	2
5803	GTT	254986
5803	TTT	81
5803	KTT	78
5803	GTC	33
5803	ATT	10
5803	GYT	4
5803	GCT	4
5803	GTA	3
5803	RTT	2
5804	ATC	254619
5804	ATT	270
5804	AYC	224
5804	ATY	31
5804	WTC	13
5804	ATA	6
5804	AKC	6
5804	GTC	5
5804	ATM	3
5804	ACC	2
5805	ACG	254478
5805	ATG	613
5805	ACT	71
5805	AYG	55
5805	ACA	30
5805	ACK	8
5805	ACR	4
5805	RCG	2
5806	CAT	255265
5806	CAC	7
5806	CRT	6
5806	YAT	4
5806	TAT	3
5806	CAY	3
5807	GAT	255306
5807	KAT	5
5807	GAA	3
5807	SAT	2
5808	GTT	255173
5808	GTC	100
5808	TTT	28
5808	GCT	22
5808	GTY	12
5808	KTT	11
5808	GYT	7
5808	ATT	3
5808	GTG	2
5809	TCA	254954
5809	TTA	351
5809	TYA	37
5809	TCG	16
5809	TSA	3
5809	KMA	3
5810	TCT	255332
5810	TCC	17
5810	KCT	9
5810	TYT	3
5811	GCA	255347
5811	GCG	18
5811	GCD	11
5811	GCT	8
5812	ATT	255513
5812	ATA	7
5812	MTT	5
5812	ATC	3
5812	RTT	2
5813	AAC	255574
5813	AAT	15
5813	AAY	4
5813	AWC	3
5814	AGG	255590
5814	RGG	16
5814	AGA	16
5814	AKG	5
5814	AGK	4
5814	AGS	3
5814	AGR	3
5814	ATG	2
5815	CCA	255607
5815	TCA	17
5815	CCT	13
5815	CCG	8
5815	YCA	5
5815	CMA	3
5815	CCR	2
5815	CYA	2
5816	CAA	255641
5816	CAG	8
5816	YAA	8
5816	MAA	3
5817	ATA	255611
5817	ATT	37
5817	GTA	11
5817	RTA	9
5817	MTA	3
5817	ATM	3
5817	ATG	2
5818	GGC	255594
5818	KGC	43
5818	GGT	23
5818	GGY	6
5818	RGC	3
5818	GGA	3
5819	GTG	255238
5819	GTT	334
5819	GTK	23
5819	GTA	23
5819	GTS	3
5819	GCG	2
5819	KTG	2
5819	GTR	2
5820	GTA	255508
5820	TTA	69
5820	KTA	23
5820	ATA	10
5820	GTT	5
5820	RTA	4
5820	GYA	3
5820	GTR	3
5820	GTG	2
5821	AGA	255584
5821	ATA	32
5821	AKA	23
5821	CGA	4
5821	AGG	3
5821	GGA	2
5822	GAA	255598
5822	GAG	8
5822	KAA	4
5822	SAA	3
5823	TTC	255460
5823	TTT	117
5823	TTY	26
5823	CTC	12
5823	YTC	2
5824	CTT	255563
5824	TTT	22
5824	TCT	9
5824	YTT	7
5824	GTT	6
5824	CTA	5
5824	YYT	4
5824	CYT	4
5824	MTT	2
5824	CTC	2
5825	ACA	254614
5825	ATA	40
5825	AYA	16
5825	ACR	5
5825	ACC	4
5825	ASA	4
5825	AAA	3
5825	ACW	3
5825	ACG	2
5826	CGT	254590
5826	CGC	38
5826	TGT	8
5826	CTT	6
5826	CKT	5
5826	YGT	4
5826	CRT	3
5826	CGA	2
5827	AAC	254464
5827	AAT	150
5827	AAY	21
5827	AGC	6
5827	AAA	5
5827	AMC	3
5827	CAC	3
5827	ARC	2
5828	CCT	248385
5828	CTT	5627
5828	TCT	194
5828	CYT	161
5828	YCT	37
5828	CCG	9
5828	CAT	8
5828	CCC	4
5828	CCW	3
5828	ACT	3
5828	CCA	2
5828	CMT	2
5829	GCT	254069
5829	GTT	179
5829	GCG	56
5829	TCT	32
5829	KCT	11
5829	GYT	11
5829	ACT	7
5829	GCC	6
5829	GCY	2
5830	TGG	253570
5830	TGK	50
5830	TGS	7
5830	TRG	7
5830	TSG	6
5830	ACT	2
5830	TGT	2
5831	AGA	253395
5831	ARA	29
5831	AAA	14
5831	AGG	13
5831	GGA	13
5831	AGR	5
5831	AGM	3
5831	AGW	2
5831	CGA	2
5832	AAA	253453
5832	AGA	21
5832	AAG	12
5832	AWA	5
5832	AAM	3
5832	RAA	3
5832	AAR	2
5833	GCT	253326
5833	GTT	90
5833	GCC	14
5833	GYT	9
5833	TCT	9
5833	ACT	4
5833	KCT	4
5833	GCW	3
5833	GCY	2
5833	GCA	2
5834	GTC	253580
5834	GTT	330
5834	GTY	32
5834	GTA	14
5834	GTG	6
5834	KTC	2
5835	TTT	254052
5835	TTC	11
5835	TYT	6
5835	TCT	3
5835	YTT	2
5836	ATT	254071
5836	ATC	24
5836	GTT	11
5836	WTT	4
5836	ATY	2
5836	RTT	2
5837	TCA	254090
5837	ACA	13
5837	YCA	9
5837	TCT	6
5837	TCW	3
5837	WCA	2
5838	CCT	254179
5838	CCA	7
5838	YCT	3
5838	CCW	3
5839	TAT	254643
5839	TAC	22
5839	TAY	4
5839	YAT	4
5839	TWT	3
5840	AAT	254714
5840	AAY	4
5840	RAT	3
5840	AWT	3
5840	AAC	2
5841	TCA	254722
5841	WCA	5
5841	TCT	3
5841	TCW	2
5842	CAG	254526
5842	CAT	216
5842	CAK	9
5842	CAA	6
5842	CAR	3
5842	YAG	3
5843	AAT	254807
5843	MAT	3
5843	AAC	2
5844	GCT	254794
5844	GTT	25
5844	GYT	14
5844	GCG	10
5844	TCT	7
5844	GCY	6
5844	KCT	3
5844	GCK	3
5845	GTA	254728
5845	GTG	113
5845	GTR	22
5845	GTT	6
5845	KTA	2
5845	GTW	2
5846	GCC	254825
5846	GCT	15
5846	GYC	10
5846	GCG	7
5846	GCA	6
5846	SCC	3
5846	RCC	3
5846	GCM	2
5847	TCA	254861
5847	TCT	10
5847	GCA	8
5847	GCC	6
5847	TCG	5
5847	TYA	5
5847	CCA	3
5847	TCR	2
5848	AAG	254786
5848	AAT	140
5848	AAA	18
5848	AAK	9
5848	ARG	5
5848	AAC	4
5848	AWG	3
5849	ATT	254944
5849	ATC	9
5849	RTT	6
5849	ATA	6
5849	GTT	3
5850	TTG	254924
5850	TTT	65
5850	TTA	8
5850	TKG	7
5850	YTG	4
5850	TCG	4
5850	TTK	4
5851	GGA	254976
5851	AGA	18
5851	RGA	7
5851	GGT	6
5851	GGG	5
5851	GKA	5
5852	CTA	255015
5852	TTA	15
5852	CTM	3
5852	YTA	2
5852	ATA	2
5853	CCA	254920
5853	CTA	109
5853	CYA	20
5853	TCA	7
5853	YCA	5
5853	CCG	3
5853	CCW	3
5853	CCC	3
5853	CGA	2
5854	ACT	255055
5854	ATT	58
5854	AYT	9
5854	ACC	7
5854	ACA	7
5854	ACY	2
5855	CAA	255097
5855	CAT	17
5855	YAA	9
5855	CAG	7
5855	MAA	5
5855	AAA	3
5855	CGA	3
5856	ACT	255014
5856	AYT	15
5856	ACY	4
5856	ACC	3
5856	RCT	3
5856	MCT	2
5857	GTT	254959
5857	GTC	81
5857	GTG	9
5857	GTY	8
5857	KTT	3
5857	GTA	2
5858	GAT	255054
5858	GAC	11
5858	GAY	5
5858	GWT	3
5858	GAK	3
5858	GRT	3
5858	KAT	3
5859	TCA	255076
5859	TYA	13
5859	TCG	7
5860	TCA	255054
5860	TCG	13
5860	TCW	3
5860	WCA	3
5860	YCA	2
5860	TYA	2
5861	CAG	254924
5861	CAA	15
5861	YAG	10
5861	CAK	3
5861	TAG	2
5861	CAR	2
5862	GGC	253285
5862	GGT	1379
5862	KKC	174
5862	KGC	88
5862	GGY	28
5862	GKC	25
5862	TGC	10
5862	BKC	8
5863	TCA	254753
5863	TCT	13
5863	TYA	7
5863	WCA	4
5863	TTA	3
5863	TCG	3
5863	YCA	2
5864	GAA	254861
5864	GAG	9
5864	GWA	5
5865	TAT	248998
5865	TGT	5722
5865	TAC	30
5865	TRT	13
5865	TAY	3
5865	TAK	3
5865	TWT	2
5866	GAC	254755
5866	GGC	9
5866	GAT	6
5866	AAC	3
5866	RAC	2
5866	GRC	2
5867	TAT	254555
5867	TGT	46
5867	WWW	36
5867	TAC	12
5867	CAT	9
5867	YAT	3
5867	TWT	2
5867	WAT	2
5867	TAW	2
5868	GTC	254699
5868	GYC	10
5868	KTC	4
5868	ATC	3
5868	STC	2
5869	ATA	254674
5869	GTA	10
5869	ATG	10
5869	ATR	4
5869	ATT	2
5870	TTC	254647
5870	TTT	10
5870	KTC	4
5870	TCT	3
5870	TTY	3
5870	YTC	3
5870	CTC	2
5871	ACT	254478
5871	ACC	124
5871	ATT	17
5871	AYT	17
5871	ACG	7
5871	ACA	6
5871	RCT	3
5871	ACY	2
5872	CAA	254608
5872	MAA	4
5872	CAR	4
5872	CAG	3
5872	CAW	3
5872	YAA	2
5873	ACC	254537
5873	ACT	31
5873	ACA	8
5873	ACY	7
5873	AYC	6
5873	TCC	3
5874	ACT	254629
5874	GCT	29
5874	RCT	21
5874	AYT	6
5874	ACC	5
5874	ACW	3
5874	ACA	3
5874	ACY	2
5875	GAA	254657
5875	RAA	11
5875	AAA	4
5875	GAR	4
5875	GRR	3
5875	GAG	2
5876	ACA	254545
5876	ACG	17
5876	ACT	9
5876	AYA	6
5876	ACC	3
5876	ACW	3
5876	AMA	3
5877	GCT	254482
5877	TCT	32
5877	GTT	28
5877	GCA	7
5877	GYT	6
5877	GCC	4
5877	GCY	4
5877	KCT	3
5878	CAC	254499
5878	CAT	86
5878	CAY	12
5878	YAC	6
5879	TCT	254655
5879	TCY	5
5879	WCT	3
5880	TGT	254694
5880	TGW	4
5880	YGT	3
5881	AAT	254707
5881	AAC	6
5881	AAY	3
5881	ART	2
5882	GTA	254667
5882	GTT	14
5882	TTA	5
5882	RTA	2
5883	AAC	254648
5883	AAT	39
5883	AAY	7
5883	AWC	2
5884	AGA	254608
5884	AKA	21
5884	AGG	17
5884	CGC	7
5884	AGR	4
5885	TTT	254659
5885	TTC	11
5886	AAT	254674
5886	AAC	5
5887	GTT	254624
5887	GTG	7
5887	KTT	3
5887	GTY	2
5888	GCT	254613
5888	GCC	23
5888	KCT	3
5888	SCT	3
5889	ATT	254656
5889	GTT	6
5890	ACC	254511
5890	ACT	73
5890	ACA	54
5890	ACM	3
5890	ACY	2
5890	AYC	2
5891	AGA	254569
5891	AKA	4
5891	ATA	3
5891	AGG	3
5892	GCA	254436
5892	GTA	54
5892	ACA	16
5892	GCG	9
5892	GYA	9
5892	GCR	4
5892	KCA	3
5892	SCA	3
5892	GCW	3
5892	GCT	2
5892	GMA	2
5893	AAA	254515
5893	AAR	31
5893	AAG	12
5893	GAA	5
5894	GTA	254252
5894	TTA	228
5894	ATA	18
5894	KTA	9
5894	ATT	7
5894	GYA	3
5894	GWA	2
5895	GGC	254495
5895	GGT	22
5895	GGY	11
5895	KGC	3
5895	GKC	3
5895	TGC	2
5896	ATA	254512
5896	AYA	4
5896	TTA	2
5897	CTT	254441
5897	CTW	8
5897	CTC	8
5897	YTT	5
5897	CTY	4
5897	CYT	2
5897	TTT	2
5898	TGC	254461
5898	TGT	7
5898	TSC	5
5898	TGY	5
5898	YGC	3
5899	ATA	254405
5899	ATG	13
5899	GTA	8
5899	AYA	6
5899	ATR	3
5899	CTA	3
5899	ATT	2
5900	ATG	254265
5900	ATT	118
5900	ATA	43
5900	ATK	14
5900	ATS	4
5900	AWG	3
5900	AYG	3
5900	RTG	2
5900	GTG	2
5901	TCT	254367
5901	TYT	12
5901	TCA	6
5901	TTT	4
5901	YCT	4
5902	GAT	254524
5902	GGT	9
5902	GAW	5
5902	GAC	5
5902	RAW	3
5903	AGA	254449
5903	ATA	6
5903	AAA	4
5903	AGR	3
5903	ASA	2
5903	RGA	2
5904	GAC	254878
5904	GAT	36
5904	TAC	12
5904	GMC	5
5904	RAC	4
5904	KAC	3
5904	GAY	2
5905	CTT	255633
5905	TTT	257
5905	YTT	36
5905	CYT	11
5905	ATT	6
5905	CTC	2
5906	TAT	255987
5906	TAC	3
5906	TAY	3
5907	GAC	255962
5907	GAT	26
5907	GAY	6
5907	GCC	2
5908	AAG	255952
5908	AAA	16
5908	AAT	11
5908	GAG	8
5908	AGG	2
5909	TTG	255988
5909	TTA	6
5909	CTG	5
5909	TWG	3
5909	TKG	3
5910	CAA	255984
5910	CAG	8
5910	CAW	5
5910	CGA	4
5910	AAA	3
5911	TTT	256908
5911	CTT	6
5911	WTT	6
5911	TTY	6
5911	TTC	2
5912	ACA	256631
5912	ATA	232
5912	AYA	33
5912	ACG	3
5912	ACM	2
5912	GCA	2
5913	AGT	256737
5913	AAT	143
5913	AGC	8
5913	ATT	8
5913	AKT	6
5913	CGT	4
5913	AST	3
5913	TGT	3
5913	GGT	2
5913	RGT	2
5914	CTT	256900
5914	CTG	10
5914	CTW	4
5914	CTY	4
5914	TTT	3
5914	CTA	2
5914	CYT	2
5915	GAA	256882
5915	RAA	14
5915	GAG	7
5915	AAA	5
5915	GAR	4
5915	GGA	3
5915	KAA	3
5915	GAC	3
5915	GWA	2
5915	GRA	2
5916	ATT	256898
5916	ATC	11
5916	GTT	10
5916	ATY	3
5916	RTT	2
5917	CCA	256919
5917	CCG	7
5917	MCA	5
5917	CCW	2
5918	CGT	256894
5918	CKT	22
5918	CST	4
5918	CGC	2
5918	YGT	2
5919	AGG	256821
5919	AAG	19
5919	AGR	14
5919	AKG	11
5919	AGK	9
5919	AGA	8
5919	CGA	6
5919	ATG	6
5919	AKR	5
5919	AGD	3
5919	AGT	2
5919	GGG	2
5919	ASG	2
5920	AAT	256905
5920	AAC	12
5920	MAT	4
5920	AAA	3
5920	ART	2
5921	GTG	256882
5921	GTT	15
5921	GTK	10
5921	TTG	10
5921	GCG	10
5921	ATG	4
5921	GTA	4
5921	KTG	3
5921	RTG	2
5922	GCA	254561
5922	TCA	1976
5922	GTA	288
5922	KCA	32
5922	GYA	26
5922	TCG	21
5922	ACA	5
5922	GCR	3
5922	RCA	2
5923	ACT	256439
5923	ATT	402
5923	AYT	24
5923	ACC	12
5923	ACY	6
5923	AAT	5
5924	TTA	256891
5924	TYA	13
5924	TTG	5
5924	TTR	2
5924	YTA	2
5925	CAA	256330
5925	CAR	5
5925	YAA	4
5925	CAW	2
5925	MAA	2
5926	GCT	256239
5926	TCT	55
5926	GCA	10
5926	KCT	7
5926	GYT	6
5926	GCC	5
5926	GCG	5
5926	GCY	5
5927	GAA	256307
5927	RAA	8
5928	AAT	256321
5928	AAC	11
5928	ACT	6
5928	CAT	3
5928	AGT	2
5929	GTA	256316
5929	KTA	8
5929	GTM	4
5929	ATA	4
5929	GYA	4
5929	TTA	2
5930	ACA	256282
5930	ATA	8
5930	GCA	6
5930	AYA	2
5931	GGA	256039
5931	GKA	70
5931	AGA	17
5931	GGG	9
5932	CTC	249553
5932	CTT	6438
5932	CTA	54
5932	CTY	41
5932	CYC	5
5932	CWC	3
5932	YTC	2
5933	TTT	256042
5933	TTY	5
5933	TTW	4
5933	YTT	3
5934	AAA	256106
5934	AAG	8
5934	WAA	6
5934	AAR	5
5935	GAT	256111
5935	GAY	4
5935	KAT	3
5935	SAT	2
5936	TGT	256117
5936	TKT	5
5937	AGT	256117
5937	AKT	7
5937	AGC	7
5937	AGY	3
5937	ART	2
5938	AAG	256072
5938	AAA	25
5938	AAT	9
5938	AGG	8
5938	AAK	7
5938	AAR	4
5939	GTA	256055
5939	TTA	22
5939	GTG	11
5939	KTA	10
5939	ATA	9
5939	GTT	6
5939	GWA	5
5940	ATC	255967
5940	ACC	71
5940	GTC	45
5940	ATT	26
5940	AYC	8
5940	ATY	5
5940	AAC	2
5940	ATA	2
5941	ACT	255692
5941	ATT	344
5941	AYT	28
5941	AAT	28
5941	GCT	11
5941	ACA	8
5941	ACG	3
5941	ACC	2
5942	GGG	256030
5942	GGA	45
5942	TGG	11
5942	GKG	11
5942	KGG	9
5942	GGT	7
5942	GSG	5
5942	AGG	3
5942	GGC	3
5942	SGG	3
5943	TTA	256124
5943	TTG	8
5943	KTA	3
5944	CAT	256117
5944	CAC	32
5944	CAY	7
5945	CCT	256090
5945	CCC	21
5945	CCA	11
5945	CYT	8
5945	CCY	4
5945	YCT	2
5946	ACA	256115
5946	ACG	23
5946	AYA	5
5946	GCA	3
5946	ACC	2
5947	CAG	255687
5947	CAT	302
5947	CAC	97
5947	CAA	20
5947	CAK	14
5947	YAG	4
5947	YAK	3
5947	CAR	2
5947	CAS	2
5948	GCA	256108
5948	TCA	50
5948	GCG	18
5948	KCA	10
5948	GYA	6
5948	GCR	2
5949	CCT	256111
5949	ACT	29
5949	CTT	24
5949	CCA	10
5949	YCT	7
5949	CCC	5
5949	CMY	3
5949	TCT	3
5950	ACA	256182
5950	AYA	20
5950	ACG	7
5950	ACT	6
5950	ACR	3
5950	ATA	2
5951	CAC	255938
5951	TAC	246
5951	YAC	17
5951	CAT	14
5951	CMC	3
5952	CTC	256048
5952	CTT	18
5952	TTC	7
5952	CGC	5
5952	CTY	4
5952	SYC	3
5952	ATC	3
5952	YTC	2
5952	ATA	2
5953	AGT	256019
5953	GGT	14
5953	AGC	14
5953	ATT	3
5953	MGT	3
5953	AKT	2
5954	GTT	256063
5954	GTC	7
5954	GTA	4
5954	KTT	4
5954	STT	3
5955	GAC	255699
5955	GAT	323
5955	GAY	13
5955	KAC	4
5955	GAM	2
5956	ACT	255761
5956	ATT	220
5956	ACC	25
5956	AYT	20
5956	ACA	9
5956	ACY	6
5956	ACW	4
5956	WCT	2
5957	AAA	256033
5957	AAW	3
5957	WAA	3
5957	AGA	3
5957	MAA	3
5958	TTC	255870
5958	TTM	43
5958	TTT	25
5958	TTY	4
5958	TTA	3
5958	TGC	3
5958	WTC	2
5959	AAA	255931
5959	AAG	91
5959	AGA	15
5959	GAA	4
5960	ACT	255876
5960	ACC	178
5960	AYT	5
5960	ACY	3
5960	ACA	2
5961	GAA	256033
5961	GAG	16
5961	GTA	3
5961	GRA	3
5961	GAT	2
5961	GWA	2
5961	KAA	2
5961	GGA	2
5962	GGT	255904
5962	GTT	105
5962	TGT	24
5962	GKT	13
5962	KGT	4
5962	AGT	4
5962	GGC	3
5962	GGK	2
5962	RGT	2
5963	TTA	256042
5963	TTG	43
5963	CTA	9
5963	TTR	2
5964	TGT	256215
5964	TTT	16
5964	YGT	4
5964	TKT	4
5964	TRT	3
5964	KGT	3
5964	TGY	2
5965	GTT	256300
5965	GTC	12
5965	GTG	4
5965	KTT	3
5965	GKK	3
5965	GCT	2
5966	GAC	256317
5966	GAT	13
5966	AAC	9
5966	KAC	2
5966	GAY	2
5967	ATA	256333
5967	ACA	5
5967	GTA	3
5967	TTA	3
5967	ATG	2
5968	CCT	256061
5968	CTT	163
5968	TCT	73
5968	CCA	13
5968	CYT	10
5968	YCT	8
5968	CCC	6
5968	CAT	5
5968	CCG	2
5968	MCT	2
5969	GGC	256143
5969	GGT	52
5969	GKC	51
5969	AGC	29
5969	GGA	23
5969	TGC	13
5969	GTC	11
5969	KGC	10
5969	GGY	5
5969	RGC	4
5969	GAC	4
5970	ATA	256302
5970	ATG	13
5970	ACA	10
5970	ATR	5
5970	WTA	3
5970	AAA	3
5970	AYA	3
5970	ATW	2
5970	RTA	2
5970	TTA	2
5971	CCT	256212
5971	TCT	66
5971	CTT	59
5971	YCT	21
5971	CCC	13
5971	CYT	12
5971	CCA	6
5971	CCW	3
5971	CCY	2
5972	AAG	256352
5972	AAA	25
5972	AGG	12
5972	AAT	4
5972	AAR	4
5973	GAC	256375
5973	AAC	13
5973	GAT	11
5973	GAY	4
5973	KAC	2
5973	TAC	2
5974	ATG	256156
5974	ATT	174
5974	GTG	31
5974	ATK	7
5974	ACG	5
5974	TTG	3
5974	MTG	3
5974	RTG	3
5974	ATC	2
5974	ATS	2
5974	AAG	2
5975	ACC	256336
5975	ACT	40
5975	GCC	8
5975	ACA	6
5975	AYC	5
5975	ACY	4
5975	TCC	4
5975	WCC	3
5975	RCC	3
5976	TAT	256419
5976	KAT	3
5976	TRT	2
5977	AGA	256382
5977	AGG	16
5977	AKA	8
5977	AAA	7
5977	CTA	3
5977	ASA	2
5978	AGA	256369
5978	ARA	14
5978	RGA	10
5978	CGA	2
5979	CTC	256382
5979	CTT	4
5979	CYC	4
5979	TTC	3
5979	ATC	3
5979	MTC	2
5980	ATC	256323
5980	ATT	32
5980	ACC	24
5980	GTC	6
5980	ATA	4
5980	ATM	2
5981	TCT	256380
5981	TCC	10
5981	TYT	9
5981	TST	2
5981	TTT	2
5982	ATG	256370
5982	ATT	22
5982	ACG	6
5982	MTG	4
5982	ATK	3
5983	ATG	256295
5983	ATT	66
5983	CTG	20
5983	ATK	6
5984	GGT	256328
5984	AGT	24
5984	RGT	7
5984	GKT	6
5984	TGT	5
5984	GGY	4
5984	GTT	4
5984	GGC	3
5985	TTT	256355
5985	TTC	16
5985	TTW	6
5985	YTT	3
5986	AAA	256370
5986	WAA	5
5986	AGA	4
5986	ARA	2
5987	ATG	256304
5987	ATT	43
5987	ATK	6
5987	ATR	4
5987	WTG	4
5987	AWA	3
5987	ACG	2
5988	AAT	256367
5988	AAY	3
5988	ACT	3
5988	CAT	3
5988	AAC	3
5989	TAT	256335
5989	TAC	29
5989	TAY	4
5990	CAA	256353
5990	YAA	15
5990	TAA	2
5991	GTT	256392
5991	KTT	4
5991	GTY	3
5991	GTC	3
5992	AAT	256341
5992	AGT	55
5993	GGT	256349
5993	SGT	3
5993	GGA	3
5993	GGC	2
5993	KGT	2
5994	TAC	256313
5994	TAT	44
5994	TAY	5
5995	CCT	256321
5995	CTT	18
5995	YCT	9
5995	TCT	7
5995	CCY	3
5995	CCC	3
5995	CYT	2
5995	CMT	2
5996	AAC	256174
5996	AAT	151
5996	AAY	19
5996	RAC	3
5996	AWC	2
5997	ATG	256062
5997	ATT	181
5997	ATK	24
5997	ATA	7
5997	GTG	4
5997	WTG	4
5997	AWG	3
5997	TTG	2
5998	TTT	256358
5998	TTC	13
5998	TTY	3
5998	TCT	2
5999	ATC	256195
5999	GTC	89
5999	ACC	29
5999	ATT	19
5999	RTC	13
5999	ATY	11
5999	AGC	6
5999	AAC	4
5999	AYC	2
6000	ACC	256176
6000	ACT	74
6000	ATC	22
6000	AYC	22
6000	GCC	9
6000	AMC	4
6000	ACA	3
6000	ACM	3
6000	WCC	2
6000	ACY	2
6001	CGC	256000
6001	CGT	103
6001	TGC	13
6001	CGA	10
6001	YGC	8
6001	CTC	6
6001	CKC	5
6001	CGY	4
6001	CRC	3
6001	CSC	3
6001	AGC	3
6001	CAC	3
6002	GAA	256141
6002	GAC	14
6002	GRA	5
6002	AAA	4
6002	GAG	4
6002	GAT	3
6002	GAR	3
6002	KAA	2
6003	GAA	256193
6003	GAG	15
6003	AAA	3
6003	KAA	3
6004	GCT	256238
6004	GCC	17
6004	ACT	7
6004	GTT	3
6004	GCA	2
6005	ATA	256678
6005	ACA	12
6005	AAA	12
6005	ATT	6
6005	ATM	2
6006	AGA	256668
6006	AAA	22
6006	GGA	12
6006	ATA	11
6006	AKA	6
6006	AGR	3
6006	ASA	2
6007	CAT	256708
6007	CGT	12
6007	YAT	5
6007	TAT	5
6007	CAY	2
6008	GTA	256704
6008	GTT	6
6008	GTW	4
6008	ATA	3
6009	CGT	256651
6009	CGC	25
6009	YGT	14
6009	CST	7
6009	CKT	4
6009	CGY	3
6009	CRT	3
6010	GCA	256434
6010	TCA	224
6010	KCA	48
6010	GYA	4
6010	GMA	3
6010	GCG	3
6010	RCA	2
6011	TGG	256518
6011	TGK	201
6011	TGS	3
6011	TKG	2
6012	ATT	256685
6012	GTT	30
6012	ACT	4
6012	RTT	2
6013	GGC	256672
6013	GGT	27
6013	KGC	5
6013	GRC	3
6013	GGY	2
6014	TTC	256677
6014	TTT	34
6014	TTY	6
6015	GAT	256700
6015	GAC	10
6015	KAT	5
6015	TAT	2
6016	GTC	256596
6016	GTT	64
6016	GTY	20
6016	GCC	17
6016	GTA	7
6016	KTC	6
6016	RTC	4
6016	GTM	4
6016	GAC	3
6016	ATC	3
6016	STC	2
6017	GAG	256662
6017	GAA	51
6017	GAR	7
6017	GRG	5
6017	GAK	3
6017	GGG	2
6018	GGG	256355
6018	GGK	236
6018	GGT	136
6018	GGA	12
6018	GRG	3
6018	GGR	2
6019	TGT	256712
6019	TGC	13
6019	TKT	7
6019	TGY	5
6020	CAT	256647
6020	TAT	63
6020	YAT	24
6020	CAY	6
6020	CAC	3
6021	GCT	256389
6021	GTT	53
6021	GYT	12
6021	GCY	7
6021	KCT	5
6021	GCW	4
6021	TCT	4
6021	GCC	3
6021	SCT	2
6021	RCT	2
6022	ACT	256405
6022	ATT	25
6022	AYT	23
6022	ACA	11
6022	ACY	5
6022	ACC	3
6022	WCT	3
6022	RCT	2
6023	AGA	256429
6023	AGG	9
6023	AAA	7
6023	AKA	5
6023	AGT	4
6023	ASA	4
6023	ATA	4
6023	GGA	2
6023	AGW	2
6023	WGA	2
6023	AGR	2
6024	GAA	256397
6024	GAR	3
6024	RAA	3
6024	GAG	3
6024	KAA	2
6025	GCT	256304
6025	TCT	26
6025	RCT	4
6025	GYT	4
6025	GCY	4
6025	CCT	2
6025	GST	2
6026	GTT	256161
6026	KTT	12
6026	ATT	9
6026	RTT	5
6026	GTA	5
6026	TTT	2
6027	GGT	256128
6027	GGC	13
6027	KGT	2
6028	ACC	255830
6028	ACT	271
6028	ACY	27
6028	TCC	3
6028	AYC	2
6029	AAT	255929
6029	AAC	25
6029	AWT	7
6029	AAY	7
6029	MAT	6
6030	TTA	255928
6030	TTM	9
6030	TTG	5
6030	CTA	5
6031	CCT	255948
6031	CCA	8
6031	CCG	5
6031	CYT	5
6031	CCY	3
6032	TTA	255972
6032	CTA	9
6032	TTG	5
6032	YTA	2
6032	TTM	2
6033	CAG	255960
6033	CAR	17
6033	CAA	9
6033	YAG	6
6034	CTA	255765
6034	CTG	225
6034	TTA	10
6034	MTA	3
6034	CTR	2
6035	GGT	255910
6035	GKT	35
6035	GGC	14
6035	GGK	6
6035	KGT	5
6035	GGY	2
6035	RGT	2
6036	TTT	256011
6036	TTY	4
6036	WTT	3
6037	TCT	256004
6037	TYT	19
6037	TCA	6
6037	TCC	4
6037	TYY	3
6037	TCY	3
6038	ACA	255746
6038	ATA	255
6038	AYA	20
6038	WMM	3
6039	GGT	255996
6039	TGT	10
6039	GGC	9
6039	GTT	6
6039	AGT	6
6039	KGT	3
6039	GKT	3
6039	RGT	3
6040	GTT	256014
6040	TTT	13
6040	ATT	10
6040	GTC	10
6040	GTA	5
6041	AAC	256006
6041	GAC	33
6041	AAT	13
6042	CTA	255993
6042	TTA	37
6042	ATA	7
6042	CTG	4
6042	YTA	4
6042	CYA	3
6043	GTT	256016
6043	TTT	12
6043	GTA	10
6043	GTG	4
6043	GCT	4
6043	GAT	3
6043	KTT	2
6043	GYT	2
6044	GCT	255210
6044	GTT	750
6044	TCT	29
6044	GYT	24
6044	ACT	7
6044	KCT	7
6044	GCA	6
6044	GCC	6
6044	CCT	2
6045	GTA	255902
6045	GCA	73
6045	TTA	39
6045	GTG	18
6045	ATA	16
6045	GTT	6
6045	RTA	4
6045	KTA	2
6046	CCT	255959
6046	CCC	37
6046	CTT	36
6046	TCT	18
6046	YCT	14
6046	CYT	8
6046	CCA	6
6046	CMT	3
6046	MCT	3
6047	ACA	256040
6047	AYA	6
6047	ACT	5
6047	ACG	4
6047	ATA	2
6048	GGT	256014
6048	GGC	28
6048	GRT	4
6048	GCT	3
6048	GKT	2
6049	TAT	256009
6049	TAC	14
6049	TGT	10
6049	TRT	2
6050	GTT	255890
6050	TTT	102
6050	KTT	16
6050	ATT	8
6051	GAT	255973
6051	GAC	44
6051	KAT	2
6052	ACA	256013
6052	AYA	6
6053	CCT	255921
6053	TCT	71
6053	YCT	9
6053	CCW	4
6053	CTT	3
6053	CMT	2
6054	AAT	251327
6054	GAT	4637
6054	RAT	34
6054	ACT	5
6054	AAC	4
6054	AWT	3
6054	AAA	3
6055	AAT	255920
6055	AAC	86
6055	AGT	8
6055	GCA	6
6055	AAY	6
6055	ACT	3
6055	GAT	3
6056	ACA	255938
6056	ATA	35
6056	AYA	17
6056	ACG	15
6056	ACC	3
6057	GAT	255920
6057	GAG	40
6057	AAT	15
6057	TAT	9
6057	KAT	9
6057	GAC	7
6057	GCT	5
6057	GMT	3
6057	GAK	2
6058	TTT	255993
6058	TTC	25
6058	CTT	9
6058	WTT	2
6059	TCC	255966
6059	TCT	22
6059	TTC	20
6059	ACC	9
6059	TCY	7
6059	TCA	6
6059	TMC	2
6059	YCC	2
6059	TYC	2
6060	AGA	255999
6060	AGG	9
6060	ATA	6
6060	AKA	4
6060	WGA	4
6060	RGA	3
6060	AGW	3
6060	AAA	2
6061	GTT	255966
6061	KTT	42
6061	GTG	9
6061	ATT	9
6061	TTT	2
6062	AGT	255960
6062	AKT	18
6062	ATT	9
6062	GGT	6
6062	AAT	6
6062	WKT	4
6062	AGC	4
6062	RGT	4
6062	AGW	3
6062	MGT	3
6063	GCT	255723
6063	GTT	261
6063	GCC	52
6063	GYT	8
6063	KCT	4
6063	GMT	3
6064	AAA	256060
6064	AAG	6
6065	CCA	255802
6065	TCA	197
6065	CYA	21
6065	YCA	15
6065	CTA	7
6065	CCG	4
6065	CCR	3
6066	CCG	255892
6066	CCT	70
6066	CCA	54
6066	CYG	13
6066	CCR	7
6066	CCK	6
6066	CSG	3
6066	CYK	2
6067	CCT	255897
6067	CCK	60
6067	TCT	36
6067	CTT	28
6067	CCG	16
6067	YCT	5
6067	CAT	2
6067	CYT	2
6067	ACT	2
6068	GGA	255985
6068	GGC	37
6068	GGT	9
6068	GGG	6
6068	GKA	6
6068	KGA	3
6068	AGA	3
6069	GAT	255937
6069	GAC	94
6069	GAY	8
6069	TAT	6
6069	AAT	5
6069	GGT	4
6069	GRT	2
6069	GTT	2
6070	CAA	256018
6070	CAG	9
6070	MAA	6
6070	CAW	4
6070	CAR	3
6070	CAC	2
6070	CGA	2
6071	TTT	255993
6071	TTC	4
6071	TTK	3
6071	TTW	3
6072	AAA	255991
6072	WAA	7
6072	AAG	6
6072	ARA	3
6072	GAA	3
6072	AAM	3
6073	CAC	255922
6073	CAT	33
6073	TAC	10
6073	CAY	6
6073	YAC	4
6073	CAA	4
6073	MAC	3
6073	CTC	2
6074	CTC	255107
6074	CTT	857
6074	CTY	25
6074	MTC	3
6074	ATC	2
6074	TTC	2
6075	ATA	255784
6075	ACA	206
6075	AYA	15
6075	WTA	2
6075	GTA	2
6075	TTA	2
6076	CCA	255925
6076	CTA	19
6076	TCA	16
6076	YCA	9
6076	CYA	7
6076	CCT	3
6076	CCG	3
6076	ACA	2
6076	CCR	2
6077	CTT	255923
6077	CTC	44
6077	TTT	10
6077	YTT	7
6077	CTY	4
6077	CKT	3
6078	ATG	255928
6078	ATT	47
6078	ATK	11
6078	ATA	3
6078	AGG	3
6078	GTG	2
6079	TAC	255938
6079	TAT	47
6079	TGC	4
6079	TAM	3
6079	TAY	2
6080	AAA	255935
6080	AAR	18
6080	AAG	15
6080	MAA	3
6080	AAW	3
6081	GGA	255894
6081	RGA	20
6081	RKA	18
6081	GGT	7
6081	GGG	5
6081	GKA	4
6081	GGR	3
6081	KGA	3
6081	GTA	3
6082	CTT	255544
6082	TTT	278
6082	CGT	75
6082	YTT	27
6082	TTA	9
6082	TTG	5
6082	CTY	3
6082	CKT	3
6082	ATT	3
6082	CTC	3
6083	CCT	255914
6083	CCC	40
6083	TCT	31
6083	CTT	12
6083	CCY	10
6083	YCT	10
6083	CCA	7
6083	CYT	6
6083	CAT	3
6083	CMT	3
6084	TGG	256054
6084	TGK	5
6084	YGG	4
6084	TGR	4
6084	TSG	3
6084	TTG	2
6084	TGT	2
6084	TGA	2
6084	TKG	2
6085	AAT	256198
6085	AAC	20
6085	AAG	2
6085	RAT	2
6086	GTA	256211
6086	KTA	10
6086	ATT	8
6086	TTA	5
6086	ATA	5
6086	GTR	5
6086	GTC	3
6086	STA	3
6086	GTG	2
6087	GTG	256180
6087	GTT	26
6087	GTK	9
6087	TTG	8
6087	GTC	6
6087	KTG	4
6087	GTR	3
6087	GKG	3
6087	GYG	3
6087	GTS	3
6088	CGT	256063
6088	TGT	161
6088	YGT	34
6088	CGY	6
6088	CST	3
6088	CRT	2
6088	MGT	2
6089	ATA	255996
6089	GTA	9
6089	MTA	3
6089	TTA	2
6090	AAG	256314
6090	AAT	6
6090	AAS	6
6090	AAA	6
6090	AAK	3
6090	AAR	2
6091	ATT	256111
6091	GTT	163
6091	ATA	15
6091	ATC	6
6091	CTT	4
6091	AGT	3
6091	ATY	3
6091	ATK	3
6091	ACT	2
6092	GTA	255908
6092	TTA	393
6092	GTT	14
6092	KTA	7
6092	ATA	6
6092	GTR	2
6092	CTA	2
6093	CAA	256202
6093	CAG	89
6093	YAA	10
6093	HAA	3
6093	MAA	2
6094	ATG	256291
6094	ATT	28
6094	ATK	7
6094	RTG	3
6095	TTA	256328
6095	GTA	8
6095	TYA	7
6095	TTM	2
6095	TTG	2
6096	AGT	256321
6096	GGT	6
6096	AAT	4
6096	WGT	4
6096	AGC	3
6096	AST	2
6096	AKT	2
6097	GAC	231219
6097	GAT	25073
6097	GAY	31
6097	KAC	4
6098	ACA	256299
6098	AYA	19
6098	ATA	14
6098	MCA	2
6098	WCA	2
6099	CTT	256338
6099	TTT	10
6099	MTT	3
6100	AAA	256331
6100	RAA	7
6100	AWA	3
6100	AAG	3
6100	AAC	2
6100	WAA	2
6101	AAT	256321
6101	AAC	25
6101	ACT	3
6101	RAT	3
6101	AWT	2
6102	CTC	254255
6102	TTC	1818
6102	CTT	216
6102	YTC	35
6102	CTY	17
6102	CYC	4
6102	MTC	2
6103	TCT	256340
6103	TCA	12
6103	TYT	6
6104	GAC	256327
6104	GAT	20
6104	GRC	5
6104	GAY	5
6104	AAC	2
6104	GAS	2
6105	AGA	256301
6105	AGC	24
6105	AKA	4
6106	GTC	256263
6106	GTT	30
6106	GTM	9
6106	GTY	9
6106	TTC	6
6106	KTC	3
6106	GTA	3
6106	GYC	3
6106	STC	3
6107	GTA	256029
6107	TTA	152
6107	ATA	70
6107	GTG	36
6107	GTT	11
6107	KTA	9
6107	GCA	5
6107	GTW	5
6107	RTA	3
6107	GTR	2
6108	TTT	256286
6108	CTT	9
6108	TTC	7
6108	TTY	2
6109	GTC	256247
6109	TTC	15
6109	GTT	9
6109	GTA	6
6109	KTC	5
6109	GYC	4
6109	ATC	2
6110	TTA	256251
6110	CTT	15
6110	GTA	8
6110	CTA	4
6111	TGG	256256
6111	TGK	6
6111	TRG	4
6111	TKG	3
6111	TTG	2
6111	TGR	2
6111	YGG	2
6112	GCA	256472
6112	GTA	11
6112	ACA	7
6112	GYA	4
6112	GCT	3
6112	GCW	3
6112	TCA	2
6112	RCA	2
6112	KCA	2
6113	CAT	256423
6113	CAC	46
6113	YAT	10
6113	GAT	6
6113	CAY	4
6113	CGT	4
6113	TAT	4
6114	GGC	256660
6114	GGT	28
6114	GGY	20
6114	TGC	14
6114	KGC	2
6115	TTT	256802
6115	TTC	9
6115	YTT	5
6115	TTY	3
6116	GAG	256806
6116	GAA	17
6116	GAK	8
6116	GAT	4
6116	KAG	3
6116	GAS	2
6117	TTG	256785
6117	CTG	11
6117	TTA	11
6117	TCG	8
6117	TTT	3
6117	TTK	3
6117	KTG	2
6118	ACA	256793
6118	GCA	25
6118	AYA	7
6118	ACG	5
6118	ACW	2
6119	TCT	256993
6119	TCC	6
6119	TYT	6
6119	YCT	3
6120	ATG	256979
6120	ACG	19
6120	ATK	14
6120	ATS	3
6120	AYG	2
6121	AAG	257007
6121	AAA	16
6121	AAT	2
6121	AAK	2
6122	TAT	256972
6122	TAC	22
6122	TAY	2
6122	TGT	2
6123	TTT	256991
6123	TGT	10
6123	YTT	4
6123	KTT	3
6123	TTC	2
6123	TTA	2
6124	GTG	256918
6124	GTT	25
6124	GTA	23
6124	GTR	11
6124	GTK	10
6124	GTC	9
6124	KTG	7
6124	TTG	6
6124	GYG	4
6125	AAA	256988
6125	AAG	8
6125	MAA	4
6125	AGA	2
6126	ATA	256979
6126	GTA	18
6126	ACA	4
6126	AYA	3
6126	ATT	2
6127	GGA	256966
6127	KGA	17
6127	GKA	6
6127	GGT	6
6127	TGA	3
6127	GSA	2
6128	CCT	256096
6128	CTT	778
6128	CYT	34
6128	TCT	34
6128	YCT	11
6128	CCY	5
6128	CCW	3
6128	CCC	2
6129	GAG	256458
6129	GAT	105
6129	GAA	52
6129	GAK	30
6129	KAG	7
6129	CAG	6
6129	GTG	5
6129	GCG	4
6129	GAR	3
6129	AAG	3
6129	SAG	3
6129	GGG	2
6129	GMG	2
6130	CGC	256475
6130	TGC	82
6130	CGT	33
6130	CAC	15
6130	YGC	11
6130	CSC	6
6130	CGY	5
6130	CRC	5
6130	CKC	3
6130	CTC	3
6131	ACC	256327
6131	ACT	183
6131	ACY	52
6131	ATC	31
6131	AYC	7
6131	AMC	3
6131	ACG	2
6132	TGT	256523
6132	TGC	11
6132	TKT	6
6133	TGT	256082
6133	TCT	238
6133	TGC	12
6133	TKT	3
6133	TTT	3
6133	TST	2
6134	CTA	256235
6134	TTA	14
6134	CTC	7
6134	YTA	2
6134	CTG	2
6135	TGT	256241
6135	TGC	7
6135	TKT	6
6135	TGY	3
6136	GAT	256211
6136	GAC	21
6136	AAT	6
6136	GCT	5
6136	GGT	4
6136	GWT	3
6136	SAT	2
6136	GAY	2
6137	AGA	256009
6137	AAA	239
6137	AKA	3
6137	GGA	3
6137	MGA	2
6138	CGT	256192
6138	CTT	32
6138	TGT	14
6138	CKT	11
6138	CST	7
6138	CGC	7
6138	CRT	5
6138	YGT	4
6139	GCC	256189
6139	GCT	44
6139	GTC	18
6139	GCY	6
6139	GCA	5
6139	GYC	4
6139	ACC	3
6139	KCC	3
6139	CCC	3
6140	ACA	256193
6140	ATA	49
6140	ACC	13
6140	ACG	6
6140	AYA	4
6140	MCA	3
6140	GCA	3
6141	TGC	255943
6141	TGT	271
6141	TGY	20
6141	TTC	19
6141	TKC	7
6141	TGM	4
6141	WGC	3
6141	TSC	3
6141	AGC	2
6142	TTT	256189
6142	TTC	28
6142	YTT	17
6142	TTK	17
6142	TAT	11
6142	GTT	6
6142	CTT	3
6142	TYW	3
6142	TGT	2
6142	ATT	2
6143	TCC	256198
6143	TCT	36
6143	TTC	16
6143	TYC	9
6143	TCY	9
6143	TGC	7
6143	TCA	5
6143	YCC	3
6144	ACT	256191
6144	ATT	44
6144	ACA	14
6144	AYT	9
6144	GCT	5
6144	ACC	4
6144	ACY	3
6144	ACW	3
6144	WCT	2
6145	GCT	256221
6145	GTT	26
6145	RCT	12
6145	GCA	10
6145	ACT	10
6145	GCC	5
6145	GYT	4
6145	GCY	2
6145	GCK	2
6145	KCT	2
6146	TCA	256257
6146	TCT	16
6146	TCC	5
6146	TCW	4
6146	TYA	4
6146	ACA	2
6147	GAC	256140
6147	TAC	51
6147	KAC	38
6147	GAT	25
6147	GRC	16
6147	GGC	9
6147	GTC	7
6147	AAC	5
6147	GAY	4
6148	ACT	256266
6148	GCT	7
6148	AYT	7
6148	ACG	4
6148	WCT	4
6148	ACY	3
6148	AAT	2
6148	ACC	2
6149	TAT	256285
6149	TTT	9
6149	TGT	8
6149	TAW	3
6150	GCC	256174
6150	GTC	75
6150	GCT	20
6150	GCA	8
6150	GCG	8
6150	GCY	5
6150	GMC	4
6150	GYC	4
6150	KCC	3
6151	TGT	256227
6151	TKT	40
6151	TRT	12
6151	TGC	8
6152	TGG	256281
6152	CGG	6
6152	TKG	5
6152	TGR	2
6153	CAT	256598
6153	CAC	39
6153	CAK	3
6153	CAY	3
6153	TAT	2
6153	CTT	2
6154	CAT	256668
6154	CAC	14
6155	TCT	256713
6155	TCA	14
6155	CCT	8
6155	TCY	3
6155	TMT	3
6156	ATT	256751
6156	GTT	11
6156	ACT	6
6156	ATA	2
6157	GGA	256739
6157	GGG	28
6157	VGA	3
6157	GGR	3
6158	TTT	254908
6158	CTT	1503
6158	TTW	317
6158	YTT	15
6158	TTA	13
6158	TTC	10
6158	WTT	3
6158	TTY	3
6159	GAT	256821
6159	GAC	24
6159	GGT	7
6159	KAT	4
6159	GRT	2
6160	TAC	255920
6160	TAT	857
6160	TAY	46
6160	TTC	4
6160	TGC	2
6161	GTC	256129
6161	GTT	627
6161	TTC	36
6161	GTY	34
6161	KTC	11
6161	ATC	5
6161	GYC	3
6161	GTM	3
6161	CTC	3
6162	TAT	256813
6162	TAC	52
6162	YAT	9
6162	TMT	3
6163	AAT	256840
6163	GAT	30
6163	AAC	24
6163	AGT	8
6163	ART	3
6163	AWT	3
6163	AAY	2
6164	CCG	256656
6164	CCT	179
6164	CCA	22
6164	CCK	18
6164	CTG	17
6164	CCR	5
6164	YCG	3
6164	TCG	2
6164	GCG	2
6164	CCC	2
6165	TTT	256917
6165	TTC	15
6165	KTT	3
6166	ATG	256969
6166	ATT	11
6166	GTG	8
6166	RTG	3
6166	ACG	2
6167	ATT	256980
6167	ATC	5
6167	GTT	4
6167	ATA	3
6168	GAT	256974
6168	GAC	17
6168	GAY	4
6169	GTT	256977
6169	GTC	17
6169	ATT	4
6169	GYT	3
6169	KTT	3
6169	GTK	2
6169	GTY	2
6170	CAA	256984
6170	CAG	21
6170	CGA	5
6170	CTA	4
6170	YAA	2
6171	CAA	256997
6171	CAG	15
6171	YAA	3
6171	MAA	2
6172	TGG	256981
6172	TGT	7
6172	TGK	5
6172	WKG	2
6173	GGT	256827
6173	GTT	75
6173	GAT	33
6173	GKT	25
6173	AGT	24
6173	TGT	13
6173	KGT	10
6173	SGT	4
6173	GGY	4
6173	GGA	3
6174	TTT	257047
6174	KTT	3
6174	TCT	2
6174	TTC	2
6175	ACA	256370
6175	ATA	625
6175	AGA	24
6175	AYA	17
6175	ACT	8
6175	AAA	4
6175	RCA	3
6175	WCA	3
6176	GGT	257028
6176	GGC	5
6176	GKT	4
6176	KGT	3
6176	AAA	3
6176	GGY	2
6177	AAC	256978
6177	AAT	48
6177	AGC	3
6177	WAY	3
6177	TAC	3
6177	AAA	3
6177	AAY	2
6177	AMC	2
6178	CTA	256961
6178	TTA	42
6178	CTG	31
6178	CTT	9
6178	YTA	7
6178	CTC	4
6178	AAA	3
6178	CTR	3
6179	CAA	257016
6179	CAG	17
6179	YAA	6
6179	CAC	3
6179	CGA	3
6179	CAW	2
6180	AGC	256469
6180	ATC	454
6180	AGT	58
6180	AKC	13
6180	TGC	10
6180	RGC	9
6180	CGC	9
6180	AGY	8
6180	AGA	7
6180	GGC	6
6180	AAC	4
6181	AAC	256991
6181	AAT	26
6181	AAY	4
6181	AAA	4
6181	AAM	3
6182	CAT	257015
6182	CAA	3
6182	CAC	2
6183	GAT	256965
6183	GAC	36
6183	GGT	20
6183	GCT	3
6183	TAT	2
6183	AAT	2
6183	GAY	2
6184	CTG	256748
6184	TTG	185
6184	CTT	79
6184	CTK	11
6184	CAA	8
6184	YTG	7
6184	CAG	2
6184	CTA	2
6184	CTC	2
6185	TAT	256968
6185	TGT	39
6185	TAC	9
6185	CAT	8
6185	AAT	5
6185	ACT	3
6185	TMT	3
6186	TGT	257023
6186	TKT	6
6186	TGC	5
6186	TGA	3
6186	TGK	3
6187	CAA	257001
6187	CAG	30
6187	YAA	8
6187	AAA	4
6187	CRA	2
6188	GTC	256842
6188	GTT	130
6188	TTC	24
6188	GTA	16
6188	GTY	12
6188	ATC	6
6188	GAT	3
6188	AAC	3
6188	KTC	3
6188	GTS	3
6188	TTA	2
6188	GCC	2
6189	CAT	257002
6189	CAC	38
6189	YAT	6
6189	CAA	3
6189	CWT	2
6190	GGT	257031
6190	GGC	8
6190	GAT	5
6190	AGT	3
6190	TGT	2
6190	GKT	2
6190	GTT	2
6190	GGY	2
6191	AAT	257018
6191	AAC	14
6191	ATT	7
6191	GTT	4
6191	AGT	3
6191	AAA	3
6192	GCA	256921
6192	GCG	90
6192	GTA	10
6192	GCT	7
6192	TCA	3
6192	GYA	3
6192	KCA	2
6193	CAT	256969
6193	CAC	23
6193	YAT	6
6193	TTT	5
6193	CAY	4
6193	CTT	3
6193	AAG	3
6194	GTA	256999
6194	GTT	16
6194	GTG	15
6194	ATA	11
6194	GTR	5
6194	TTA	4
6194	KTA	4
6195	GCT	257058
6196	AGT	257036
6196	AGA	3
6197	TGT	256976
6197	TTT	47
6197	TKT	5
6197	TAT	4
6197	TGW	3
6197	TGC	2
6198	GAT	257028
6198	GAC	7
6198	GRT	3
6198	KAT	2
6199	GCA	256186
6199	TCA	763
6199	GCT	34
6199	GCG	19
6199	KCA	16
6199	GYA	7
6199	GYT	3
6200	ATC	257002
6200	ACC	23
6200	ATT	7
6200	AYC	3
6200	AWC	3
6201	ATG	257042
6201	ATK	2
6202	ACT	257041
6202	AYT	2
6203	AGG	257013
6203	AGA	24
6203	AKG	2
6203	AGK	2
6203	AGT	2
6204	TGT	257032
6204	TGC	13
6204	YGT	7
6204	TKT	4
6205	CTA	245251
6205	TTA	11541
6205	YTA	170
6205	CTG	19
6205	CTR	4
6206	GCT	256955
6206	TCT	39
6206	GTT	20
6206	GCA	16
6206	GYT	6
6206	ACT	4
6207	GTC	256928
6207	GTT	66
6207	ATC	7
6207	GTY	7
6207	KTC	3
6207	GTM	3
6207	GTA	2
6208	CAC	256933
6208	CAT	55
6208	CGC	9
6208	CAY	8
6208	CRC	4
6208	TAC	3
6208	YAC	3
6208	CAA	2
6209	GAG	256996
6209	GAA	22
6209	GAT	4
6209	GAS	3
6210	TGC	256935
6210	TGT	80
6210	TGY	11
6210	YGC	4
6211	TTT	257003
6211	YTT	6
6211	TWT	3
6211	TYT	3
6211	CTT	2
6212	GTT	256841
6212	TTT	228
6212	KTT	11
6212	GTY	3
6212	GTC	2
6213	AAG	257033
6213	AAA	19
6213	AGG	8
6213	AAT	4
6213	ARG	4
6213	AAR	2
6213	AAK	2
6214	CGT	256975
6214	TGT	95
6214	CAT	19
6214	CKT	13
6214	CGC	7
6214	YGT	4
6214	CTT	3
6214	CRT	2
6215	GTT	257022
6215	TTT	84
6215	KTT	21
6215	GTC	17
6215	ATT	4
6215	GTW	3
6215	GTY	2
6216	GAC	257107
6216	TAC	23
6216	GAT	13
6216	GAY	6
6216	KAC	3
6216	AAC	3
6216	GGC	2
6216	GAM	2
6216	RAC	2
6216	GCC	2
6217	TGG	257144
6217	TGR	2
6218	ACT	257162
6218	ACC	9
6218	AYT	4
6218	ATT	3
6218	WCT	2
6218	GCT	2
6219	ATT	257218
6219	ACT	10
6219	ATG	8
6219	GTA	7
6219	AYT	4
6219	GTT	3
6220	GAA	257235
6220	GAG	8
6220	RAA	7
6220	AAA	4
6220	KAA	4
6220	GAR	3
6220	GWA	2
6221	TAT	257224
6221	TAC	28
6221	WAT	2
6221	YAT	2
6222	CCT	256948
6222	TCT	217
6222	CTT	45
6222	YCT	32
6222	CYT	16
6222	CAT	3
6222	ACT	2
6223	ATA	257204
6223	GTA	31
6223	ATT	9
6223	ACA	7
6223	ATG	3
6224	ATT	257223
6224	ATA	22
6224	ATY	7
6224	WTT	2
6225	GGT	257217
6225	TGT	12
6225	AGT	7
6225	GAT	6
6225	KGT	6
6225	GKT	5
6225	GGC	2
6226	GAT	257226
6226	GGT	10
6226	GAC	4
6226	GCT	4
6226	GRT	4
6226	TAT	3
6226	KAT	3
6226	AAT	2
6227	GAA	257214
6227	GAG	32
6227	KAA	3
6227	GWA	3
6228	CTG	257164
6228	CTT	30
6228	TTG	21
6228	CTK	19
6228	YTG	6
6228	CYG	3
6228	CTR	3
6229	AAG	257114
6229	AAT	68
6229	AWG	47
6229	AAK	9
6229	AAA	6
6229	ATG	6
6229	AGG	4
6229	AWK	4
6229	AAC	3
6230	ATT	257234
6230	ATA	11
6230	ATC	4
6230	GTT	4
6231	AAT	257207
6231	AGT	19
6231	AAC	3
6231	RAT	3
6231	ART	3
6232	GCG	256692
6232	GCA	21
6232	GTG	19
6232	GCT	17
6232	GCK	3
6232	GYG	2
6232	TCG	2
6233	GCT	256742
6233	GCA	9
6233	GTT	4
6233	GCY	3
6233	GYT	3
6234	TGT	256734
6234	TGC	15
6234	TKT	4
6234	WGT	3
6234	YGT	3
6235	AGA	256777
6235	CGT	8
6235	ARA	5
6235	AGG	4
6235	AGW	2
6236	AAG	256585
6236	AAT	104
6236	AAA	70
6236	AAK	18
6236	ARG	4
6236	RAG	4
6236	GAG	3
6236	AGG	3
6236	AAR	2
6237	GTT	256368
6237	TTT	72
6237	GTA	19
6237	GKT	16
6237	KTT	6
6237	GTC	5
6237	GYT	5
6237	GTY	5
6237	GTG	3
6237	RTT	2
6237	GCT	2
6238	CAA	256392
6238	CAG	59
6238	YAA	7
6238	CAR	7
6238	CAM	3
6238	CMM	3
6238	CAW	2
6239	CAC	256211
6239	CAT	86
6239	TAC	12
6239	CMC	12
6239	CAY	11
6239	YAC	4
6239	CAG	3
6239	MAC	2
6239	CAS	2
6240	ATG	256227
6240	ATT	88
6240	ATK	15
6240	ATC	6
6240	ATS	5
6240	AAG	3
6240	AKG	3
6240	ATA	2
6240	RTG	2
6240	GTG	2
6241	GTT	256075
6241	TTT	228
6241	KTT	13
6241	GTA	8
6241	ATT	4
6241	GKK	3
6241	KYT	3
6241	GTC	3
6241	GCT	2
6241	GTK	2
6241	GYT	2
6242	GTT	256316
6242	GCT	13
6242	GTA	10
6242	GTW	5
6242	GTY	4
6242	RTT	4
6242	GKK	3
6242	KTT	3
6242	GTC	2
6243	AAA	256309
6243	AAG	25
6243	WAA	8
6243	AWA	5
6243	ARA	3
6243	AAR	2
6243	AGA	2
6244	GCT	256335
6244	TCT	8
6244	GCC	5
6244	GCG	4
6244	GCK	3
6244	GTT	2
6244	ACT	2
6245	GCA	254885
6245	GTA	1479
6245	ACA	4
6245	RCA	4
6245	GYA	2
6246	TTA	256388
6246	TTG	8
6246	TTW	4
6246	KKA	3
6247	TTA	256352
6247	CTT	16
6247	TTG	13
6247	TYA	10
6247	CTA	7
6247	KTA	3
6247	YTA	3
6247	ATA	2
6248	GCA	256215
6248	KCA	48
6248	TCA	39
6248	GTA	36
6248	GCT	34
6248	GYA	10
6248	SCA	6
6248	GCR	4
6248	GCC	3
6248	GCM	3
6248	GMA	3
6248	RCA	2
6249	GAC	255534
6249	GAT	515
6249	TAC	256
6249	KAC	67
6249	GAY	17
6249	GAA	15
6249	CAC	5
6249	AAC	5
6249	GWY	3
6249	GMM	3
6249	GAM	3
6249	GTC	2
6250	AAA	256423
6250	AAG	10
6250	AWA	3
6250	AAT	2
6251	TTC	255450
6251	TTT	895
6251	TTY	49
6251	TYC	12
6251	TAC	11
6251	ATC	3
6251	TTA	2
6251	CTC	2
6252	CCA	256093
6252	TCA	242
6252	CTA	26
6252	YCA	20
6252	CYA	7
6252	CCR	7
6252	ACA	4
6252	MCA	3
6252	CCT	3
6253	GTT	256351
6253	KTT	11
6253	ATT	9
6253	TTT	6
6253	GCT	4
6253	GYT	4
6253	RTT	4
6253	GTY	2
6253	GTC	2
6254	CTT	256365
6254	CTC	12
6254	CTG	10
6254	ATT	7
6254	YTT	6
6254	CAT	3
6255	CAC	256145
6255	CAT	235
6255	CAY	12
6255	YAC	7
6255	TAC	5
6255	CRC	2
6255	MAC	2
6256	GAC	256210
6256	GAT	159
6256	GAY	9
6256	KAC	4
6256	GRC	3
6256	GAA	2
6256	TAC	2
6257	ATT	256368
6257	ATA	8
6257	ATY	5
6257	GTT	4
6257	AKT	3
6257	AWT	3
6257	WTT	2
6258	GGT	256385
6258	GKT	8
6258	KGT	6
6258	GGY	6
6258	GGC	5
6258	GST	5
6259	AAC	256366
6259	AAT	29
6259	AAY	5
6259	AAM	3
6259	GAC	3
6259	AWC	3
6259	MAC	3
6260	CCT	256395
6260	CCA	9
6260	CCY	3
6260	CMT	2
6260	CCC	2
6261	AAA	256399
6261	AAG	5
6261	AAR	4
6261	RAA	4
6261	WAA	4
6262	GCT	256428
6262	KCT	2
6263	ATT	256408
6263	ATA	8
6263	GTT	7
6263	ATY	4
6263	ATC	3
6263	AYT	2
6264	AAG	256284
6264	AAT	81
6264	AAA	11
6264	AAK	7
6264	RAG	3
6264	AAR	2
6265	TGT	256355
6265	TGC	15
6265	YGT	3
6266	GTA	256350
6266	ATA	18
6266	TTA	9
6266	GYA	5
6266	GTC	4
6266	KTA	4
6266	GTG	4
6266	RTA	3
6267	CCT	256354
6267	CCY	17
6267	CCC	14
6267	TCT	8
6267	CCG	7
6267	CCA	3
6267	CTT	3
6267	CCW	3
6268	CAA	256393
6268	AAA	13
6268	CAG	8
6268	YAA	4
6268	CWA	3
6268	CAR	2
6269	GCT	256369
6269	GCA	14
6269	GTT	10
6269	TCT	9
6269	GYT	6
6269	SCT	3
6269	GMK	3
6269	GCC	2
6269	KCT	2
6269	GTA	2
6270	GAT	256099
6270	TAT	201
6270	GGT	102
6270	KAT	12
6270	GAC	10
6270	GAA	7
6270	GRT	4
6270	GWT	3
6270	GAK	3
6270	RAT	2
6270	AAT	2
6270	GMT	2
6271	GTA	256367
6271	ACA	8
6271	GTG	7
6271	GTT	7
6271	RTA	4
6271	GCA	3
6271	GTW	3
6271	GKA	3
6271	TTA	2
6272	GAA	256365
6272	GAG	12
6272	GAT	11
6272	GGA	6
6272	GRA	4
6272	RAA	4
6272	GCA	3
6273	TGG	256366
6273	TGK	7
6273	TKG	6
6273	TGT	6
6273	KGG	3
6273	TGS	3
6274	AAG	255980
6274	AAK	215
6274	AAT	182
6274	AAA	13
6274	ACG	4
6274	AAS	3
6274	AGG	3
6274	RAG	2
6275	TTC	256302
6275	TTT	84
6275	CTC	6
6275	TYC	4
6276	TAT	256374
6276	TAC	21
6276	TAY	3
6276	TRT	2
6277	GAT	256391
6277	GAC	3
6277	GAY	2
6278	GCA	256279
6278	GTA	23
6278	GCG	16
6278	GCT	15
6278	ACA	9
6278	GYA	5
6278	GCR	4
6278	TCA	3
6278	GCC	2
6278	GMA	2
6279	CAG	256294
6279	CAT	59
6279	CAA	25
6279	CAK	7
6279	YAG	6
6280	CCT	256266
6280	TCT	75
6280	CCC	40
6280	YCT	6
6280	CCY	2
6280	CTT	2
6281	TGT	256360
6281	TGY	3
6281	TAT	2
6282	AGT	256196
6282	ATT	21
6282	GGT	12
6282	AAT	7
6282	AKT	4
6282	RGT	4
6282	TGT	2
6283	GAC	256175
6283	GAT	44
6283	GAA	8
6283	GAY	8
6283	KAC	6
6283	GAM	4
6284	AAA	256130
6284	AAG	7
6284	AAR	6
6284	AAM	3
6284	AWA	3
6285	GCT	256005
6285	GTT	71
6285	TCT	46
6285	GYT	12
6285	GCC	6
6285	GCY	4
6285	GMT	2
6285	GST	2
6286	TAT	256126
6286	TAC	9
6286	YAT	4
6286	TGT	4
6287	AAA	256137
6287	AWA	5
6287	ATC	3
6287	AAG	3
6287	ARA	2
6287	TAA	2
6288	ATA	256112
6288	GTA	10
6288	RTA	5
6288	AWA	3
6288	AKA	3
6289	GAA	256083
6289	GAC	24
6289	GAG	8
6289	SAA	3
6289	GAM	2
6289	GAW	2
6290	GAA	256096
6290	GAG	10
6290	AAA	7
6290	RAA	3
6290	SAA	3
6290	GAR	2
6291	TTA	256087
6291	TTG	16
6291	TTT	11
6291	CTA	5
6291	ATA	3
6291	TWA	3
6291	YTA	2
6292	TTC	256071
6292	TTT	84
6292	TTY	13
6292	KTC	6
6292	TAC	6
6292	CTC	5
6292	TYC	3
6293	TAT	256075
6293	TAC	85
6293	TAY	4
6293	WAT	3
6294	TCT	255892
6294	TTT	245
6294	TYT	20
6294	TCC	9
6294	TCG	6
6294	TCW	3
6294	CCT	2
6295	TAT	256128
6295	TAC	18
6295	TAK	3
6295	TRT	3
6295	YAT	2
6296	GCC	255923
6296	GTC	100
6296	GCT	97
6296	GYC	9
6296	GCY	7
6296	ACC	6
6296	KCC	4
6297	ACA	255970
6297	ATA	143
6297	GCA	13
6297	ACC	8
6297	AYA	4
6297	ACG	4
6297	ACR	3
6298	CAT	256091
6298	CAC	17
6298	TAT	13
6298	CAY	5
6298	CWT	4
6298	YAT	4
6298	CAK	3
6299	TCT	255886
6299	GCT	172
6299	TTT	31
6299	YCT	7
6299	TYT	4
6299	TCY	4
6299	KMK	3
6299	KCK	3
6299	WYT	2
6300	GAC	255842
6300	GAT	196
6300	TAC	36
6300	KAC	13
6300	GAY	10
6300	GGC	10
6300	CAC	6
6300	RAC	5
6300	GAM	5
6300	GAA	3
6301	AAA	256042
6301	GAA	20
6301	AAG	10
6301	AAW	4
6301	AWA	3
6301	AAR	3
6301	ATA	3
6301	AGA	3
6302	TTC	254823
6302	TTT	1090
6302	TTY	47
6302	TWC	40
6302	TTA	40
6302	TCC	3
6302	TYC	3
6303	ACA	255997
6303	ATA	23
6303	AAG	8
6303	AYA	8
6303	GCA	3
6303	ACW	3
6303	ACR	2
6304	GAT	255836
6304	GCT	191
6304	TAT	13
6304	GAC	8
6304	GRT	5
6304	GMT	2
6305	GGT	256023
6305	TGT	16
6305	KGT	5
6305	RGT	3
6305	CGT	2
6305	GCT	2
6306	GTA	255995
6306	TTA	40
6306	GTG	31
6306	ATA	20
6306	GTT	15
6306	KTA	7
6306	GCA	3
6306	GTR	2
6307	TGC	255704
6307	TGT	440
6307	TGY	23
6307	TSC	7
6307	TTC	6
6307	TKC	4
6307	TCA	2
6308	CTA	256002
6308	TTA	97
6308	YTA	15
6308	CTW	9
6308	CTT	8
6308	CYA	7
6308	CTG	3
6308	CKA	2
6309	TTT	256118
6309	TTC	15
6309	YTT	3
6309	CTT	3
6310	TGG	256147
6310	TKG	5
6310	YGG	4
6310	TTG	3
6310	TGK	3
6311	AAT	256196
6311	AAC	17
6311	RAT	6
6311	AAY	5
6312	TGC	256207
6312	TGT	19
6312	YGC	6
6312	TGY	3
6312	TKC	3
6312	TRC	2
6312	WGC	2
6313	AAT	256180
6313	AAC	34
6313	AAY	9
6313	GAT	3
6313	AMY	2
6314	GTC	256255
6314	GTT	20
6314	KTC	13
6314	GTA	7
6314	GTY	4
6314	STC	3
6315	GAT	256336
6315	GAC	19
6315	KAT	6
6315	GMT	3
6315	GAY	3
6315	GAW	3
6315	RAT	3
6315	GGT	3
6315	SAT	2
6315	AAT	2
6316	AGA	256403
6316	AGG	10
6316	AGR	5
6316	AKA	3
6317	TAT	256454
6317	TAC	41
6317	TAY	5
6317	KAT	2
6318	CCT	256072
6318	CTT	374
6318	YCT	19
6318	CYT	14
6318	TCT	11
6318	CCY	9
6318	CCA	6
6318	CCC	3
6318	CMT	2
6319	GCT	256516
6319	GTT	20
6319	KCT	19
6319	GCA	6
6319	GCC	6
6319	GYT	5
6319	GCY	3
6320	AAT	256579
6321	TCC	256563
6321	TYC	9
6321	TCT	9
6321	GCC	7
6321	GCA	6
6321	YCC	2
6322	ATT	256579
6322	GTT	19
6322	ATA	7
6322	RTT	2
6322	ATC	2
6323	GTT	256576
6323	KTT	7
6323	ATT	7
6323	GTC	6
6323	GTG	6
6323	TTT	3
6324	TGT	256942
6324	TKT	11
6324	TGC	7
6325	AGA	256920
6325	AGG	30
6325	AKA	3
6325	AGR	3
6325	AGW	2
6326	TTT	256849
6326	TTC	87
6326	KTT	7
6326	YTT	4
6327	GAC	256923
6327	GAT	19
6327	GAY	6
6327	GAS	3
6327	GRC	2
6328	ACT	256946
6328	ACA	6
6328	AYT	5
6328	ACC	5
6328	AAT	4
6328	ACW	3
6328	ATT	2
6329	AGA	256899
6329	AKA	74
6329	WGA	4
6329	MKA	3
6329	AGR	2
6330	GTG	256514
6330	GTT	224
6330	KTG	186
6330	TTG	15
6330	GTA	11
6330	GTK	3
6331	CTA	256894
6331	TTA	32
6331	YTA	15
6331	CTG	11
6332	TCT	256908
6332	TYT	13
6332	TCC	12
6332	TCA	7
6332	TCK	2
6333	AAC	256754
6333	AAT	149
6333	AAY	9
6333	AAA	2
6334	CTT	256683
6334	TTT	146
6334	YTT	27
6334	CTA	13
6334	CTC	6
6334	MTT	3
6334	CWT	3
6334	CTY	2
6335	AAC	256538
6335	AAT	289
6335	AAY	44
6335	RAC	4
6336	TTG	256806
6336	TTA	13
6336	TTT	5
6336	TTS	4
6336	TTK	3
6336	YTG	3
6336	TCG	2
6337	CCT	256620
6337	TCT	96
6337	CCA	25
6337	YCT	22
6337	CCC	15
6337	CYT	13
6337	ACT	11
6337	CMT	7
6337	CAT	6
6337	CST	4
6337	CTT	4
6337	MCT	3
6338	GGT	243940
6338	AGT	4
6338	GGY	3
6338	GGC	2
6339	TGT	243891
6339	TGC	2
6340	GAT	243783
6340	GAC	51
6340	GCT	4
6340	GGT	3
6341	GGT	241158
6341	KGT	4
6341	GCT	4
6341	GGG	3
6341	GKT	2
6341	GST	2
6342	GGC	237039
6342	GKC	60
6342	GGT	25
6342	AGC	6
6342	GTC	4
6342	GGY	4
6342	KGC	3
6342	RGC	3
6342	GRC	3
6342	TGC	2
6343	AGT	225868
6343	ATT	20
6343	AKT	13
6343	MGT	4
6343	AGG	3
6343	TCT	3
6343	CGT	3
6343	AGA	3
6343	AST	3
6343	AGC	3
6343	WGT	2
6343	AGY	2
6344	TTG	225318
6344	TTA	9
6344	TAT	3
6344	WTG	3
6344	YTG	2
6344	TGG	2
6344	TTK	2
6345	TAT	222002
6345	TWT	307
6345	TAG	15
6345	TRT	11
6345	TCT	11
6345	TAY	10
6345	TMT	10
6345	TGT	9
6345	TTT	6
6345	TAK	6
6345	TDT	3
6345	ACA	3
6345	TWY	3
6346	GTA	222213
6346	TTA	16
6346	KTA	11
6346	GYW	9
6346	GTR	6
6346	GTC	6
6346	ATA	6
6346	GCT	5
6346	GYA	4
6346	RTA	4
6346	STA	4
6346	GKA	3
6346	GCA	3
6346	GTW	3
6346	GAA	2
6346	GTT	2
6346	CAT	2
6347	AAT	222304
6347	AAC	24
6347	RAT	12
6347	AAY	4
6347	ART	3
6347	CTC	2
6347	AGT	2
6348	AAA	222214
6348	AAG	131
6348	RAA	11
6348	ARA	9
6348	CGA	2
6348	AAC	2
6349	CAT	222470
6349	CAC	22
6349	CAY	8
6349	YAT	4
6349	SAT	3
6350	GCA	222552
6350	GTA	13
6350	GYA	10
6350	GCC	8
6350	GCT	7
6350	GCW	7
6350	KCA	4
6350	ACA	4
6350	RCA	4
6350	GCG	4
6351	TTC	222733
6351	TTT	28
6351	TTM	9
6351	TTY	8
6351	TYC	7
6351	CTC	3
6351	TGC	2
6352	CAC	222927
6352	YAC	12
6352	CAY	9
6352	CRC	5
6352	MAC	3
6352	TAC	3
6353	ACA	222836
6353	AYA	9
6353	ACR	7
6353	AMA	5
6353	ACW	4
6353	ACC	3
6353	WCA	3
6353	GCA	2
6353	HCA	2
6354	CCA	222582
6354	CTA	14
6354	CCR	10
6354	CMA	9
6354	CYA	7
6354	CCG	6
6354	CCW	6
6354	ACA	4
6354	CCT	4
6354	MCA	3
6354	YCA	3
6354	CCM	2
6354	TCA	2
6355	GCT	222438
6355	KCT	47
6355	GYT	15
6355	GTT	12
6355	GCY	10
6355	SCT	6
6355	GCA	6
6355	ACT	4
6355	GCW	3
6355	RCT	2
6355	TCT	2
6355	GCC	2
6356	TTT	222460
6356	CTT	54
6356	TTY	7
6356	TYT	6
6356	TGT	4
6356	YTT	3
6356	TKT	3
6356	ATT	3
6357	GAT	222586
6357	GRT	11
6357	GGT	8
6357	KAT	7
6357	GAC	6
6357	RAT	3
6357	GAY	3
6357	TAT	2
6357	GAG	2
6358	AAA	222310
6358	AAR	90
6358	AAG	35
6358	MAA	4
6358	AWA	3
6358	AAM	3
6358	RAA	3
6358	CAA	2
6359	AGT	222342
6359	MGT	18
6359	RGT	17
6359	AGY	9
6359	AAT	9
6359	AGC	9
6359	ATT	8
6359	AKT	6
6359	WGT	3
6359	AST	3
6360	GCT	222181
6360	GCY	38
6360	GYT	16
6360	GTT	16
6360	GCC	12
6360	SCT	8
6360	GST	3
6360	GCK	3
6360	RCT	3
6360	KCT	3
6360	GCA	2
6361	TTT	222118
6361	YTT	8
6361	CTT	4
6361	TTY	4
6361	WTT	3
6361	TYT	3
6361	TTC	2
6362	GTT	222162
6362	TTT	28
6362	GTC	12
6362	GTW	8
6362	GTY	8
6362	KTT	7
6362	GTA	6
6362	ATT	6
6362	GWT	4
6362	GYT	4
6363	AAT	222130
6363	AGT	8
6363	AAW	8
6363	AAA	2
6363	AAG	2
6363	ART	2
6364	TTA	222170
6364	CTA	13
6364	TTW	12
6364	TYA	9
6364	TWA	7
6364	TTG	6
6364	CTT	6
6364	WTA	3
6364	TCA	2
6365	AAA	222240
6365	AAG	11
6365	ARA	8
6365	AAM	7
6365	AAR	3
6365	AAW	3
6365	RAA	3
6365	AWA	3
6366	CAA	222011
6366	YAA	4
6366	MAA	4
6366	CAR	4
6367	TTA	221911
6367	CTA	82
6367	TTG	8
6367	GTA	7
6367	TCA	5
6367	YTA	4
6367	TYA	4
6367	TTM	2
6368	CCA	222227
6368	TCA	90
6368	CTA	40
6368	YCA	31
6368	CCT	9
6368	MCA	7
6368	CCW	7
6368	CMA	4
6368	CYA	4
6368	CCC	3
6368	CCG	3
6369	TTT	222336
6369	TTC	18
6369	CTT	6
6369	TWT	4
6369	TYT	4
6369	TCT	3
6369	THT	3
6369	TKT	3
6369	YTT	2
6369	TAT	2
6370	TTC	221890
6370	TTT	458
6370	TTY	39
6370	YTC	6
6370	KTC	6
6370	TTM	4
6370	TWC	3
6371	TAT	222447
6371	TAC	18
6371	YAT	4
6371	TRT	4
6371	TAW	4
6371	TGT	3
6372	TAC	222477
6372	TAT	59
6372	TRC	11
6372	WAC	4
6372	TAY	4
6372	YAC	3
6372	AAC	3
6372	TWC	3
6372	CAC	2
6373	TCT	222488
6373	YCT	9
6373	TCC	9
6373	TCA	7
6373	WCT	4
6373	TCW	3
6373	KCT	3
6373	TAT	2
6374	GAC	222428
6374	GAT	54
6374	AAC	39
6374	GAY	19
6374	GAS	5
6374	GWC	4
6374	TAC	4
6374	KAC	4
6374	GCC	4
6374	GMC	3
6374	GGC	2
6375	AGT	222404
6375	AGC	19
6375	ATT	14
6375	AGW	8
6375	AGY	7
6375	GGT	7
6375	AKT	5
6375	AAT	3
6375	AST	3
6376	CCA	222778
6376	CTA	15
6376	CMA	13
6376	CCR	10
6376	CCC	9
6376	CCT	6
6376	CCG	5
6376	CYA	5
6376	YCA	5
6376	ACA	2
6376	TCA	2
6377	TGT	222643
6377	TGC	16
6377	TKT	9
6377	TGY	9
6377	TTG	8
6377	YGT	7
6377	TGK	4
6377	WGT	3
6377	TRT	3
6377	TST	2
6378	GAG	222981
6378	GAT	53
6378	GAA	20
6378	GAK	15
6378	KAG	10
6378	GRG	9
6378	GWG	4
6378	SAG	4
6378	RAG	3
6378	GWS	3
6378	AAG	3
6378	GGG	2
6379	TCT	222998
6379	TCY	10
6379	TTG	8
6379	TCW	6
6379	TYT	5
6379	SCT	4
6379	TST	3
6379	WCT	3
6379	KMK	3
6379	TTT	3
6380	CAT	222901
6380	TAT	129
6380	YAT	11
6380	CAY	6
6380	CWT	6
6380	CAK	4
6380	CRT	4
6380	CAC	4
6380	MAT	4
6380	CMT	3
6380	CGT	3
6381	GGA	222468
6381	GRA	70
6381	GGR	10
6381	GGC	9
6381	GKA	7
6381	KGA	6
6381	GAA	5
6381	GGG	4
6381	GGW	3
6381	SGA	3
6382	AAA	222929
6382	AAR	10
6382	AGA	8
6382	ARA	6
6382	AWA	3
6382	MAA	3
6382	AMM	3
6383	CAA	222968
6383	CAG	8
6383	CAM	3
6383	CWA	2
6384	GTA	222877
6384	GTG	20
6384	TTA	16
6384	GTT	8
6384	KTA	7
6384	GYA	4
6384	CTA	3
6384	GTR	3
6385	GTG	223457
6385	TTG	17
6385	KTG	13
6385	GTT	12
6385	GYG	6
6385	GTA	6
6385	GTR	4
6385	GTK	4
6385	RTG	3
6385	GKG	2
6386	TCA	223130
6386	TCG	27
6386	TTA	17
6386	TYA	11
6386	TCR	8
6386	CCA	5
6386	WCA	4
6386	TCM	3
6386	KCA	3
6386	YCA	3
6387	GAT	223527
6387	GAC	27
6387	RAT	9
6387	KAT	3
6387	GAY	2
6388	ATA	223435
6388	WTA	8
6388	GTA	6
6388	AWA	4
6388	ATR	3
6388	RTA	2
6388	ATT	2
6389	GAT	223520
6389	KAT	17
6389	TAT	10
6389	GWT	9
6389	GRT	5
6389	AAT	4
6389	GAY	3
6389	GAC	3
6390	TAT	223327
6390	YAT	8
6390	TAC	5
6390	TTT	2
6391	GTA	223288
6391	GYA	9
6391	RTA	4
6391	GKA	3
6391	STA	3
6391	GTM	3
6391	GTG	3
6391	GTW	3
6392	CCA	223333
6392	CCT	7
6392	YCA	6
6392	CMA	4
6392	CCR	4
6393	CTA	223254
6393	TTA	11
6393	CYA	7
6393	CTG	5
6393	YTA	4
6393	MTA	3
6393	CGA	3
6393	CTT	2
6394	AAG	223420
6394	AAK	35
6394	AAA	12
6394	ARG	5
6394	AAS	4
6394	AAR	4
6394	RAG	2
6395	TCT	223408
6395	TYT	20
6395	TCA	7
6395	TCY	5
6395	TYY	3
6395	TCC	3
6396	GCT	223319
6396	GCW	33
6396	GCA	10
6396	GTT	8
6396	GYT	6
6396	KCT	6
6396	RCT	4
6396	GCY	3
6396	GMT	3
6396	GCC	2
6397	ACG	223243
6397	ATG	35
6397	AYG	16
6397	ACA	12
6397	ACT	9
6397	ACK	7
6397	ACR	4
6397	CCG	3
6397	GCG	2
6398	TGT	223605
6398	TGY	13
6398	YGT	10
6398	TKT	5
6398	TGW	4
6398	WGT	3
6398	TGC	2
6399	ATA	223779
6399	GTA	15
6399	WWW	7
6399	ATT	6
6399	WTA	4
6399	RTA	4
6399	WTW	2
6400	ACA	223541
6400	AYA	9
6400	ACR	6
6400	ACG	6
6400	GCA	5
6400	MCA	3
6400	AMA	3
6401	CGT	223182
6401	CKT	7
6401	CGC	4
6401	CGY	3
6401	MGT	3
6402	TGC	223151
6402	TGT	16
6402	YGC	7
6402	TKC	7
6402	TGY	6
6402	WGC	6
6403	AAT	223160
6403	AAC	13
6403	WAT	6
6403	AMT	6
6403	AAY	6
6403	RAT	6
6403	AAW	3
6404	TTA	223225
6404	TTG	49
6404	TTR	9
6404	TWA	3
6404	KTA	3
6404	GTA	2
6405	GGT	223193
6405	GKT	20
6405	GGW	7
6405	RGT	4
6405	GGK	3
6405	SGT	3
6405	GRT	3
6405	GGC	2
6405	KGT	2
6406	GGT	222979
6406	KGT	122
6406	AGT	57
6406	GGK	33
6406	TGT	22
6406	GTT	19
6406	GGG	6
6406	GKT	3
6406	GGW	3
6406	GRT	3
6406	SGT	3
6406	RGT	2
6407	GCT	221552
6407	GTT	39
6407	GYT	14
6407	RCT	7
6407	KCT	6
6407	SCT	4
6407	GCW	3
6408	GTC	222778
6408	GTT	651
6408	GTY	9
6408	GYC	7
6408	STC	4
6408	GWC	4
6408	GTG	3
6408	RTC	3
6408	GTM	2
6409	TGT	223512
6409	TGC	12
6409	YGT	5
6409	TKT	5
6409	TRT	3
6409	TGW	3
6409	TGY	3
6409	TST	3
6409	KGT	3
6410	AGA	223412
6410	GGA	8
6410	AGG	7
6410	AGR	5
6410	ARA	5
6410	AAA	3
6411	CAT	222985
6411	CAC	25
6411	YAT	10
6411	TAT	5
6411	CMT	3
6411	CAW	3
6411	CWT	3
6411	HAT	2
6411	CAG	2
6411	CTT	2
6412	CAT	222825
6412	CAC	43
6412	CAG	5
6412	CAY	4
6412	CRT	3
6412	CMT	3
6412	YAT	3
6413	GCT	222838
6413	GCY	13
6413	GCC	10
6413	GYT	7
6413	GCG	6
6413	KCT	4
6413	GCW	3
6413	CCA	3
6414	AAT	222825
6414	AGT	60
6414	AAC	9
6414	ART	7
6414	AAY	3
6414	AWT	3
6414	AAW	2
6414	GAT	2
6415	GAG	222104
6415	GAA	535
6415	KAG	10
6415	SAG	6
6415	GAT	5
6415	GAR	4
6415	GCG	3
6415	GMG	3
6415	GAK	3
6415	GWG	3
6416	TAC	222554
6416	TAT	102
6416	TAY	17
6416	YAC	4
6416	KAC	3
6416	WAC	3
6416	TAS	3
6417	AGA	222480
6417	AGG	9
6417	AGW	6
6417	AKA	4
6417	RGA	3
6417	AGM	3
6417	AGR	2
6418	TTG	222349
6418	TTT	94
6418	TTK	14
6418	TTA	13
6418	CTG	7
6418	YTG	7
6418	TYG	4
6418	TTR	3
6418	KTG	3
6419	TAT	222451
6419	TAC	18
6419	TWT	3
6419	TAY	3
6419	TCT	3
6419	CAT	2
6419	AAT	2
6420	CTC	220076
6420	CTT	2135
6420	CTY	51
6420	YTC	13
6420	TTA	8
6420	CTA	5
6420	CWC	4
6420	MTC	4
6420	STC	3
6421	GAT	221994
6421	GAC	65
6421	TAT	57
6421	AAT	53
6421	KAT	24
6421	GGT	12
6421	GWT	7
6421	RAT	7
6421	GAY	6
6421	CAT	4
6421	GMT	3
6421	GRT	3
6421	TGT	2
6421	GTT	2
6422	GCT	222224
6422	GCG	10
6422	GCC	8
6422	GTT	7
6422	GCW	6
6422	RCT	3
6422	KCT	3
6423	TAT	222162
6423	TAC	19
6423	TAW	5
6423	TGT	3
6423	YAT	3
6423	CAT	2
6424	AAC	222134
6424	AAT	19
6424	ARC	11
6424	AWC	3
6424	AAY	3
6424	AMC	2
6425	ATG	221658
6425	ACG	7
6425	AYG	6
6425	ATK	4
6425	ATT	3
6425	ATR	3
6425	RTG	3
6425	AAG	2
6426	ATG	219236
6426	ATT	2346
6426	ATK	38
6426	GTG	11
6426	ACG	8
6426	RTG	7
6426	ATA	7
6426	AYG	3
6426	WTG	3
6426	ATR	2
6427	ATC	221510
6427	ATT	19
6427	AYC	12
6427	CTC	9
6427	GTC	6
6427	RTC	6
6427	ATY	6
6427	MTC	4
6427	ATM	3
6428	TCA	221370
6428	TCR	137
6428	TTA	24
6428	TCG	22
6428	TCT	15
6428	TYA	14
6428	TCW	9
6428	TSA	6
6428	GCA	4
6428	YCA	4
6428	TCC	3
6428	TYR	3
6428	TCD	3
6429	GCT	223682
6429	TCT	52
6429	GTT	12
6429	ACT	7
6429	GCW	7
6429	KCT	6
6429	GCK	6
6429	GYT	6
6429	RCT	4
6429	GCC	3
6429	GCY	3
6429	GCA	2
6430	GGC	227358
6430	GGT	78
6430	GGY	20
6430	RGC	15
6430	GKC	2
6430	GGM	2
6431	TTT	228271
6431	YTT	10
6431	TYT	5
6431	TTC	4
6431	TKT	3
6432	AGC	231257
6432	AGT	25
6432	ATC	8
6432	AGM	6
6432	AGY	3
6433	TTG	237129
6433	TTA	45
6433	TTR	21
6433	TTT	11
6433	CTT	8
6433	TTK	4
6433	YTG	3
6433	CTG	3
6433	TYG	3
6434	TGG	237701
6434	TGT	3
6434	TGK	2
6434	TKG	2
6435	GTT	238628
6435	ATT	15
6435	KTT	6
6436	TAC	239094
6436	TAT	99
6436	TAY	22
6436	CAC	7
6436	WAC	6
6436	YAC	2
6437	AAA	252656
6437	AGA	4
6438	CAA	252961
6438	YAA	4
6438	MAA	3
6438	CAW	2
6439	TTT	253451
6439	TTY	6
6439	TYT	5
6439	TTC	5
6440	GAT	253416
6440	GAC	19
6440	KAT	18
6440	RAT	5
6440	GRT	5
6440	GAY	4
6440	SAT	3
6441	ACT	253391
6441	ATT	144
6441	AYT	16
6441	AAT	14
6441	ACC	13
6441	ACY	4
6442	TAT	254108
6442	TAC	44
6442	TAY	10
6443	AAC	253928
6443	AAT	35
6443	AAY	4
6444	CTC	254019
6444	CTT	7
6444	CYC	3
6444	CTM	3
6444	CTY	2
6445	TGG	254023
6445	TGK	10
6445	TGT	3
6446	AAC	253749
6446	AAT	240
6446	AAY	23
6446	AAA	3
6447	ACT	253898
6447	AYT	10
6447	ACY	4
6447	AMT	3
6447	ACC	2
6447	GCC	2
6448	TTT	253962
6448	YTT	2
6449	ACA	253748
6449	ATA	85
6449	AYA	15
6449	ACG	5
6449	RCA	4
6449	TCA	3
6449	WCA	2
6450	AGA	253815
6450	AKA	4
6450	AAA	3
6450	WGA	2
6450	AGM	2
6450	AGR	2
6450	ATA	2
6451	CTT	253814
6451	YTT	12
6451	CTC	11
6451	CTY	6
6451	CAT	2
6451	CTW	2
6452	CAG	253846
6452	MAG	3
6452	CAA	2
6452	CAK	2
6452	CCG	2
6453	AGT	253828
6453	TGT	5
6453	AKT	5
6453	AGY	3
6454	TTA	253886
6454	TTW	4
6455	GAA	253893
6455	RAA	9
6455	GAR	5
6455	GAG	4
6455	GAW	3
6455	DAA	2
6455	AAA	2
6456	AAT	253856
6456	AAA	41
6456	AAC	11
6456	AGT	5
6456	AAY	4
6456	CAT	2
6457	GTG	253856
6457	GTA	9
6457	GTK	9
6457	GTT	5
6457	GTC	3
6457	KTG	3
6457	RTG	3
6457	ATG	2
6458	GCT	253822
6458	GYT	9
6458	GTT	5
6458	GCY	5
6458	KCT	5
6458	GCK	4
6458	GCC	4
6458	RCT	3
6458	ACT	2
6459	TTT	253911
6459	TTC	17
6459	YTT	2
6460	AAT	253954
6460	AAC	3
6460	WAT	3
6460	AGT	3
6460	AAY	3
6461	GTT	253969
6461	TTT	52
6461	KTT	9
6461	GTY	4
6461	STT	3
6461	ATT	2
6461	GYT	2
6462	GTA	253189
6462	GTG	507
6462	TTA	322
6462	KTA	13
6462	ATA	12
6462	ATT	6
6462	GTR	4
6462	STA	2
6462	ATC	2
6463	AAT	254079
6463	AGT	10
6463	AAC	10
6463	ART	5
6463	ACT	2
6463	AAY	2
6463	AMT	2
6463	GAT	2
6464	AAG	253563
6464	AGG	344
6464	AAT	83
6464	AAA	59
6464	AAK	18
6464	AAR	5
6464	ATG	4
6464	ARG	3
6464	RAG	2
6465	GGA	253958
6465	AGA	20
6465	KGA	11
6465	GGG	9
6465	GTA	8
6465	GKA	7
6465	GAA	6
6465	RGA	2
6466	CAC	253868
6466	CAT	109
6466	TAC	11
6466	CAY	8
6467	TTT	254068
6467	TTC	11
6467	TCT	7
6467	TTY	6
6467	YTT	3
6467	TTA	3
6468	GAT	254035
6468	GGT	13
6468	TAT	9
6468	GAA	9
6468	KAT	4
6468	GAG	4
6468	GRT	3
6468	GAC	2
6468	GCT	2
6469	GGA	253938
6469	AGA	181
6469	GAA	13
6469	RGA	8
6469	GRA	6
6469	GGG	5
6469	GKA	3
6469	KGA	3
6469	GSA	2
6470	CAA	254184
6470	CAG	15
6470	YAA	6
6470	CGA	4
6470	CAR	2
6471	CAG	253720
6471	CAT	458
6471	CAA	23
6471	CGG	8
6471	YAG	6
6471	CAR	5
6471	CAK	4
6471	CRG	3
6472	GGT	254084
6472	GKT	56
6472	GGY	24
6472	GTT	8
6472	RGT	8
6472	GGC	5
6472	GST	4
6472	AGT	4
6472	GGW	2
6473	GAA	254207
6473	AAA	24
6473	GGA	9
6473	GAT	5
6473	GAM	3
6473	GAC	3
6473	GCA	3
6473	GRA	2
6473	KAA	2
6474	GTA	253624
6474	TTA	598
6474	KTA	21
6474	ATA	10
6474	GTG	7
6474	GCA	7
6474	ACA	6
6474	GTM	3
6474	GTT	3
6474	GYA	3
6474	GAA	3
6475	CCA	254105
6475	CTA	26
6475	TCA	15
6475	CCT	7
6475	CYA	6
6475	CCW	3
6475	YCA	3
6475	CCR	3
6476	GTT	254088
6476	TTT	17
6476	KTT	12
6476	ATT	7
6476	GTC	7
6476	GTW	3
6476	GYT	2
6477	TCT	254090
6477	TCC	11
6477	TYT	6
6477	TCY	4
6477	YCT	2
6477	TTT	2
6478	ATC	254154
6478	ATT	20
6478	AYC	5
6478	ACC	3
6478	GTC	2
6479	ATT	254222
6479	GTT	10
6479	ATW	4
6479	ACT	4
6479	WTT	2
6479	ATC	2
6480	AAT	254245
6480	AAC	34
6480	GAT	20
6480	AAY	6
6480	AGT	6
6481	AAC	254258
6481	AAT	4
6481	AWC	3
6481	RAC	3
6481	AAY	2
6481	AGC	2
6482	ACT	254237
6482	AYT	3
6482	ATT	2
6482	ACC	2
6483	GTT	254250
6483	GTC	29
6483	ATT	5
6483	GTK	2
6484	TAC	254323
6484	TAT	13
6484	TAY	9
6484	TTC	8
6484	TGC	2
6485	ACA	250898
6485	ATA	3329
6485	AYA	61
6485	ACT	26
6485	ACR	3
6485	ASA	2
6486	AAA	254332
6486	AAR	15
6486	AAT	12
6486	GAA	8
6486	AAG	7
6487	GTT	254325
6487	TTT	76
6487	KTT	17
6487	GTA	9
6487	GTC	4
6487	GCT	2
6487	STT	2
6488	GAT	254432
6488	TAT	11
6488	GGT	7
6488	GAC	5
6488	SAT	3
6488	GCT	3
6489	GGT	254426
6489	GGC	4
6489	GKT	3
6489	AGT	2
6490	GTT	254063
6490	TTT	382
6490	KTT	19
6490	GCT	4
6490	RTT	3
6490	ATT	2
6490	GYT	2
6491	GAT	254341
6491	TAT	148
6491	KAT	18
6491	GGT	11
6491	GRT	4
6491	GWT	3
6492	GTA	254502
6492	GTT	9
6492	TTA	6
6492	GTG	6
6492	KTA	3
6492	ATA	2
6492	STA	2
6492	GTR	2
6493	GAA	254490
6493	GAC	6
6493	GAR	4
6493	GAG	4
6493	GAM	2
6494	TTG	254459
6494	TTA	12
6494	TTK	8
6494	WTG	3
6495	TTT	254547
6495	TTC	7
6495	TTW	4
6496	GAA	254551
6496	RAA	9
6496	GAG	8
6496	KAA	3
6496	GAW	2
6497	AAT	254555
6497	AAC	23
6497	AAY	6
6497	AMT	3
6497	AAW	3
6498	AAA	254587
6498	AAM	14
6498	WAA	3
6498	AAR	2
6498	AAG	2
6499	ACA	254630
6499	ATA	2
6500	ACA	254477
6500	ATA	175
6500	ACG	17
6500	AYA	15
6501	TTA	254651
6501	CTA	8
6501	TWA	3
6501	TTM	3
6501	YTA	2
6501	TTG	2
6502	CCT	254661
6502	CCC	17
6502	YCT	8
6502	TCT	7
6502	CCA	6
6502	CCG	3
6503	GTT	254734
6503	ATT	5
6503	GTY	4
6503	GCT	2
6504	AAT	254768
6504	AAC	13
6504	AAY	2
6505	GTA	254728
6505	GTG	37
6505	ATA	5
6505	GTR	3
6505	GTT	3
6505	TTA	3
6505	GYA	2
6506	GCA	254694
6506	GCT	18
6506	GTA	12
6506	KCA	11
6506	GYA	10
6506	GCG	10
6506	TCA	9
6506	SCA	4
6506	RCA	4
6506	GCR	2
6507	TTT	254746
6507	CTT	12
6507	TTC	2
6508	GAG	254715
6508	GAT	13
6508	GAA	5
6508	GAK	2
6508	KAG	2
6509	CTT	254658
6509	CTC	50
6509	YTT	8
6509	CTY	8
6509	ATT	3
6509	CTA	2
6509	TTT	2
6509	CYT	2
6510	TGG	254688
6510	TGK	9
6510	TKG	4
6510	YGG	3
6510	TRG	3
6510	TGS	2
6511	GCT	254716
6511	TCT	7
6511	GCC	4
6511	GYT	3
6512	AAG	254658
6512	AAA	28
6512	AAT	23
6512	AGG	6
6512	AAC	6
6512	AAR	5
6512	AAK	4
6512	ARG	2
6512	AWG	2
6513	CGC	254571
6513	YGC	29
6513	CGT	10
6513	YKC	8
6513	CKC	4
6513	CGY	3
6513	TGC	3
6513	CAC	3
6513	CGA	2
6514	AAC	254615
6514	AAT	77
6514	GAC	4
6514	AAY	3
6514	AGC	2
6514	ACC	2
6515	ATT	254668
6515	GTT	65
6515	ATC	7
6515	ATA	5
6515	ACT	4
6515	CTT	3
6516	AAA	254636
6516	GAA	69
6516	AAG	7
6516	RAA	7
6516	CAA	2
6516	AWA	2
6517	CCA	254467
6517	TCA	80
6517	CCG	10
6517	CCT	9
6517	CYA	7
6517	CTA	6
6517	YCA	5
6517	MCA	2
6517	CCC	2
6518	GTA	254117
6518	TTA	328
6518	ATA	60
6518	GTG	41
6518	KTA	10
6518	GTT	8
6518	GTM	4
6518	GYA	3
6518	RTA	2
6519	CCA	254521
6519	CCG	10
6519	YCA	7
6519	CYA	6
6519	CCT	5
6519	CCC	4
6519	TCA	2
6519	CTA	2
6520	GAG	254463
6520	GAA	22
6520	GAR	16
6520	GAT	15
6520	GAK	6
6520	GWG	4
6520	KAG	4
6520	RAG	3
6520	GGG	2
6521	GTG	254517
6521	TTG	23
6521	GTR	7
6521	GTC	6
6521	GTT	6
6521	KTG	4
6521	RTG	3
6521	GTK	2
6521	ATG	2
6521	GCG	2
6522	AAA	254603
6522	AAR	3
6522	AAW	3
6522	TAA	2
6522	AAG	2
6523	ATA	254567
6523	GTA	7
6523	AWA	3
6524	CTC	254521
6524	ATC	10
6524	CTY	8
6524	TTC	5
6524	CTT	5
6524	YTC	2
6525	AAT	248480
6525	AAC	5972
6525	AAY	41
6525	ACT	3
6525	AMT	3
6525	GAT	2
6526	AAT	254526
6526	AAC	8
6526	MMT	3
6526	AWT	2
6526	GAT	2
6526	AAW	2
6526	RAT	2
6527	TTG	254415
6527	TTA	6
6527	TKG	4
6527	CTG	3
6527	TCG	2
6527	TYG	2
6528	GGT	254378
6528	GAT	18
6528	AGT	14
6528	GGY	2
6529	GTG	254392
6529	GTT	20
6529	GTA	8
6529	GTK	4
6529	KTG	3
6530	GAC	255632
6530	GAT	40
6530	GAY	7
6530	GGC	3
6530	GAM	2
6531	ATT	255839
6531	ATC	14
6531	ATY	6
6531	GTT	5
6531	CTT	4
6531	WTT	3
6532	GCT	255941
6532	GTT	61
6532	GYT	12
6532	ACT	3
6532	GCC	3
6532	SCT	3
6532	GCK	3
6532	GCA	2
6532	KCT	2
6533	GCT	255016
6533	GTT	944
6533	GYT	51
6533	TCT	13
6533	KCT	4
6533	GCY	4
6533	RCT	2
6534	AAT	256010
6534	AAC	31
6534	AGT	10
6534	AAY	3
6535	ACT	256125
6535	ATT	40
6535	AYT	14
6535	ACA	8
6535	ACG	7
6535	ACC	5
6535	AAT	3
6536	GTG	255881
6536	GTT	284
6536	GTK	22
6536	GTA	7
6536	GTC	4
6536	GTS	2
6536	GTR	2
6537	ATC	256121
6537	ATT	32
6537	TTG	8
6537	ATA	7
6537	ATY	6
6537	GTC	4
6537	AGC	3
6537	ACC	3
6538	TGG	256192
6538	TGC	8
6538	TRG	4
6538	TKG	4
6539	GAC	256117
6539	GAT	50
6539	AAC	33
6539	RAC	3
6540	TAC	256007
6540	TAT	148
6540	TAY	31
6540	CAC	4
6540	TGC	3
6541	AAA	256169
6541	AAG	11
6541	GAA	4
6541	AAW	2
6542	AGA	256161
6542	RGA	14
6542	AKA	5
6542	AAA	4
6542	AGG	3
6542	AGT	2
6542	ASA	2
6542	ATA	2
6543	GAT	255716
6543	GAC	271
6543	TAT	143
6543	GAA	15
6543	GAY	9
6543	GGT	8
6543	AAT	7
6543	KAT	5
6543	SAT	3
6543	GAW	3
6544	GCT	256192
6544	GTT	68
6544	GCC	33
6544	ACT	14
6544	GYT	7
6544	SCT	6
6544	GCY	5
6544	TCT	4
6544	CCG	3
6544	KCT	2
6544	RCT	2
6545	CCA	256247
6545	CCT	75
6545	CCG	10
6545	TCA	6
6545	GCA	3
6545	ACA	2
6546	GCA	256279
6546	ACA	14
6546	GYA	13
6546	GCG	9
6546	TCA	9
6546	GTA	8
6546	RCA	4
6546	KCA	2
6547	CAT	256288
6547	CAY	9
6547	TAT	8
6547	CAC	8
6547	CAW	3
6547	GAT	3
6547	CGT	2
6548	ATA	256301
6548	GTT	14
6548	ATG	5
6548	ATR	3
6549	TCT	256252
6549	TYT	22
6549	TTT	7
6549	GCT	5
6549	TCY	4
6550	ACT	252954
6550	ACA	13
6550	ACY	5
6550	AYT	4
6550	ACC	2
6550	AST	2
6550	ATT	2
6551	ATT	252857
6551	ATA	27
6551	ATC	8
6551	AYT	3
6552	GGT	252769
6552	GGA	14
6552	GAT	8
6552	GGC	6
6552	TGT	4
6552	GGK	3
6552	AGT	3
6552	KGT	3
6553	GTT	252476
6553	ATT	53
6553	CTT	2
6553	KTT	2
6553	GTY	2
6553	GCT	2
6554	TGT	252415
6554	TKT	4
6554	TGC	3
6554	TGY	2
6554	YGT	2
6555	TCT	251667
6555	ACT	14
6555	TCY	6
6555	TTT	4
6555	TYT	3
6556	ATG	251095
6556	AGG	7
6556	AYG	2
6556	ATK	2
6557	ACT	249675
6557	AYT	14
6557	ATT	7
6557	ACC	7
6557	ACW	3
6557	TCT	3
6557	RCT	3
6558	GAC	249680
6558	GAT	12
6558	AAC	7
6558	GAY	3
6558	KAC	3
6558	GRC	3
6558	SAC	2
6559	ATA	248649
6559	ATG	11
6559	AYA	5
6559	CTA	5
6559	ATW	4
6559	WTA	3
6559	GTA	3
6559	AKA	2
6559	AWA	2
6560	GCC	248681
6560	GCT	16
6560	GCA	15
6560	GYC	11
6560	KCC	4
6560	ACC	3
6560	GCY	3
6560	GCM	2
6560	RCC	2
6560	GAC	2
6560	GSC	2
6561	AAG	248495
6561	AAT	97
6561	AGG	53
6561	AAA	45
6561	RAG	23
6561	AAR	6
6561	AAK	4
6561	AAC	3
6561	MAG	3
6562	AAA	248780
6562	AGA	7
6562	AAG	3
6562	AAR	2
6562	RAA	2
6563	CCA	248697
6563	TCA	62
6563	CTA	10
6563	CCT	9
6563	TCT	6
6563	YCA	5
6563	CMA	4
6563	CYA	3
6563	CCW	3
6563	ACA	3
6563	CAA	2
6564	ACT	248618
6564	ATT	127
6564	AAT	23
6564	AYT	22
6564	ACC	12
6564	ACY	5
6564	AGT	4
6564	ACA	3
6564	GCT	3
6565	GAA	248826
6565	RAA	17
6565	GGA	5
6565	GAW	4
6565	GAG	4
6565	GAC	3
6566	ACG	247756
6566	GCG	728
6566	ACT	141
6566	ATG	74
6566	ACA	68
6566	RCG	21
6566	AYG	14
6566	ACK	11
6566	ACC	8
6566	AGT	8
6566	AAG	6
6566	ACR	5
6566	WCG	2
6566	AMG	2
6567	ATT	248805
6567	GTT	10
6567	GCA	8
6567	AGT	8
6567	ATW	4
6567	ATK	3
6567	ATY	3
6567	CTT	3
6567	AYT	2
6568	TGT	248879
6568	TGC	8
6568	TTT	4
6568	TKT	3
6568	WGT	3
6568	TAT	2
6568	YGT	2
6568	TRT	2
6569	GCA	248883
6569	ACA	167
6569	TCA	13
6569	GTA	7
6569	GYA	5
6569	GCR	3
6569	RCA	3
6569	KCA	3
6569	SCA	2
6570	CCA	249041
6570	TCA	33
6570	CTA	16
6570	YCA	10
6570	CCG	9
6570	CYA	7
6570	CCT	7
6570	CMA	2
6571	CTC	249086
6571	CTA	58
6571	CTT	9
6571	CTY	4
6571	CCC	4
6571	CTM	3
6571	ATC	3
6571	TTC	3
6571	MTC	2
6571	CYC	2
6571	YTC	2
6572	ACT	249126
6572	AAT	36
6572	ACC	9
6572	ACY	4
6572	AYT	3
6572	ATT	2
6573	GTC	248505
6573	GTT	349
6573	GTY	57
6573	ATC	20
6573	KTC	2
6573	GWC	2
6573	GYC	2
6574	TTT	247726
6574	TTA	10
6574	TTC	9
6574	YTT	4
6574	TTY	4
6574	TYT	4
6575	TTT	249099
6575	TWT	60
6575	TTC	8
6575	TAT	4
6575	TYT	4
6575	YTT	3
6575	WTT	3
6575	ATT	3
6575	TTA	3
6575	TTK	2
6576	GAT	249225
6576	SAT	7
6576	KAT	5
6576	GCT	3
6576	TAT	2
6576	GWT	2
6577	GGT	249265
6578	AGA	249278
6578	AKA	4
6578	ARA	3
6578	ATA	2
6578	AGW	2
6578	WGA	2
6579	GTT	248996
6579	TTT	273
6579	KTT	15
6579	STT	6
6579	ATT	5
6579	CTT	3
6579	GTG	2
6579	GCT	2
6580	GAT	249097
6580	TAT	120
6580	GGT	13
6580	GAA	12
6580	KAT	11
6580	AAT	10
6580	GCT	6
6580	GRT	5
6580	GAC	4
6580	RAT	4
6580	GAY	3
6580	GAK	2
6580	SAT	2
6580	GAW	2
6581	GGT	249149
6581	AGT	71
6581	GTT	39
6581	GAT	16
6581	TGT	10
6581	GGA	9
6581	RGT	7
6581	GGC	7
6581	KGT	7
6581	GRT	6
6581	GKT	5
6581	GGK	3
6581	GGY	2
6582	CAA	249321
6582	CAG	4
6582	YAA	3
6582	CAW	2
6582	CAR	2
6582	AAA	2
6582	CAT	2
6582	CAC	2
6583	GTA	249175
6583	GTT	8
6583	TTA	7
6583	KTA	5
6583	GTG	4
6583	GTW	3
6583	ATA	2
6583	GYA	2
6583	STA	2
6584	GAC	249027
6584	GAT	59
6584	TAC	37
6584	GAY	8
6584	GGC	7
6584	KAC	6
6584	GAG	4
6585	TTA	249134
6585	TTG	20
6585	YTA	3
6586	TTT	249186
6586	TTC	15
6586	YTT	6
6586	KTT	3
6586	TYT	3
6586	WTY	3
6586	TTY	2
6587	AGA	249085
6587	AGG	38
6587	AAA	13
6587	ARA	6
6587	ATA	5
6587	AGW	2
6588	AAT	249113
6588	AAC	21
6588	WAT	3
6589	GCC	248852
6589	GCA	92
6589	GCT	66
6589	GTC	19
6589	GCY	6
6589	KCC	6
6589	GYC	5
6589	GMC	4
6589	SCC	2
6589	GCM	2
6590	CGT	249041
6590	TGT	33
6590	CAT	28
6590	CTT	22
6590	CKT	7
6590	YGT	5
6590	CRT	4
6590	CCT	3
6590	CGC	2
6591	AAT	249190
6591	AAC	89
6591	AGT	8
6591	AAY	6
6591	ACT	4
6591	AWT	4
6592	GGT	249233
6592	TGT	13
6592	AGT	6
6593	GTT	249213
6593	ATT	13
6593	GYT	5
6593	KTT	3
6593	GWT	3
6594	CTT	249143
6594	YTT	15
6594	TTA	9
6594	MTT	7
6594	CTC	3
6594	CTY	3
6595	ATT	249149
6595	ATC	165
6595	GTT	15
6595	ATA	11
6595	ATY	4
6595	AYT	4
6596	ACA	249037
6596	ATA	28
6596	ACT	7
6596	ACG	4
6596	AYA	4
6596	CAA	3
6596	ACM	2
6596	GCA	2
6596	RCA	2
6596	ACC	2
6597	GAA	248695
6597	GAG	255
6597	GAR	16
6597	KAA	5
6597	GAH	3
6597	GAM	3
6597	GRA	2
6597	GWA	2
6598	GGT	249047
6598	AGT	24
6598	KGT	23
6598	GGC	16
6598	GTT	3
6598	TGT	3
6598	GAT	2
6599	AGT	248957
6599	ATT	55
6599	AKT	39
6599	RGT	9
6599	GGT	7
6599	AAT	6
6599	TGT	6
6599	AGY	4
6599	AST	4
6599	AGW	2
6599	AAC	2
6600	GTT	248996
6600	TTT	52
6600	GTC	13
6600	GCT	8
6600	GTA	8
6600	ATT	4
6600	GTW	2
6600	GYT	2
6601	AAA	248657
6601	WAA	5
6601	AAG	4
6601	AAT	4
6601	MAA	2
6601	RAA	2
6601	AGA	2
6602	GGT	248664
6602	GAT	26
6602	GTT	22
6602	KGT	10
6602	GGA	8
6602	GKT	7
6602	RGT	7
6602	AGT	6
6602	GGK	3
6602	GST	3
6602	TGT	2
6603	TTA	248856
6603	TTG	7
6603	YTA	2
6603	TYA	2
6603	CTA	2
6604	CAA	248923
6604	AAA	6
6605	CCA	248823
6605	TCA	9
6605	CCG	6
6605	CYA	6
6605	CCT	5
6605	MCA	3
6605	CMA	3
6605	CCW	2
6605	CAA	2
6605	CTA	2
6606	TCT	248828
6606	TTT	17
6606	TYT	13
6606	TCA	9
6606	TCY	5
6606	TMT	2
6607	GTA	248811
6607	ATA	11
6607	GTT	6
6607	GWA	3
6607	KTA	3
6607	GCA	3
6608	GGT	248713
6608	GKT	15
6608	KGT	12
6608	SGT	8
6608	GGY	4
6608	GCT	4
6608	GGW	4
6608	RGT	3
6608	GGC	2
6609	CCC	248591
6609	CCT	22
6609	CCA	9
6609	CCY	6
6609	YCC	3
6609	CCM	3
6609	TCC	2
6610	AAA	248412
6610	GAA	9
6610	RAA	5
6610	AAR	4
6610	ARA	3
6610	AAG	2
6610	MAA	2
6611	CAA	248251
6611	CAG	28
6611	CAR	9
6611	MAA	9
6611	CAC	6
6611	YAA	6
6612	GCT	248242
6612	GTT	52
6612	TCT	17
6612	GYT	13
6612	GCC	8
6612	KCT	6
6613	AGT	248260
6613	ATT	100
6613	AKT	13
6613	AAT	6
6613	AGY	5
6613	AGC	4
6613	CGT	3
6613	ART	3
6613	AST	2
6613	AGW	2
6613	ACT	2
6614	CTT	248308
6614	TTT	101
6614	YTT	14
6614	CGT	6
6614	MTT	5
6614	CTY	4
6614	CYT	4
6614	STT	3
6615	AAT	248453
6615	AAC	11
6616	GGA	248054
6616	GGC	8
6616	GGG	6
6616	GAA	5
6616	GGW	2
6616	GKA	2
6617	GTC	248001
6617	GTT	28
6617	GKC	11
6617	TTC	9
6617	GTY	3
6617	KTC	3
6617	GWC	3
6617	GCC	2
6618	ACA	248088
6618	ATA	11
6618	AYA	5
6618	ACG	4
6618	RCA	3
6618	GCA	2
6619	TTA	248059
6619	TTG	5
6619	TTW	3
6619	WTA	3
6619	TWA	3
6619	TAA	2
6619	CTA	2
6620	ATT	248097
6620	AYT	25
6620	RTT	6
6620	ATC	5
6620	ACT	3
6620	WTT	3
6621	GGA	247741
6621	GKA	36
6621	AGA	17
6621	GAA	14
6621	GRA	9
6621	GGT	8
6621	RGA	7
6621	GGG	5
6621	KGA	4
6621	CGA	4
6621	GGC	3
6621	GGR	3
6621	GGW	2
6622	GAA	247696
6622	KAA	130
6622	AAA	7
6622	GAT	5
6622	GRA	4
6622	GWA	4
6622	GGA	3
6622	GMA	2
6623	GCC	247370
6623	GTC	181
6623	GCT	111
6623	ACC	67
6623	GCY	19
6623	TCC	17
6623	GCA	14
6623	GYC	13
6623	KCC	5
6623	CCC	4
6623	RCC	2
6624	GTA	247411
6624	TTA	314
6624	GTG	20
6624	KTA	15
6624	ATA	9
6624	GTT	5
6624	GTR	4
6624	GCA	4
6624	GWA	3
6625	AAA	247883
6625	AAG	11
6625	AGA	11
6625	GAA	8
6625	AAR	6
6625	RAA	2
6626	ACA	247822
6626	ACG	31
6626	AYA	7
6626	AMA	5
6626	ASA	5
6626	AGA	2
6626	ACR	2
6627	CAG	247643
6627	CAK	9
6627	CAT	9
6627	YAG	6
6627	SAG	3
6628	TTC	247343
6628	TTT	262
6628	TTY	49
6628	WTC	6
6628	YTC	2
6629	AAT	247557
6629	AAC	16
6629	AGT	5
6629	AAA	5
6629	WAT	4
6629	ACT	3
6629	TAT	2
6629	ART	2
6630	TAT	247363
6630	TAY	5
6630	TWT	3
6630	TRT	2
6631	TAT	247267
6631	TAC	14
6631	TAY	3
6631	WWT	3
6631	TTT	2
6631	TWT	2
6632	AAG	247173
6632	AAR	15
6632	AAA	5
6632	AAK	4
6632	AAT	3
6632	RAG	2
6632	WAG	2
6633	AAA	247003
6633	AAG	60
6633	AAR	14
6634	GTT	247062
6634	TTT	17
6634	KTT	7
6634	RTT	7
6634	GTA	7
6634	GCT	3
6634	GKT	3
6634	ATT	3
6634	GYT	2
6635	GAT	247089
6635	GGT	8
6635	TAT	8
6635	GAK	4
6635	CAT	3
6635	GRT	3
6635	GAW	3
6635	AAT	2
6635	TGT	2
6636	GGT	246891
6636	GGK	9
6636	RGT	5
6636	GGG	4
6636	KGT	4
6636	GKT	4
6636	AGT	4
6636	GRT	3
6636	TGT	2
6637	GTT	246848
6637	TTT	12
6637	GTC	10
6637	GTA	8
6637	GTY	3
6637	GTK	3
6637	GWT	3
6637	GCT	2
6637	KTT	2
6637	ATT	2
6638	GTC	245736
6638	GTT	819
6638	TTC	163
6638	GTY	65
6638	GTA	15
6638	KTC	10
6638	GYC	6
6638	STC	4
6638	ATC	2
6638	ATT	2
6638	GKM	2
6639	CAA	246795
6639	YAA	15
6639	CAG	10
6639	CMA	3
6639	TAA	3
6639	MAA	2
6640	CAA	248179
6640	CTA	8
6640	CAR	4
6640	CAC	4
6640	CAG	4
6640	CGA	3
6640	YAA	3
6641	TTA	247877
6641	CTA	13
6641	TTR	2
6641	YTA	2
6641	WTA	2
6641	TTG	2
6642	CCT	248269
6642	CCY	5
6642	CTT	3
6643	GAA	248372
6643	RAA	8
6643	GAW	3
6643	GAC	2
6644	ACT	248224
6644	ACC	9
6644	AYT	3
6644	ACA	3
6645	TAC	248274
6645	TAT	98
6645	TAY	13
6645	TTC	4
6645	TAM	3
6645	YAC	3
6646	TTT	248874
6646	TTC	5
6646	TTY	5
6646	YTT	4
6646	KTT	3
6646	TTW	3
6646	TYT	2
6647	ACT	252433
6647	AYT	11
6647	ACC	9
6647	MCT	5
6647	ATT	4
6647	WCT	4
6647	RCT	3
6648	CAG	252171
6648	YAG	17
6648	CAT	15
6648	CAA	9
6648	CAK	5
6648	CRG	3
6648	CGG	3
6648	CCG	2
6648	CWG	2
6649	AGT	252565
6649	AKT	3
6649	AGY	2
6649	AGC	2
6649	WGT	2
6650	AGA	252479
6650	ARA	35
6650	AGR	6
6650	CGA	5
6650	WGA	5
6650	RGA	4
6650	AGW	3
6650	AGG	2
6651	AAT	251936
6651	CAT	6
6651	AAC	4
6651	AAW	3
6651	AAY	2
6651	AWT	2
6652	TTA	251756
6652	TTG	7
6652	TTR	5
6652	TCA	3
6652	ATA	3
6653	CAA	251743
6653	YAA	7
6653	CAG	5
6653	CGA	3
6653	CAC	3
6653	AAA	3
6653	CAM	2
6654	GAA	251737
6654	GGA	8
6654	GAG	4
6654	KAA	2
6654	TAA	2
6654	GAT	2
6655	TTT	251966
6655	TTC	20
6655	TWT	3
6655	WTT	3
6655	TYT	2
6655	YTT	2
6656	AAA	249169
6656	AAG	20
6656	AAR	6
6656	WAA	6
6656	ARA	3
6656	RAA	2
6656	GAA	2
6657	CCC	248384
6657	TCC	500
6657	CTC	89
6657	CCT	62
6657	YCC	28
6657	CCA	8
6657	CYC	7
6657	CCY	4
6657	ACC	3
6657	CAA	2
6657	CAC	2
6658	AGG	248792
6658	AGT	111
6658	AKG	17
6658	ATG	16
6658	AAG	16
6658	AGK	14
6658	GGG	13
6658	TGG	6
6658	AGA	4
6658	ABG	3
6658	ASG	2
6659	AGT	248909
6659	ART	10
6659	AKT	8
6659	WGT	7
6659	RGT	5
6659	AGC	5
6659	TGT	4
6659	MGT	3
6659	GGT	3
6660	CAA	249035
6660	CTA	5
6660	CGA	3
6660	CCA	3
6660	MAA	2
6660	AAA	2
6660	YAA	2
6661	ATG	248842
6661	ATT	30
6661	ATK	9
6661	ACG	7
6661	ATA	4
6661	RTG	3
6661	GTG	2
6661	AWG	2
6661	TTG	2
6662	GAA	248016
6662	RAA	8
6662	GRA	7
6662	AAA	6
6662	KAA	4
6662	GGA	3
6663	ATT	247879
6663	GTT	60
6663	WTT	4
6663	ATC	4
6663	RTT	3
6663	AGT	3
6663	TTT	2
6664	GAT	247352
6664	GGT	77
6664	GAY	37
6664	GAC	16
6664	KAT	14
6664	GWT	9
6664	GAW	6
6664	GAG	4
6664	GRT	3
6664	GTT	2
6664	TAT	2
6665	TTC	247462
6665	TTT	38
6665	GTC	28
6665	TTY	9
6665	TTM	8
6665	TYC	5
6665	CTC	3
6665	TTS	3
6666	TTA	247415
6666	TTG	136
6666	TTR	33
6666	TYA	9
6666	YTA	7
6666	TTM	4
6666	TWA	3
6666	TKA	3
6666	TTW	3
6666	WTA	3
6667	GAA	247570
6667	ATT	24
6667	KAA	17
6667	RAA	10
6667	GRA	8
6667	GAR	4
6667	GMA	3
6667	GAW	3
6667	GCA	3
6667	GAC	3
6668	TTA	231822
6668	TTG	15563
6668	TTR	145
6668	TYA	6
6668	TTK	4
6668	TYG	3
6668	GTA	3
6669	GCT	246942
6669	GTT	608
6669	TCT	31
6669	GYT	17
6669	GMT	7
6669	KCT	6
6669	SCT	4
6669	GCW	3
6669	GAT	3
6669	RCT	3
6670	ATG	247305
6670	ATT	102
6670	ACG	79
6670	ATK	18
6670	AYG	6
6670	WTG	6
6670	AWG	4
6670	RTG	3
6670	MTG	3
6670	AAG	3
6670	ATA	3
6671	GAT	247383
6671	TAT	118
6671	AAT	92
6671	KAT	24
6671	GAC	14
6671	GGT	10
6671	GRT	8
6671	GWT	6
6671	GMT	3
6671	SAT	2
6671	GCT	2
6672	GAA	247593
6672	GGA	12
6672	RAA	11
6672	GAG	9
6672	GWA	7
6672	GCA	7
6672	CAA	6
6672	GAW	5
6672	GRA	5
6672	GAR	4
6672	GAM	3
6672	KAA	2
6673	TTC	247569
6673	TTT	38
6673	TTY	26
6673	TYC	18
6673	CTC	6
6673	YTC	3
6673	TTM	3
6673	WTC	3
6674	ATT	247404
6674	TCT	226
6674	ATC	35
6674	GTT	19
6674	WYT	12
6674	AYT	7
6674	AKT	6
6674	ATY	6
6674	WTT	6
6674	ATG	4
6674	AGT	3
6674	AWT	3
6674	ATA	2
6675	GAA	247540
6675	GGA	75
6675	GCA	40
6675	GAR	16
6675	GAG	14
6675	SAA	10
6675	KAA	5
6675	AAA	5
6675	RAA	5
6675	GWA	3
6675	TAA	2
6675	GRA	2
6675	GMA	2
6676	CGG	247655
6676	CGA	25
6676	CKG	11
6676	TGG	9
6676	CGR	8
6676	YGG	6
6676	CAG	4
6676	CGT	4
6676	CSG	2
6677	TAT	248415
6677	TGT	31
6677	TAC	17
6677	TTT	6
6677	TWT	5
6677	YAT	4
6677	TRT	3
6678	AAA	248430
6678	AAG	27
6678	RAA	9
6678	AAR	7
6678	AWA	6
6678	ARA	6
6678	AAW	3
6678	MMA	3
6679	TTA	248282
6679	CTA	18
6679	TTW	6
6679	TTR	6
6679	TYA	3
6679	KTA	3
6679	TTM	3
6679	YTR	3
6679	WTA	3
6680	GAA	248177
6680	AAA	110
6680	KAA	10
6680	GAR	5
6680	SAA	5
6680	RAA	4
6680	GWA	4
6680	KMM	3
6680	GAG	3
6680	GMA	2
6681	GGC	248312
6681	TGC	30
6681	GRC	12
6681	GGY	11
6681	GTC	9
6681	GKC	6
6681	KGC	5
6681	RGC	5
6681	GGT	4
6681	KKC	3
6681	GAC	2
6682	TAT	248379
6682	TAC	22
6682	TAW	9
6682	YAT	6
6682	TAY	5
6682	TRT	4
6682	TWT	4
6682	TMT	3
6683	GCC	248195
6683	GTC	103
6683	GCT	13
6683	SCC	7
6683	TCC	6
6683	GYC	6
6683	RCC	4
6683	GCM	4
6683	GCY	4
6683	GCS	3
6684	TTC	248228
6684	TTT	67
6684	TAC	13
6684	YTC	9
6684	TTY	7
6684	TCC	4
6684	TYC	4
6684	WTC	3
6685	GAA	248509
6685	GGA	18
6685	GRA	6
6685	GAR	5
6685	KAA	4
6685	GWA	4
6685	RRA	3
6685	SAA	3
6685	GAW	2
6686	CAT	248472
6686	TAT	61
6686	YAT	30
6686	CAY	13
6686	CAC	11
6686	CTT	8
6686	CRT	7
6686	CGT	5
6686	CWT	3
6687	ATC	249046
6687	GTC	17
6687	ATM	16
6687	ATT	11
6687	ATY	6
6687	RTC	2
6687	WTC	2
6688	GTT	249053
6688	ATT	28
6688	GCT	23
6688	GTC	7
6688	GTY	3
6688	KTT	3
6688	TTT	2
6688	RTT	2
6689	TAT	249105
6689	TAC	43
6689	TAK	14
6689	TAW	3
6690	GGA	249115
6690	GKA	7
6690	GGG	5
6690	GSA	5
6690	AGA	4
6690	GGW	3
6690	SGA	3
6690	GGC	2
6691	GAT	249094
6691	KAT	17
6691	GAY	10
6691	GWT	7
6691	AAT	4
6691	GAC	4
6691	SAT	3
6691	GAW	3
6691	TAT	2
6692	TTT	249174
6692	TTY	6
6692	YTT	6
6692	KTT	3
6692	TYT	3
6692	WTT	3
6693	AGT	249424
6693	TGT	12
6693	AAT	10
6693	ATT	6
6693	AGA	5
6693	ART	3
6693	AKT	2
6693	AGC	2
6694	CAT	249479
6694	YAT	8
6694	CAC	8
6694	CAY	3
6694	TAT	2
6694	CAA	2
6695	AGT	249440
6695	ATT	15
6695	GGT	12
6695	AGY	10
6695	ART	3
6695	MGT	3
6696	CAG	249501
6696	CAT	17
6696	CAA	12
6696	CAK	10
6696	CRG	4
6696	CAC	3
6696	CGG	3
6696	YAG	2
6697	TTA	249686
6697	TTG	71
6697	TYA	9
6697	TTR	3
6697	TCA	3
6697	TTW	3
6698	GGT	249687
6698	TGT	20
6698	KGT	6
6698	GGG	5
6698	GST	4
6698	SGT	3
6698	GTT	2
6698	AGT	2
6699	GGT	249545
6699	GKT	19
6699	GGC	12
6699	GGK	8
6699	KGT	7
6699	GGA	7
6699	GGY	6
6699	SGT	6
6699	RGT	6
6699	GRT	4
6700	TTA	249719
6700	TTR	9
6700	TTG	9
6700	YTA	4
6700	TYA	4
6700	TTW	4
6701	CAT	249697
6701	CAC	32
6701	YAT	7
6701	CRT	6
6701	CAY	5
6701	CWT	3
6701	CAW	3
6702	CTA	249334
6702	TTA	73
6702	YTA	7
6702	CYA	6
6702	CTR	3
6702	MTA	3
6702	ATA	3
6702	CTG	2
6703	CTG	249367
6703	TTG	20
6703	ATG	14
6703	CTR	9
6703	YTG	4
6703	CWG	3
6704	ATT	249262
6704	GTT	124
6704	ATY	7
6704	RTT	5
6704	ATC	5
6704	ATA	5
6704	ATW	4
6704	AYT	3
6704	WTT	3
6704	ACT	2
6705	GGA	249377
6705	AGA	13
6705	GKA	7
6705	GTA	6
6705	KGA	5
6705	GGM	3
6705	RGA	3
6705	GGW	3
6705	GRA	3
6706	CTA	249375
6706	TTA	18
6706	YTA	13
6706	CTT	10
6706	CTW	9
6706	CTG	4
6706	CTR	3
6706	MTA	3
6706	CYA	3
6707	GCT	249295
6707	GTT	87
6707	TCT	23
6707	KCT	12
6707	GYT	12
6707	SCT	10
6707	GCY	6
6707	GCC	4
6707	RCT	3
6708	AAA	249370
6708	AGA	19
6708	ARA	9
6708	AAG	8
6708	AAR	6
6708	AAM	6
6708	RAA	5
6708	WAA	4
6708	AMA	3
6709	CGT	249250
6709	TGT	99
6709	YGT	13
6709	CTT	11
6709	CRT	6
6709	CGG	6
6709	CGY	5
6709	CKT	4
6709	YKT	3
6709	CST	3
6709	MGT	3
6710	TTT	249136
6710	TYT	17
6710	TCT	9
6710	TCA	6
6710	TTC	6
6710	TTY	5
6710	ATT	4
6710	YTT	3
6710	TWT	3
6711	AAG	249028
6711	AAT	54
6711	AAA	50
6711	AGG	31
6711	ARG	10
6711	GAG	5
6711	RAG	5
6711	AAR	4
6711	AAK	3
6711	WAG	3
6712	GAA	249039
6712	AAA	62
6712	RAA	14
6712	GAT	13
6712	GRA	10
6712	KAA	3
6712	GAM	3
6712	SAA	3
6712	GAG	2
6713	TCA	249031
6713	TTA	85
6713	TYA	24
6713	CCA	14
6713	GCA	6
6713	TCG	6
6713	TMA	4
6713	KCA	3
6713	ACA	2
6713	YCA	2
6713	TCR	2
6714	CCT	248891
6714	CTT	78
6714	TCT	55
6714	CCY	23
6714	CCA	11
6714	CCC	9
6714	CCW	6
6714	SCT	6
6714	CYT	5
6714	YCT	4
6714	CMT	4
6714	CST	3
6714	MCT	2
6715	TTT	249097
6715	CTT	12
6715	TTY	8
6715	YTT	7
6715	CTC	7
6715	CTA	6
6715	TYT	6
6715	TTW	3
6715	TAT	3
6716	GAA	249131
6716	KAA	13
6716	GAG	8
6716	GAW	5
6716	GGA	5
6716	AAA	3
6716	RAA	2
6717	TTA	249111
6717	YTA	7
6717	TTW	6
6717	TTR	6
6717	TYA	4
6717	TTG	4
6717	TCA	4
6717	WTA	3
6717	TTT	2
6718	GAA	249076
6718	GAG	16
6718	GAR	13
6718	KAA	12
6718	GRA	3
6718	SAA	3
6718	GCA	2
6719	GAT	249044
6719	TAT	30
6719	KAT	12
6719	GAY	10
6719	GAW	7
6719	AAT	4
6719	GAC	4
6719	GGT	4
6719	GAK	3
6719	GRT	3
6719	GWT	3
6720	TTT	248719
6720	TTC	7
6720	TTY	7
6720	TYT	6
6720	TTW	6
6720	TTG	4
6720	KTT	3
6720	YTT	3
6720	WTT	2
6721	ATT	248625
6721	ATA	30
6721	TTT	20
6721	GTT	8
6721	ACT	7
6721	AYT	6
6721	RTT	6
6721	ATY	4
6721	AWT	3
6721	ATK	3
6721	AKK	3
6721	ATW	3
6721	ATG	3
6722	CCT	248188
6722	CTT	349
6722	TCT	67
6722	CYT	39
6722	YCT	19
6722	CAT	19
6722	CCC	10
6722	CCY	5
6722	MCT	4
6722	SCT	4
6722	CMT	3
6722	CCW	3
6722	GCT	2
6723	ATG	248339
6723	ATA	277
6723	GTG	41
6723	ATT	27
6723	ATR	12
6723	ATK	11
6723	WTG	7
6723	RTG	6
6723	ACG	3
6723	AWG	3
6723	AAG	2
6723	MTG	2
6724	GAC	248554
6724	GAT	89
6724	AAC	35
6724	TAC	24
6724	GAY	17
6724	KAC	8
6724	GAS	6
6724	RAC	5
6724	GGC	4
6724	GAA	3
6724	GRC	2
6725	AGT	248461
6725	GGT	40
6725	ATT	24
6725	AGC	10
6725	AKT	8
6725	RGT	6
6725	AAT	5
6725	ART	4
6725	TGT	4
6725	AGY	3
6725	WGT	3
6725	MGT	3
6726	ACA	248359
6726	ACR	16
6726	AYA	12
6726	WCA	7
6726	AMA	6
6726	RCA	6
6726	ATA	4
6726	MCM	3
6726	ACW	3
6726	ACG	2
6727	GTT	248220
6727	KTT	11
6727	GYT	8
6727	RTT	4
6727	GKK	3
6727	GTW	2
6727	GKT	2
6727	GTC	2
6728	AAA	248034
6728	WAA	8
6728	ARA	7
6728	AWA	6
6728	RAA	4
6728	MMA	3
6729	AAC	246862
6729	AAT	1146
6729	AAY	16
6729	AWC	6
6729	AGC	4
6729	ARC	4
6729	AAM	3
6729	AAA	3
6729	ATC	3
6729	RAC	3
6729	ACC	3
6730	TAT	247880
6730	CAT	21
6730	TAC	15
6730	YAT	10
6730	TAY	7
6730	TWT	7
6730	TGT	6
6730	TAW	3
6730	TRT	3
6730	KAK	3
6731	TTC	247869
6731	TTT	33
6731	TTY	7
6731	WTC	6
6731	ATC	4
6731	YTC	4
6731	TKC	3
6731	KTC	3
6731	KKM	3
6731	TTS	3
6731	TGC	2
6732	ATA	247655
6732	RTA	12
6732	GTA	9
6732	WTA	8
6732	ATT	8
6732	AYA	6
6732	MTA	6
6732	ACA	4
6732	ATW	3
6732	ATR	3
6732	AKA	3
6732	TTA	3
6732	AWA	2
6733	ACA	247604
6733	AYA	9
6733	ACR	8
6733	RCA	7
6733	ACG	6
6733	GCA	5
6733	ATA	4
6733	AMA	3
6733	ACW	3
6734	GAT	247339
6734	GRT	62
6734	GGT	45
6734	TAT	21
6734	GAC	18
6734	AAT	10
6734	KAT	10
6734	GWT	9
6734	GAK	4
6734	GAY	4
6734	CAT	4
6734	CAC	3
6734	AAC	3
6734	GCT	2
6735	GCG	247303
6735	GTG	37
6735	GCA	25
6735	GCR	14
6735	GCK	7
6735	ACA	6
6735	GYG	5
6735	ACG	4
6735	RCG	4
6735	GTA	3
6735	KCG	3
6736	CAA	247302
6736	CAC	49
6736	MAA	15
6736	CAR	12
6736	CRA	9
6736	CGA	6
6736	CAW	4
6736	CAG	4
6736	CMW	3
6736	CAM	2
6737	ACA	248224
6737	ATA	186
6737	ACG	35
6737	AYA	14
6737	ACT	9
6737	ACR	6
6737	MCA	3
6738	GGT	248624
6738	GTT	44
6738	GKT	22
6738	TGT	15
6738	GGC	7
6738	GGA	6
6738	GGG	6
6738	GAT	4
6738	KGT	4
6738	RGT	4
6738	GST	4
6738	AGT	2
6738	GGK	2
6739	TCA	248676
6739	TTA	154
6739	TYA	77
6739	TSA	16
6739	TCG	9
6739	TCT	6
6739	ACA	4
6739	YCA	4
6739	TCR	4
6739	TMA	3
6739	KCA	3
6739	WCA	3
6740	TCT	251796
6740	TCG	66
6740	TTT	50
6740	TYT	31
6740	GCT	13
6740	TAT	9
6740	TCA	8
6740	TCY	3
6740	TST	3
6740	WCT	3
6740	TCC	2
6741	AAG	251919
6741	AAT	47
6741	ACG	10
6741	AAA	9
6741	AAK	8
6741	WAG	2
6742	TGT	251825
6742	TTT	115
6742	TKT	22
6742	TAT	3
6742	YGT	3
6743	GTG	251952
6743	TTG	11
6743	GYG	5
6743	ATG	5
6743	GTA	3
6743	GTT	3
6743	GKG	2
6744	TGT	251907
6744	YGT	34
6744	TGC	6
6744	TGY	4
6744	TKT	3
6745	TCT	254963
6745	WCT	33
6745	KCT	29
6745	GCT	8
6745	ACT	7
6745	TCC	3
6745	TGT	3
6745	TCY	3
6745	TYT	2
6745	TST	2
6746	GTT	255102
6746	GCT	6
6746	GTC	5
6746	GYT	3
6746	RTT	2
6746	GTY	2
6747	ATT	255070
6747	GTT	19
6747	ATA	12
6747	RTT	4
6747	AAT	3
6747	ATY	2
6748	GAT	255108
6748	GAY	9
6748	GAC	7
6748	KAT	5
6748	GAA	3
6749	TTA	255099
6749	TTG	12
6749	YYA	6
6749	TYA	2
6750	TTA	255127
6750	YTA	2
6751	CTT	255101
6752	GAT	255074
6752	TAT	22
6752	GAC	8
6752	KAT	5
6752	SAT	4
6752	GAK	4
6752	GRT	2
6753	GAT	255085
6753	GWT	6
6753	GAC	3
6753	SAT	3
6753	KAT	3
6753	GAW	3
6754	TTT	255082
6754	TTC	35
6754	TYT	3
6754	TTY	3
6755	GTT	255113
6755	GTC	9
6755	TTT	7
6755	ATT	5
6755	GTY	4
6755	STT	4
6755	GCT	2
6756	GAA	255103
6756	RAA	9
6756	AAA	4
6756	GCA	3
6756	GGA	2
6757	ATA	255122
6757	CTA	4
6757	ATR	4
6757	ATG	3
6758	ATA	255136
6758	ACA	4
6758	GTA	3
6758	AYA	3
6759	AAA	255125
6759	AAG	4
6759	RAA	2
6760	TCC	253380
6760	TCT	74
6760	TCY	12
6760	TCA	10
6760	TTC	7
6760	YCC	3
6760	TYC	3
6761	CAA	253463
6761	CAG	10
6761	YAA	5
6761	CAR	3
6761	CWA	2
6762	GAT	253416
6762	GAC	21
6762	TAT	20
6762	GAG	10
6762	KAT	7
6762	GGT	6
6762	AAT	3
6762	GAY	3
6762	GWT	2
6763	TTA	253372
6763	TTG	84
6763	TYA	6
6763	TTR	4
6764	TCT	253105
6764	TTT	217
6764	TYT	27
6764	WCT	16
6764	TCA	7
6764	TCC	4
6764	TAT	4
6764	TMT	2
6764	TCY	2
6765	GTA	253253
6765	GTG	56
6765	GTC	6
6765	KTA	4
6765	ATA	3
6765	TTA	3
6765	GWA	3
6765	GTR	3
6766	GTT	253228
6766	ATT	18
6766	GYT	5
6766	KTT	4
6766	GCT	3
6766	TTT	3
6766	GTY	2
6766	GTG	2
6767	TCT	253350
6767	TCK	4
6767	TCC	3
6768	AAG	253123
6768	AAA	38
6768	AAT	14
6768	AAK	7
6768	AAR	5
6768	ARG	2
6769	GTT	253068
6769	TTT	88
6769	KTT	22
6769	GTG	12
6769	ATT	9
6769	GTC	5
6769	GYT	4
6769	GTK	3
6769	STT	3
6770	GTC	253012
6770	GTT	22
6770	TTC	6
6770	ATC	6
6770	GTY	4
6770	GKC	3
6770	GTS	2
6771	AAA	253058
6771	AAR	5
6771	AAG	5
6771	AWA	4
6771	AAT	2
6771	GAA	2
6772	GTG	252269
6772	GTT	501
6772	TTG	454
6772	KTG	39
6772	GTK	29
6772	GTA	5
6772	GYG	4
6772	ATG	2
6772	DTG	2
6772	GTC	2
6772	STG	2
6773	ACT	253288
6773	AYT	14
6773	ATT	10
6773	ACY	7
6773	RCT	4
6773	AMT	2
6774	ATT	253381
6774	CTT	3
6775	GAC	253386
6775	GAT	24
6775	GAY	8
6775	RAC	3
6776	TAT	253389
6776	TAC	16
6776	TAY	3
6777	ACA	253303
6777	ATA	96
6777	GCA	6
6777	AYA	5
6778	GAA	253388
6778	GAG	11
6778	GRA	3
6778	TAA	2
6778	RAA	2
6779	ATT	253106
6779	CTT	301
6779	AWT	7
6779	GTT	7
6779	MTT	6
6779	ATW	3
6779	ATA	2
6780	TCA	253430
6780	TTA	15
6780	TYA	10
6780	GCT	6
6780	TCC	5
6780	YCA	4
6780	TCG	2
6781	TTT	253485
6781	TGT	2
6782	ATG	253461
6782	ACG	7
6782	ATR	4
6782	ATK	4
6782	RTG	4
6782	ATT	3
6782	GTG	2
6783	CTT	253367
6783	TTT	69
6783	YTT	17
6783	CTK	3
6783	CYT	3
6783	CTC	2
6784	TGG	253486
6784	TGT	36
6784	TGK	6
6784	TKG	6
6784	TRG	3
6784	TCG	3
6784	TGS	2
6784	CGG	2
6785	TGT	253605
6785	TGC	4
6785	YGT	3
6785	KGT	2
6786	AAA	252989
6786	AAT	583
6786	AGA	20
6786	AAW	3
6786	RAA	2
6786	ARA	2
6786	AAG	2
6786	WAA	2
6787	GAT	252950
6787	TTT	583
6787	TAT	25
6787	GAC	13
6787	KAT	5
6787	GAK	3
6787	GAY	2
6787	GGT	2
6787	AAT	2
6788	GGC	253396
6788	GGT	153
6788	GKC	43
6788	GGA	12
6788	GGY	11
6788	TGC	9
6788	GTC	7
6788	KGC	5
6788	GSC	4
6788	RGC	2
6788	GGM	2
6788	AGC	2
6789	CAT	253242
6789	TAT	101
6789	YAT	31
6789	CAC	11
6789	CAA	7
6789	CAY	7
6789	CRT	5
6789	SAT	4
6789	CTT	3
6790	GTA	253427
6790	GTG	13
6790	KTA	12
6790	GTT	9
6790	ATA	4
6790	GYA	4
6790	STA	2
6791	GAA	253449
6791	GAG	7
6791	CAA	6
6791	AAA	5
6791	GAM	3
6791	GGA	3
6791	SAA	3
6791	GRA	3
6791	RAA	2
6791	KAA	2
6792	ACA	253504
6792	GCA	5
6792	AYW	3
6792	ATA	3
6792	AYA	3
6793	TTT	253499
6793	TWT	6
6793	CTT	4
6793	TYT	2
6793	TKT	2
6794	TAC	253492
6794	CAC	9
6794	TAT	8
6794	TCC	4
6794	TGC	3
6794	TAY	3
6794	YAC	2
6795	CCA	253444
6795	TCA	25
6795	CCT	16
6795	CMA	5
6795	CCM	4
6795	YCA	4
6795	ACA	3
6795	CAA	2
6796	AAA	253572
6796	AMA	24
6796	CAA	4
6796	AAG	3
6796	GAA	2
6796	ARA	2
6797	TTA	253622
6797	CTA	8
6797	TTG	5
6797	YTA	2
6798	CAA	253613
6798	YAA	10
6798	TAA	2
6799	TCT	252575
6799	TCC	1107
6799	TCY	23
6799	TYT	8
6800	AGT	254156
6800	ATT	12
6800	AGC	10
6800	RGT	9
6800	AGY	5
6800	AAT	4
6800	GGT	3
6800	AKT	2
6801	CAA	254171
6801	CAG	9
6801	YAA	7
6801	CAW	3
6802	GCG	254090
6802	GCA	33
6802	GCT	13
6802	ACG	10
6802	GCR	5
6802	GTG	5
6802	RCG	2
6803	TGG	254437
6803	TSG	3
6803	TGK	2
6804	CAA	253819
6804	CTA	410
6804	CGA	6
6804	CAG	5
6804	CWA	3
6805	CCG	254005
6805	CCT	174
6805	CCA	43
6805	CCK	17
6805	TCG	9
6805	CCR	8
6806	GGT	254224
6806	SGT	9
6806	GGA	8
6806	CGT	3
6806	GGY	2
6806	GGK	2
6807	GTT	254233
6807	TTT	18
6807	GTG	7
6807	KTT	6
6807	GCT	6
6807	GYT	4
6807	GWT	3
6807	ATT	3
6807	GTC	2
6808	GCT	254221
6808	GCC	15
6808	GCY	9
6808	ACT	7
6808	GTT	3
6809	ATG	254126
6809	ATT	24
6809	AYG	8
6809	ATK	8
6809	ATA	3
6809	ATS	2
6810	CCT	254077
6810	TCT	12
6810	CCA	7
6810	CCG	6
6810	CCC	3
6810	CCY	2
6810	CAT	2
6810	CTT	2
6810	CYT	2
6811	AAT	254063
6811	AAC	22
6811	GAT	2
6811	ART	2
6811	AAY	2
6812	CTT	253945
6812	TTT	32
6812	ATT	11
6812	YTT	9
6813	TAC	253688
6813	TAT	281
6813	TAY	37
6813	TAM	3
6814	AAA	253984
6814	AAG	11
6814	AAW	2
6815	ATG	253903
6815	ATT	114
6815	GTG	6
6815	ATK	4
6815	AYG	3
6815	ATS	2
6815	ACG	2
6816	CAA	253959
6816	CAG	23
6816	CAR	16
6816	YAA	5
6816	CTA	3
6816	MAA	3
6817	AGA	253989
6817	AGG	7
6817	GGA	3
6817	AKA	3
6817	WGA	3
6817	ATA	2
6817	ARA	2
6818	ATG	253933
6818	ATT	59
6818	AKG	10
6818	GTG	8
6818	ACG	6
6818	ATS	3
6818	AYG	3
6818	CTG	3
6818	ATK	3
6819	CTA	253845
6819	TTA	165
6819	YTA	13
6819	CTT	2
6819	CYA	2
6820	TTA	253979
6820	TTT	20
6820	CTA	11
6820	CTT	7
6820	CCA	3
6821	GAA	253972
6821	RAA	10
6821	GAG	7
6821	GAT	7
6821	GMA	3
6821	KAA	3
6821	SAA	2
6821	GAR	2
6821	TAA	2
6822	AAG	253952
6822	AAT	24
6822	AAA	16
6822	AAK	11
6822	ARG	5
6822	AAR	3
6822	AWG	2
6823	TGT	253989
6823	TGC	5
6824	GAC	253890
6824	GAT	87
6824	TAC	16
6824	GAY	8
6824	GAA	5
6825	CTT	253976
6825	CTA	17
6825	YTT	7
6825	ATT	6
6825	CTC	2
6826	CAA	253526
6826	CAC	259
6826	AAA	156
6826	CAG	23
6826	CGA	9
6826	CAT	8
6826	YAA	7
6826	CAM	5
6826	CAR	3
6827	AAT	254016
6827	RAT	3
6827	AAC	2
6828	TAT	253996
6828	TTT	88
6828	TAC	15
6828	TAK	5
6829	GGT	254060
6829	GAT	9
6829	AGT	5
6829	GGC	4
6829	GCT	4
6829	GGA	2
6830	GAT	253947
6830	GCT	88
6830	GGT	22
6830	TAT	15
6830	GAA	7
6830	AAT	5
6830	AAA	3
6830	GRT	2
6830	KAT	2
6830	GAC	2
6831	AGT	253598
6831	CGT	314
6831	GGT	93
6831	ATT	43
6831	AGC	16
6831	GCA	5
6831	MGT	4
6831	AGY	4
6831	AKT	3
6831	AAT	3
6831	AGG	2
6832	GCA	253339
6832	GTA	631
6832	TCT	88
6832	GYA	31
6832	TCA	10
6832	GCT	9
6832	RCA	6
6832	KCA	4
6832	ACA	3
6833	ACA	253718
6833	ATA	370
6833	AYA	24
6833	ACG	15
6833	ACT	6
6833	GCA	4
6833	MYA	3
6833	WCA	3
6833	MCA	2
6834	TTA	254068
6834	CTA	8
6834	TYA	6
6834	TTG	5
6834	YTA	4
6835	CCT	254046
6835	CCC	24
6835	TCT	15
6835	YCT	10
6835	CCY	4
6835	CCW	3
6835	CYT	2
6836	AAA	254028
6836	WAA	4
6836	ARA	4
6836	AGA	3
6836	MAA	2
6836	WWA	2
6837	GGC	253971
6837	GGT	15
6837	KGC	7
6837	GAC	5
6837	TGC	5
6837	GGY	4
6837	GGA	2
6837	RGC	2
6838	ATA	253974
6838	AAA	3
6838	TTA	3
6838	ACA	2
6839	ATG	253963
6839	ATT	5
6839	ATK	4
6839	AYG	3
6840	ATG	253641
6840	WTG	4
6840	CTG	3
6840	AWG	3
6840	ATK	2
6841	AAT	253534
6841	AAC	8
6841	AAY	5
6841	TTT	3
6841	AWT	3
6842	GTC	253561
6842	GTT	21
6842	GTY	9
6843	GCA	253568
6843	GYA	6
6843	GCT	4
6843	KCM	3
6843	GCW	2
6844	AAA	254166
6844	AAG	26
6845	TAT	253741
6845	TAC	526
6845	TAY	7
6845	WAT	5
6845	TRT	3
6846	ACT	254287
6846	ATT	51
6846	AYT	7
6846	ACC	7
6847	CAA	254349
6847	YAA	6
6847	CAG	3
6848	CTG	254288
6848	TTG	15
6848	YTG	14
6848	CYG	5
6848	CTA	4
6848	CTR	4
6848	CTC	3
6848	CWG	3
6848	MTG	3
6848	CTK	3
6848	CTT	2
6849	TGT	254324
6849	TGC	15
6849	TTT	4
6849	TKT	3
6850	CAA	254207
6850	YAA	11
6850	MAA	6
6850	CAG	2
6851	TAT	255933
6851	TAC	7
6851	CAT	2
6852	TTA	255922
6852	TTW	6
6852	TWA	5
6852	TYA	3
6852	YTA	2
6853	AAC	255632
6853	AAT	186
6853	TAC	88
6853	AAY	11
6853	AGC	10
6853	AAS	3
6853	AAA	3
6853	ARC	3
6854	ACA	255785
6854	ATA	45
6854	AYA	11
6854	ACT	5
6854	GCA	4
6854	ACW	4
6854	WCA	3
6854	ACG	3
6855	TTA	255850
6855	TTG	9
6855	TYA	3
6855	YTA	3
6855	CTA	2
6856	ACA	255832
6856	ACT	14
6856	ATA	10
6856	AYA	4
6856	AMA	3
6856	ACG	2
6857	TTA	255865
6857	TTR	4
6857	CTA	3
6857	TTG	2
6858	GCT	255822
6858	GCC	8
6858	GCY	7
6858	KCT	3
6858	TCT	2
6859	GTA	255797
6859	GTG	11
6859	RTA	3
6859	GYA	3
6859	KTA	3
6860	CCC	255601
6860	CCT	166
6860	CCY	27
6860	CCA	2
6861	TAT	255792
6861	TAC	10
6861	TAW	2
6861	TGT	2
6862	AAT	255786
6862	AAC	8
6862	ART	4
6862	GAT	3
6863	ATG	255742
6863	ATT	30
6863	ATK	21
6863	ATC	5
6863	AYG	3
6863	ATS	3
6863	AWG	2
6864	AGA	255771
6864	AAA	7
6864	AKA	6
6864	ASA	6
6864	AGW	2
6865	GTT	255782
6865	GTC	11
6865	GTA	6
6865	GTG	6
6865	KTT	5
6866	ATA	255797
6866	GTA	15
6866	RTA	5
6866	AYA	3
6867	CAT	255788
6867	CAC	7
6867	YAT	5
6867	CWT	4
6867	TAT	2
6868	TTT	255487
6868	TCT	4
6868	TYT	3
6869	GGT	255478
6869	KGT	5
6869	GGC	2
6870	GCT	255458
6870	GCC	6
6870	GCA	3
6870	GYT	2
6871	GGT	255456
6871	GGC	8
6872	TCT	255449
6872	TCA	7
6872	TYT	6
6872	TCY	5
6872	TCG	4
6872	TTT	2
6873	GAT	255423
6873	AAT	7
6873	RAT	3
6873	GAC	3
6873	TAT	3
6873	GAY	2
6873	GRT	2
6874	AAA	255276
6874	AAR	13
6874	ARA	3
6874	AAG	3
6874	AWA	3
6875	GGA	255215
6875	AGA	58
6875	RGA	7
6875	GGG	5
6875	GSA	2
6875	GRA	2
6876	GTT	255064
6876	GGT	27
6876	ATT	18
6876	GKT	17
6876	GTA	17
6876	GWT	9
6876	GTG	8
6876	GCT	3
6877	GCA	255150
6877	TCA	16
6877	KCA	7
6877	GCG	4
6877	GCR	2
6877	GCT	2
6877	GCW	2
6878	CCA	255133
6878	CCT	18
6878	GCA	17
6878	CCG	7
6878	YCA	6
6878	SCA	3
6878	CTA	2
6879	GGT	255187
6879	KGT	6
6879	GGC	4
6879	GKT	3
6879	GST	3
6879	SGT	2
6879	RGT	2
6880	ACA	255216
6880	ACR	3
6880	AYA	3
6880	ACG	2
6881	GCT	255088
6881	GCA	22
6881	KCT	3
6881	ACT	3
6881	GAA	3
6881	GAT	2
6881	GCY	2
6882	GTT	255129
6882	KTT	7
6882	GTC	4
6883	TTA	255132
6883	TTG	7
6883	CTT	6
6883	YTA	5
6883	TTR	3
6883	TCA	2
6884	AGA	255128
6884	AKA	9
6884	AAA	4
6884	MGA	4
6884	AGG	4
6884	RGA	3
6884	ASA	3
6884	ARA	2
6884	AGR	2
6885	CAG	255123
6885	CAA	8
6885	CAT	2
6885	CAK	2
6886	TGG	255102
6886	TGK	41
6886	TGT	2
6887	TTG	255125
6887	TTK	11
6887	TTA	8
6887	TTS	6
6887	TTT	6
6887	CTG	2
6888	CCT	255152
6888	CCC	13
6888	YCT	4
6889	ACG	254505
6889	ATG	357
6889	ACT	248
6889	ACA	32
6889	AYG	20
6889	ACK	15
6889	ACR	2
6890	GGT	255160
6890	AGT	6
6890	KGT	5
6890	GGC	5
6890	GAT	4
6890	GRT	3
6890	GKT	3
6890	GGY	2
6890	SGT	2
6890	TGT	2
6891	ACG	255043
6891	ATG	71
6891	ACT	17
6891	ACA	16
6891	GCG	14
6891	AYG	7
6891	RCG	3
6891	ASG	3
6891	ACS	2
6891	AMG	2
6892	CTG	255057
6892	CTT	45
6892	CTA	25
6892	ATG	12
6892	CTK	8
6892	TTG	5
6892	CKG	2
6892	YTG	2
6893	CTT	255140
6893	TTT	17
6893	YTT	6
6893	CTW	3
6893	CTY	2
6894	GTC	254761
6894	GTT	390
6894	TTC	19
6894	GTY	14
6894	GTM	4
6894	GCC	3
6894	CTC	3
6894	KTC	3
6894	ATC	2
6894	GTA	2
6895	GAT	255147
6895	GAC	44
6895	GAG	3
6895	KAT	2
6896	TCA	255070
6896	TCG	66
6896	TTA	35
6896	TYA	9
6896	TCT	6
6896	YCA	2
6897	GAT	255166
6897	GAC	15
6897	GAY	6
6897	TAT	5
6897	AAT	4
6897	KAT	3
6897	GAG	3
6898	CTT	255121
6898	YTT	32
6898	TTT	15
6898	ATT	8
6898	CTC	5
6898	CAA	3
6898	CYT	3
6899	AAT	255182
6899	GAT	3
6899	AAC	2
6900	GAC	255180
6900	TAC	22
6900	GAT	14
6900	GAY	5
6900	KAC	4
6900	GGC	3
6900	RAC	2
6900	AAC	2
6901	TTT	255181
6901	TTC	13
6901	TGT	7
6901	TYT	3
6901	GTG	3
6901	TTK	3
6901	YTT	3
6901	TTY	2
6902	GTC	255180
6902	GTT	32
6902	GTY	4
6902	ATC	2
6902	GYC	2
6903	TCT	255196
6903	TCA	11
6903	TYT	6
6903	TCC	3
6903	TCG	3
6903	TCW	2
6904	GAT	255190
6904	GAC	32
6904	GAG	3
6904	KAT	2
6905	GCA	255161
6905	GCT	14
6905	GCG	7
6905	TCA	5
6905	GYA	4
6905	SCA	4
6905	GCW	3
6905	KCA	3
6906	GAT	255033
6906	AAT	131
6906	GAC	13
6906	GAG	5
6906	TAT	5
6906	CAT	3
6906	RAT	3
6906	KAT	2
6907	TCA	255185
6907	TCT	6
6907	TYA	5
6907	TCW	5
6907	TMA	3
6907	YCA	2
6908	ACT	255137
6908	ATT	21
6908	AYT	11
6908	ACC	9
6908	ACY	8
6909	TTG	254960
6909	TTT	101
6909	ATG	34
6909	TTA	23
6909	TTC	6
6909	YTG	4
6909	CTG	3
6909	TTR	3
6909	YWG	3
6910	ATT	255044
6910	ATA	25
6910	ATC	17
6910	GTT	8
6910	AYT	5
6910	RTT	4
6910	ACT	3
6910	ATY	2
6911	GGT	254971
6911	TGT	91
6911	GTT	16
6911	KGT	8
6911	AGT	5
6911	GGW	4
6911	GGK	2
6911	RGT	2
6912	GAT	255054
6912	GAC	15
6912	GWT	5
6912	GGT	4
6912	AAT	3
6912	SAT	3
6912	TAT	2
6913	TGT	255374
6913	TKT	8
6913	TGC	2
6913	TRT	2
6913	YGT	2
6914	GCA	255142
6914	GTA	165
6914	TCA	68
6914	GYA	19
6914	KCA	7
6914	ACA	6
6914	GCG	6
6914	GAA	4
6914	RCA	2
6914	GCT	2
6914	GSA	2
6915	ACT	255554
6915	ATT	41
6915	ACC	20
6915	AYT	15
6915	ACK	3
6915	AYK	3
6915	GCT	3
6916	GTA	255635
6916	TTA	22
6916	ATA	9
6916	GTG	5
6916	GTT	3
6916	GKA	2
6916	GTR	2
6917	CAT	255482
6917	CAC	46
6917	TAT	5
6917	YAT	4
6917	CGT	3
6917	CAA	2
6918	ACA	255459
6918	ATA	34
6918	ACG	7
6918	ACT	6
6918	AYA	5
6919	GCT	255485
6919	GCC	10
6919	GTT	5
6919	ACT	3
6919	SCT	2
6920	AAT	255485
6920	AAC	28
6920	AAW	2
6921	AAA	255486
6921	AAG	15
6921	AGA	4
6921	WAA	2
6921	AAT	2
6922	TGG	255476
6922	KGG	4
6922	TGK	4
6922	TSG	3
6923	GAT	255491
6923	GAC	22
6923	KAT	9
6924	CTC	255362
6924	TTC	167
6924	YTC	18
6924	CTT	11
6924	GTC	4
6925	ATT	255585
6925	GTT	30
6925	RTT	3
6926	ATT	255635
6926	GTT	14
6926	AYT	6
6926	ATC	6
6926	ATY	3
6926	RTT	2
6927	AGT	255728
6927	GGT	4
6927	AGY	4
6927	AGA	3
6928	GAT	255734
6928	GAC	15
6928	KAT	8
6928	GAY	5
6929	ATG	255754
6929	ATA	3
6929	RTG	2
6930	TAC	255750
6930	TAT	8
6930	TAY	6
6930	YAC	3
6931	GAC	255501
6931	GAT	206
6931	AAC	12
6931	GAY	11
6931	GMC	3
6931	RAC	2
6931	KAC	2
6932	CCT	255405
6932	TCT	284
6932	YCT	14
6932	CTT	8
6932	CYT	6
6933	AAG	255682
6933	AAA	10
6933	AGG	5
6933	AAR	2
6934	ACT	255444
6934	ACC	11
6934	AYT	6
6934	AAT	3
6934	ATT	3
6934	AMT	2
6935	AAA	255885
6935	AAG	5
6935	RAA	3
6936	AAT	255841
6936	AAC	35
6936	CAT	6
6936	AAY	5
6937	GTT	255780
6937	GTW	65
6937	GTC	12
6937	KTT	8
6937	GCT	7
6937	GTA	6
6937	ATT	5
6937	GTY	5
6937	TTT	3
6937	RTT	2
6938	ACA	254740
6938	ATA	1076
6938	AYA	28
6938	ACG	6
6938	GCA	3
6938	ACC	2
6938	RCA	2
6939	AAA	255854
6939	AGA	97
6939	ACA	13
6939	AAG	8
6939	AWA	5
6939	AAR	4
6939	AAW	2
6939	CAA	2
6939	AAM	2
6939	RAA	2
6940	GAA	256058
6940	SAA	9
6940	RAA	9
6940	CAA	4
6941	AAT	256071
6941	AAC	15
6941	MAC	14
6941	RAT	3
6941	ART	3
6942	GAC	256081
6942	GAT	14
6942	GAY	8
6942	SAC	7
6942	TAC	5
6942	GAA	3
6942	KAC	2
6943	TCT	255957
6943	TCC	207
6943	TYT	4
6943	TCW	3
6943	TCK	3
6944	AAA	256159
6944	AAR	7
6944	AAW	6
6944	AAG	2
6945	GAG	256074
6945	GAT	58
6945	KAG	12
6945	GAA	8
6945	GAK	6
6945	GGG	3
6945	GWG	2
6946	GGT	256026
6946	GKT	14
6946	KGT	11
6946	GGA	10
6946	GGG	9
6946	GAT	7
6946	GTT	5
6946	GST	3
6946	TGT	2
6947	TTT	256143
6948	TTC	256296
6948	TTT	61
6948	TTY	6
6949	ACT	256115
6949	ATT	205
6949	ACC	36
6949	AYT	14
6949	ACA	2
6950	TAC	256320
6950	TAT	26
6950	TAY	8
6950	YAC	3
6950	CAC	2
6950	TWC	2
6951	ATT	256318
6951	ATC	6
6951	RTT	2
6951	GTT	2
6951	ATA	2
6951	WTT	2
6952	TGT	256263
6952	TTT	30
6952	TGC	11
6952	TGK	7
6952	TKT	6
6952	TAT	5
6952	YGT	3
6952	KGT	2
6953	GGG	255728
6953	GGT	291
6953	GGK	216
6953	GGA	19
6953	AGG	5
6953	KGG	4
6953	GGC	4
6953	GGR	3
6953	GKG	3
6953	GRS	3
6953	GTG	2
6954	TTT	256257
6954	TTC	43
6954	CTT	6
6955	ATA	256299
6955	GTA	13
6955	ACA	8
6955	AYA	3
6956	CAA	256266
6956	CGA	33
6956	YAA	6
6956	CAG	3
6957	CAA	256135
6957	CAG	3
6957	CGA	3
6957	CAR	3
6957	CTA	3
6957	YAA	2
6958	AAG	255219
6958	AGG	867
6958	ARG	125
6958	AAA	17
6958	RAG	3
6958	AAR	2
6959	CTA	256162
6959	TTA	28
6959	CTG	18
6959	CTR	6
6959	YTA	3
6960	GCT	255937
6960	ACT	26
6960	GCC	26
6960	TCT	12
6960	GTT	10
6960	KCT	8
6960	GCY	5
6960	GYT	5
6960	SCT	3
6960	CCA	2
6960	GMT	2
6961	CTT	251003
6961	CAT	101
6961	CTA	52
6961	YTT	49
6961	CTC	42
6961	TTT	41
6961	CDT	33
6961	ATT	19
6961	CTB	10
6961	CGT	6
6961	CYT	4
6961	STT	3
6961	CTK	3
6961	CCT	2
6962	GGA	251304
6962	GAA	34
6962	RGA	6
6962	GKA	4
6962	KGA	4
6962	GGR	2
6962	GGC	2
6963	GGT	251071
6963	TGT	52
6963	DGT	6
6963	GGC	2
6963	GAT	2
6964	TCC	250277
6964	TCT	525
6964	KCC	24
6964	GCC	19
6964	TCA	5
6964	TCY	4
6964	TSC	3
6964	WCC	2
6964	TMC	2
6965	GTG	250306
6965	GCG	279
6965	ATG	32
6965	GTA	14
6965	RTG	6
6965	GTK	3
6965	GYG	3
6966	GCT	244074
6966	GTT	32
6966	RCT	23
6966	ACT	16
6966	GCC	9
6966	GCA	7
6966	GCK	4
6966	GCY	2
6966	GCW	2
6967	ATA	240134
6967	GTA	19
6967	TTA	12
6967	ATG	6
6967	ACA	3
6967	RTA	3
6967	ATM	3
6967	MTA	2
6968	AAG	240008
6968	TAG	13
6968	AAA	12
6968	AAK	3
6969	ATA	238801
6969	AWA	31
6969	AKA	7
6969	ATR	7
6969	WTA	7
6969	RTA	4
6969	CCA	4
6969	AWR	3
6969	AKR	3
6969	ATW	3
6969	AYA	2
6969	GTA	2
6969	ACA	2
6970	ACA	238955
6970	ACG	13
6970	AYA	7
6970	AMA	6
6970	ACR	4
6970	WCA	3
6970	TCG	2
6971	GAA	238939
6971	GAG	16
6971	GWA	9
6971	GAR	6
6971	KAA	4
6971	GMA	3
6971	GAW	2
6971	GRA	2
6972	CAT	239026
6972	CAC	11
6972	TAT	11
6972	CMT	3
6972	CAY	3
6972	CRT	3
6973	TCT	239197
6973	TCC	7
6973	TMT	6
6973	CCT	4
6973	YCT	4
6973	TCW	3
6973	TCY	3
6973	TYT	2
6974	TGG	239152
6974	TGR	13
6974	TKG	9
6974	TGS	7
6974	TGK	6
6974	TRG	3
6974	YGG	3
6974	WGG	3
6974	TTG	2
6975	AAT	239147
6975	AAY	8
6975	AAC	4
6975	AGT	4
6975	RAT	4
6975	ART	3
6975	CAT	2
6976	GCT	239094
6976	GTT	76
6976	ACT	28
6976	GYT	13
6976	GCY	8
6976	GCC	6
6976	GMT	6
6976	KCT	5
6976	GST	4
6976	RCT	3
6977	GAT	239162
6977	TAT	80
6977	KAT	10
6977	GAY	8
6977	GAW	6
6977	GAC	5
6977	GGT	5
6977	SAT	4
6977	GMT	4
6977	AAT	4
6977	RAT	3
6978	CTT	239232
6978	CTY	11
6978	CYT	8
6978	ATT	6
6978	CTC	6
6978	YTT	5
6978	TTT	3
6978	CTW	3
6979	TAT	239487
6979	TRT	4
6979	TMT	3
6979	TAW	3
6979	YAT	3
6979	TAC	2
6980	AAG	239099
6980	AAT	286
6980	AAK	18
6980	AAA	8
6980	AWG	7
6980	AGG	5
6980	AAS	5
6980	AAC	3
6980	AMG	3
6980	ARG	3
6981	CTC	239330
6981	CTT	111
6981	GCC	14
6981	CTY	10
6981	TTC	9
6981	YTC	6
6981	CYC	5
6981	CWC	3
6981	CCC	3
6982	ATG	239721
6982	ACG	43
6982	AHG	6
6982	ATA	5
6982	ATT	3
6982	WTG	3
6982	RTG	3
6982	CTG	2
6983	GGA	239732
6983	GAA	32
6983	GGG	28
6983	KGA	10
6983	GKA	7
6983	GVA	2
6984	CAC	239701
6984	CGC	41
6984	TAC	33
6984	CAT	23
6984	CAY	8
6984	YAC	5
6984	CRC	4
6984	CAA	3
6984	CAS	3
6985	TTC	239770
6985	TTT	61
6985	TTY	11
6985	WTC	4
6985	TAC	3
6985	CTC	2
6986	GCA	239357
6986	GCT	204
6986	TCA	134
6986	GTA	60
6986	KCA	20
6986	GYA	9
6986	RCA	6
6986	SCA	6
6986	GCG	4
6986	ACA	3
6986	GCM	3
6986	GSA	3
6986	GCR	3
6986	GCW	2
6987	TGG	239794
6987	TGT	12
6987	TKG	7
6987	TGR	6
6987	TGK	5
6987	WGG	3
6987	TRG	2
6987	TCG	2
6988	TGG	240048
6988	YGG	9
6988	TKG	8
6988	TGS	7
6988	TGK	7
6988	TGR	6
6988	HGG	3
6988	DGG	3
6988	TSG	2
6989	ACA	240062
6989	ACG	17
6989	ACT	8
6989	ACC	7
6989	RCA	7
6989	AYA	7
6989	WCA	4
6989	MCA	3
6989	AMA	3
6989	ACR	2
6990	GCC	240024
6990	GCT	41
6990	GTC	28
6990	ACC	19
6990	TCC	18
6990	GCY	10
6990	RCC	6
6990	GCA	6
6990	GMC	3
6990	GYM	3
6990	GCM	2
6990	GYC	2
6991	TTT	240121
6991	YTT	8
6991	TTK	4
6991	TYT	3
6991	TTW	3
6991	TTY	3
6991	TAT	2
6992	GTT	240553
6992	GTY	7
6992	GTC	5
6992	ATT	4
6993	ACT	240289
6993	ATT	151
6993	AYT	15
6993	ACY	7
6993	ACW	5
6993	AMT	3
6994	AAT	240515
6994	AGT	4
6994	AWT	3
6994	AAW	2
6995	GTG	240451
6995	GTK	10
6995	GTR	10
6995	GTA	9
6995	GTC	6
6995	GTT	6
6995	RTG	5
6995	GTS	4
6995	KTG	4
6996	AAT	240473
6996	AAC	26
6996	AAY	3
6996	ART	2
6997	GCG	212670
6997	GCC	27415
6997	GCT	166
6997	GCS	142
6997	GCA	19
6997	GTG	18
6997	GCK	12
6997	GYG	8
6997	GCR	7
6998	TCA	240673
6998	TCT	9
6998	YCA	8
6998	TCR	7
6998	TMA	6
6998	TTA	3
6999	TCA	240811
6999	TCT	13
6999	TYA	10
6999	TCG	8
6999	TCW	4
6999	TTA	3
6999	TMA	3
7000	TCT	240882
7000	TCA	16
7000	TYT	15
7000	TTT	4
7000	TCC	4
7000	TCY	3
7000	TMT	3
7000	YCT	2
7001	GAA	240877
7001	GAG	12
7001	SAA	9
7001	GWA	6
7001	KAA	4
7001	GAR	4
7001	GAW	3
7002	GCA	240758
7002	TCA	35
7002	ACA	10
7002	GCW	6
7002	KCA	4
7002	GCR	3
7002	GCG	2
7003	TTT	240680
7003	WTT	7
7003	TTC	5
7003	TTY	4
7003	TTW	3
7003	TCT	2
7004	TTA	240576
7004	TTM	6
7004	TWA	3
7005	ATT	240601
7005	ATC	8
7005	ATY	6
7005	WTT	4
7005	RTT	3
7005	AWT	3
7005	AAT	2
7005	MTT	2
7006	GGA	240380
7006	GKA	129
7006	GGG	11
7006	KGA	9
7006	GGM	3
7006	SGA	3
7006	GRA	3
7006	AGA	2
7006	GGC	2
7007	TGT	240675
7007	YGT	5
7007	TST	3
7007	WGT	3
7007	TGC	2
7007	TGY	2
7008	AAT	240878
7008	AWT	3
7009	TAT	240957
7009	TAC	11
7009	TAY	11
7009	WAT	4
7010	CTT	240753
7010	CTA	44
7010	TTT	21
7010	CYT	8
7010	CTW	7
7010	CTY	4
7010	STT	4
7010	YTT	4
7010	ATT	4
7010	CAT	3
7010	CTC	2
7011	GGC	240320
7011	TGC	72
7011	AAC	46
7011	GGY	18
7011	GGM	10
7011	GRC	9
7011	GAC	8
7011	GGA	7
7011	KGC	7
7011	AGC	6
7011	RGC	5
7011	GGT	4
7012	AAA	240513
7012	AAG	5
7012	RAA	4
7012	AAW	2
7013	CCA	240103
7013	CTA	276
7013	CMA	18
7013	CCG	16
7013	CAA	16
7013	CYA	10
7013	TCA	10
7013	MCA	7
7013	CSA	3
7013	YCA	3
7013	ACA	2
7014	CGC	235221
7014	TGC	4416
7014	AAC	329
7014	CGT	218
7014	CAC	85
7014	AGC	74
7014	YGC	23
7014	CGY	13
7014	AGT	11
7014	CKC	9
7014	MRC	5
7014	CSC	4
7014	CRC	4
7014	CRY	3
7014	MSC	3
7014	TGT	3
7014	MGC	2
7014	CGM	2
7015	GAA	240455
7015	AAA	13
7015	GAG	11
7015	KAA	9
7015	GCA	6
7015	GRA	6
7015	RAA	6
7015	GAR	4
7015	GAC	4
7015	SAA	3
7015	BAA	2
7015	TAA	2
7016	CAA	240588
7016	CAG	13
7016	YAA	5
7016	CRA	4
7016	CAW	3
7016	MAA	3
7016	CAR	3
7016	AAA	2
7017	ATA	240607
7017	ATT	7
7017	ATC	7
7017	AYA	6
7017	RTA	6
7017	GTA	5
7017	WTA	3
7017	ATM	3
7017	MTA	3
7017	ATG	2
7018	GAT	240425
7018	GAC	12
7018	KAT	12
7018	TAT	11
7018	GCT	7
7018	GAY	7
7018	GAW	5
7018	AAT	5
7018	GRT	4
7018	SAT	2
7019	GGT	240547
7019	GGK	15
7019	KGT	4
7019	AGT	3
7019	GKT	3
7019	GRT	3
7020	TAT	240644
7020	TGT	53
7020	TAY	6
7020	TAC	5
7020	TRT	5
7020	AAT	4
7020	YAT	3
7021	GTC	240313
7021	GTY	16
7021	GTT	7
7021	GTM	3
7021	KTC	3
7021	GWC	2
7022	ATG	240048
7022	ATT	9
7022	AYG	4
7022	RTG	3
7022	AAG	3
7022	WTG	3
7022	ATK	2
7023	CAT	239939
7023	YAT	16
7023	CWT	4
7023	CAY	4
7023	CAC	3
7023	CAW	3
7023	TAT	2
7023	CAK	2
7024	GCA	239722
7024	TCA	152
7024	GYA	15
7024	KCA	12
7024	GCR	7
7024	GMA	7
7024	GCC	4
7024	RCA	2
7025	AAT	239949
7025	AAW	3
7025	AAY	3
7025	RAT	3
7025	AAC	2
7026	TAC	239854
7026	TAT	40
7026	TAY	8
7026	YAC	4
7026	TRC	4
7026	YWC	3
7026	TWC	3
7027	ATA	239802
7027	ATW	15
7027	AYA	9
7027	MTA	6
7027	ATR	6
7027	ATM	3
7027	GTA	3
7027	TTA	3
7027	RTA	3
7028	TTT	239715
7028	TTC	8
7028	TTY	7
7028	YTT	6
7028	TYT	4
7028	KTT	4
7028	WTT	3
7028	TAA	2
7028	TWT	2
7029	TGG	239672
7029	TGK	3
7029	KGG	3
7029	YGG	3
7029	TTA	2
7030	AGG	239610
7030	AGK	27
7030	AGR	13
7030	GGG	6
7030	AGS	4
7030	RGG	4
7030	ARG	3
7030	GAG	2
7030	CGG	2
7030	AGA	2
7031	AAT	239531
7031	AAK	10
7031	AAY	10
7031	AAC	9
7031	WAT	6
7031	AAG	4
7031	AMT	3
7031	ART	3
7031	AAW	3
7031	AGT	3
7031	AAA	2
7032	ACA	240042
7032	ATA	16
7032	WCA	7
7032	ACR	6
7032	ACT	6
7032	AMA	5
7032	ACM	3
7032	AYA	3
7033	AAT	239937
7033	AAC	17
7033	AAK	10
7033	AGT	8
7033	AAY	7
7033	ART	5
7033	AMT	4
7034	CCA	239716
7034	TCA	146
7034	CTA	82
7034	YCA	28
7034	CYA	18
7034	CCR	7
7034	CCG	4
7034	CMA	2
7034	CCM	2
7034	MCA	2
7035	ATT	241856
7035	ATC	266
7035	ATA	10
7035	ACT	7
7035	AKT	4
7035	RTT	3
7035	TTT	3
7035	WTT	3
7035	ATW	3
7036	CAG	242262
7036	CAT	88
7036	CAK	28
7036	CAA	17
7036	YAG	16
7036	CGG	4
7036	SAG	3
7036	CAS	3
7036	CAC	2
7036	HAG	2
7036	MAG	2
7037	TTG	243135
7037	TYG	9
7037	YTG	8
7037	TTA	7
7037	TTR	5
7037	TTK	3
7037	TWG	3
7037	TTT	3
7038	TCT	243355
7038	TCC	8
7038	TYT	5
7038	WCT	5
7038	YCT	4
7038	TMT	3
7038	TAT	3
7038	TCY	3
7038	TGT	3
7039	TCC	243980
7039	YCC	22
7039	TCT	15
7039	TCY	9
7039	TTC	6
7039	CCC	5
7039	TCM	3
7039	KCC	3
7039	WCC	3
7039	TMC	2
7039	TYC	2
7040	TAT	244114
7040	TAC	2
7041	TCT	244093
7041	TYT	16
7041	TCA	7
7041	THT	6
7041	TCY	6
7041	TTT	6
7041	TMT	4
7041	YCT	3
7042	TTA	249463
7042	TTG	58
7042	TTW	7
7042	CTA	5
7042	YTA	5
7042	TTR	5
7042	TWA	3
7043	TTT	249579
7043	WTT	4
7043	TTY	4
7043	TWT	3
7043	YTT	3
7043	TTW	3
7044	GAC	249523
7044	KAC	9
7044	GAT	8
7044	GAY	6
7044	GRC	4
7044	SAC	3
7045	ATG	249690
7045	ATA	6
7045	AYG	6
7045	ATT	5
7045	ATR	4
7045	AYR	3
7045	RTG	3
7045	ATS	3
7045	ATK	2
7045	GTG	2
7046	AGT	250135
7046	AGW	4
7046	GGT	4
7046	WGT	3
7046	AGY	3
7047	AAA	250229
7047	AAT	48
7047	AAG	21
7047	AGA	4
7047	AAW	3
7047	RAA	3
7047	ATA	3
7048	TTT	250239
7048	TTY	12
7048	WTT	9
7048	TTC	7
7048	ATT	4
7048	YTT	3
7048	TYT	3
7049	CCC	250046
7049	CCT	24
7049	YCC	7
7049	CTC	7
7049	TCC	5
7049	CCY	4
7049	SCC	3
7049	CYC	3
7049	CMC	3
7049	CCM	3
7050	CTT	250218
7050	CTC	9
7050	YTT	5
7050	ATT	5
7050	CTW	4
7050	STT	3
7050	CYT	2
7051	AAA	250466
7051	AAW	10
7051	AAG	6
7051	AAT	5
7051	WAA	3
7051	AMA	3
7051	AAR	3
7051	RAA	3
7052	TTA	250561
7052	TTM	28
7052	CTA	9
7052	WTA	4
7052	TTW	3
7053	AGG	250503
7053	AGA	15
7053	AGT	13
7053	AAG	9
7053	WGG	7
7053	AGK	7
7053	AGR	5
7053	CGG	4
7053	AGS	3
7053	AKG	3
7053	GGG	2
7054	GGT	251241
7054	GGG	7
7054	GKT	5
7054	SGT	3
7054	RGT	3
7054	AGT	3
7054	GCT	2
7054	GGK	2
7055	ACT	249258
7055	AYT	9
7055	ATT	8
7055	ACA	8
7055	ACW	7
7055	AMT	3
7055	RMT	3
7055	ACC	2
7055	GCT	2
7056	GCT	249744
7056	GTT	49
7056	RCT	19
7056	GYT	8
7056	GCY	5
7056	GCC	4
7056	GCA	3
7056	KCT	3
7056	GCW	3
7056	TCT	2
7056	ACT	2
7057	GTT	249807
7057	GWT	13
7057	GTA	7
7057	GTC	7
7057	RTT	5
7057	KTT	3
7058	ATG	249657
7058	ATT	59
7058	WTG	16
7058	RTG	10
7058	ATK	4
7058	ATS	3
7058	MTG	3
7058	AYG	3
7058	GTG	2
7059	TCT	249251
7059	TTT	49
7059	TYT	10
7059	YCT	9
7059	TCC	7
7059	TCY	5
7059	CCT	4
7059	TCG	3
7059	WCT	2
7060	TTA	248972
7060	TTW	17
7060	TWA	4
7060	CTA	4
7060	TTG	3
7061	AAA	249051
7061	AAG	13
7061	AAR	10
7061	AGA	10
7061	WAA	3
7061	AAC	2
7062	GAA	248122
7062	GAG	13
7062	GAR	7
7062	GAM	6
7062	SAA	6
7062	KAA	5
7062	GAC	4
7063	GGT	248193
7063	GTT	93
7063	TGT	15
7063	GGA	10
7063	GGY	9
7063	AGT	8
7063	GKT	7
7063	GGC	6
7063	KGT	5
7063	RGT	5
7063	GRT	4
7063	GAT	2
7064	CAA	248171
7064	CAR	12
7064	YAA	8
7064	CMA	7
7064	CWA	6
7064	MAA	5
7064	AAA	5
7064	CAM	3
7064	CAT	2
7065	ATC	248177
7065	ACC	28
7065	ATT	22
7065	ATY	11
7065	RTC	9
7065	GTC	8
7065	WTC	4
7065	AYC	3
7066	AAT	248128
7066	AAA	73
7066	AAC	19
7066	RAT	12
7066	ART	8
7066	AAY	7
7066	AAW	5
7066	AWT	5
7066	AMT	3
7066	AAK	3
7067	GAT	248127
7067	GGT	62
7067	RAT	15
7067	KAT	13
7067	GAY	10
7067	GAG	7
7067	GAC	5
7067	GRT	4
7067	SAT	4
7067	AAA	3
7067	AAT	3
7067	GAK	3
7067	GMT	3
7067	GAW	2
7068	ATG	247784
7068	ATT	433
7068	ATK	38
7068	ATA	37
7068	ACG	21
7068	AYG	4
7068	GTG	4
7068	WTG	4
7068	AWG	3
7068	ATR	3
7069	ATT	248366
7069	WTT	13
7069	AYT	9
7069	AKT	7
7069	ATA	6
7069	ATK	6
7069	ATY	6
7069	AWT	3
7069	AAA	3
7069	ATC	3
7069	ABT	3
7069	ATW	3
7070	TTA	248464
7070	TYA	11
7070	TTG	10
7070	TTW	6
7070	TTM	6
7070	TKA	6
7070	YTA	3
7070	TTR	3
7070	TCA	2
7071	TCT	248480
7071	TYT	14
7071	YCT	12
7071	TMT	12
7071	TCY	9
7071	GCT	7
7071	TCW	4
7071	KCT	4
7071	ACT	3
7072	CTT	248518
7072	MTT	30
7072	YTT	11
7072	GTT	9
7072	CYT	8
7072	CTY	7
7072	TTA	6
7072	CTW	6
7072	TTT	3
7072	STT	3
7072	YWT	3
7072	CTC	2
7073	CTT	248624
7073	CWT	12
7073	YTT	8
7073	CKT	6
7073	ATT	4
7073	CYT	3
7073	STT	3
7074	AGT	248741
7074	ATT	23
7074	AKT	9
7074	AST	9
7074	AGW	6
7074	WGT	5
7074	RGT	4
7074	AGK	2
7075	AAA	248706
7075	AAR	13
7075	RAA	6
7075	ARA	6
7075	AAC	5
7075	AWA	3
7075	GAA	3
7075	AAM	3
7075	AMA	3
7075	RMA	3
7076	GGT	248951
7076	GKT	13
7076	SGT	11
7076	GGC	10
7076	GRT	4
7076	KGT	4
7076	AGT	4
7076	RGT	3
7076	GGY	2
7077	AGA	249051
7077	AAA	13
7077	AKA	13
7077	ARA	3
7077	WGA	3
7077	ASA	3
7077	AGM	3
7078	CTT	249324
7078	YTT	13
7078	STT	3
7078	CTY	2
7079	ATA	249358
7079	ATT	13
7079	GTA	4
7079	WTA	3
7079	ATC	3
7080	ATT	249415
7080	AWT	4
7080	ATW	3
7080	ATY	2
7081	AGA	249333
7081	AKA	3
7081	AGR	3
7081	AGM	2
7081	RGA	2
7082	GAA	249352
7082	RAA	37
7082	AAA	9
7082	GRA	8
7082	GAG	7
7082	GGA	6
7082	GAR	4
7082	GWA	2
7082	KAA	2
7083	AAC	249455
7083	AAT	24
7083	AAY	6
7083	GAC	5
7083	AMC	3
7083	AGC	3
7083	MAC	3
7084	AAC	249203
7084	AAT	381
7084	AAY	10
7084	RAC	9
7084	ARC	3
7084	AGC	2
7085	AGA	249451
7085	ATA	63
7085	AGG	21
7085	AKA	13
7085	AAG	6
7085	ASA	4
7085	AAA	4
7085	AGT	3
7085	MGA	3
7085	AGW	2
7085	AGR	2
7086	GTT	249572
7086	GTC	8
7086	TTT	8
7086	GTY	6
7086	GYT	6
7086	STT	3
7086	GTA	3
7086	KTT	2
7087	GTT	249626
7087	GTG	7
7087	GTY	6
7087	ATC	3
7087	GGT	3
7087	GYT	3
7087	RTT	2
7087	TTT	2
7088	ATT	249599
7088	GTT	16
7088	AYT	11
7088	ACT	4
7088	ATG	3
7088	ATC	3
7088	MTT	3
7088	RTT	2
7089	TCT	249653
7089	TMT	9
7089	TYT	9
7089	ACT	4
7089	YCT	4
7089	TST	3
7089	CCT	2
7090	AGT	249631
7090	AGY	7
7090	RGT	6
7090	AAT	4
7090	MGT	3
7090	AKT	2
7090	AGW	2
7091	GAT	249619
7091	GAW	6
7091	GAC	3
7091	GTA	3
7091	GWT	3
7091	KAT	3
7091	GAY	2
7091	GAA	2
7092	GTT	249097
7092	ATT	109
7092	TTT	55
7092	GCT	8
7092	GWT	6
7092	GTY	5
7092	KTT	4
7092	GYT	4
7092	GTW	3
7092	GKT	3
7092	STT	2
7092	SWY	2
7093	CTT	249238
7093	YTT	14
7093	CTY	8
7093	TTA	6
7093	TTT	6
7093	CYT	5
7093	CTC	4
7093	ATT	4
7093	MTT	4
7093	ATG	4
7093	GTT	3
7093	CAA	3
7093	STT	3
7093	CTK	3
7094	GTT	249314
7094	GTY	6
7094	STT	4
7094	KTT	4
7094	GTA	3
7094	RTT	3
7094	ATT	2
7095	AAC	249176
7095	AAT	59
7095	AAY	30
7095	RAC	7
7095	AAM	6
7095	AAG	3
7095	ARC	3
7095	ATC	3
7095	GAC	2
7096	AAC	248886
7096	CTC	120
7096	AAT	47
7096	MWC	44
7096	ATC	35
7096	AGC	22
7096	AAY	15
7096	ARC	11
7096	CAC	10
7096	AWC	8
7096	RAC	3
7096	AAS	3
7097	TAA	250028
7097	WAA	4

