#KF640637|F
1	ATG	12258
2	GAG	12180
2	GAA	34
2	GGG	29
2	AAG	10
2	GAT	3
3	TTG	12001
3	CTG	203
3	TCG	26
3	TTA	16
3	TGG	6
3	GTG	2
4	CTG	12084
4	CCG	78
4	CTA	51
4	TTG	16
4	ATG	16
4	CCA	9
4	CTT	2
5	ATC	12064
5	GTC	155
5	ACC	22
5	ATT	14
5	AAC	3
5	TTC	2
6	CAT	11821
6	CAC	326
6	TAT	58
6	AAT	28
6	CGT	25
6	CTC	2
7	AGA	12131
7	AGG	97
7	AAA	17
7	AAG	14
7	ATA	2
7	GGA	2
8	TCA	12208
8	TTA	20
8	CCA	19
8	TCG	7
8	ACA	4
8	TCT	4
8	YCA	2
9	AGT	12188
9	AGC	33
9	AAT	21
9	ATT	7
9	GGT	6
9	AGA	5
9	AGG	4
9	GGG	4
9	ART	2
10	GCA	12240
10	ACA	18
10	GTA	9
10	GCG	5
10	GCT	4
11	ATC	12275
11	GTC	16
11	ATT	15
11	ATA	5
12	TTC	11452
12	ATC	540
12	CTC	288
12	TTT	27
12	TTA	7
12	TAC	4
12	WTC	4
12	TTG	3
12	YTC	3
12	CTT	2
13	CTA	12259
13	TTA	43
13	ATA	33
13	CTG	8
13	ACA	2
13	CCT	2
14	ACT	12250
14	ACC	75
14	ATT	12
14	GCT	7
14	ACY	3
14	AAT	2
14	ATC	2
15	CTT	12065
15	TTT	218
15	ATT	28
15	CTC	26
15	CTG	9
15	CTA	7
15	TCT	2
16	GCT	12090
16	GTT	114
16	GCC	87
16	ACT	61
16	TCT	2
17	ATT	12041
17	ATC	257
17	GTT	56
17	GCA	2
18	AAT	12240
18	AAC	83
18	AGT	21
18	AAG	7
18	AAA	3
18	GTC	2
18	CAT	2
19	GCA	11943
19	ACA	304
19	GTA	112
19	GCC	4
19	TCA	2
20	TTG	11867
20	TTA	461
20	TTT	15
20	CTG	15
20	TTR	4
20	TGG	3
20	CTC	2
20	ATG	2
21	TAC	12162
21	TAT	153
21	CAC	19
21	TGC	17
21	TGT	10
21	TCC	4
21	CAT	4
21	GAC	3
21	YAC	3
22	CTT	10766
22	CTC	1430
22	TTT	72
22	CCT	71
22	CTA	16
22	TTC	11
22	ATT	5
22	ATC	3
22	YTT	2
23	ACC	12187
23	GCC	61
23	ACT	34
23	ACA	18
23	ATC	9
23	RCC	3
23	TCC	2
23	GCT	2
24	TCA	11971
24	TCT	274
24	TTA	6
24	TCG	6
25	AGT	12207
25	AGC	40
25	GGT	9
25	TGT	3
26	CAG	12158
26	CAA	99
26	CTG	3
27	AAC	12154
27	AAT	157
28	ATA	12293
28	TTA	3
29	ACT	12134
29	ACC	179
29	ACA	25
29	AAT	5
29	ATT	4
29	ACG	4
30	GAG	12358
30	GAA	64
30	GGG	4
30	AGG	2
30	AGT	2
31	GAG	12396
31	GAA	46
32	TTT	12428
32	TTC	16
33	TAC	12182
33	TAT	247
33	CAC	9
33	TTC	3
34	CAA	12396
34	CAG	45
35	TCA	11222
35	TCG	1212
35	TCT	4
36	ACA	12432
36	ACG	6
36	ACT	3
37	TGT	12407
37	TGC	30
37	TGY	3
38	AGT	12401
38	AGC	32
38	AGG	7
39	GCA	12428
39	GCG	8
39	GCT	4
40	GTT	12426
40	GTC	9
40	ATT	5
41	AGC	12201
41	AGT	242
42	AGA	11233
42	AAA	1193
42	AGG	10
42	ARA	3
42	AGT	3
42	GGA	2
43	GGT	12333
43	GGC	111
44	TAC	12067
44	TAT	374
44	AAC	2
44	CAC	2
45	TTG	11866
45	TTT	466
45	TTA	57
45	CTG	29
45	TTC	11
45	CTT	9
45	CTC	3
45	ATT	2
46	AGT	12395
46	AGC	42
46	AGG	8
47	GCT	12387
47	GCC	33
47	GCA	11
47	GCG	9
47	GTT	3
48	TTA	12414
48	TTG	19
48	CTA	10
49	AGA	12382
49	CGA	33
49	AGG	25
49	AAA	3
50	ACA	7643
50	ACT	4757
50	ACG	23
50	ACW	15
50	ACC	2
50	TCA	2
51	GGT	12376
51	GGC	64
51	GGG	4
52	TGG	12439
52	GGG	4
53	TAT	12407
53	TAC	36
54	ACC	12212
54	ACT	208
54	ACA	8
54	ACY	2
55	AGT	12408
55	AGC	22
55	AGG	7
56	GTC	12369
56	GTT	36
56	GTA	10
56	ATC	4
57	ATA	12424
57	GTA	7
57	TTA	3
57	ATT	2
58	ACA	12368
58	ACG	53
58	ACT	14
58	ACC	2
59	ATA	12413
59	GTA	15
59	ATG	6
59	TTA	2
60	GAA	12424
60	GAG	10
60	AAA	2
61	TTA	12425
61	CTA	14
61	TTG	5
62	AGT	12330
62	AGC	114
63	AAT	12344
63	AAC	81
63	AGT	6
63	GAT	2
63	ATT	2
64	ATA	12375
64	ATT	36
64	GTA	13
64	ATC	2
65	AAA	12327
65	CAA	18
65	AAG	15
65	AGA	6
65	ACA	3
66	GAA	12363
66	GAG	5
66	GGA	3
66	GAT	2
67	ACC	12289
67	ACT	39
67	ATC	23
67	AAC	8
67	ACA	8
67	GCC	2
67	AAT	2
68	AAA	12227
68	CAA	75
68	AAT	33
68	AGA	18
68	AAG	16
69	TGC	12320
69	TGT	51
70	AAT	12351
70	AAC	16
70	AAG	3
70	CAT	3
71	GGA	12324
71	GGG	41
71	GGT	4
71	GAA	3
72	ACT	12356
72	AAT	7
72	ACA	6
72	ACC	3
73	GAC	12242
73	GAT	115
73	GAA	14
73	GAY	2
74	ACT	12365
74	ACG	37
74	ACC	29
74	ATT	7
74	GCT	3
74	ACA	3
75	AAA	12422
75	AAG	16
75	AGA	7
76	GTT	9213
76	GTA	3181
76	GTC	15
76	GCT	9
76	GTG	7
76	ATT	7
76	ATA	4
76	GCA	3
77	AAA	12428
77	AAG	6
77	ATA	4
78	CTT	12399
78	CTC	37
78	CTA	3
78	TTA	2
79	ATA	12439
79	ATG	2
79	GTA	2
80	AAA	12209
80	AAG	229
80	AAC	5
81	CAA	12425
81	CAG	18
82	GAA	12417
82	GAG	28
83	TTA	12430
83	TTG	9
83	CTA	5
84	GAT	12361
84	GAC	72
84	AAT	5
84	GAA	3
85	AAG	12235
85	AAA	208
85	AAR	2
86	TAT	12314
86	TAC	128
87	AAG	12402
87	AAA	37
87	AGG	6
88	AAT	12398
88	AAC	34
88	AGT	4
88	AAY	4
88	ATT	4
89	GCA	12387
89	GCT	51
89	GCG	7
90	GTA	12372
90	GTG	51
90	GTT	9
90	GCA	4
90	ATA	3
91	ACT	9423
91	ACA	2986
91	ACG	20
91	AAT	3
91	ATA	2
91	CCT	2
91	ACC	2
92	GAA	12395
92	GAG	46
93	TTA	12244
93	TTG	121
93	CTA	74
94	CAG	12364
94	CAA	77
95	TTA	12116
95	CTA	282
95	TTG	38
95	CAA	4
96	CTT	12343
96	CTC	95
96	CTA	2
97	ATG	12427
97	ACG	10
98	CAA	12382
98	CAG	50
99	AAC	12345
99	AAT	44
99	ACC	34
99	AAA	8
99	AGC	7
100	ACA	12273
100	ACG	148
100	ATA	12
100	GCA	5
101	CCA	12125
101	CCG	286
101	CCT	9
101	CTA	8
101	CAA	8
101	TCA	3
102	GCT	12355
102	GCC	18
102	ACT	16
102	GTT	13
102	TCT	8
102	GCA	8
103	GTC	11088
103	GCC	1063
103	GTT	206
103	ATC	59
103	GTA	6
103	GCT	5
103	ACC	2
104	AAC	12390
104	AAT	26
104	AGC	9
105	AAC	12269
105	AAT	115
105	AGC	28
105	AGT	2
105	ACC	2
106	CGG	12084
106	CGA	293
106	AGG	23
106	CGT	19
106	CAG	5
107	GCC	11925
107	GCT	475
107	GTC	17
107	GCA	5
108	AGA	12361
108	AGG	51
108	AAA	9
109	AGA	12412
109	AGG	7
109	AAA	2
110	GAA	12382
110	GAG	24
110	GGA	6
110	AAA	4
110	GTA	3
111	GCA	12243
111	GCT	69
111	GCC	32
111	GCG	26
111	GTA	25
111	ACA	3
111	TCA	2
111	CTA	2
112	CCA	12390
112	CCG	20
112	TCA	12
112	CTA	11
112	CAA	2
113	CAG	12363
113	CAA	50
113	CGG	9
113	AAG	5
113	CTG	5
113	CAT	4
113	AGA	2
114	TAT	12312
114	TAC	80
114	CAC	22
114	CAT	16
114	TGT	6
114	TTT	5
115	ATG	12328
115	ACG	52
115	GTG	19
115	ATA	16
115	ATT	14
115	AAG	4
116	AAC	12141
116	AAT	189
116	AGC	56
116	GAC	12
116	ACC	2
116	TAC	2
117	TAC	7559
117	TAT	4797
117	CAC	24
117	CAT	14
117	TGC	10
117	AAC	3
117	TAY	2
118	ACA	12270
118	GCA	108
118	ATA	14
118	ACC	5
118	TCA	4
118	CCA	3
118	ACT	2
118	ACG	2
119	ATC	12354
119	ACC	17
119	ATT	15
119	GTC	13
119	AAC	5
119	GAC	4
119	ATA	3
119	TTC	2
119	CTC	2
120	AAT	12288
120	AAC	96
120	AGT	17
120	GAT	5
120	AGC	2
121	ACC	12317
121	ACT	51
121	GCC	35
121	ACA	25
121	ATC	5
121	AAC	3
121	AAT	2
122	ACT	11490
122	ACC	758
122	ACA	127
122	ATT	37
122	AAT	9
122	AAC	9
122	GCT	4
122	AAA	3
122	TCT	2
123	AAA	12350
123	GGG	44
123	AAG	26
123	GAA	7
123	AAT	5
123	AGA	2
123	AAC	2
123	ACA	2
123	ATA	2
124	AAC	12279
124	AGC	85
124	AAT	37
124	TAC	12
124	CAC	11
124	AAA	9
124	GAC	5
124	ATC	2
125	CTA	12077
125	CCA	226
125	TTA	104
125	CAA	11
125	CTG	8
125	CTT	5
125	TCA	2
125	ACC	2
126	AAT	12426
126	AAC	9
126	AGT	3
126	ACT	2
127	GTA	12312
127	GCA	82
127	GTG	24
127	ATA	20
127	GTT	2
128	TCA	12410
128	TCG	10
128	TCT	10
128	TTA	4
128	ACA	3
128	TCC	2
129	ATA	12324
129	ACA	54
129	GTA	24
129	ATG	19
129	TTA	9
129	AGA	4
129	ATC	2
130	AGC	12315
130	AGT	93
130	AGA	17
130	AAC	6
130	ATC	6
130	GGC	2
131	AAG	12360
131	AAA	73
131	AGG	9
132	AAG	12304
132	AAA	116
132	ACG	16
132	AGG	5
133	AGG	12366
133	AGA	72
133	CGG	3
134	AAA	12428
134	AAG	13
135	CGA	12220
135	AGA	170
135	CGG	44
135	CGT	5
135	MGA	2
136	AGA	12396
136	AGG	43
136	AAA	2
137	TTT	12419
137	TTC	21
137	ATT	2
138	CTG	12158
138	CTA	197
138	TTG	78
138	CTT	7
138	CTR	2
139	GGC	12359
139	GGT	55
139	GGA	14
139	AGC	14
140	TTC	12374
140	TTT	66
141	TTG	12254
141	TTA	152
141	CTG	35
142	TTA	12308
142	TTG	73
142	CTA	57
142	GTA	2
143	GGT	12424
143	GGC	10
143	GGA	3
143	TGT	2
143	GGG	2
144	GTA	12376
144	GTG	39
144	ATA	18
144	GTT	4
144	GTC	3
145	GGA	12402
145	GGG	21
145	GGT	4
146	TCT	12397
146	TCC	33
146	TCA	8
147	GCA	12426
147	GCG	6
147	GCT	5
147	GTA	3
148	ATA	12429
148	GTA	3
148	ATC	3
148	ATT	2
149	GCA	12403
149	GCG	24
149	GCC	7
149	GCT	4
150	AGT	12425
150	AGC	18
151	GGT	12112
151	GGC	332
152	ATA	12431
152	ATG	7
152	GTA	4
152	ATT	4
153	GCT	12425
153	GCC	14
153	GCA	8
154	GTA	12374
154	GTG	66
155	TCC	12259
155	TCT	100
155	TCA	83
155	TCY	2
156	AAA	12427
156	AAG	14
156	AGA	2
157	GTT	12427
157	GTC	11
157	GTG	5
157	GTA	3
158	CTA	12366
158	TTA	52
158	CTG	13
158	CTT	13
158	YTA	2
159	CAC	12421
159	CAT	21
159	TAC	3
160	CTT	12396
160	CTA	35
160	CTC	15
161	GAA	12394
161	GAG	51
162	GGA	12226
162	GGG	190
162	GGT	26
162	AGA	2
163	GAA	12386
163	GAG	56
164	GTG	12391
164	GTA	40
164	GTT	11
165	AAC	12381
165	AAT	51
165	GAC	5
165	AGC	4
165	AAY	2
166	AAG	12396
166	AAA	47
167	ATC	12272
167	ATT	115
167	ATA	51
167	ATY	4
167	GTC	2
168	AAA	12424
168	AAG	18
169	AAT	12364
169	AAC	49
169	AGT	26
169	GAT	2
170	GCT	12274
170	GCC	152
170	GCA	14
170	GCY	2
171	TTG	12350
171	CTG	62
171	TTA	29
171	CTA	3
172	CAG	11258
172	CTG	898
172	TTG	196
172	TTA	31
172	CTA	20
172	CAA	16
172	CAT	7
172	CCA	6
172	TCA	5
172	AAG	3
173	CTT	9402
173	CTA	1554
173	TCT	1367
173	GCT	92
173	CTC	8
173	TCC	4
173	CTW	3
173	ACT	3
173	CCT	2
174	ACA	7828
174	ACG	4611
174	ACT	2
175	AAC	12368
175	AAT	74
176	AAA	12361
176	AAG	59
176	AGA	23
177	GCT	12430
177	GCC	7
177	GCA	6
178	GTA	12406
178	GTG	23
178	ATA	9
178	GTT	2
178	RTA	2
179	GTC	12338
179	GTT	66
179	GTA	30
179	ATC	8
180	AGT	12359
180	AGC	81
180	ACT	2
181	CTA	12251
181	TTA	173
181	CTG	16
181	CTT	2
182	TCA	12429
182	TCG	7
182	TCT	3
182	GCA	2
183	AAT	12412
183	AAC	24
183	TAT	3
183	AGT	2
184	GGG	12254
184	GGA	170
184	GGT	14
184	GGC	2
185	GTC	12375
185	GTT	58
185	ATC	4
185	GTA	3
186	AGT	12423
186	AGC	17
187	GTT	12377
187	GTC	57
187	GTA	5
187	ATT	2
188	TTA	12390
188	TTG	39
188	CTA	12
189	ACC	12386
189	ACT	45
189	ACA	10
190	AGC	7575
190	AAC	4843
190	AGT	15
190	AAT	6
191	AGA	9205
191	AAA	3224
191	AAG	6
191	AGG	5
191	ARA	3
192	GTG	12401
192	GTT	29
192	GTA	12
193	TTA	12393
193	CTA	24
193	TTG	19
193	TTT	3
194	GAT	12389
194	GAC	50
195	CTC	12368
195	CTT	53
195	CTA	12
195	CTG	7
195	CTY	2
196	AAG	12386
196	AAA	42
197	AAT	12313
197	AAC	86
197	GAT	40
197	AGT	5
198	TAT	12268
198	TAC	177
199	ATA	12433
199	ATT	12
200	AAC	12148
200	AAT	292
200	GAT	3
201	AAC	12268
201	AGC	116
201	AAT	54
201	AAA	4
201	ACC	2
202	CAA	12424
202	CAG	13
202	CGA	4
203	TTA	12421
203	CTA	16
203	TTG	5
204	TTA	12412
204	TTG	28
204	CTA	3
205	CCT	12130
205	CCC	311
205	CCG	2
206	ATG	9236
206	ATA	3198
206	ATT	4
206	ATR	4
207	GTA	12351
207	GTG	82
207	GTT	4
207	TTA	3
207	ATA	2
208	AAT	12421
208	AAC	16
208	GAT	4
209	CGA	8919
209	CAA	3120
209	AAA	209
209	CGG	118
209	AGA	44
209	GAA	13
209	CAG	10
209	CTA	4
209	CRA	3
209	AAG	3
210	CAG	12307
210	CAA	131
210	CAT	3
211	AGT	7445
211	AAT	4825
211	AGC	92
211	AAC	60
211	ART	10
211	ATT	3
211	GGT	3
211	TAT	2
212	TGT	12422
212	TGC	21
213	CGC	12264
213	CGT	171
213	CGA	5
213	AGC	3
214	ATA	11265
214	ATT	767
214	ATC	412
215	TCC	12379
215	TCT	40
215	TTC	13
215	TCA	7
215	ACC	5
216	AAC	12423
216	AAT	14
216	AGC	4
216	CAC	2
217	ATT	12210
217	ATC	207
217	ATA	26
218	GAG	9214
218	GAA	3226
218	GAR	4
219	ACA	12390
219	ACT	52
219	ACG	4
220	GTT	12421
220	GTC	19
220	ATT	3
220	GTG	2
221	ATA	12441
221	ATT	2
222	GAA	12425
222	GAG	21
223	TTC	12390
223	TTT	56
224	CAG	12309
224	CAA	136
225	CAG	12427
225	CAA	18
226	AAG	12420
226	AAA	23
226	ATG	2
227	AAC	12388
227	AAT	55
228	AGC	12396
228	AGT	36
228	AAC	10
228	GGC	2
229	AGA	12419
229	AGG	25
230	TTG	12356
230	CTG	52
230	TTA	31
230	CTA	4
231	TTG	12344
231	CTG	49
231	TTA	47
231	CTA	2
232	GAA	12435
232	GAG	7
233	ATC	12382
233	ATT	35
233	ATA	16
233	GTC	7
234	ACC	12245
234	ACT	165
234	ACA	18
234	AAC	7
234	GCC	5
235	AGA	12425
235	AGG	14
236	GAA	12431
236	GAG	4
237	TTT	12237
237	TTC	199
238	AGT	12432
238	AGC	4
238	GGT	2
239	GTC	12278
239	GTA	65
239	GTT	52
239	GTG	19
239	ATC	18
239	GTY	4
240	AAT	12420
240	AAC	12
240	AGT	4
241	GCA	12398
241	GCG	23
241	GCT	15
242	GGT	12424
242	GGC	11
242	CGT	2
243	GTA	12369
243	GTG	53
243	GTC	16
243	GTT	2
244	ACG	11288
244	ACA	1118
244	ACT	21
244	ACR	4
244	ACK	3
244	ATG	2
244	GCG	2
245	ACA	12399
245	ACG	27
245	ATA	4
245	GCA	3
245	ACT	3
245	RCA	2
246	CCT	12394
246	CCC	45
247	TTA	12341
247	CTA	68
247	GTA	15
247	TTG	13
247	KTA	3
248	AGC	12421
248	AGT	18
249	ACT	11952
249	ACC	478
249	ACY	5
249	ATT	2
250	TAC	12358
250	TAT	76
250	CAC	3
250	TAY	3
251	ATG	12439
252	TTA	12386
252	CTA	31
252	TTG	22
253	ACA	12405
253	ACT	16
253	ACC	12
253	ACG	4
253	ACW	3
254	AAC	12401
254	AAT	33
254	AAY	3
255	AGT	12420
255	GGT	13
255	AGC	3
255	AAT	2
256	GAG	12411
256	GAA	29
257	TTA	12397
257	TTG	25
257	CTA	15
258	CTA	12282
258	TTA	107
258	CTG	38
258	YTA	5
258	CAA	3
259	TCA	12432
259	TCT	3
259	TCG	2
259	TTA	2
260	TTA	12154
260	TTG	267
260	TTR	5
260	CTA	5
260	CTG	4
261	ATC	12420
261	ATT	16
261	ATY	4
262	AAT	12423
262	AAC	13
262	AGT	2
262	AAG	2
263	GAT	11989
263	GAC	434
263	GAG	18
263	AAT	2
264	ATG	12437
264	AKG	2
264	ATA	2
265	CCT	12403
265	CCC	39
265	CCA	3
266	ATA	12439
266	ATC	4
267	ACA	12428
267	ACG	14
268	AAT	12429
268	AAC	11
268	GAT	2
269	GAT	12409
269	GAC	36
270	CAG	12409
270	CAA	5
271	AAA	12253
271	AAG	191
272	AAA	12366
272	AAG	54
272	AGA	8
272	GAA	7
272	AAR	4
272	AAT	2
273	TTA	12397
273	TTG	27
273	CTA	10
273	ATA	9
273	TTT	2
274	ATG	12443
274	GTG	2
275	TCA	12418
275	TCG	18
275	TCC	4
275	TYA	2
276	AGC	12119
276	AAC	298
276	AGT	22
276	ARC	2
277	AAT	12426
277	AAC	14
277	TAT	4
278	GTT	12374
278	GCT	44
278	GTA	19
278	GTC	8
279	CAG	12403
279	CAA	39
279	CAR	3
280	ATA	12441
281	GTA	12202
281	GTG	219
281	GTT	18
281	GTW	2
281	GTK	2
282	AGG	12385
282	AGA	51
282	AGR	4
283	CAA	12396
283	CAG	39
283	CAR	3
284	CAA	12434
284	CAG	6
285	AGT	12419
285	AGC	22
285	GGT	2
286	TAT	12395
286	TAC	45
286	TAY	3
287	TCT	12341
287	TCC	101
288	ATC	12410
288	ATT	28
288	ATA	5
289	ATG	12443
290	TCT	12334
290	TCC	90
290	TCA	16
290	TCW	2
291	ATA	12422
291	GTA	18
291	ATT	5
292	ATA	12429
292	ATG	5
292	GTA	4
292	ATT	2
292	ATR	2
293	AAG	12317
293	AAA	109
293	AGG	13
293	AAR	3
294	GAA	12390
294	GAG	29
294	AAA	19
294	GGA	3
294	GAR	2
295	GAA	12425
295	GAG	13
295	GAT	2
295	GGA	2
296	GTC	12359
296	GTT	63
296	ATC	15
296	GTA	5
296	TTC	2
297	CTT	12208
297	CTC	189
297	CTA	31
297	TTA	13
298	GCA	12420
298	GCG	19
298	GCT	5
299	TAT	12442
299	TAC	4
300	GTT	12399
300	GTA	37
300	GTC	5
300	ATT	4
301	GTA	12361
301	GTG	75
301	ATA	6
301	GTT	3
302	CAG	12392
302	CAA	52
303	CTA	12291
303	CTG	67
303	TTA	48
303	ATA	27
303	CTT	12
304	CCT	12375
304	CCC	55
304	CCA	17
305	ATC	12390
305	ATT	21
305	CTA	12
305	GTC	11
305	ATA	6
305	CTC	3
305	AYC	2
306	TAT	12438
306	TAC	9
307	GGT	12431
307	GGC	13
307	GGG	2
308	GTA	12426
308	GTG	20
309	ATT	11938
309	ATA	489
309	ATC	17
309	ATW	2
310	GAT	12426
310	GAC	20
311	ACA	12420
311	ACT	15
311	ACG	10
312	CCT	12159
312	CAT	185
312	CCC	86
312	CCA	5
312	TCT	4
313	TGC	12367
313	TGT	76
314	TGG	12445
315	AAA	12432
315	AAG	12
316	TTA	12329
316	CTA	74
316	TTG	42
317	CAC	12417
317	CAT	22
317	TAC	5
318	ACA	12396
318	ACG	35
318	ACT	11
318	GCA	2
319	TCA	12409
319	TCG	18
319	TCC	16
320	CCT	12423
320	CCC	18
320	CCA	2
321	CTG	10178
321	CTT	1850
321	CTA	353
321	TTG	53
321	CTK	4
321	TTA	2
321	CTC	2
322	TGC	12408
322	TGT	36
322	AGC	2
323	ACC	12262
323	ACT	139
323	ACA	40
323	TCC	3
323	GCC	2
324	ACC	12358
324	ACT	61
324	ATC	18
324	ACA	8
325	AAC	12403
325	AAT	26
325	AGC	4
325	TAC	4
325	ACC	3
325	AAA	3
326	ATC	12340
326	ATT	40
326	GTC	22
326	ACC	16
326	ATA	11
326	ACA	7
326	TTC	7
327	AAA	12281
327	AAT	120
327	AAG	29
327	AGA	9
327	GAA	3
328	GAA	12335
328	GAG	92
328	GGA	13
328	AAA	2
329	GGA	12285
329	GGT	119
329	GGG	32
329	AGA	4
329	GAA	2
330	TCA	12411
330	TCG	14
330	TCT	5
330	ACA	5
330	CCA	3
330	TCC	2
331	AAT	12373
331	AAC	69
332	ATT	12328
332	ATC	112
332	GTT	2
333	TGT	12433
333	TGC	9
334	TTA	12408
334	CTA	32
334	TTG	2
335	ACA	12413
335	ACG	28
335	ACC	2
336	AGG	12391
336	AGA	51
337	ACT	12421
337	ACC	11
337	ACA	4
337	ATT	3
337	ACG	3
338	GAT	12398
338	GAC	43
339	AGA	12426
339	AGG	10
339	CGA	2
340	GGA	12383
340	GGG	49
340	GGT	8
341	TGG	12442
342	TAT	9625
342	TAC	2815
343	TGT	12380
343	TGC	60
344	GAT	12364
344	GAC	55
345	AAT	12434
345	AAC	9
346	GCA	12428
346	GCT	12
346	GCC	2
346	GCG	2
347	GGA	12381
347	GGG	57
347	GGT	5
348	TCA	12429
348	TCG	12
348	TCT	3
349	GTA	11843
349	GTG	576
349	GTT	18
349	ATA	3
349	GCA	3
350	TCC	12235
350	TCT	176
350	TCA	31
350	TCY	2
351	TTC	12378
351	TTT	60
351	TAC	5
352	TTT	12240
352	TTC	202
353	CCA	12268
353	CCG	161
353	CCT	13
353	CCC	2
354	CAA	11192
354	CAG	1248
354	CGA	2
355	GCT	12375
355	GCC	27
355	ACT	16
355	GCA	15
355	GTT	7
356	GAC	12299
356	GAT	127
356	GAA	9
356	AAC	4
356	GAY	2
357	ACT	12304
357	ACC	127
357	ACA	8
358	TGT	12233
358	TGC	206
358	AGT	2
358	TGY	2
359	AAA	12314
359	AAG	128
360	GTA	12328
360	GTG	76
360	ATA	22
360	GTT	8
360	GCA	6
360	TTA	2
361	CAG	12321
361	CAA	118
362	TCC	12290
362	TCT	118
362	GCC	12
362	TTC	10
362	TCG	7
362	TCA	3
362	TCY	2
363	AAT	12429
363	AAC	7
363	AGT	7
364	CGA	12403
364	CGT	17
364	AGA	12
364	CGG	12
365	GTA	12119
365	GTG	292
365	GCA	15
365	GTC	9
365	GTT	6
365	ATA	4
366	TTT	12406
366	TTC	38
367	TGT	12424
367	TGC	21
368	GAC	12387
368	GAT	59
369	ACT	12324
369	ACC	112
369	ACA	8
370	ATG	12444
371	AAC	12403
371	AAT	32
371	AGC	6
371	GAC	3
371	TAC	2
372	AGT	12388
372	AGC	58
373	TTG	12357
373	TTA	60
373	CTG	28
374	ACA	12438
374	ACG	8
375	TTA	12418
375	TTG	19
375	CTA	10
376	CCA	12380
376	CCG	34
376	CCC	16
376	CCT	11
376	TCA	4
377	AGT	12376
377	AAT	44
377	AGC	22
378	GAA	12385
378	GAG	49
378	GAT	10
379	GTC	12357
379	GTA	48
379	GTT	37
379	ATC	3
380	AGC	12312
380	AGT	65
380	AAC	57
380	AAT	7
381	CTT	12371
381	CTA	37
381	CTC	24
381	TTT	7
381	ATT	3
382	TGT	12410
382	TGC	36
383	AAC	12370
383	AAT	70
383	GAC	4
384	ACT	12330
384	ACC	98
384	GTT	5
384	AAT	5
384	ATT	4
384	GCT	2
384	ACA	2
385	GAC	12382
385	GAT	48
385	AAC	15
386	ATA	12437
386	ATG	5
386	ATC	2
387	TTC	12418
387	TTT	22
387	CTC	2
388	AAT	12396
388	AAC	44
388	TAT	3
389	TCC	7717
389	CCC	4465
389	CCT	135
389	TCT	65
389	CTC	38
389	TCA	6
389	TTC	6
389	ACC	6
389	CAC	3
389	YCC	2
390	AAG	12389
390	AAA	37
390	GAG	6
390	ACG	6
390	AGG	3
391	TAT	12325
391	TAC	112
391	TTT	4
392	GAC	12286
392	GAT	157
393	TGC	12415
393	TGT	28
394	AAA	12426
394	AAG	16
395	ATT	12411
395	ATC	27
395	GTT	3
396	ATG	12443
397	ACA	12389
397	ACG	25
397	ACT	24
397	ACC	5
398	TCA	12410
398	TCT	17
398	TCG	16
398	TCC	3
399	AAA	12445
399	AAG	2
400	ACA	12374
400	ACT	60
400	ACG	7
400	RCA	2
400	ACW	2
401	GAC	12330
401	GAT	117
402	ATA	12418
402	GTA	28
403	AGC	12371
403	AGT	74
404	AGC	12391
404	AGT	54
405	TCA	12428
405	TCG	9
405	TCC	8
406	GTA	12376
406	GTG	30
406	GTT	25
406	ATA	9
406	GCA	7
407	ATT	7660
407	ATC	4769
407	ATA	10
407	ATY	2
408	ACT	12387
408	ACC	31
408	ACA	24
409	TCT	12266
409	TCC	69
409	TCA	66
409	GCT	40
410	CTA	12124
410	TTA	126
410	CTT	99
410	CTG	88
410	ATA	2
411	GGA	12301
411	GGT	128
411	GGG	11
412	GCT	12380
412	GCC	61
413	ATA	12434
413	ATT	10
414	GTG	12390
414	GTA	51
414	GTT	3
415	TCA	12404
415	TCG	32
415	TCT	5
416	TGC	12024
416	TGT	411
416	TGY	3
416	TKC	2
417	TAT	12427
417	TAC	14
418	GGT	12158
418	GGC	226
418	GGA	50
418	GGY	4
418	GGW	2
419	AAG	11159
419	AAA	1222
419	GAG	23
419	AGG	14
419	AAT	11
419	GAA	11
419	AAR	3
420	ACT	12236
420	ACC	203
421	AAA	12427
421	AAG	11
421	GAA	4
422	TGT	11222
422	TGC	1216
423	ACT	12424
423	ACA	11
423	ACC	4
424	GCA	12433
424	GCG	6
424	GCT	3
425	TCC	12332
425	TCT	108
425	TCA	2
426	AAC	12233
426	AAT	207
427	AAA	12433
427	AAG	10
428	AAT	12423
428	AAC	20
429	CGT	12413
429	CGC	19
429	CGA	8
429	CGG	2
430	GGA	12275
430	GGG	167
431	ATT	12413
431	ATC	24
431	ATA	3
432	ATA	12434
432	ATT	6
432	ACA	3
433	AAG	12359
433	AAA	74
433	AGG	6
433	AAR	2
434	ACA	12425
434	ACG	14
434	ACT	3
435	TTT	12407
435	TTC	35
436	TCT	12310
436	TCC	117
436	CCT	9
436	TTT	4
437	AAT	12409
437	AAC	35
438	GGT	7108
438	GGC	5300
438	GGG	25
438	GGY	7
438	GGA	3
439	TGT	12373
439	TGC	68
439	TCA	2
440	GAT	12264
440	GAC	178
440	CAG	2
440	AAT	2
441	TAT	12435
441	TAC	9
442	GTG	12311
442	GTA	110
442	GTT	20
442	CTG	2
442	ATG	2
443	TCA	12377
443	TCG	39
443	TCT	24
443	ACA	2
443	TCC	2
444	AAC	12351
444	AAT	92
445	AAA	12284
445	AAG	136
445	AGA	22
446	GGA	12344
446	GGG	91
446	AGA	3
446	GGT	2
446	GAA	2
447	GTA	12393
447	GTG	44
447	ATA	2
448	GAT	12225
448	GAC	218
448	GAY	2
449	ACT	12421
449	ACC	19
449	ACA	4
450	GTA	12281
450	GTG	144
450	GTC	10
450	ATA	5
450	GTT	2
450	GTM	2
451	TCA	12385
451	TCG	47
451	TCT	11
451	ACA	5
452	GTG	12314
452	GTA	114
452	GTT	20
453	GGC	12390
453	GGT	56
454	AAC	12422
454	AAT	25
455	ACT	12379
455	ACC	47
455	ACA	16
455	ACG	3
456	TTA	11345
456	CTA	1090
456	TTG	7
456	YTA	2
457	TAT	11200
457	TAC	1240
457	CAT	3
458	TAT	12428
458	TAC	16
459	GTC	12217
459	GTA	174
459	GTT	46
459	ATC	7
460	AAC	12419
460	AAT	26
461	AAG	12425
461	AAA	20
462	CTG	12218
462	CTA	166
462	TTG	16
462	CTT	12
462	ATG	12
462	CAG	8
462	CAA	7
462	GTG	2
463	GAA	12123
463	GAT	244
463	GAG	70
463	GAW	2
463	AAA	2
464	GGC	12078
464	GGA	287
464	GGT	64
464	GGG	13
465	AAA	12353
465	AAG	84
465	AGA	5
466	AAC	12367
466	AGC	39
466	AAT	29
466	AGT	7
466	ACC	3
467	CTT	12389
467	TTT	31
467	CTC	19
467	ATT	3
468	TAT	12427
468	TAC	16
469	GTA	12403
469	GTG	33
469	GTT	5
469	ATA	4
470	AAA	12381
470	AAG	58
470	AGA	3
471	GGG	12320
471	GGA	115
471	GGT	7
472	GAA	12399
472	GAG	24
472	AAA	10
472	GAC	8
472	GTA	2
473	CCT	12398
473	CCC	38
473	CCA	7
474	ATA	12439
475	ATA	12437
475	ATC	2
475	GTA	2
476	AAT	12432
476	AAC	9
477	TAC	12329
477	TAT	72
477	CAC	30
477	TTC	7
478	TAT	12419
478	TAC	19
478	TCT	2
479	GAC	12306
479	GAT	125
479	GGC	5
479	AAC	3
479	GAG	2
480	CCT	12380
480	CCC	47
480	CCA	15
481	CTA	12169
481	TTA	256
481	CTG	13
481	CTT	3
481	ATA	2
482	GTG	12323
482	GTA	105
482	GTT	13
482	ATG	3
482	GTR	2
483	TTT	12381
483	TTC	61
483	TTY	3
484	CCT	12399
484	CCC	29
484	CCA	13
484	CCY	2
485	TCT	12357
485	TCC	62
485	TCA	11
485	TTT	5
485	TCG	3
485	CCT	2
486	GAT	12410
486	GAC	24
486	AAT	3
486	GGT	3
487	GAG	12396
487	GAA	45
488	TTT	12428
488	TTC	12
488	TTG	2
489	GAT	12436
489	GAC	8
490	GCA	12416
490	TCA	17
490	GCT	7
490	GCG	4
491	TCA	12399
491	TCG	26
491	TCT	20
491	TCC	2
492	ATA	12416
492	ATT	28
493	TCT	12320
493	TCC	119
493	TCA	2
493	TTT	2
494	CAA	12441
494	CAG	7
495	GTC	12404
495	ATC	18
495	GTT	14
495	GTA	11
495	GTY	2
496	AAT	12432
496	AAC	15
496	CAT	2
497	GAA	12363
497	GAG	63
497	GGA	8
497	AAA	5
497	GCA	3
497	GAC	3
497	GAR	2
498	AAA	12258
498	AAG	191
499	ATT	12165
499	ATC	284
500	AAT	12437
500	AAC	11
501	CAA	12428
501	CAG	17
501	CAR	2
502	AGT	11979
502	AGC	469
503	TTA	12408
503	TTG	32
503	CTA	6
503	YTA	2
504	GCT	12374
504	GCC	55
504	GCA	7
504	ACT	3
504	GTT	3
504	GCW	2
504	TCA	2
505	TTT	12414
505	TTC	34
506	ATT	12382
506	ATC	55
506	ATA	6
506	GTT	3
506	ATY	2
507	CGT	12385
507	CAT	35
507	CGC	20
507	GGT	3
507	CRT	2
508	AGA	12377
508	AAA	51
508	AGG	16
509	TCC	10411
509	TCT	2023
509	TCA	8
509	TCY	4
509	TCM	2
510	GAT	12402
510	GAC	30
510	AAT	15
511	GAA	12439
511	GAG	6
512	TTA	12379
512	TTG	51
512	CTA	13
513	TTA	12226
513	CTA	193
513	TTG	26
514	CAT	12368
514	CGT	32
514	CAC	32
514	AAT	5
514	TAT	3
514	CCT	2
515	AAT	12425
515	GAT	8
515	CAT	4
515	AAC	3
515	AAA	2
516	GTA	12392
516	GTG	31
516	ATA	8
516	GTC	2
517	AAT	12290
517	AAC	78
517	AGT	40
518	ACT	12317
518	GCT	65
518	ACG	12
518	ACC	10
518	ATT	3
518	RCT	2
519	GGA	11096
519	GGG	980
519	GGC	282
519	GGT	44
519	GGR	2
519	GGW	2
520	AAA	12380
520	AAG	24
520	AGA	2
521	TCT	12267
521	TCC	121
521	TCA	18
521	TCY	2
522	ACT	12283
522	ACC	94
522	GCT	25
522	ACY	4
522	ATT	3
523	ACA	12391
523	ACT	7
523	AAA	5
523	GCA	5
523	ATA	2
523	ACG	2
524	AAT	12362
524	AAC	39
524	AGT	15
525	ATT	12313
525	GTT	45
525	ATC	45
525	ACT	6
525	ATA	3
525	ATG	2
525	ATY	2
526	ATG	12307
526	GTG	98
526	ATA	12
526	RTG	2
527	ATA	12382
527	GTA	18
527	ATC	5
527	ATG	4
527	ACA	4
527	ATT	4
528	ACT	12391
528	ACC	14
528	ATT	7
528	ACA	6
529	GCA	11951
529	GTA	278
529	ACA	124
529	GCT	46
529	ACT	6
529	GCG	5
529	TCA	4
529	GTT	3
529	RCM	2
530	ATT	12332
530	ATC	67
530	ATA	8
530	GTT	4
530	ATW	2
530	GTC	2
531	ATT	12325
531	ATC	83
531	GTT	4
531	ACC	2
531	ACT	2
532	ATA	12407
532	ATT	7
533	GTA	12387
533	GTG	26
533	ATA	4
534	ATC	12375
534	ATT	36
534	ATA	2
535	ATT	12359
535	GTT	25
535	ATA	20
535	ATC	8
535	ACT	6
536	GTA	12407
536	GTG	11
536	GTT	2
537	GTA	12357
537	GTG	54
537	ATA	7
537	GAA	2
538	TTG	12299
538	TTA	102
538	CTG	12
538	ATG	4
539	TTA	12399
539	TTG	8
539	CTA	8
539	GTA	7
540	TCA	12398
540	TCG	7
540	TCT	6
540	TTA	4
540	GCA	3
541	TTA	12390
541	TTG	13
541	TCA	9
541	CTA	9
542	ATA	12378
542	TTA	17
542	ATT	17
542	GTA	9
542	ATG	2
543	GCT	12341
543	GCC	73
543	ACT	17
543	GCA	6
543	GTT	3
543	TCT	3
544	ATT	12386
544	ATC	28
544	GTT	25
544	ACT	3
544	ATA	2
545	GGT	12343
545	GGC	73
545	GGA	13
545	AGT	5
545	GGG	2
545	TGT	2
546	TTA	12352
546	TTG	64
546	CTA	8
546	CTG	6
546	TTC	5
546	ATA	3
546	TCA	3
547	CTG	12329
547	CTT	43
547	CTA	32
547	TTG	31
547	CTC	3
547	ATG	2
548	TTG	12324
548	TTA	52
548	CTG	48
548	CTA	5
548	GTG	3
548	TTT	2
549	TAT	12410
549	TAC	24
550	TGC	12370
550	TGT	43
550	TAC	5
550	TTC	3
551	AAA	12345
551	AAG	57
551	AGA	9
551	AGG	5
551	AAT	4
552	GCC	12199
552	GCT	177
552	GCA	21
552	ACC	12
552	GTC	7
552	GCY	5
553	AAA	12354
553	AGA	35
553	AAG	29
553	CAA	2
554	AAC	12206
554	AAT	142
554	AGC	26
554	ACC	21
554	AAA	18
554	GAC	3
555	ACA	12384
555	ACG	26
555	GCA	3
555	ATA	2
556	CCA	12401
556	CCG	5
556	TCA	3
556	CCT	2
557	GTT	12307
557	GTC	83
557	ATT	10
557	GTA	2
557	TTT	2
558	ACA	12358
558	ACG	35
558	ATA	4
558	AAA	2
559	TTA	11243
559	CTA	1129
559	TTG	19
559	STA	2
559	GTA	2
559	TCA	2
559	CTG	2
560	AGC	12349
560	AGT	43
560	AAC	2
560	GGC	2
561	AAA	12305
561	AAG	78
562	GAC	12309
562	GAT	51
562	AAC	14
562	GAA	6
563	CAA	12376
563	CAG	6
564	CTA	12163
564	TTA	105
564	CTG	73
564	ATA	32
564	CCA	3
564	CTT	2
565	AGT	12350
565	AGC	25
566	GGA	12275
566	GGG	60
566	GGT	2
567	ATC	12250
567	ATT	45
567	ATA	18
567	GTC	13
567	ACC	3
568	AAT	12110
568	AAC	165
569	AAT	12091
569	AAC	181
569	CAT	2
570	ATT	12247
570	ATA	18
570	ATC	9
571	GCA	12096
571	GCG	165
571	GCT	9
572	TTC	12183
572	TTT	87
573	AGC	12215
573	AGT	42
574	AAA	12235
574	AAG	9
574	AAC	6
574	AGA	3
574	AAT	3
575	TAG	12145
575	TAA	37
575	TCG	2
575	TGA	2

#KF640637|G
1	ATG	9870
1	TTG	2
2	TCC	9855
2	TCT	11
2	CCC	5
2	TTG	3
2	TTC	2
3	AAA	9832
3	AAG	36
3	AAT	5
3	ATA	4
3	AGA	3
4	AAC	9689
4	CAC	85
4	AAT	34
4	ACC	33
4	AGC	20
4	GAC	14
4	CAT	7
5	AAG	9508
5	AAA	339
5	AGG	26
5	ATG	9
5	GAG	2
5	AAR	2
6	AAT	9762
6	AAC	89
6	AGT	34
6	ACT	2
6	ATT	2
7	CAA	9756
7	CAG	100
8	CGC	9555
8	CGT	172
8	CGA	128
8	TGC	13
8	CAC	13
8	AGC	2
9	ACT	9778
9	GCT	38
9	ACC	25
9	ACA	17
9	AAT	7
9	AAA	6
9	ATT	5
10	GCC	9424
10	GCT	298
10	ACC	86
10	GCA	57
10	TCC	13
10	GTC	2
11	AGG	9793
11	AGA	69
11	AAG	16
11	GGG	3
12	ACT	9828
12	GCT	28
12	ACC	12
12	RCT	2
13	CTA	9669
13	TTA	166
13	CTG	26
13	CCA	5
13	YTA	2
13	CYA	2
14	GAA	9768
14	GAG	110
14	AAA	2
15	AAG	9842
15	AAA	42
15	AGG	5
15	ATG	2
16	ACC	9877
16	ACT	14
16	ACA	2
17	TGG	9888
17	CGG	3
18	GAT	9806
18	GAC	96
18	AAT	5
18	GAY	2
19	ACT	9888
19	GCT	9
19	ACC	4
19	TCT	4
19	ATT	3
19	AAT	3
20	CTT	9513
20	CTC	386
20	TTT	5
20	ATT	4
20	CCC	2
20	CTY	2
21	AAT	9893
21	AAC	9
21	AGT	7
21	GGT	4
22	CAT	9896
22	CAC	10
23	CTA	9879
23	CTG	22
23	TTA	6
23	CTC	3
23	CTM	3
23	CTT	2
23	CCA	2
24	ATT	9877
24	ATA	42
24	ATC	2
25	GTA	9730
25	GTG	169
25	GCA	16
25	ATA	6
26	ATA	9918
26	ATT	6
27	TCC	9816
27	TCT	73
27	TCA	33
27	ACC	3
28	TCT	9881
28	TCC	36
28	ACT	7
28	TTT	2
29	TGT	9916
29	TGC	11
30	TTA	9893
30	TTG	21
30	CTA	14
30	TTT	2
31	TAC	9855
31	TAT	75
31	CAC	4
32	AAA	9751
32	AGA	144
32	AAG	41
33	TTA	9704
33	TTG	213
33	CTA	15
33	TTT	3
34	AAT	9880
34	AAC	59
35	TTA	9902
35	CTA	17
35	CTT	7
35	TCA	6
35	TTG	4
36	AAA	9900
36	AAG	35
36	AWA	2
37	TCT	9838
37	TCC	92
37	TCA	3
37	TAT	2
37	TCY	2
38	ATA	9926
38	GTA	6
38	ATT	4
39	GCA	9863
39	GCG	44
39	GCT	30
40	CAA	9931
40	CAG	9
41	ATA	9924
41	ATC	9
42	GCA	9899
42	GTA	17
42	ACA	16
42	GCG	4
42	GGA	2
43	CTA	9906
43	TTA	18
43	CTG	7
43	CTT	5
43	ATA	3
43	CCG	2
44	TCA	9912
44	TCG	19
44	TCT	7
45	GTT	9824
45	ATT	66
45	GCT	24
45	GTC	14
45	GTA	6
45	GCC	3
46	TTG	9647
46	TTA	147
46	CTG	119
46	TTT	3
46	YTG	2
47	GCA	9875
47	GCG	32
47	GCT	5
48	ATG	9914
49	ATA	9874
49	GTA	5
49	ACA	3
49	ATG	3
49	TTA	2
50	ATC	9864
50	ATT	20
50	GTC	8
50	ATA	4
50	ACC	2
51	TCA	9910
51	TCG	4
52	ACC	9837
52	ACT	62
52	ACA	3
52	ATC	2
53	TCT	9893
53	TCA	13
53	TCC	8
53	TTT	2
54	CTT	8878
54	CTC	1054
54	CTG	3
55	ATA	9927
55	ATT	6
55	ACA	3
56	ATT	9894
56	ATA	26
56	ATC	15
56	GTT	2
57	GCA	9795
57	GTA	73
57	ACA	41
57	GCG	25
58	GCC	9880
58	GCT	37
58	GCA	13
58	ACC	5
59	ATA	9893
59	ATC	25
59	ACA	13
59	ATG	3
60	ATA	9759
60	ACA	153
60	GTA	11
60	ATG	9
61	TTC	9915
61	TTT	16
61	CTC	2
62	ATC	9907
62	ATA	14
62	ATT	13
63	ATC	9914
63	ATT	13
63	GTC	5
64	TCT	9839
64	TCA	76
64	TCC	11
64	ACT	5
64	CCT	2
64	TCG	2
65	GCC	9723
65	GCT	207
65	ACC	2
65	GCA	2
66	AAT	9872
66	AAC	58
66	GAT	4
67	CAC	9808
67	CAT	113
67	AAC	8
67	TAC	4
67	CAA	3
68	AAA	9816
68	AAG	102
68	AGA	9
68	AAT	5
68	GAA	3
69	GTT	9697
69	GTC	204
69	GCT	10
69	GCC	8
69	ATT	8
69	GTY	4
69	TTT	2
69	GTA	2
70	ACA	9774
70	GCA	102
70	ACT	56
70	ATA	2
70	ACG	2
71	CTA	9643
71	CCA	194
71	TTA	80
71	CTG	6
71	CYA	4
71	CTT	3
71	TCA	2
71	ATA	2
71	CAA	2
72	ACA	9906
72	ACG	19
72	ACT	6
72	GCA	5
73	ACT	9700
73	ACG	93
73	ACA	76
73	ACC	38
73	GCT	24
73	AAT	5
73	CCT	2
74	GTC	9766
74	ATC	77
74	GTT	75
74	GCC	14
74	GTA	3
74	GCA	2
75	ACA	9829
75	TCA	89
75	GCA	12
75	ACT	3
75	ATC	2
75	ACG	2
76	GTT	9888
76	ATT	21
76	GCT	10
76	GTC	9
76	GTA	7
76	ATA	2
77	CAA	9888
77	TCA	37
77	CAC	8
77	CAG	4
78	ACA	9489
78	ACG	390
78	CCA	34
78	ACT	8
78	GCA	6
78	ATA	2
78	TCA	2
78	GAT	2
79	ATA	9815
79	ACA	98
79	ATG	10
79	ATT	6
79	GTA	4
79	GCA	2
80	AAA	9921
80	AGA	7
80	AAG	4
80	ACG	2
81	AAC	9867
81	AAT	69
82	CAC	9852
82	CAT	71
82	CGC	4
82	TAC	3
82	CAA	3
82	CAG	2
83	ACT	9911
83	ACC	22
83	ACA	4
83	ATC	2
84	GAG	9727
84	GAA	196
84	GGA	6
84	GGG	5
84	GTG	2
84	AAG	2
85	AAA	9771
85	AAG	98
85	GAA	45
85	AGA	15
85	ATA	5
85	ACA	2
85	AAC	2
86	AAC	9902
86	AAT	31
86	AGC	3
86	ACA	2
87	ATA	9351
87	ACA	324
87	ATC	195
87	ATG	30
87	GTA	27
87	ATT	4
87	TTA	3
87	ACC	3
88	ACC	9846
88	ACT	80
88	ACA	4
88	TCC	2
88	CCA	2
88	ATC	2
89	ACT	9655
89	ACC	245
89	GCT	13
89	TCT	7
89	AAT	7
89	ATT	5
89	ACA	5
90	TAC	9651
90	CAC	251
90	TAT	26
90	YAC	4
90	AAC	3
91	CTT	9468
91	TTT	245
91	CTC	120
91	CCT	64
91	CCC	27
91	ATT	3
91	CTA	3
91	CYT	2
91	YTT	2
92	ACT	9832
92	ACC	87
92	AAT	6
92	ATT	5
92	ACY	4
92	ACA	3
93	CAA	9885
93	CAG	39
93	CAT	10
93	CTA	3
94	GTC	9778
94	ATC	70
94	GTT	50
94	GTA	30
94	GCC	6
94	AAT	2
95	TCA	9686
95	CCA	201
95	TCG	26
95	TTA	18
95	GCA	2
95	TCT	2
95	CCC	2
96	CCA	9833
96	TCA	49
96	ACA	27
96	CCG	18
96	TCG	7
96	CAG	2
96	CAA	2
97	GAA	9887
97	GAT	15
97	GGA	14
97	GAG	11
97	GAC	7
97	GTA	2
98	AGG	9516
98	AAG	282
98	GGG	57
98	ATG	39
98	AGA	37
98	TGG	2
98	GGA	2
98	GAG	2
99	GTT	9511
99	GCT	173
99	GTC	166
99	ATT	46
99	GCC	29
99	TTT	4
99	GYT	2
99	ATC	2
100	AGC	5427
100	GGC	4371
100	GAC	43
100	AAC	31
100	AGT	30
100	GGT	18
100	RGC	9
101	CCA	9641
101	TCA	250
101	CTA	21
101	ACA	5
101	CCT	4
101	CCG	3
101	CAA	2
101	TTC	2
101	YCA	2
102	TCC	9886
102	TCT	29
102	CCC	12
102	TCA	4
103	AAA	9320
103	AAC	406
103	ATA	135
103	AAG	18
103	AGA	14
103	GAA	12
103	AGG	9
103	TAC	5
103	GAC	5
103	CAA	3
103	AAT	2
104	CAA	9739
104	CAT	91
104	CAG	69
104	AAA	23
104	CGA	4
104	CTA	4
104	CGG	4
104	CTG	2
105	CCC	9666
105	CCT	169
105	CTC	43
105	CCA	32
105	ACC	19
105	TCC	9
105	CAC	2
106	ACA	9791
106	GCA	96
106	ATA	26
106	ACG	8
106	AAA	7
106	TCA	5
106	ACT	3
106	GGA	2
107	GCC	7578
107	ACC	1335
107	GCT	957
107	ACT	27
107	ATC	11
107	GAC	9
107	GTC	7
107	GCA	3
107	GCY	2
108	ACA	5424
108	ACT	4254
108	ACG	167
108	ATA	34
108	ACC	19
108	ATT	11
108	GCA	8
108	ATG	7
108	GCT	4
109	CCA	9632
109	TCA	234
109	CTA	41
109	CCG	13
109	GCA	8
109	CAA	4
109	ACA	3
110	CCA	9775
110	CTA	49
110	TCA	45
110	CCG	33
110	CCC	14
110	ACA	13
110	CAA	5
110	CCT	3
111	ATC	9812
111	ACC	88
111	ATT	21
111	GTC	13
111	TCC	2
112	CAC	9690
112	TAC	117
112	AAC	60
112	CAT	30
112	CAA	27
112	CGC	6
112	CTC	4
112	ACC	2
113	ACA	9844
113	ATA	45
113	ACG	12
113	ACT	11
113	AAA	9
113	ACC	8
113	GCA	4
114	AAC	9494
114	AAT	227
114	AGC	104
114	GAC	21
114	GAT	21
114	GGC	18
114	TAC	15
114	ACC	12
114	AGT	11
114	AAA	10
114	ATA	2
115	TCA	9746
115	CCA	86
115	TCT	29
115	TTA	24
115	TCG	24
115	ACA	11
115	GCA	10
115	CTA	2
116	GCC	9429
116	ACC	318
116	GCT	95
116	GTC	70
116	ACT	11
116	GAC	4
116	RCC	3
116	GCA	2
116	TCC	2
117	ACA	9783
117	ATA	96
117	GCA	21
117	AAA	14
117	ACT	8
117	ACG	5
117	AMA	4
117	TCA	2
118	ATA	9640
118	ACA	279
118	ATG	7
118	GTA	3
118	TTA	2
118	AYA	2
118	GTG	2
119	TCA	9796
119	CCA	63
119	TTA	44
119	TCG	19
119	TCT	9
119	ACA	4
120	CCC	8829
120	CCT	956
120	CTC	70
120	CCA	48
120	TCC	20
120	CAC	6
120	ACC	5
120	TCT	2
120	CTT	2
121	AAT	9419
121	AAC	448
121	AGT	49
121	GAT	6
121	AAY	4
121	TAT	4
121	ACT	4
121	GGT	2
122	ACA	9854
122	GCA	39
122	ATA	24
122	ACT	10
122	AAA	6
122	ACG	2
122	GCT	2
123	AAA	9847
123	AAG	53
123	GAA	19
123	GAG	5
123	GGA	3
123	ACA	3
123	AGG	2
123	AGA	2
123	AAC	2
124	TCA	9812
124	CCA	50
124	TCG	34
124	TTA	19
124	ACA	12
124	TCT	9
125	GAA	9785
125	GAT	61
125	GAG	41
125	AAA	33
125	GGG	7
125	GAC	5
125	GGA	4
125	ACC	2
126	ACA	9850
126	ATA	23
126	GCA	17
126	AAA	12
126	ACG	12
126	CCA	11
126	ACT	11
127	CAC	9783
127	TAC	55
127	CAT	41
127	CGC	31
127	AAC	13
127	CCC	12
127	CAA	2
127	YAC	2
128	CAT	9675
128	TAT	137
128	CAC	95
128	CGT	18
128	AAT	9
128	CTT	2
128	TCC	2
129	ACA	9834
129	AAA	65
129	GCA	14
129	ATA	12
129	ACG	9
129	ACT	3
130	ACA	9859
130	ATA	50
130	GCA	20
130	ACG	5
130	AAA	3
130	ACT	2
131	GCA	7179
131	ACA	2642
131	ATA	46
131	GAA	32
131	GTA	20
131	GCG	5
131	RCA	4
131	AAA	4
131	GTC	2
131	GCT	2
132	CAA	9893
132	CAG	23
132	CGA	6
132	CAC	6
132	CAT	4
132	CTA	3
132	AAA	2
132	AAG	2
133	ACC	9755
133	ACT	71
133	CCC	40
133	GCC	26
133	ATC	23
133	TCC	7
133	ACA	5
133	AAC	4
133	ACY	2
134	AAA	9835
134	AAG	60
134	AGG	25
134	AGA	8
134	AAT	3
134	GAA	3
134	CAA	2
135	GGC	8833
135	AGC	921
135	GGT	137
135	GAC	22
135	GGA	13
135	CGC	7
135	AAC	4
136	ACA	8669
136	AGA	1196
136	ATA	32
136	AAA	17
136	GCA	8
136	ACG	5
136	ACT	4
136	TCA	2
136	GGA	2
137	ACC	7132
137	ATC	2657
137	GCC	52
137	ACT	35
137	ATT	33
137	ACA	8
137	GTC	7
137	AAC	7
137	ATA	2
137	ATG	2
138	TCT	8593
138	TTT	545
138	TCC	466
138	ACC	180
138	ACT	46
138	TCA	24
138	TAT	20
138	GCT	10
138	CCT	7
138	CAC	4
138	TCY	4
138	ACA	2
138	ATC	2
138	TTC	2
138	CCC	2
138	CGT	2
139	ACT	8826
139	ACC	676
139	ATC	367
139	GCT	14
139	ATT	14
139	ACG	9
139	AAT	8
139	ACY	3
139	ACA	2
140	CCA	9675
140	TCA	124
140	CTA	91
140	CCT	13
140	CCG	11
140	CAA	5
140	ACA	3
141	ACA	9760
141	AAA	107
141	ATA	22
141	ACG	17
141	GCA	7
141	AAC	2
142	CAG	9860
142	CAA	33
142	CGG	13
142	CTG	6
142	TTA	2
142	AAG	2
142	CAT	2
142	TTG	2
143	AAC	9618
143	ACC	132
143	AGC	64
143	AAG	47
143	AAT	32
143	GAC	22
143	AAA	3
143	CCT	2
144	AAC	9747
144	AAT	80
144	AGC	42
144	CAC	25
144	AAA	19
144	TAC	14
144	ACC	5
144	GAC	3
145	AAG	9715
145	AAA	157
145	AGG	52
145	GAG	3
145	GGG	2
145	AGA	2
146	CCA	9832
146	CCG	47
146	CTA	19
146	TCA	18
146	CCT	11
146	CCC	3
146	ACA	2
146	CAA	2
147	AGC	9852
147	AGT	43
147	AAC	18
147	GGC	12
147	AGA	6
147	ACC	2
148	ACA	9886
148	ATA	21
148	GCA	13
148	TCA	8
148	ACT	2
148	ACG	2
149	AAA	9823
149	GAA	49
149	AGA	36
149	AAG	8
149	CAA	4
149	GGA	4
149	AGG	3
150	CCA	9491
150	CCG	193
150	TCA	159
150	CTA	49
150	CAA	10
150	ACA	6
151	CGT	9763
151	CAT	73
151	CGC	43
151	CGA	13
151	CTT	10
151	AGT	5
151	CRT	3
151	TGT	2
152	CCA	9799
152	TCA	55
152	CTA	22
152	TTA	13
152	CCG	10
152	CAA	8
152	CCT	4
152	GCA	2
153	AAA	9868
153	AGA	30
153	AAG	6
153	AGG	3
153	GAA	3
153	AAT	2
154	AAT	9791
154	AAA	47
154	ATT	38
154	AGT	15
154	GAT	9
154	AAC	6
155	CCA	9831
155	CCG	39
155	ACA	27
155	CTA	7
155	TCA	5
155	CCC	2
156	CCA	9849
156	TCA	19
156	CTA	14
156	CCT	11
156	CCC	5
156	CCG	4
156	ACA	2
156	CAA	2
157	AAA	9803
157	AAG	13
157	AGA	5
157	AGG	3
157	AAT	3
157	AAC	3
157	GAA	2
158	AAA	9625
158	AAG	302
158	AGA	2
158	CAA	2
159	GAT	9906
159	GAC	20
159	AAT	3
159	GAA	3
160	GAT	9844
160	GAC	63
160	AAT	28
161	TAC	9799
161	TAT	106
161	CAC	22
161	TTT	2
161	CAT	2
162	CAT	9891
162	CAC	32
162	TAT	5
162	CAA	3
163	TTT	9908
163	TTC	12
163	CTT	10
164	GAA	9928
164	GAG	9
165	GTG	9899
165	GTA	36
166	TTC	9913
166	TTT	20
166	TAC	5
167	AAC	9833
167	AAT	105
168	TTT	8781
168	TTC	1156
169	GTT	9883
169	GTC	36
169	GTA	15
169	ATT	4
170	CCC	9768
170	CCT	136
170	CCA	29
170	TCC	4
171	TGT	9861
171	TGC	74
172	AGT	9810
172	AGC	99
172	GGT	13
172	AAT	13
173	ATA	9889
173	ATC	30
173	GTA	13
173	GTG	3
173	ACA	2
174	TGT	9903
174	TGC	34
175	GGC	9824
175	GGT	72
175	GGA	18
175	AGC	15
175	GAC	2
175	GGY	2
176	AAC	9790
176	AGC	116
176	AAT	21
176	TAC	2
176	AAY	2
177	AAT	9866
177	AAC	56
178	CAA	9786
178	CAG	97
178	CGA	27
178	CTA	6
178	CCA	2
179	CTC	9733
179	CTT	163
179	CTA	6
179	TTC	6
179	CTY	4
179	ACC	2
180	TGC	9858
180	TGT	57
181	AAA	9886
181	AAG	18
181	AGA	6
181	AGG	2
181	TGG	2
182	TCC	9827
182	TCT	85
182	GCC	2
183	ATT	9277
183	ATC	618
183	ACT	3
183	ATY	3
184	TGC	9863
184	TGT	54
185	AAA	9885
185	AAG	18
185	ARA	2
185	AGA	2
186	ACA	9899
186	AGA	4
186	ACT	3
186	CCA	3
186	AAA	2
186	GCA	2
187	ATA	9893
187	GTA	6
187	ACA	4
187	CTA	2
188	CCA	9876
188	CCG	33
188	CCT	3
188	TCA	2
189	AGC	9828
189	AGT	37
189	AAC	19
189	GGC	17
189	ATC	11
189	AGA	2
190	AAT	8149
190	AAC	1704
190	AAA	34
190	AGT	7
190	AAY	6
190	AGC	3
191	AAA	9861
191	AAC	14
191	AAG	14
191	AGA	11
191	AAT	3
191	GAA	2
191	ACA	2
192	CCA	9820
192	CCC	33
192	CAA	20
192	CTA	15
192	CTC	5
192	CCG	5
192	TCA	2
192	ACA	2
192	CCT	2
193	AAG	9888
193	AGG	10
193	AGA	4
194	AAA	9861
194	AAG	19
194	AGA	11
194	GAA	9
194	AAT	4
195	AAA	9840
195	AAG	57
195	AGA	3
195	AAC	2
195	GAA	2
196	CCA	9847
196	CCG	25
196	CTA	9
196	TCA	8
196	ACA	6
196	CCT	5
196	ACC	2
197	ACT	8321
197	ACC	1532
197	GCT	13
197	ATT	11
197	ACY	9
197	ATC	3
197	AAT	2
197	ACA	2
198	ACA	8911
198	ATA	745
198	ATC	182
198	ACT	17
198	GCA	12
198	GTA	11
198	ACG	7
198	AAA	5
198	ACC	4
198	TCA	3
199	AAA	9823
199	AAG	37
199	GAA	22
199	AGA	7
199	AAC	4
200	CCC	9563
200	CCT	161
200	CCA	144
200	TCC	26
200	CTC	2
201	ACA	9873
201	CCA	9
201	ACG	5
201	ACT	3
201	GCA	2
202	AAC	9574
202	AAT	187
202	ACC	50
202	AGC	37
202	GAC	32
202	AAA	7
202	AAY	2
203	AAA	9843
203	AAG	29
203	AAC	10
203	AGA	7
203	GAA	2
204	CCA	9750
204	ACA	76
204	CCG	45
204	CTA	39
204	TCA	9
204	CCT	8
205	CCT	7528
205	CCC	1959
205	ACC	223
205	CTT	121
205	ACT	24
205	TCT	13
205	CCY	11
205	CTC	6
205	TCC	5
205	CCA	5
205	ATC	3
205	CCG	2
205	CAC	2
206	ACC	9628
206	ACT	214
206	ATC	45
206	ACA	12
206	AAC	8
206	GCC	6
206	GTC	5
206	ACY	5
206	TCC	4
207	AAA	9894
207	GAA	19
207	AAG	7
207	AGA	4
208	ACC	9853
208	ACT	34
208	ATC	19
208	CCC	9
208	GCC	6
208	ACA	2
208	AAC	2
209	ACA	9895
209	AAA	15
209	ACG	11
209	ATA	6
209	GCA	2
210	AAC	9850
210	AAT	35
210	ACC	18
210	AGC	11
210	GAC	3
210	AAA	3
210	TAC	3
211	AAA	9873
211	AGA	29
211	AAG	12
211	AGG	7
211	GAA	5
211	ATA	2
212	AGA	9831
212	AAA	52
212	GGA	23
212	AGG	19
212	ATA	4
212	AGT	3
213	GAC	9782
213	AAC	45
213	GAT	39
213	TAC	36
213	GCC	15
213	GGC	5
213	GTC	2
213	RAC	2
213	GAA	2
214	CCC	4300
214	TCT	3384
214	TCC	996
214	CCT	479
214	CCA	461
214	CTC	226
214	TCA	31
214	CTT	14
214	TCY	9
214	TTC	8
214	TTT	7
214	ACT	4
214	CTA	3
215	AAA	9910
215	AAG	10
215	GAA	8
215	AGA	3
216	ACA	9883
216	CCA	21
216	ATA	14
216	GCA	4
216	AAA	4
216	ACG	3
216	CCT	2
217	CTA	8463
217	CCA	1409
217	TCA	32
217	CYA	8
217	TTA	7
217	CGA	5
217	CTG	4
217	CAA	2
218	GCC	9726
218	GCT	140
218	ACC	49
218	TCC	9
218	GCA	7
218	GTC	5
219	AAA	9884
219	AAG	36
219	AGA	7
219	ACA	5
219	CAA	3
220	ACA	9683
220	ACG	97
220	CCA	60
220	ATG	33
220	GCG	26
220	ATA	11
220	GCA	11
220	AAA	6
220	ACC	4
220	GTG	2
221	CCG	4900
221	CTG	4398
221	CCA	440
221	ACG	110
221	TCG	19
221	CYG	17
221	CTA	13
221	CCT	7
221	ATG	6
221	TTG	6
221	ACT	4
221	CCR	4
221	CAG	2
222	AAA	9739
222	GAA	92
222	AGA	44
222	AAG	27
222	GAT	16
222	ATA	5
222	ACA	5
222	AAT	4
223	AAA	9867
223	GAA	30
223	AAG	29
223	AGA	6
223	AAT	3
223	GAG	2
224	GAA	9752
224	GAC	70
224	GAT	47
224	GAG	43
224	AAA	8
224	GTA	6
224	GGA	5
224	CAA	3
224	AGA	3
225	ACC	9333
225	AAC	366
225	ACT	115
225	ATC	28
225	CCC	27
225	GCC	25
225	CCT	8
225	ACA	6
225	AMC	4
225	AAT	4
225	CTC	2
225	AAA	2
226	ACC	9734
226	ACT	126
226	GCC	34
226	AAC	31
226	ATC	12
227	ATT	8283
227	ATC	1095
227	ACC	369
227	ACT	172
227	TTT	4
227	GTT	4
227	ATY	4
227	GCC	4
227	AYY	3
227	GCT	2
228	AAC	9819
228	GAC	45
228	AAT	32
228	AAA	26
228	TAC	9
228	AGC	5
228	ACC	3
228	CAC	2
228	AAG	2
229	CCA	9108
229	CTA	624
229	CAA	122
229	TCA	49
229	CCG	16
229	CCT	8
229	AAA	5
229	CMA	2
230	ACA	9839
230	ACT	50
230	GCA	22
230	ATA	14
230	ACG	8
230	ACC	6
231	AAA	9879
231	ATA	21
231	AGA	12
231	ACA	8
231	AAG	8
231	GGA	5
231	GAA	5
231	AAC	3
231	AAT	2
232	AAA	9813
232	AAG	46
232	GAA	39
232	AAC	22
232	AGA	9
232	GGG	9
233	CCA	9807
233	CTA	76
233	TCA	27
233	CCG	18
233	CCT	10
233	CAA	2
234	ACC	9850
234	ACT	45
234	ATC	32
234	GCC	7
234	CCC	5
235	CCC	9546
235	CTC	223
235	CCT	65
235	CCA	57
235	TCC	39
235	ACC	4
235	TTC	4
235	CTT	2
235	ATC	2
236	AAG	9756
236	AAA	128
236	GAA	17
236	AGG	13
236	GAG	13
236	ACG	9
236	ATG	5
236	AAC	2
236	AAR	2
237	ACT	8077
237	ACC	1769
237	ATC	26
237	AAT	16
237	GCT	14
237	ATT	13
237	GCC	10
237	ACA	6
237	ACY	6
238	ACA	9836
238	ACG	49
238	ATA	17
238	GCA	10
238	ACT	8
238	AAA	3
238	ACC	2
238	ATG	2
239	GAA	9761
239	GAG	80
239	GGA	42
239	AAA	42
240	AGA	9786
240	GGA	66
240	AAA	28
240	AGG	21
240	AGR	7
240	AAG	6
240	ACA	2
241	GAC	9749
241	AAC	124
241	GAT	24
241	TAC	7
241	GAA	7
241	GGC	4
241	GAY	3
241	GRC	3
241	GTC	2
242	ACC	9793
242	ACT	55
242	ATC	33
242	TCC	20
242	AAC	7
242	ACA	7
242	GCC	6
242	AYC	2
243	AGC	9634
243	AGT	189
243	AAC	59
243	ATC	24
243	AGA	11
243	AGY	3
244	ACC	9524
244	ACT	327
244	ATC	25
244	AAC	16
244	GCC	15
244	CCC	4
244	ACY	3
244	AAT	2
244	ACA	2
244	TCC	2
244	ATT	2
245	CCA	9331
245	TCA	436
245	CTA	94
245	YCA	22
245	CCG	11
245	CAA	9
245	ACA	7
245	TTA	5
245	CCT	2
246	CAA	9837
246	CGG	28
246	CAG	22
246	CTA	20
246	AAA	2
246	TTA	2
246	YAA	2
246	CTG	2
246	CGA	2
247	TCC	9746
247	TCT	126
247	TTC	18
247	CCC	12
247	ACC	8
247	TCA	3
247	TCY	2
248	ACT	9684
248	ACC	187
248	ATT	18
248	TCT	12
248	GCT	6
248	AAT	3
248	AYT	2
249	GTG	9471
249	GCG	297
249	ATG	31
249	GYG	23
249	GCA	22
249	GTT	10
249	GTA	7
249	ATA	5
249	GGG	4
250	CTC	9569
250	CTT	141
250	CCC	61
250	TTC	26
250	ATC	19
250	CTA	17
250	CAC	9
250	CCT	8
250	ATT	5
250	TTT	2
251	GAC	9047
251	AAC	164
251	GAT	123
251	GAA	25
251	GGC	13
251	TAC	10
251	ACC	2
252	ACA	6121
252	ATA	3217
252	ATG	13
252	TCA	9
252	AAA	8
252	ACG	7
252	GCA	4
252	AYA	3
252	ACT	2
252	TCC	2
252	TTA	2
253	ACC	9274
253	GCC	73
253	ACT	27
253	AAC	9
253	ATC	5
254	ACA	9132
254	ATA	152
254	TCA	54
254	GCA	18
254	ACC	13
254	AAA	6
254	ACG	6
254	AYA	4
254	CCA	2
255	TCA	8667
255	CCA	371
255	TCG	173
255	TCT	72
255	TCC	53
255	TTA	36
255	YCA	9
255	CCG	2
255	CTA	2
255	AAA	2
256	AAA	5784
256	AAC	3475
256	GAT	28
256	AGG	21
256	AAG	18
256	GAA	16
256	GAC	9
256	AAM	8
256	CAA	6
256	AGC	5
256	AGA	4
256	ACC	2
256	GGA	2
256	GGG	2
257	CAC	9196
257	TAC	76
257	CAT	35
257	CAA	26
257	CGC	23
257	CTC	13
257	AAC	6
257	GAT	2
258	ACA	9240
258	ATA	65
258	ACG	46
258	GCA	25
258	GCG	8
258	CCA	3
258	TCA	2
259	GAA	9224
259	GAG	58
259	GGA	49
259	AAA	9
259	GAT	3
259	GGG	2
259	GTA	2
259	GCA	2
260	AGG	7178
260	AGA	1997
260	AAG	65
260	GGA	50
260	GGG	34
260	ATG	6
260	AAA	5
260	AGT	4
260	AGR	2
260	ACA	2
261	GAC	9231
261	AAC	52
261	GAT	31
261	GGC	16
261	TAC	9
261	GAA	6
261	GTC	5
262	ACC	9241
262	ACT	45
262	ATC	34
262	GCC	20
262	AAC	6
262	TCC	3
262	ACA	3
263	AGC	9318
263	AGA	18
263	AAC	14
263	AGT	10
263	ATC	3
263	CGC	3
264	ACC	9204
264	ATC	70
264	ACT	56
264	GCC	14
264	ACA	9
264	AAC	6
264	TCC	4
264	CCC	2
265	TCA	7930
265	CCA	1288
265	TTA	111
265	CTA	13
265	TCG	8
265	GCA	5
265	YCA	2
265	CCG	2
266	CAA	9330
266	CAG	26
266	AAA	7
266	CGG	4
266	CGA	3
266	CTA	2
267	TCC	8940
267	TCT	318
267	TTC	73
267	CCC	28
267	TAC	5
267	TCA	4
267	CCT	3
268	ACT	4660
268	ATT	4345
268	ACC	314
268	ATC	25
268	GTT	7
268	GCT	6
268	TTT	5
268	ACY	4
268	AYT	3
269	GCG	7673
269	GTG	1051
269	GCA	598
269	ACG	54
269	GAG	10
269	GYG	8
269	TCG	4
269	ACA	4
269	GCR	3
269	ATG	2
270	CTT	4618
270	CTC	4449
270	CCC	191
270	CCT	100
270	TTC	17
270	CTA	11
270	TTT	11
270	CTG	9
270	TCC	5
270	ATC	5
270	CTY	3
270	ATT	3
270	CGT	2
271	GAC	9715
271	GAT	115
271	AAC	57
271	TAC	6
271	GAA	5
271	GGC	2
272	ACA	9773
272	ATA	49
272	GCA	39
272	AAA	17
272	ACG	12
272	ACT	7
273	ACC	9566
273	ATC	199
273	GCC	65
273	ACT	62
273	AAC	2
274	ACA	9700
274	GCA	92
274	ATA	87
274	AAA	7
274	ACG	5
274	TCA	4
274	ACT	2
275	TCA	5534
275	CCA	4212
275	TTA	65
275	CTA	30
275	TCG	26
275	TTG	7
275	CCT	5
275	YCA	3
275	CAA	2
276	AAA	9676
276	AAC	70
276	GAA	57
276	AGA	31
276	AAT	17
276	GGA	11
276	AAG	10
276	CGA	4
276	AAM	4
276	AGG	3
276	ATA	2
276	ACA	2
277	CAC	6708
277	CAT	3126
277	CGT	24
277	CAA	11
277	CAY	9
277	TAC	8
277	CGC	6
277	AAC	4
277	TAT	4
278	ACA	9779
278	ATA	44
278	ACT	34
278	ACG	28
278	GCA	14
278	AAA	3
279	ACC	8876
279	ATC	908
279	ACT	64
279	GTC	60
279	GCC	7
279	AAC	5
279	GTT	5
279	ACA	3
279	AGT	2
280	CAA	9845
280	CAG	60
280	CGA	11
280	CTA	11
280	AAA	5
280	CCA	4
280	TAA	2
281	CAG	9848
281	CAA	31
281	CAT	17
281	CTG	12
281	AAG	8
281	CCG	7
281	CGG	5
281	TAG	5
281	GAG	3
282	CAA	9891
282	CAG	9
282	CTA	7
282	CGA	7
282	CAC	4
282	CAT	3
282	AAA	3
282	TAA	2
282	GAA	2
283	TCT	8517
283	TCC	1206
283	TTT	66
283	CCC	50
283	CCT	40
283	TAC	16
283	TCA	13
283	ACC	5
283	TTC	3
284	CTC	9524
284	CCC	194
284	TTC	99
284	ATC	31
284	CCT	30
284	CTT	27
284	TCC	5
284	CTA	3
284	CAC	3
284	MTC	2
285	CAC	5411
285	TAC	4464
285	CTC	21
285	TAT	9
285	YAC	5
285	CGC	5
285	CAA	4
285	CAT	3
285	AAC	2
286	TCA	9802
286	CCA	43
286	TTA	16
286	ACA	15
286	TCG	6
286	TAA	2
286	TCC	2
287	ACC	9807
287	ACT	30
287	ATC	20
287	ACA	13
287	GCC	12
287	AAC	3
288	ATC	7461
288	ACC	2375
288	ATT	19
288	ACT	17
288	GCC	5
288	AAC	4
289	CCC	8949
289	CTC	514
289	CCT	211
289	TCC	119
289	CTT	29
289	TCT	23
289	CCA	17
289	TTC	10
289	CCY	4
289	ACC	3
290	GAA	9548
290	GGA	168
290	AAA	77
290	GAG	24
290	GAT	22
290	GCA	19
290	GTA	14
290	AAG	3
290	CAA	2
291	AAC	9753
291	AAT	43
291	GAC	36
291	AGC	18
291	ACC	12
291	GGC	8
291	ATC	5
291	AAA	4
291	GAT	3
291	TAC	2
292	ACA	9785
292	ATA	37
292	ACG	28
292	GCA	14
292	AAA	9
292	ACT	6
292	TAT	2
293	CCC	9149
293	CCA	433
293	TCC	182
293	CTC	53
293	CCT	40
293	ACC	11
293	CAC	5
293	CTA	3
294	AAC	9716
294	AAT	62
294	TAC	37
294	AGC	28
294	CAC	15
294	GAC	10
294	AAA	8
294	ATC	5
294	RAC	2
295	TCC	5858
295	TCT	3883
295	TTC	66
295	TAC	17
295	CCC	15
295	TTT	9
295	ACT	9
295	CTC	8
295	CCT	4
295	CCA	2
295	TCY	2
295	TCA	2
296	ACA	9686
296	ACG	114
296	GCA	35
296	ATG	13
296	ATA	9
296	AAA	8
296	TCA	7
296	ACT	4
297	CAA	9800
297	CAG	83
297	CGG	5
297	AAA	4
297	CAC	4
297	CGA	4
297	TAA	3
297	CAT	2
298	ACA	9762
298	ATA	65
298	GCA	31
298	AAA	26
298	CCA	9
298	ACG	3
298	GTC	2
298	TTA	2
299	CCC	9683
299	TCC	80
299	CCT	52
299	TCT	44
299	CTC	27
299	CCA	5
299	TTC	3
299	ACC	2
299	CAC	2
299	TAT	2
300	ACA	9094
300	GCA	570
300	ATA	128
300	ACT	96
300	AAA	4
300	TCA	3
300	ACC	3
300	ACG	2
301	GCA	9481
301	ACA	218
301	GCG	84
301	GTA	38
301	CCA	34
301	GAA	25
301	TCA	5
301	GCT	3
301	RCA	2
301	GTG	2
302	TCC	9527
302	TCT	295
302	CCC	33
302	TTC	20
302	TCY	7
302	ACC	6
302	TCA	2
303	GAG	9076
303	GGG	527
303	AAG	164
303	GAT	90
303	GAA	23
303	AAT	4
303	TAG	3
303	GTG	3
304	CCC	9579
304	TCC	160
304	CTC	78
304	CCT	47
304	GCC	7
304	CCA	4
304	CAC	3
304	CYC	3
304	TAC	2
305	TCC	9517
305	TCT	263
305	CCC	27
305	TTC	22
305	TAC	22
305	ACC	12
305	TCA	9
305	YCC	2
306	ACA	9734
306	ATA	94
306	ACG	18
306	ACT	14
306	GCA	7
306	AAA	4
306	TCA	3
306	ATG	2
307	TCA	9704
307	CCA	94
307	TCG	32
307	TTA	20
307	TCT	9
307	TAA	7
307	ACA	5
307	YCA	2
307	TCC	2
308	AAT	9318
308	AAC	504
308	AGT	15
308	GAT	15
308	AAA	5
308	AAY	5
308	TAT	5
309	TCT	8151
309	TCC	1568
309	ACT	74
309	TTT	21
309	CCT	20
309	CCC	7
309	TCY	5
309	TTC	4
309	TCA	4
309	TAT	3
309	ACC	3
310	ATC	7037
310	ACC	2636
310	ACT	55
310	AAC	33
310	TTC	25
310	ATT	21
310	GCC	21
310	ATA	18
310	GTC	9
310	ACA	3
310	CCC	2
310	TCC	2
310	AAT	2
311	TAA	8271
311	CAA	1473
311	CAG	29
311	TGA	15
311	CTA	11
311	TAG	10
311	AAA	8
311	YAA	7
311	TTA	5
311	TCA	2

#KF640637|L
1	ATG	8278
2	GAT	8271
2	GAC	6
3	CCC	8267
3	CCT	7
3	TCC	2
4	ATT	8225
4	ACT	23
4	ATC	19
4	GTT	7
4	ACC	3
5	ATT	8179
5	ATC	37
5	GTT	28
5	ACT	27
5	ACC	4
6	AAT	8214
6	AAC	54
6	AGT	5
6	GAT	3
7	GGA	8270
7	GAA	4
7	GCA	3
7	AGA	2
8	AGC	8104
8	AAC	131
8	AGT	43
8	AAT	2
9	TCT	8095
9	TCC	170
9	CCT	9
9	TCA	5
10	GCT	8043
10	GCC	232
10	GTT	3
10	ACT	2
11	AAT	8275
11	AAC	3
11	AGT	2
12	GTA	8088
12	GTG	187
12	GTT	5
13	TAT	8270
13	TAC	11
14	CTA	8208
14	TTA	60
14	CTT	6
14	CTG	5
14	CTC	2
15	ACT	8267
15	ACC	11
15	GCT	2
16	GAT	8282
17	AGT	8282
18	TAT	8270
18	TAC	11
19	CTA	8209
19	TTA	70
20	AAA	8279
21	GGT	8271
21	GGC	5
21	GGA	2
22	GTT	8261
22	GTC	17
23	ATC	8262
23	ATT	9
23	ATA	6
24	TCT	8267
24	TCC	9
25	TTT	8271
25	TTC	6
26	TCA	8260
26	TCG	8
26	TCT	6
26	TCC	3
27	GAA	8247
27	GAG	29
28	TGT	8256
28	TGC	22
29	AAT	8260
29	AAC	18
30	GCT	8261
30	GCA	14
30	GCC	7
31	TTA	8250
31	TTG	27
31	CTA	5
32	GGG	8211
32	GGA	65
32	GGT	3
33	AGT	8282
34	TAC	7986
34	TAT	290
34	TGC	4
34	CAC	2
35	CTT	8258
35	CTC	13
35	ATA	4
35	CTA	4
36	TTT	8260
36	TTC	19
36	TTA	2
37	AAC	8091
37	AAT	174
37	AGC	14
38	GGC	8011
38	GGT	262
38	AGC	5
38	GGG	3
39	CCT	8277
39	CCA	3
39	CCC	2
40	TAT	8257
40	TAC	24
41	CTT	8177
41	CTC	84
41	CTG	21
42	AAA	8133
42	AAG	148
43	AAT	8279
43	AAC	3
44	GAT	8280
44	GAC	2
45	TAT	8002
45	TAC	279
46	ACC	8193
46	ACT	82
46	ACA	5
47	AAC	8256
47	AGC	12
47	AAT	12
48	TTA	8187
48	TTG	82
48	CTA	7
48	ATA	2
49	ATT	8270
49	ATC	6
49	GTT	4
50	AGT	8221
50	AGC	60
51	AGA	8259
51	AGG	13
51	CGA	8
52	CAA	8270
52	CAG	10
53	AGC	8200
53	AGT	71
53	AAC	7
53	AAT	2
54	CCA	8269
54	CCG	8
54	CCT	2
55	CTA	8245
55	TTA	30
55	CTG	4
56	ATA	7397
56	CTA	877
56	GTA	3
57	GAG	8148
57	GAA	131
58	CAT	8277
58	CAC	4
59	ATG	8171
59	ATA	87
59	ACG	16
59	GTG	8
60	AAT	8268
60	AAC	14
61	CTA	8129
61	CTT	134
61	TTA	12
61	CTG	4
62	AAA	8229
62	AAG	52
63	AAA	8271
63	AAG	8
63	AAC	2
64	CTA	8250
64	TTA	20
64	CTG	8
64	CTT	2
65	ACT	8224
65	GCT	43
65	ACC	7
65	AAT	3
66	ATA	8260
66	ATG	10
66	GTA	8
66	TTA	2
67	ACA	8265
67	ACG	15
68	CAG	8213
68	CAA	66
69	TCA	8227
69	TCT	43
69	TTA	7
70	TTA	8261
70	CTA	16
70	TTG	4
71	ATA	8278
71	TTA	3
72	TCT	8243
72	TTT	18
72	TCC	12
72	TAT	6
72	TCA	2
73	AGA	8191
73	AGG	63
73	AAA	25
74	TAC	8121
74	TAT	153
74	CAC	5
74	TGC	2
75	CAT	8243
75	CAC	26
75	TAT	8
75	AAT	2
76	AAA	8273
76	AAG	5
76	AGA	3
77	GGT	8193
77	GGC	81
77	GGG	3
77	GAT	2
78	GAA	8266
78	GAG	13
78	AAA	2
79	CTG	8201
79	CTA	40
79	TTG	31
79	CTT	7
80	AAA	8249
80	AAG	29
80	AGA	2
80	ATA	2
81	TTA	8190
81	TTG	86
81	CTA	3
81	ATA	2
82	GAA	8255
82	GAG	26
83	GAA	8264
83	GAG	18
84	CCA	8270
84	CCG	5
84	CCC	4
84	CCT	3
85	ACT	8256
85	ACC	24
86	TAT	8270
86	TAC	11
87	TTC	8198
87	TTT	83
88	CAG	8213
88	CAA	68
89	TCA	8264
89	TCG	9
89	TCT	6
90	TTA	8255
90	CTA	16
90	TTG	9
91	CTT	8268
91	CTC	10
92	ATG	8281
93	ACA	8243
93	ACG	37
94	TAT	8160
94	TAC	113
95	AAA	8267
95	AAG	8
96	AGC	8176
96	AGT	82
96	GGC	17
97	ATG	8273
97	TTG	2
98	TCC	8228
98	TCT	20
98	TCA	18
98	CCC	7
99	TCG	8179
99	TCA	76
99	TCT	16
99	CCG	2
100	TCT	8165
100	TCG	71
100	TTG	12
100	TTT	11
100	TCC	6
100	TAT	5
100	CCT	4
100	TCA	2
101	GAA	8248
101	GAG	25
101	GAT	2
101	AAA	2
102	CAA	8211
102	ACA	43
102	CTA	15
102	CAG	7
103	ATT	8229
103	ATA	22
103	GTT	16
103	ACT	7
103	ATC	3
104	GCT	8210
104	ACT	28
104	GCC	20
104	GCA	14
104	GTT	3
104	GCG	2
105	ACA	8144
105	ATA	82
105	ACG	52
105	ACT	2
106	ACT	8200
106	ACC	45
106	ACG	35
107	AAC	8249
107	AAT	27
107	ACC	3
107	GAC	2
108	TTA	8028
108	CTA	234
108	TCA	9
108	TTG	9
109	CTT	8250
109	CTC	27
109	TTT	3
110	AAA	8254
110	AAG	23
110	AGA	4
111	AAA	8276
111	AAG	4
112	ATA	8252
112	GTA	23
112	ACA	2
112	ATG	2
113	ATA	8245
113	TTA	18
113	ACA	9
113	GTA	4
113	ATG	2
114	CGA	8236
114	CGG	28
114	AGA	9
114	CAA	7
115	AGA	8271
115	AGG	6
115	CGA	5
116	GCT	8211
116	GCC	68
116	GCG	2
117	ATA	8280
117	GTA	2
118	GAA	8282
119	ATA	8264
119	ACA	9
119	ATC	4
119	ATT	4
120	AGT	8270
120	AGC	12
121	GAT	8281
122	GTA	8227
122	GTG	36
122	ATA	10
122	GTT	6
123	AAG	4982
123	AAA	3294
123	AAR	6
124	GTG	8235
124	GTA	41
124	GTT	3
125	TAC	7908
125	TAT	367
125	CAC	5
126	GCC	8206
126	GCT	71
126	ACC	2
126	GCA	2
127	ATC	8241
127	ATT	30
127	ATA	7
127	GTC	3
128	TTG	6078
128	TTA	2187
128	CTG	13
128	TTR	3
128	CTA	2
129	AAT	8179
129	AAC	98
129	AGT	3
130	AAA	8275
130	AAG	4
131	CTA	8230
131	TTA	43
131	CTG	6
132	GGA	8263
132	GGG	14
132	GGT	2
133	CTA	8150
133	CTT	61
133	TTA	37
133	CTG	30
134	AAG	8202
134	AAA	76
134	AGG	2
135	GAA	8239
135	GAG	39
135	GAT	2
136	AAG	8202
136	AAA	76
136	AGG	2
137	GAC	8174
137	GAT	102
137	GAA	2
138	AGA	8231
138	AAA	40
138	CGA	6
139	GTT	8165
139	ATT	42
139	GCC	36
139	GTC	23
139	TTT	9
139	GTG	4
140	AAG	8201
140	AAA	72
141	CCC	8171
141	CCT	35
141	CTC	28
141	TCC	17
141	CAC	11
141	ACC	5
141	CCA	4
142	AAC	8224
142	AAT	23
142	AGC	17
142	GAC	3
142	TAC	3
143	AAC	7955
143	AAT	303
143	TAC	4
143	AGC	3
143	GAC	3
144	AAT	8232
144	AGT	31
144	AAC	8
145	TCA	8219
145	TTA	41
145	TCG	6
145	CCA	4
145	TCT	2
146	GGT	8086
146	GAT	89
146	AGT	75
146	GAC	19
146	TGT	5
146	GGC	5
147	GAT	8262
147	GAC	10
147	AAT	5
147	TAT	3
148	GAA	8240
148	GAT	21
148	GGA	13
148	GAG	6
148	GAC	2
149	AAC	8118
149	CAC	102
149	AAT	32
149	GAC	14
149	AGC	6
149	ACC	6
149	ARC	3
150	TCA	8200
150	TCG	43
150	TCT	17
150	TTA	17
150	CCA	4
151	GTA	8186
151	GTG	35
151	GTT	31
151	GCA	20
151	ATA	4
151	GAA	2
152	CTT	8237
152	CTC	30
152	ATT	11
152	TTT	3
152	CTG	2
153	ACA	8246
153	ACC	17
153	ACG	13
153	TCA	2
154	ACC	8173
154	ACT	101
154	ACA	5
154	GCC	2
155	ATA	8278
155	GTA	2
156	ATT	8235
156	ATC	45
157	AAA	8271
157	AAG	9
158	GAT	8262
158	GAC	9
158	AAT	2
159	GAT	7820
159	GAC	452
159	GAY	2
160	ATA	8272
161	CTC	8002
161	CTT	239
161	ATC	29
161	CTA	5
162	TCA	8185
162	TCG	84
162	TTA	4
162	TCT	2
163	GCT	8261
163	ACT	6
163	GTT	5
163	GCA	3
163	GCC	2
164	GTG	7529
164	ATG	621
164	GTA	97
164	GTT	21
164	GCG	5
165	GAA	8240
165	GAG	25
165	GGA	8
165	GTA	5
165	AAA	3
166	AAC	8191
166	AGC	57
166	GAC	15
166	AAA	7
166	ACC	6
166	AAT	5
167	AAT	8199
167	AAC	49
167	AGT	28
167	AAA	5
168	CAA	8220
168	AAA	36
168	CAT	18
168	CAG	8
169	TCA	7779
169	CCA	457
169	TCT	22
169	TCG	16
169	TTA	6
169	TCC	2
170	TAT	8196
170	TAC	42
170	CAT	31
170	TGT	13
171	ACA	8250
171	ATA	12
171	GCA	9
171	AAA	4
171	ACT	2
171	ACG	2
172	AAT	8156
172	GAT	72
172	AGT	32
172	AAC	9
172	ACT	4
172	ATT	3
172	CAT	2
172	RAT	2
173	TCA	8226
173	CCA	21
173	TTA	17
173	GCA	6
173	TCG	6
173	ACA	5
174	GAT	7256
174	GAC	1020
174	AAT	4
174	GTT	2
175	AAA	8246
175	AAG	28
175	AGA	5
176	AAT	8104
176	GAT	116
176	AGT	29
176	AAC	24
176	AAA	3
176	RAT	3
176	AAG	2
177	TAC	8007
177	CAC	209
177	AAC	37
177	TAT	17
177	TGC	8
178	TCA	8242
178	TCG	19
178	CCA	9
178	TTA	7
178	ACA	4
179	GTA	8055
179	GCA	172
179	GTG	30
179	ATA	22
180	AAT	8257
180	AGT	17
180	AAC	6
180	AAA	3
181	CAA	8264
181	CAG	6
181	AAA	6
181	CGA	5
182	AAT	8236
182	AAC	20
182	AAA	10
182	AGT	7
182	GAT	7
183	ATC	8049
183	AAC	124
183	ATT	57
183	AGC	31
183	GTC	8
183	AAT	4
183	TTC	3
183	ACC	3
183	ATA	2
184	AAT	7436
184	AAC	516
184	AGT	244
184	ACT	79
184	AGC	4
185	ATC	8260
185	ATT	9
185	GTC	8
185	ATA	5
186	AAA	8275
186	AGA	6
186	AAG	2
187	ACA	8277
187	ACT	6
188	ACA	8261
188	GCA	13
188	ACG	6
188	AAA	2
189	CTC	8236
189	CTA	28
189	CTT	5
190	TTA	8177
190	TTG	90
190	CTA	6
191	AAA	8228
191	AGA	31
191	AAG	12
192	AAG	7185
192	AAA	1055
192	AGG	33
193	TTG	8238
193	TTA	30
193	CTG	5
194	ATG	8261
194	ATA	10
194	TTG	4
195	TGT	8196
195	TGC	61
195	TAT	21
195	CGT	2
195	AGT	2
196	TCA	8271
196	TCG	6
196	TCT	3
197	ATG	8282
198	CAA	8260
198	CAG	15
198	CTA	4
198	CGA	2
199	CAT	8267
199	CAC	16
200	CCT	8259
200	CCA	16
200	CCC	8
201	CCA	8269
201	CCG	11
202	TCA	8261
202	TCT	8
202	TCG	5
202	TTA	4
202	TCC	2
203	TGG	8282
204	TTA	8266
204	CTA	12
204	TTG	4
205	ATA	8255
205	ATG	24
205	TTA	2
206	CAC	8254
206	CAT	29
207	TGG	8282
208	TTC	8273
208	TTT	9
209	AAT	8270
209	AGT	4
209	AAC	3
210	TTA	8258
210	TTG	12
210	CTA	4
211	TAT	8240
211	TAC	37
212	ACA	8248
212	ACG	20
212	TCA	5
212	ACT	2
213	AAA	8263
213	AGA	7
213	AAG	7
214	TTA	8255
214	TTG	11
214	CTA	9
214	TTT	3
215	AAT	8270
215	AAC	6
215	AGT	2
216	AAC	8241
216	AAT	19
216	GAC	9
216	AAA	4
216	AGC	3
216	AAY	2
217	ATA	8281
218	TTA	8141
218	CTA	133
218	TTG	6
219	ACA	8244
219	ATA	12
219	ACG	7
219	GCA	3
220	CAA	8266
220	CAG	5
220	CGA	2
221	TAT	8256
221	TAC	16
222	CGA	8244
222	AGA	19
222	CGG	10
223	TCA	8238
223	ACA	12
223	TCT	9
223	TTA	6
223	GCA	6
223	TCG	5
224	AAT	8268
224	AGT	8
224	AAC	4
225	GAG	8240
225	GAA	36
226	GTA	8258
226	GTG	16
226	ATA	4
226	GCA	2
226	GTT	2
227	AAA	8270
227	AAG	6
228	AGT	8246
228	AAT	24
228	AGC	2
228	GGT	2
229	CAT	8272
229	CAC	5
230	GGG	8220
230	GGA	54
230	GGT	2
231	TTT	8253
231	TTC	17
232	ATA	8237
232	ACA	34
232	GTA	8
232	ATG	2
233	TTA	8152
233	CTA	113
233	TTG	15
234	ATA	8277
234	GTA	3
235	GAT	8274
235	GAC	9
236	AAT	8246
236	CAT	21
236	AAC	13
237	CAA	8263
237	CAT	10
237	AAA	4
237	CAG	4
237	CAC	2
238	ACT	8250
238	ACG	15
238	ACC	11
238	ACA	6
239	TTG	7992
239	TTA	170
239	CTG	115
239	YTG	2
240	AGT	8247
240	AGC	20
240	AAT	6
240	GGT	5
240	ATT	2
241	GGT	8246
241	GGG	15
241	GGC	10
241	GAT	6
241	GGA	4
242	TTT	8248
242	TTC	35
243	CAG	8269
243	CAA	11
243	AAG	3
244	TTT	8267
244	TTC	14
245	ATT	8270
245	ATC	10
245	ATA	3
246	TTA	8277
246	TTG	3
246	CTA	2
247	AAT	8245
247	AGT	28
247	AAC	8
248	CAA	8276
248	CAG	6
249	TAT	8273
249	TAC	10
250	GGT	8249
250	GGG	18
250	GGC	15
251	TGC	8159
251	TGT	124
252	ATT	8115
252	ATC	153
252	ATA	12
252	GTT	2
253	GTT	8274
253	GTC	5
253	GTA	2
253	ATT	2
254	TAT	8237
254	CAT	33
254	TAC	5
254	TGT	4
254	TTT	3
255	CAT	8272
255	CAC	11
256	AAA	8272
256	AGA	7
256	AAG	3
257	GGG	8137
257	GGA	119
257	AGG	10
257	GGT	4
257	GAG	3
257	GGC	3
258	CTC	8234
258	CTT	39
258	ATC	8
259	AAA	8278
259	AAG	2
260	AAA	8179
260	AGA	83
260	AAG	19
261	ATT	7223
261	ATC	1051
261	GTT	4
261	ATA	2
262	ACA	8259
262	ACG	16
262	ACT	4
262	TCA	2
263	ACT	8240
263	ATT	14
263	ACA	7
263	GCT	7
263	ACG	6
263	ACC	5
264	ACT	8217
264	ACY	43
264	ACC	17
264	GCT	2
265	ACA	8142
265	ACT	138
265	ACG	2
266	TAC	8252
266	TAT	31
267	AAT	8267
267	AAC	16
268	CAA	8280
268	CAG	3
269	TTT	8262
269	TTC	17
269	ATT	4
270	TTG	8231
270	TTA	39
270	CTG	13
271	ACA	8279
271	ACG	2
272	TGG	8283
273	AAA	8270
273	AAG	13
274	GAC	8258
274	GAT	24
275	ATC	8256
275	ATT	25
276	AGC	8256
276	AGT	26
277	CTC	7307
277	CTT	971
277	CTA	2
278	AGC	4905
278	AGT	3374
278	AGY	2
279	AGA	8273
279	AGG	8
280	TTA	8231
280	TTG	44
280	CTA	5
281	AAT	8244
281	AAC	35
281	AAY	2
282	GTT	8264
282	GTC	12
282	GTA	4
283	TGC	8261
283	TGT	18
284	TTA	8263
284	CTA	15
284	TTG	3
285	ATT	8231
285	ATC	49
286	ACT	8226
286	ACA	31
286	ACC	15
286	ATT	7
287	TGG	8280
288	ATA	8279
288	ATT	2
289	AGT	8244
289	AGC	37
290	AAT	8272
290	AAC	7
291	TGT	8261
291	TGC	20
292	TTA	8255
292	TTG	26
293	AAT	8246
293	AAC	36
294	ACA	8267
294	ATA	12
294	ACT	3
295	TTA	8251
295	TTG	15
295	CTA	14
296	AAT	8254
296	AAC	28
297	AAA	8262
297	AGA	11
297	AAG	6
298	AGC	8273
298	AGT	8
299	TTA	8235
299	CTA	27
299	TTG	19
300	GGG	7942
300	GGC	311
300	GGA	28
301	TTG	7712
301	TTA	483
301	CTG	86
302	AGA	8273
302	AGG	9
303	TGC	7934
303	TGT	340
303	TGY	2
304	GGA	8223
304	GGG	22
304	GAA	14
304	AGA	11
304	GGT	7
304	RGA	2
305	TTC	8252
305	TTT	23
306	AAT	8170
306	AAC	87
306	AGT	23
306	AAY	2
307	AAT	8272
307	AAC	7
307	AGT	2
308	GTT	8246
308	ATT	25
308	GTC	6
309	GTG	7751
309	TTG	515
309	GTA	14
309	GTT	2
310	CTA	7967
310	TTA	311
310	TTG	2
311	TCA	8265
311	TCG	15
311	TCT	2
312	CAA	8275
312	CAG	7
313	TTA	8230
313	TTG	39
313	CTA	14
314	TTC	8190
314	TTT	93
315	CTT	8122
315	CTG	134
315	CTA	13
315	CTC	10
316	TAC	7358
316	TAT	922
317	GGA	8240
317	GGG	38
317	GGT	3
318	GAT	8277
318	GAC	5
319	TGT	8269
319	TGC	10
320	ATA	8268
320	GTA	6
320	ATT	5
321	CTG	8172
321	CTA	60
321	TTG	33
321	CTT	16
322	AAA	8167
322	AAG	108
322	AGA	5
323	TTA	8173
323	TTG	98
323	CTA	7
323	TCA	2
324	TTT	8153
324	TTC	128
325	CAT	8221
325	CAC	57
326	AAT	8275
326	AAC	3
327	GAA	8159
327	GAG	121
328	GGC	8139
328	GGT	127
328	GGA	14
329	TTT	7980
329	TTC	301
330	TAC	8243
330	TAT	31
331	ATA	8276
332	ATA	8268
332	ATG	2
333	AAA	8257
333	AAG	17
334	GAA	8245
334	GAG	29
335	GTA	8245
335	GTG	30
336	GAA	8090
336	GAG	174
337	GGA	8256
337	GGG	7
337	GGT	4
338	TTT	8206
338	TTC	62
339	ATT	8263
339	ATC	6
340	ATG	8270
341	TCT	8250
341	TCC	15
341	TCA	5
342	TTA	8237
342	CTA	27
342	TTG	12
343	ATT	8274
343	ATC	5
344	CTA	8241
344	TTA	23
344	CTG	10
344	CTT	3
345	AAC	8216
345	AAT	58
345	AAA	2
346	ATA	8269
346	TTA	4
346	ACA	2
347	ACA	8221
347	ACG	54
348	GAA	8229
348	GAG	46
349	GAA	8273
349	GAG	4
350	GAT	8226
350	GAC	51
351	CAA	8276
352	TTT	8261
352	TTC	15
353	AGG	8197
353	AGA	72
353	AGR	4
354	AAA	8203
354	AGA	31
354	AAG	29
354	GAA	8
355	CGA	8253
355	AGA	17
355	CGG	5
355	CGT	2
356	TTT	8161
356	TTC	115
357	TAT	8178
357	TAC	99
358	AAT	8238
358	AAC	43
359	AGC	8254
359	AGT	27
360	ATG	8279
361	CTA	8089
361	CTT	110
361	TTA	59
361	CTC	16
361	YTA	4
362	AAT	5349
362	AAC	2929
362	AAY	2
363	AAC	8239
363	AAT	41
364	ATC	8238
364	ATA	28
364	ATT	14
365	ACA	8221
365	GCA	30
365	ACG	17
365	ACT	8
365	TCA	5
366	GAT	8254
366	GAC	25
366	GAA	2
367	GCA	8237
367	GCT	21
367	GCG	12
367	GCC	3
368	GCT	8223
368	GCC	57
369	ATT	8186
369	ACT	84
369	ATC	5
369	GTT	2
369	AAC	2
370	AAG	8225
370	AAA	49
370	AGG	6
371	GCT	8265
371	GCC	16
372	CAA	8266
372	CAG	15
373	AAG	8138
373	AAA	133
373	AGG	6
373	AAT	3
374	GAT	7374
374	GAC	798
374	AAC	101
374	AAT	7
375	CTA	8241
375	CTT	15
375	CTG	12
375	TTA	11
376	CTA	8229
376	CTG	19
376	TTA	16
376	ATA	13
377	TCA	8221
377	TCG	47
377	TCT	5
377	TCC	2
378	AGA	8243
378	AGG	34
379	GTA	8066
379	GTG	195
379	ATA	10
379	GTT	3
379	GTR	2
380	TGT	8255
380	TAT	7
380	TGC	7
380	AGT	3
380	TTT	2
381	CAC	8258
381	CAT	13
381	TAC	4
382	ACT	8238
382	ACC	25
382	ACA	12
383	TTA	8229
383	TTG	23
383	CTA	23
384	TTA	8239
384	TTG	20
384	CTA	11
384	TCA	5
385	GAC	8234
385	GAT	33
385	AAC	8
385	GAG	2
386	AAG	8251
386	AAA	18
386	AGG	4
386	GAG	2
387	ACA	8261
387	ACG	7
387	ACT	4
387	GCA	2
388	GTG	8196
388	GTA	74
388	TTG	2
388	ATA	2
388	GTC	2
389	TCT	8245
389	TCA	18
389	TCC	13
390	GAT	8239
390	GAC	33
390	AAT	8
391	AAT	8265
391	AAC	11
391	AGT	2
392	ATC	8246
392	ATT	19
392	ATA	7
392	GTC	7
393	ATA	8267
393	ACA	8
393	ATT	2
394	AAT	8271
394	AAC	5
394	GAT	2
395	GGT	8210
395	GGC	65
395	AGT	2
396	AAA	8252
396	AGG	17
396	AAG	6
396	AGA	6
397	TGG	8281
398	ATA	8272
398	GTA	4
398	TTA	3
399	ATT	8112
399	ATC	158
399	ACT	5
399	ATA	3
399	GTT	2
400	CTA	8188
400	CTG	80
400	TTA	11
400	ATA	2
401	TTA	8248
401	TTG	32
402	AGT	8200
402	AGC	79
402	GGT	2
403	AAA	8279
403	AAG	4
404	TTT	8256
404	TTC	26
405	CTT	8248
405	CTC	24
405	CTA	9
406	AAA	8257
406	AGA	17
406	AAG	9
407	TTG	8202
407	CTG	48
407	TTA	26
407	CTA	3
407	TCG	2
407	TTT	2
408	ATT	8262
408	ATC	18
408	GTT	2
409	AAG	8249
409	AAA	31
410	CTT	8268
410	CTA	11
410	CTC	2
411	GCA	8134
411	GCT	138
411	GCG	6
411	GCC	2
412	GGT	8277
412	GGA	3
413	GAT	8259
413	GAC	20
413	AAT	2
414	AAT	8201
414	AAC	78
414	GAT	3
415	AAT	8178
415	AAC	103
416	CTC	8258
416	CTA	11
416	CTT	11
417	AAT	8229
417	AAC	34
417	AGT	17
418	AAC	8103
418	AAT	175
419	TTG	8091
419	TTA	162
419	CTG	25
419	TTR	2
420	AGT	8270
420	AGC	5
420	GGT	5
421	GAG	8263
421	GAA	18
422	CTA	8257
422	TTA	17
422	CTG	6
423	TAT	8282
424	TTT	8235
424	TTC	46
425	CTC	8265
425	CTT	15
426	TTC	8254
426	TTT	26
427	AGA	8254
427	AGG	27
428	ATC	8181
428	ATT	99
429	TTT	8271
429	TTC	10
430	GGA	8254
430	GGG	26
431	CAT	8269
431	CAC	12
432	CCA	8249
432	CCG	26
432	CCT	6
433	ATG	8281
434	GTT	8200
434	GTC	76
434	GTA	5
435	GAT	8266
435	GAC	16
436	GAA	8200
436	GAG	77
436	GAR	5
437	AGA	8239
437	AGG	34
437	CGA	4
437	AAA	4
438	CAA	8274
438	CAG	8
439	GCA	8272
439	GCT	6
439	GCG	3
440	ATG	8282
441	GAT	8270
441	GAC	10
441	GAY	2
442	GCT	8273
442	GCC	5
442	GTT	2
443	GTA	7968
443	GTG	311
443	GTT	2
444	AGA	8229
444	AAA	45
444	AGG	6
444	CGA	2
445	ATT	8187
445	GTT	89
445	ATC	2
446	AAC	8257
446	AAT	25
447	TGC	8150
447	TGT	132
448	AAT	8276
448	AAC	6
449	GAA	8276
449	GAG	4
449	GAT	2
450	ACT	8249
450	ACC	31
451	AAG	8268
451	AAA	14
452	TTC	8186
452	TTT	80
452	GTC	11
452	CTC	5
453	TAT	8201
453	TAC	82
454	TTA	8236
454	CTA	25
454	TTG	14
454	TCA	4
454	TTT	2
454	TTC	2
455	TTA	8159
455	TTG	120
455	CTA	4
456	AGT	8262
456	AGC	21
457	AGC	8095
457	AGT	168
457	AAC	17
458	CTA	8233
458	TTA	33
458	CTG	15
459	AGT	8257
459	AGC	24
460	ACG	8082
460	ACA	179
460	ATG	12
460	ACT	4
460	GCG	2
461	TTG	8092
461	TTA	177
461	CTG	13
462	AGA	8277
462	AGG	6
463	GGT	8270
463	GGC	11
463	GGA	2
464	GCT	8238
464	GCC	23
464	GCG	14
464	GTT	4
464	ACT	2
465	TTC	8230
465	TTT	51
466	ATT	8274
466	ATC	3
466	GTT	2
466	ATA	2
467	TAT	8264
467	TAC	16
467	GGT	2
468	AGA	8274
468	AGG	10
469	ATC	8135
469	ATT	135
469	ATA	13
470	ATA	8273
470	ATT	5
470	GTA	3
470	ATC	3
471	AAA	8270
471	AAG	13
472	GGG	8172
472	GGA	109
472	GGT	2
473	TTT	8281
473	TTC	3
474	GTA	8253
474	GTT	21
474	GTG	7
475	AAT	8222
475	AAC	61
476	ACC	8224
476	ACT	40
476	ACA	8
476	ATC	7
476	TCC	2
477	TAC	8197
477	TAT	83
477	CAC	2
478	AAC	7543
478	AAT	740
479	AGA	8267
479	AGG	8
480	TGG	8283
481	CCC	8014
481	CCA	197
481	CCT	72
482	ACT	8204
482	ACC	67
482	ACA	3
482	TCT	3
482	TCC	2
482	ATT	2
483	TTA	8246
483	TTG	32
483	CTA	5
484	AGG	8224
484	AGA	49
484	AAG	10
485	AAT	8249
485	AAC	35
486	GCT	8252
486	GCC	32
487	ATT	8234
487	ATC	26
487	GTT	20
487	ATA	5
488	GTC	8015
488	GTT	260
488	GCC	6
488	ATC	3
489	CTA	8168
489	TTA	110
489	CTG	5
490	CCT	8247
490	CCC	36
490	CCA	2
491	CTA	8244
491	TTA	24
491	CTG	11
491	CTT	5
492	AGA	8271
492	AGG	12
492	CGA	2
493	TGG	8285
494	TTA	8233
494	TTG	41
494	CTA	10
495	AAC	8255
495	AAT	23
495	ACC	3
495	AGC	3
496	TAT	8262
496	TAC	23
497	TAT	8267
497	TAC	16
497	CAT	2
498	AAA	8132
498	AAG	152
499	CTT	8271
499	CTC	10
499	ATT	2
500	AAT	8225
500	AAC	55
500	GAT	2
500	GGT	2
501	ACT	8249
501	ACC	31
501	ACA	3
501	ATT	2
502	TAT	8279
502	TAC	6
503	CCA	8268
503	CCT	7
503	CCC	5
503	CCG	4
504	TCT	8231
504	TCA	47
504	TCC	6
505	CTA	8233
505	TTA	42
505	CTG	5
506	CTT	8256
506	CTA	12
506	CTG	10
506	CTC	5
507	GAA	8265
507	GAG	20
508	ATC	8239
508	ATT	25
508	ATA	20
509	ACA	8264
509	ACG	13
509	GCA	3
509	TCA	3
510	GAA	8279
510	GAG	4
511	AAT	8254
511	AGT	11
511	AAC	7
511	AAA	5
511	ATT	3
511	GAT	3
512	GAT	8124
512	GAC	161
513	TTG	8244
513	CTG	29
513	TTA	8
513	TTT	4
514	ATT	8265
514	ATC	12
514	GTT	6
514	ATG	2
515	ATT	8272
515	ATC	10
515	GTT	2
516	TTA	8223
516	TTG	46
516	CTA	16
517	TCA	8122
517	TCG	162
518	GGA	8272
518	GGG	10
518	GGT	3
519	TTG	8198
519	TTA	46
519	CTG	40
520	CGG	8211
520	CGA	60
520	AGG	11
520	CAG	2
521	TTC	8262
521	TTT	23
522	TAT	8269
522	TAC	16
523	CGT	8260
523	CGC	16
523	CGG	6
523	CGA	3
524	GAG	8251
524	GAA	34
525	TTT	8203
525	TTC	81
526	CAT	8252
526	CAC	21
526	TAT	9
527	CTG	8190
527	CTA	63
527	TTG	28
528	CCT	8235
528	CCC	42
528	CCA	6
529	AAA	8261
529	AAG	14
529	AGA	7
530	AAA	8239
530	AAG	43
531	GTG	8223
531	GTA	53
531	GTT	6
532	GAT	8264
532	GAC	19
533	CTT	8208
533	CTG	42
533	CTC	33
534	GAA	8258
534	GAG	26
535	ATG	8281
535	ATA	2
536	ATA	8280
536	ATC	2
537	ATA	8281
537	ATT	3
538	AAT	8282
538	AAC	2
539	GAC	8249
539	GAT	35
540	AAA	8179
540	AAG	105
541	GCT	7951
541	GCC	333
542	ATT	8272
542	ATA	8
542	ATC	4
543	TCT	8153
543	TCA	109
543	TCC	13
543	TCG	9
544	CCT	8266
544	CCC	11
544	CCA	7
545	CCA	8259
545	CCC	11
545	CCT	9
545	CCG	4
546	AAA	8277
546	AAG	6
547	GAT	8238
547	GAC	42
547	AAT	4
548	CTA	8259
548	CTG	17
548	TTA	6
549	ATA	8284
550	TGG	8283
551	ACT	8271
551	ACC	10
552	AGT	8252
552	AGC	15
552	TGT	14
553	TTT	8251
553	TTC	33
554	CCT	8106
554	CCC	144
554	CCA	18
554	CCG	16
555	AGA	8242
555	AGG	29
555	AAA	12
556	AAT	8283
557	TAC	8262
557	TAT	21
558	ATG	8284
559	CCA	8274
559	CCG	9
560	TCA	8176
560	CCA	53
560	TCG	34
560	TTA	13
560	GCA	6
561	CAT	8266
561	CAC	18
562	ATA	8284
563	CAA	8252
563	CAG	10
563	CAC	6
563	AAA	2
564	AAT	8250
564	AAC	22
564	AGT	7
564	GAT	3
565	TAT	8274
565	TAC	6
565	CAT	2
566	ATA	8284
567	GAA	8260
567	GAG	23
568	CAT	8270
568	CAC	11
568	TAT	3
569	GAA	8241
569	GAG	41
570	AAG	4907
570	AGG	3301
570	AAA	62
570	AGA	9
570	ARG	6
571	TTG	8111
571	TTA	143
571	TCG	19
571	CTG	6
571	GTG	5
572	AAG	8022
572	AAA	260
572	AGG	2
573	TTC	8258
573	TTT	26
574	TCT	8204
574	TCA	37
574	TCG	29
574	ACT	9
574	TCC	6
575	GAA	8272
575	GAC	6
575	GAT	4
575	GAG	2
576	AGC	7595
576	AGT	689
577	GAC	8235
577	AAC	27
577	GAT	20
578	AGA	8175
578	AGG	100
578	AAA	9
579	TCA	8256
579	TCG	28
580	AGA	8282
580	AGG	3
581	AGA	8218
581	AGG	65
582	GTA	8215
582	GTC	42
582	GTG	24
582	GTT	4
583	CTA	8244
583	TTA	31
583	CTG	8
584	GAG	8274
584	GAA	11
585	TAT	8283
585	TAC	2
586	TAC	8209
586	TAT	76
587	TTG	8236
587	TTA	45
587	CTG	4
588	AGA	8270
588	AGG	12
588	AAA	3
589	GAT	8160
589	GAC	122
590	AAT	8148
590	AAC	96
590	AGT	38
590	GAT	2
591	AAA	8284
592	TTC	8273
592	TTT	12
593	AAT	8250
593	AAC	32
594	GAA	8272
594	GAG	9
595	TGT	8187
595	TGC	95
595	CGT	2
596	GAT	4923
596	GAC	3354
596	GAY	5
596	AAT	2
597	CTA	8215
597	CTG	39
597	TTA	26
597	CTR	3
598	TAC	8263
598	TAT	12
598	CAC	10
599	AAT	8269
599	AAC	12
599	AGT	3
600	TGT	8239
600	TGC	44
601	GTA	8247
601	GTG	36
602	GTT	8119
602	GTC	152
602	GTG	10
602	ATT	4
603	AAT	8272
603	GAT	7
603	AAC	4
604	CAA	8278
604	CAG	5
605	AGC	8250
605	AGT	28
605	TGC	4
605	GGC	3
606	TAT	8202
606	TAC	83
607	CTC	8138
607	CTT	145
608	AAC	8234
608	AAT	51
609	AAC	8265
609	AAT	20
610	TCT	8005
610	CCT	157
610	TCC	109
610	TCA	10
610	CCG	3
611	AAT	8245
611	AAC	37
611	AGT	3
612	CAT	8120
612	CAC	165
613	GTG	8240
613	GTA	41
613	GTT	4
614	GTA	8257
614	GTG	22
614	GTT	6
615	TCA	8282
615	TCG	2
616	CTA	8252
616	CTG	17
616	TTA	10
616	TTG	4
616	CTT	2
617	ACT	8271
617	ACC	8
617	ACA	4
617	ACG	2
618	GGT	8225
618	GGC	53
618	GGA	6
619	AAA	8263
619	AAG	22
620	GAA	8276
620	GAG	9
621	AGA	8256
621	AGG	25
621	CGA	2
622	GAG	8237
622	GAA	47
623	CTC	8230
623	CTT	51
623	CTA	4
624	AGT	8261
624	AGC	23
625	GTG	8044
625	GTA	234
625	GTT	7
626	GGT	8259
626	GGC	25
627	AGA	8249
627	AGG	36
628	ATG	8284
629	TTT	8269
629	TTC	15
630	GCT	8243
630	GCC	22
630	GCA	5
631	ATG	8284
632	CAA	8272
632	CAG	12
633	CCA	8255
633	CCT	24
633	CCG	5
634	GGT	8241
634	GGC	36
634	GGA	6
635	ATG	8282
635	CTG	2
636	TTT	8273
636	TTC	10
637	AGG	8254
637	AGA	30
638	CAA	8281
638	CAG	4
639	ATC	8217
639	ATT	52
639	GTC	8
639	GTT	4
639	ATA	2
640	CAA	8280
640	CAG	5
641	ATC	8226
641	ATT	55
641	ATA	4
642	TTA	8274
642	TTG	7
642	CTA	3
643	GCA	8131
643	GCT	145
643	GCG	7
644	GAA	7283
644	GAG	1000
645	AAA	8279
645	AGA	3
645	AAG	2
646	ATG	8274
646	TTG	10
647	ATA	8278
647	ATC	7
648	GCC	8163
648	GCT	104
648	GCA	9
649	GAA	8274
649	GAG	9
650	AAT	8276
650	AAC	8
651	ATT	8271
651	ATA	12
652	TTA	8265
652	CTA	11
652	TTG	8
653	CAA	8269
653	CAG	14
654	TTC	8238
654	TTT	47
655	TTC	8243
655	TTT	42
656	CCT	8257
656	CCA	25
656	CCC	2
657	GAG	8240
657	GAA	42
658	AGT	8271
658	AGC	7
659	TTG	8252
659	TTA	17
659	CTG	9
659	CTT	4
660	ACA	8256
660	TCA	11
660	ACG	10
660	ACT	2
661	AGA	8137
661	AGG	127
661	AGR	3
662	TAT	8256
662	TAC	14
663	GGT	8265
663	GGC	14
663	GGA	2
664	GAT	8277
664	GAC	6
665	CTA	8243
665	TTA	32
665	CTG	3
665	CTR	2
666	GAG	7971
666	GAA	309
666	GAR	3
667	CTT	8244
667	CTC	24
667	CTA	15
668	CAA	8274
668	CAG	9
669	AAG	8239
669	AAA	37
669	AGG	6
670	ATA	8283
671	TTA	8158
671	TTG	121
671	CTA	2
671	TTR	2
672	GAA	8149
672	GAG	134
673	TTA	8257
673	TTG	23
673	CTA	2
674	AAA	8273
674	AAG	10
675	GCA	8255
675	GTA	21
675	GCG	5
675	GCT	3
676	GGA	8261
676	GGT	13
676	GGG	9
677	ATA	8267
677	GTA	17
678	AGC	8245
678	AGT	37
679	AAC	8273
679	AAT	10
680	AAG	8215
680	AAA	69
681	TCA	8277
681	TCG	4
681	TCT	4
682	AAT	8262
682	AAC	22
683	CGT	8272
683	CGG	8
683	CGC	2
684	TAT	8271
684	TAC	12
684	TGT	2
685	AAT	8277
685	AAC	8
686	GAT	7995
686	GAC	290
687	AAC	8270
687	AAT	15
688	TAC	8261
688	TAT	21
689	AAC	8243
689	AAT	40
690	AAT	8278
690	AAC	4
691	TAT	8272
691	TAC	11
692	ATC	8218
692	ATT	58
692	ATA	6
693	AGT	8263
693	AGC	21
694	AAA	8212
694	AAG	66
694	AGA	4
695	TGT	8254
695	TGC	30
696	TCT	8253
696	TCC	29
696	TCA	2
697	ATA	8166
697	ATC	118
698	ATA	8165
698	ATT	114
698	ATC	5
699	ACA	8116
699	ACT	166
699	ACW	2
700	GAT	8244
700	GAC	40
701	CTT	8235
701	CTC	49
702	AGC	8268
702	AGT	15
703	AAA	8270
703	AAG	14
704	TTT	8106
704	TTC	178
705	AAT	8246
705	AAC	37
706	CAA	8260
706	CAG	24
707	GCA	8265
707	GCG	11
707	GCT	7
708	TTT	7991
708	TTC	289
708	TTY	2
709	AGA	8261
709	AGG	14
709	CGA	5
710	TAT	8266
710	TAC	12
711	GAA	8229
711	GAG	49
712	ACA	8243
712	ACG	22
712	ACC	11
712	ACT	2
713	TCA	8206
713	TCG	73
713	TCC	2
714	TGT	8264
714	TGC	20
715	GTC	7142
715	ATC	1079
715	GTT	51
715	ATT	5
715	GTA	2
715	ATA	2
715	GTY	2
716	TGC	8093
716	TGT	191
717	AGT	8275
717	AGC	9
718	GAT	8268
718	GAC	14
719	GTA	8266
719	GTG	15
720	TTA	8104
720	TTG	158
720	CTA	16
720	CTG	4
721	GAT	5144
721	GAC	3135
721	GAY	2
722	GAA	8218
722	GAG	62
723	CTG	8229
723	CTA	24
723	CTT	19
723	TTG	10
724	CAT	8249
724	CAC	31
724	CAY	2
725	GGG	7071
725	GGA	1196
725	GGT	7
726	GTA	8222
726	GTG	60
726	GTT	2
727	CAA	8276
727	CAG	8
728	TCT	8265
728	TCC	13
728	TCA	5
729	CTA	8054
729	CTG	159
729	TTA	51
729	CTT	18
730	TTC	8212
730	TTT	66
730	TTY	4
731	TCT	7866
731	TCA	333
731	TCC	79
731	TCY	3
732	TGG	8282
733	TTG	8253
733	TTA	16
733	CTG	11
734	CAT	8167
734	CAC	105
734	CAY	12
735	TTA	8257
735	CTA	19
735	TTG	7
736	ACA	8249
736	ACG	22
736	ACT	13
737	ATA	8274
737	GTA	5
737	ATT	3
737	ATC	2
738	CCT	8265
738	CCC	14
738	CCA	3
739	CTT	8235
739	TTT	24
739	CTA	17
739	CAT	4
739	CTC	3
740	GTC	8169
740	GTT	99
740	GTA	7
740	GCC	7
740	ATC	2
741	ACA	8278
741	ACT	4
741	ACG	2
742	ATA	8282
743	ATA	8284
744	TGT	8263
744	TGC	21
745	ACA	8265
745	ACT	13
745	ACG	6
746	TAT	8281
746	TAC	4
747	AGA	8270
747	AGG	15
748	CAT	8268
748	CAC	17
749	GCA	8251
749	GCG	23
749	GCT	9
750	CCT	8160
750	CCC	113
750	CCA	9
750	CCY	3
751	CCT	8266
751	CCC	12
751	CCG	6
752	TTT	8115
752	TTC	161
752	TAT	4
752	CTT	4
753	ATA	8280
753	ATT	3
754	AAG	8202
754	AAA	79
754	AGG	2
755	GAT	8262
755	GAC	22
756	CAT	8261
756	TAT	10
756	CAC	6
756	AAT	4
756	CGT	3
757	GTT	8254
757	GTC	11
757	ATT	10
757	GTA	6
757	GTG	4
758	GTC	8100
758	GTT	155
758	GTA	28
758	ATC	2
759	AAT	7983
759	AAC	293
759	GAT	9
760	CTT	8267
760	CTC	12
760	CTG	5
761	AAT	8270
761	AAC	12
761	GAT	2
762	GAA	8250
762	GAG	28
762	AAT	4
763	GTT	8274
763	GTA	8
763	GTC	3
764	GAT	8241
764	GAC	33
764	GAG	9
764	GAA	2
765	GAA	8264
765	GAG	20
766	CAA	8279
766	CAG	6
767	AGT	8267
767	AGC	18
768	GGG	8098
768	GGA	185
768	GGT	2
769	TTA	8165
769	TTG	109
769	CTA	10
770	TAC	8268
770	TAT	15
771	AGA	8281
771	AGG	4
772	TAT	8276
772	TAC	8
773	CAT	8253
773	CAC	32
774	ATG	8285
775	GGT	8177
775	GGC	86
775	GGA	20
776	GGT	8217
776	GGC	61
777	ATT	8257
777	ATA	13
777	ATC	8
778	GAG	8230
778	GAA	49
779	GGC	8106
779	GGT	167
779	GGG	4
780	TGG	8280
781	TGT	8271
781	TGC	8
782	CAA	8252
782	CAG	27
783	AAA	8267
783	AAG	11
784	CTG	8244
784	CTA	21
784	TTG	11
785	TGG	8282
785	TGC	2
786	ACC	8162
786	ACT	119
786	GCC	2
787	ATT	8264
787	ATA	9
787	ATC	7
787	GCT	3
788	GAA	8277
788	TCA	4
788	GAG	3
789	GCC	8054
789	GCT	218
789	GCA	10
790	ATA	8283
791	TCA	8268
791	TCG	11
791	TCT	4
792	TTA	8261
792	CTA	11
792	TTG	11
793	TTA	8242
793	TTG	31
793	CTA	8
794	GAT	8250
794	GAC	32
795	CTA	8217
795	TTA	29
795	CTG	16
795	CTC	15
795	CTT	4
796	ATA	8283
797	TCT	8265
797	TCC	15
797	TCA	3
798	CTT	8114
798	CTC	90
798	CTA	60
798	ATT	19
799	AAA	8249
799	AAG	33
800	GGT	8181
800	GGG	87
800	GGC	13
800	GGA	3
801	AAA	8269
801	AGA	12
802	TTC	8250
802	TTT	32
803	TCC	8132
803	TCT	143
803	TCA	7
804	ATC	8236
804	ATT	44
804	GTC	3
805	ACA	8255
805	ACT	23
805	ACG	3
805	ACC	2
806	GCT	8264
806	GCA	9
806	GCC	8
806	GCG	2
807	CTG	8208
807	CTA	44
807	TTG	19
807	TTA	8
807	CTT	3
808	ATA	8275
808	ATT	9
809	AAT	8279
809	AAC	4
810	GGT	8282
810	GGC	2
811	GAT	8248
811	GAC	34
812	AAT	8219
812	AAC	65
813	CAG	8172
813	CAA	111
814	TCA	8235
814	TCT	32
814	TCG	16
815	ATT	8270
815	ATA	14
816	GAT	8243
816	GAC	41
817	ATA	8280
817	ATC	2
818	AGT	8205
818	AGC	78
819	AAA	8274
819	AAG	7
820	CCA	8242
820	CCG	24
820	CCT	17
821	GTT	8230
821	GTC	27
821	ATT	24
822	AGA	8276
822	AGG	5
823	CTT	8243
823	CTC	38
824	ATA	7581
824	ATG	651
824	ACA	40
824	GTA	5
824	ACG	2
824	ATC	2
825	GAG	8231
825	GAA	52
826	GGT	8256
826	GGC	24
827	CAG	8233
827	CAA	50
828	ACC	8206
828	ACT	64
828	ACA	13
829	CAT	8254
829	CAC	29
830	GCT	8247
830	GCC	22
830	GCA	14
831	CAA	8223
831	CAG	60
832	GCA	8269
832	GCT	11
832	GCG	3
833	GAT	8270
833	GAC	13
834	TAT	8278
834	TAC	7
835	TTG	8206
835	CTG	47
835	TTA	24
835	TCG	4
835	TTT	2
836	TTA	8263
836	CTA	15
836	TTG	7
837	GCA	8282
837	GCG	2
838	TTA	8260
838	CTA	20
838	TTG	4
839	AAT	8218
839	AAC	37
839	AGT	29
840	AGC	8245
840	AGT	37
841	CTT	8241
841	CTC	41
841	CTA	2
842	AAA	7184
842	AAG	1098
843	TTG	8204
843	TTA	67
843	CTG	12
844	CTA	8241
844	TTA	26
844	CTG	14
845	TAT	8255
845	TAC	21
845	CAT	4
846	AAA	8271
846	AAG	12
847	GAG	8268
847	GAA	16
848	TAT	8284
849	GCA	8273
849	GCG	5
849	GCT	4
850	GGC	7887
850	AGC	216
850	GGT	168
850	GGA	9
850	GAC	2
851	ATA	8189
851	ATC	88
851	ATT	3
852	GGC	8258
852	GGT	19
852	GGA	3
853	CAT	8238
853	CAC	42
854	AAG	8246
854	AAA	34
855	CTT	8214
855	CTC	58
855	CTG	5
855	TTA	5
856	AAG	8142
856	AAA	141
857	GGA	8162
857	GGG	110
857	GGT	11
858	ACT	8073
858	ACA	174
858	ACC	27
858	ACG	7
858	AAT	2
859	GAG	8172
859	GAA	111
860	ACC	8219
860	ACT	63
861	TAT	8263
861	TAC	20
862	ATA	8280
862	GTA	3
863	TCT	7388
863	TCC	889
863	TCA	3
863	TCG	3
864	CGA	8179
864	AGA	69
864	CGG	29
864	AGG	2
864	CGC	2
864	CGT	2
865	GAT	8259
865	GAC	24
866	ATG	8283
867	CAG	8172
867	CAA	111
868	TTC	8257
868	TTT	26
869	ATG	8282
870	AGC	8193
870	AGT	89
871	AAA	8278
871	AAG	4
872	ACA	8265
872	ACT	15
872	ACG	3
873	ATC	8252
873	ATT	23
873	ATA	7
874	CAG	7661
874	CAA	620
874	CAR	2
875	CAC	8252
875	CAT	31
876	AAT	8234
876	AAC	48
877	GGA	8202
877	GGT	75
877	GGG	7
878	GTG	8244
878	GTA	25
878	GTT	15
879	TAC	8209
879	TAT	74
880	TAT	8273
880	TAC	11
881	CCA	8219
881	CCG	58
881	CCT	7
882	GCC	8248
882	GCA	28
882	GCT	8
883	AGT	8118
883	AGC	165
884	ATC	8255
884	ATA	25
884	ATT	3
885	AAA	8231
885	AAG	53
886	AAA	8263
886	AAG	21
887	GTC	8258
887	GTT	15
887	ATC	8
888	CTG	8077
888	TTG	104
888	CTA	102
889	AGA	8281
889	GGA	2
890	GTA	8253
890	GTG	28
890	GCA	2
891	GGT	8205
891	GGC	72
891	GGA	5
892	CCA	8252
892	CCG	25
892	CCT	6
893	TGG	8284
894	ATA	8278
894	ATC	4
894	GTA	2
895	AAT	8182
895	AAC	102
896	ACA	8259
896	ACG	19
896	ACT	6
897	ATA	8280
897	ATT	2
897	GTA	2
898	CTT	8247
898	CTC	26
898	CTA	11
899	GAT	8250
899	GAC	34
900	GAT	8269
900	GAC	15
901	TTT	8252
901	TTC	32
902	AAA	8274
902	AAG	8
903	GTT	8149
903	GTG	92
903	GTC	34
903	ATT	5
904	AGT	8093
904	AGC	187
905	TTA	8253
905	CTA	21
905	TTG	8
906	GAA	8237
906	GAG	46
907	TCT	8277
907	TCC	6
908	ATA	8282
909	GGT	8075
909	GGC	203
909	GGA	5
910	AGC	8243
910	AGT	39
911	TTA	8224
911	CTA	43
911	TTG	16
912	ACA	8252
912	ACG	16
912	ACT	12
912	GCA	3
913	CAG	8219
913	CAA	64
914	GAG	8155
914	GAA	121
915	TTA	8270
915	TTG	9
915	CTA	4
916	GAA	8276
916	GAG	7
917	TAC	8245
917	TAT	37
918	AGA	8246
918	AGG	32
918	AAA	3
919	GGA	8204
919	GGG	44
919	GGT	34
920	GAA	8274
920	GAG	7
921	AGC	8248
921	AGT	35
922	TTA	8253
922	CTA	27
922	TTG	2
923	TTA	8256
923	TTG	24
923	CTA	2
924	TGC	8248
924	TGT	36
925	AGT	8273
925	AGC	8
926	TTA	8248
926	TTG	29
926	CTA	7
927	ATA	8276
927	TTA	8
928	TTT	8276
928	TTC	4
928	TTA	4
929	AGG	8223
929	AGA	48
929	CGG	11
930	AAT	7318
930	AAC	965
931	ATT	8230
931	ATC	43
931	GTA	5
931	GTT	2
931	ATA	2
932	TGG	8284
933	TTA	8229
933	CTA	49
933	TTG	6
934	TAC	7873
934	TAT	409
935	AAT	8237
935	AAC	47
936	CAA	8277
936	CAG	6
937	ATT	8259
937	GTT	12
937	ATC	11
938	GCT	7490
938	GCC	785
938	GCA	5
939	CTG	8054
939	TTG	188
939	CTA	24
939	CTT	7
939	TTA	5
939	ATG	2
940	CAA	8278
940	CAG	4
941	CTC	8181
941	CTT	97
941	CTA	3
942	CGA	7932
942	CAA	198
942	CGG	118
942	AGA	24
942	AAA	6
942	CGT	2
942	CGR	2
943	AAT	8260
943	AGT	17
943	AAC	2
944	CAT	8276
944	CAC	6
945	GCT	7357
945	GCA	903
945	GCC	8
945	GTT	6
945	ACT	3
945	TCT	2
945	GCG	2
946	TTA	8249
946	TTG	16
946	ATA	13
946	CTA	4
947	TGT	8179
947	TGC	104
948	AAT	7953
948	AAC	292
948	CAC	26
948	CAT	5
948	AGT	4
948	GAT	3
949	AAT	8225
949	AAC	57
949	AGT	2
950	AAG	8209
950	AAA	75
951	CTA	8247
951	TTA	20
951	CTG	11
951	CTT	7
952	TAT	8276
952	TAC	7
952	CAT	2
953	TTA	8252
953	TTG	22
953	CTA	6
953	TCA	3
954	GAT	8280
954	GAC	5
955	ATA	7854
955	ATC	367
955	ATG	29
955	ATT	28
955	GTA	4
956	TTG	8262
956	TTA	17
956	CTG	4
957	AAA	8213
957	AAG	56
957	AGA	13
957	GAA	2
958	GTA	8218
958	GTT	54
958	GTG	10
959	TTA	8260
959	CTA	16
959	TTG	5
960	AAA	8229
960	AAT	25
960	AAG	12
960	AAC	11
960	AGA	4
961	CAC	8254
961	CAT	28
962	TTA	8277
962	TTG	5
962	CTA	2
963	AAA	8243
963	AAG	37
963	AGA	3
964	ACC	7880
964	ACT	347
964	ACA	25
964	GCC	19
964	ATC	8
965	TTT	8262
965	TTC	15
965	CTT	5
966	TTT	8266
966	TTC	16
967	AAT	8250
967	TAT	19
967	AAC	6
967	GAT	3
968	CTT	8270
968	CTA	7
968	CTC	3
969	GAT	8253
969	AAT	16
969	GAC	10
969	GCT	2
970	AGT	8229
970	AGC	35
970	AAT	14
970	AAC	3
971	ATC	8079
971	ATT	185
971	GTC	12
971	ATA	4
972	GAT	8261
972	GAC	16
972	AAT	6
973	ACG	7851
973	ACA	239
973	ATG	132
973	GCG	20
973	AAG	18
973	ACT	17
973	TCG	3
974	GCG	7232
974	GCA	1030
974	GCT	13
974	GCR	6
975	TTA	8263
975	TTG	15
975	CTA	2
976	TCA	8262
976	ACA	8
976	TCG	5
976	TCT	4
977	TTG	8120
977	TTA	151
977	CTG	6
977	ATA	2
978	TAT	8249
978	TAC	32
979	ATG	8277
979	ATA	3
980	AAC	8181
980	AAT	100
981	TTG	8251
981	TTA	28
981	CTG	3
982	CCT	8267
982	CCC	13
983	ATG	8281
984	CTG	7215
984	CTA	1020
984	TTA	24
984	TTG	14
984	CTT	3
984	CTR	2
985	TTT	8230
985	TTC	42
985	CTT	8
986	GGT	8181
986	GGA	67
986	GGC	26
986	GGG	4
987	GGT	8258
987	GGC	7
988	GGT	8272
988	GGC	9
988	GGA	2
989	GAT	8261
989	GAC	23
990	CCT	8159
990	CCC	118
990	CCA	6
991	AAT	8272
991	AAC	10
992	TTG	8222
992	TTA	55
992	CTG	6
993	TTA	8162
993	CTA	88
993	TTG	31
993	ATA	3
994	TAT	8281
994	TAC	3
995	CGA	8270
995	CGG	9
995	AGA	4
996	AGC	8256
996	AGT	27
997	TTT	8268
997	TTC	16
998	TAT	8280
998	TAC	4
999	AGG	8250
999	AGA	33
1000	AGA	8276
1000	AGG	5
1001	ACT	8242
1001	ACC	35
1001	ACA	7
1002	CCA	8247
1002	CCT	26
1002	CCG	9
1003	GAC	8232
1003	GAT	51
1004	TTC	8255
1004	TTT	28
1005	CTT	8237
1005	CTC	37
1005	CTA	4
1005	TTT	3
1005	CTG	2
1006	ACA	8272
1006	ACG	11
1007	GAA	8265
1007	GAG	17
1008	GCT	8255
1008	GCC	27
1009	ATA	8277
1009	ATT	3
1009	GTA	3
1010	GTA	8245
1010	GTG	28
1010	GCA	5
1010	GTT	4
1011	CAT	8254
1011	CAC	29
1012	TCA	8260
1012	TCG	16
1012	TCT	6
1013	GTG	8254
1013	GTA	21
1013	GTT	6
1014	TTT	6450
1014	TTC	1832
1015	GTG	8263
1015	GTT	7
1015	ATA	4
1015	GTA	4
1015	GCG	3
1015	ATG	2
1016	TTG	8262
1016	TTA	10
1016	CTG	6
1016	CTT	4
1017	AGC	8213
1017	AGT	70
1018	TAT	8257
1018	TAC	26
1019	TAT	8196
1019	TAC	87
1020	ACT	8214
1020	ACA	53
1020	ACC	9
1020	ACG	4
1020	ACW	2
1021	GGT	8244
1021	GGC	30
1021	AAC	4
1021	GGA	2
1022	CAC	8014
1022	CAT	268
1023	GAT	8259
1023	GAC	15
1023	AAT	8
1023	GAY	2
1024	CTA	8101
1024	TTA	176
1024	CTG	3
1024	CTT	3
1025	CAA	8245
1025	CAG	32
1025	AAA	5
1026	GAT	8275
1026	GAC	8
1027	AAG	8259
1027	AAA	18
1027	AGG	6
1028	CTC	8199
1028	CTT	76
1028	CTA	3
1028	TTC	2
1029	CAG	8083
1029	CAA	195
1029	CGG	2
1030	GAT	7797
1030	GAC	485
1031	CTT	8135
1031	ATT	123
1031	CTC	16
1031	CTA	5
1031	CTG	2
1031	TTG	2
1032	CCA	8238
1032	CCT	24
1032	CAA	9
1032	TCA	6
1032	CCG	6
1033	GAT	5173
1033	GAC	3108
1033	GAY	2
1034	GAT	8274
1034	AAT	6
1034	GAC	4
1035	AGA	8249
1035	AGG	25
1035	AAA	9
1035	AGR	2
1036	CTG	8173
1036	ATG	52
1036	CTA	29
1036	TTG	21
1036	CTT	8
1037	AAC	8197
1037	AAT	86
1038	AAA	8275
1038	AAG	10
1039	TTC	8270
1039	TTT	15
1040	TTG	8168
1040	TTA	93
1040	CTG	23
1041	ACT	8105
1041	ACA	161
1041	ACC	19
1042	TGT	8275
1042	TGC	9
1043	GTC	8095
1043	ATC	95
1043	GTT	84
1043	GTA	6
1043	ATA	4
1044	ATC	8256
1044	ATT	17
1044	ATA	11
1045	ACA	8247
1045	ACG	34
1045	ACC	3
1046	TTT	8252
1046	TTC	33
1047	GAT	8208
1047	GAC	67
1047	GAA	5
1047	GAG	4
1048	AAA	8279
1048	AAG	3
1049	AAT	7947
1049	AAC	336
1050	CCA	8155
1050	CCC	100
1050	CCT	22
1050	CCG	6
1051	AAT	8269
1051	AAC	14
1051	AGT	2
1052	GCC	7829
1052	GCT	450
1052	GCY	3
1053	GAG	8249
1053	GAA	34
1054	TTT	8278
1054	TTC	6
1055	GTA	8247
1055	GTG	33
1055	GTT	2
1056	ACA	8280
1056	ACG	2
1057	TTG	8262
1057	TTA	15
1057	CTG	8
1058	ATG	8285
1059	AGG	8142
1059	AGA	143
1060	GAT	8271
1060	GAC	14
1061	CCA	8267
1061	CCG	12
1061	CCT	5
1062	CAG	8184
1062	CAA	101
1063	GCT	8262
1063	GCG	14
1063	GCC	9
1064	TTA	8241
1064	CTA	32
1064	TTG	12
1065	GGG	8080
1065	GGA	203
1065	GGT	2
1066	TCT	8201
1066	TCC	83
1067	GAA	8229
1067	GAG	55
1068	AGG	8260
1068	AGA	22
1069	CAA	8277
1069	CAG	8
1070	GCT	8250
1070	GCC	32
1070	GCA	3
1071	AAA	8268
1071	AAG	16
1072	ATT	8216
1072	ATC	67
1072	GTT	2
1073	ACT	8272
1073	ACC	12
1074	AGT	8277
1074	AGC	8
1075	GAG	8260
1075	GAA	24
1076	ATT	8091
1076	ATC	192
1077	AAT	8282
1077	AAC	2
1078	AGA	8279
1078	AGG	5
1079	TTA	8265
1079	CTA	8
1079	TTG	5
1079	CTG	5
1080	GCA	8249
1080	GCG	33
1081	GTA	8267
1081	GTG	9
1081	GTT	7
1082	ACA	8268
1082	ACG	10
1082	ACC	4
1083	GAA	8276
1083	GAG	7
1084	GTC	8177
1084	GTT	90
1084	GTA	8
1084	ATC	5
1085	TTA	8254
1085	CTA	18
1085	TTG	11
1086	AGT	8271
1086	AGC	9
1087	ATA	8240
1087	ACA	24
1087	GTA	15
1087	ATT	4
1088	GCT	8249
1088	GCC	18
1088	GCA	14
1089	CCA	8250
1089	CCT	12
1089	TCA	12
1089	CCG	5
1090	AAC	8216
1090	AAT	64
1091	AAA	8265
1091	AAG	10
1091	AGA	5
1092	ATA	8278
1092	TTA	2
1093	TTT	8257
1093	TTC	24
1094	TCT	8193
1094	TCC	87
1095	AAA	8271
1095	AAG	8
1096	AGT	8261
1096	AGC	20
1097	GCG	6650
1097	GCA	1624
1097	GCT	4
1097	GCR	4
1098	CAA	8241
1098	CAG	39
1099	CAC	8161
1099	CAT	120
1100	TAT	8253
1100	TAC	29
1101	ACT	8238
1101	ACA	23
1101	ACC	12
1101	ATT	6
1101	GCT	3
1102	ACC	8222
1102	ACT	54
1102	ACA	3
1102	ATC	3
1103	ACT	8263
1103	ACC	9
1103	ACA	9
1104	GAG	8268
1104	GAA	14
1105	ATT	8270
1105	ATA	6
1105	TTT	2
1105	ATC	2
1105	ATW	2
1106	GAT	8250
1106	GAC	31
1107	CTA	8239
1107	TTA	33
1107	CTT	5
1107	ATA	2
1108	AAT	8275
1108	AAC	6
1109	GAC	8234
1109	GAT	47
1110	ATT	8264
1110	ATC	17
1111	ATG	8282
1112	CAA	8268
1112	CAG	11
1112	CGA	2
1113	AAT	8278
1113	AAC	5
1114	ATA	8280
1114	GTA	4
1115	GAA	8259
1115	GAG	18
1116	CCA	8221
1116	CCT	45
1116	CCG	11
1117	ACT	8106
1117	ACA	171
1117	ACW	3
1117	ACC	3
1118	TAC	8240
1118	TAT	42
1119	CCT	8229
1119	CCC	55
1120	CAT	8244
1120	CAC	38
1121	GGA	8249
1121	GGT	20
1121	GGG	13
1122	TTA	8228
1122	TTG	35
1122	CTA	20
1123	AGA	8265
1123	CGA	12
1123	AGG	6
1124	GTT	8266
1124	GTA	15
1124	ATT	2
1125	GTT	8175
1125	GTC	103
1125	GTY	3
1126	TAT	8269
1126	TAC	15
1127	GAA	8270
1127	GAG	13
1128	AGT	5093
1128	AGC	3187
1128	AGY	2
1129	TTA	8208
1129	CTA	66
1129	TTG	9
1130	CCT	5090
1130	CCC	3190
1131	TTT	8248
1131	CTT	26
1131	TTC	7
1131	GTT	2
1132	TAT	8265
1132	TAC	17
1132	CAT	2
1133	AAA	8275
1133	AAG	9
1134	GCA	8237
1134	GCG	33
1134	GCT	14
1135	GAA	8273
1135	GAG	9
1136	AAA	8245
1136	AAG	39
1137	ATA	8279
1137	GTA	3
1138	GTT	8216
1138	GTC	62
1138	GTA	4
1139	AAT	8275
1139	AAC	9
1140	CTT	8278
1140	CTC	4
1141	ATA	8280
1141	ATG	2
1142	TCA	8262
1142	TCT	15
1142	TCC	3
1142	TCG	2
1143	GGA	8244
1143	GGG	25
1143	GGT	13
1144	ACA	8276
1144	ACT	5
1144	ACG	2
1145	AAA	8266
1145	AAG	15
1146	TCC	4880
1146	TCT	3398
1146	TCY	2
1146	TCA	2
1147	ATA	8247
1147	ATT	30
1147	TTA	4
1148	ACT	8240
1148	ACC	39
1149	AAT	8160
1149	AAC	117
1150	ATA	8280
1151	CTT	8268
1151	CTG	4
1151	CTC	3
1151	CTA	3
1152	GAA	8245
1152	GAG	34
1153	AAA	8268
1153	AAG	12
1154	ACA	8241
1154	ACG	24
1154	ACT	16
1154	ACW	2
1155	TCA	8262
1155	TCT	10
1155	TCG	7
1155	GCA	2
1156	GCG	7714
1156	GCA	559
1156	GCT	5
1156	GCC	4
1157	ATA	8282
1158	GAT	8230
1158	GAC	53
1159	ACA	8249
1159	GCA	10
1159	ACT	5
1159	ATA	4
1159	TTA	4
1159	ACG	3
1160	ACT	8259
1160	ACG	9
1160	ACA	6
1160	ACC	2
1161	GAT	8263
1161	GAC	13
1162	ATT	8273
1162	ATC	5
1162	ATA	2
1163	AAT	8260
1163	AAC	9
1163	GAT	7
1163	AGT	3
1164	AGG	8056
1164	AGA	224
1165	GCT	8260
1165	GCC	20
1166	ACT	8239
1166	ATT	38
1166	ACC	3
1166	GCT	2
1167	GAT	8251
1167	GAC	27
1167	GAG	4
1168	ATG	8283
1169	ATG	8282
1170	AGG	7904
1170	AGA	374
1170	AGR	3
1171	AAA	8246
1171	GAA	32
1171	AAG	4
1172	AAT	8042
1172	AAC	242
1173	ATA	8277
1173	ACA	5
1174	ACC	8124
1174	ACT	158
1175	TTA	8254
1175	TTG	16
1175	CTA	14
1176	CTT	8275
1176	CTC	4
1176	CCT	4
1177	ATA	8219
1177	ATG	57
1177	ACA	6
1177	GTA	2
1178	AGG	8143
1178	AGA	139
1179	ATA	8270
1179	TTA	7
1179	ACA	3
1179	GTA	3
1180	CTT	8265
1180	CTC	11
1180	TTT	4
1180	CTA	2
1180	TTA	2
1181	CCA	8263
1181	CCG	8
1181	TCA	7
1181	CCT	4
1181	CAA	2
1182	CTA	8101
1182	TTA	171
1182	CTG	4
1182	TTG	2
1182	CCA	2
1182	ATA	2
1183	GAT	8244
1183	GAC	36
1183	AAT	4
1184	TGT	8236
1184	TGC	37
1184	TAT	6
1184	AGT	4
1185	AAC	8271
1185	AAT	11
1185	GAC	2
1186	AAA	7855
1186	AAG	416
1186	AGA	8
1186	ATA	2
1187	GAC	8230
1187	GAT	33
1187	AAC	10
1187	GGC	5
1187	TAC	3
1187	GAA	2
1188	AAA	8266
1188	AAG	14
1188	GAA	3
1189	AGA	8189
1189	AGG	74
1189	GGA	11
1189	AAA	3
1189	AGT	3
1190	GAG	8249
1190	GAA	24
1190	GAT	5
1190	GGG	2
1191	TTA	8248
1191	CTA	23
1191	TTG	8
1191	ATA	4
1192	TTA	8249
1192	TTG	17
1192	CTA	17
1193	AGT	8268
1193	AGC	13
1193	TGT	2
1194	TTA	8199
1194	CTA	70
1194	TTG	9
1194	ATG	4
1195	GAA	8221
1195	GAG	47
1195	GAT	8
1195	GAC	5
1195	GGA	2
1196	AAT	8251
1196	AAC	28
1196	AGT	4
1197	CTT	8221
1197	CTC	41
1197	CTA	20
1198	AGC	8197
1198	AGT	86
1199	ATA	8274
1199	ATT	4
1199	GTA	2
1199	ACA	2
1200	ACT	8255
1200	ACA	21
1200	ACC	6
1201	GAA	8262
1201	GAG	20
1202	TTA	8270
1202	TTG	8
1202	CTA	4
1203	AGC	8275
1203	AGT	7
1204	AAG	8254
1204	AAA	27
1205	TAT	8194
1205	TAC	82
1205	TTT	3
1206	GTA	8126
1206	GTG	148
1206	GTT	8
1207	AGA	8239
1207	AGG	45
1208	GAA	8279
1208	GAG	4
1209	AGA	8257
1209	AGG	25
1210	TCT	8258
1210	TCC	22
1210	TCA	3
1211	TGG	8283
1212	TCA	8235
1212	TCG	30
1212	TCT	11
1212	TCC	8
1213	TTA	8276
1213	CTA	6
1213	TTG	2
1214	TCC	8230
1214	TCT	45
1214	CCC	5
1214	ACC	2
1215	AAT	8270
1215	AAC	12
1216	ATA	8282
1216	GTA	2
1217	GTA	8264
1217	GTG	12
1217	GTT	7
1218	GGA	8266
1218	GGG	9
1218	GGT	8
1219	GTA	8179
1219	GTG	90
1219	GTT	6
1219	GTC	4
1219	ATA	2
1220	ACA	8261
1220	ACG	22
1221	TCA	7246
1221	TCG	1036
1222	CCA	4611
1222	CCT	3650
1222	CCC	15
1222	CCW	3
1222	CCY	3
1223	AGT	8069
1223	AGC	215
1224	ATT	8205
1224	ATC	43
1224	GTT	31
1224	ATY	3
1225	ATG	8245
1225	ATA	36
1226	TTC	8181
1226	TTT	88
1226	TAT	6
1226	TAC	5
1226	TWY	3
1227	ACA	8269
1227	ACT	10
1227	ACG	3
1228	ATG	8284
1229	GAC	8096
1229	GAT	184
1230	ATT	8009
1230	ATC	264
1230	ATA	8
1230	ATW	3
1231	AAA	8252
1231	AAG	28
1231	AAT	4
1232	TAT	8271
1232	TAC	13
1233	ACA	8193
1233	ACT	79
1233	ACC	9
1233	ACG	3
1234	ACT	8253
1234	ACC	19
1234	ACA	7
1234	ACW	3
1234	ACG	2
1235	AGC	8280
1235	AGT	4
1236	ACT	8078
1236	ACC	196
1236	ACA	6
1236	ACY	2
1237	ATA	8279
1237	ATG	2
1238	GCC	7924
1238	GCT	326
1238	ACC	25
1238	GTC	3
1238	GCA	3
1238	GCY	2
1239	AGT	8255
1239	AAT	26
1239	AGC	3
1240	GGT	8260
1240	GGC	16
1240	GGG	4
1240	GGY	3
1241	ATA	8277
1241	ATT	5
1241	ATC	2
1242	ATT	8248
1242	ATC	23
1242	ATA	10
1242	ATY	3
1243	ATA	8283
1244	GAA	8269
1244	GAG	12
1244	GAR	3
1245	AAA	8269
1245	AAG	15
1246	TAT	8257
1246	TAC	27
1247	AAT	8281
1247	AAC	3
1248	GTT	8177
1248	GTC	98
1248	ATT	7
1249	AAT	8271
1249	AAC	12
1250	GGT	7781
1250	AGT	457
1250	GGC	25
1250	GGG	10
1250	GAT	5
1250	TGT	3
1250	RGT	2
1251	TTA	8249
1251	CTA	30
1251	TCA	3
1252	ACT	8257
1252	ACC	19
1252	ACA	5
1252	ACW	3
1253	CGT	8051
1253	CGC	229
1253	CGG	2
1253	CGA	2
1254	GGT	8266
1254	GGC	11
1254	GGA	4
1254	GGG	3
1255	GAA	8264
1255	GAG	17
1255	GAR	3
1256	AGA	8279
1256	AGG	4
1257	GGA	8248
1257	GGG	33
1257	GGT	2
1258	CCT	8183
1258	CCC	85
1258	CCG	10
1258	CCA	3
1258	CCY	2
1259	ACT	8230
1259	ACC	53
1260	AAG	8201
1260	AAA	76
1260	AAR	4
1261	CCA	8215
1261	CCG	62
1261	CCT	3
1261	CCR	2
1262	TGG	8283
1263	GTA	8221
1263	GTT	52
1263	GTG	6
1263	GTW	5
1264	GGT	8230
1264	GGC	47
1264	GGA	4
1264	GGG	2
1265	TCA	8276
1265	TCG	7
1266	TCT	6128
1266	TCC	2143
1266	TCY	6
1266	TCA	5
1267	ACA	7365
1267	ACG	918
1268	CAG	8142
1268	CAA	137
1268	CAR	5
1269	GAG	8282
1269	GAA	2
1270	AAA	8267
1270	AAG	18
1271	AAA	8263
1271	AAG	16
1271	AAR	6
1272	ACA	8276
1272	ACT	4
1272	ACG	3
1273	ATG	8283
1273	ATT	2
1274	CCA	8252
1274	CCG	31
1274	CCC	2
1275	GTG	8219
1275	GTA	53
1275	GTK	7
1275	GTT	6
1276	TAC	8203
1276	TAT	77
1276	TAY	5
1277	AAT	8258
1277	AAC	27
1278	AGA	8279
1278	AGG	5
1279	CAA	8282
1279	CAG	3
1280	GTT	8277
1280	GTC	4
1280	GTA	2
1280	GTG	2
1281	TTA	8253
1281	TTG	16
1281	CTA	15
1282	ACC	8259
1282	ACT	25
1283	AAA	8267
1283	AAG	16
1284	AAG	8222
1284	AAA	57
1284	AAR	5
1285	CAA	8260
1285	CAG	19
1285	CAR	5
1286	AGA	8270
1286	AGG	10
1286	AAA	4
1287	GAC	8224
1287	GAT	54
1287	GAY	5
1288	CAA	8274
1288	CAG	10
1289	ATA	8277
1289	GTA	6
1290	GAT	8272
1290	GAC	12
1291	TTA	8238
1291	TTG	24
1291	CTA	16
1291	YTA	5
1292	TTA	8209
1292	TTG	47
1292	CTA	28
1293	GCA	8281
1293	GCG	2
1294	AAA	8275
1294	AAG	9
1295	TTA	8267
1295	TTG	10
1295	TTR	4
1295	CTA	3
1296	GAC	8233
1296	GAT	48
1296	GAY	3
1297	TGG	8284
1298	GTA	8241
1298	GTG	26
1298	GTT	9
1298	ATA	3
1298	GTR	3
1299	TAT	8274
1299	TAC	9
1300	GCA	8267
1300	GCG	10
1300	GCC	2
1300	GCT	2
1301	TCC	8088
1301	TCT	192
1301	TCY	2
1302	ATA	8256
1302	GTA	23
1302	ATT	2
1303	GAC	8220
1303	GAT	61
1304	AAC	8238
1304	AAT	45
1305	AAA	8254
1305	AAG	27
1305	AGA	2
1306	GAT	8269
1306	GAC	6
1306	AAT	4
1306	GAA	3
1307	GAA	8266
1307	GAG	6
1308	TTC	8251
1308	TTT	23
1309	ATG	8271
1310	GAA	8268
1310	GAG	10
1311	GAA	8203
1311	GAG	72
1312	CTG	8021
1312	CTA	159
1312	TTG	93
1312	CTT	5
1312	CTK	2
1312	CTC	2
1312	ATG	2
1313	AGT	8207
1313	AGC	59
1313	TGT	18
1314	ACT	8186
1314	ATT	43
1314	GCT	30
1314	ACC	11
1314	AAT	5
1314	ACA	5
1314	ATA	4
1315	GGA	8259
1315	GGT	23
1315	GGG	3
1316	ACA	8199
1316	ACT	62
1316	ACG	22
1316	ACC	2
1317	CTT	8264
1317	CTC	14
1317	CTA	7
1318	GGA	8266
1318	GGG	15
1318	GGT	4
1319	CTG	8077
1319	CTA	105
1319	TTA	52
1319	TTG	47
1319	CTT	3
1320	TCA	8211
1320	CCA	42
1320	TCG	18
1320	TCT	8
1320	ACA	4
1321	TAT	8277
1321	TAC	8
1322	GAA	8207
1322	GAG	69
1322	GAT	3
1322	AAA	3
1322	GGA	2
1323	AAG	7141
1323	AAA	1138
1323	AGG	2
1323	ATG	2
1324	GCC	8245
1324	GCT	30
1324	GCA	10
1325	AAA	8186
1325	AAG	90
1325	AGA	7
1326	AAG	8185
1326	AAA	90
1326	AGG	7
1327	TTG	8206
1327	TTA	61
1327	CTG	16
1328	TTT	8253
1328	TTC	23
1329	CCA	8140
1329	CCG	140
1329	CCT	2
1330	CAA	8279
1330	CAG	5
1331	TAT	8278
1331	TAC	6
1332	CTA	8256
1332	TTA	13
1332	CTG	11
1332	YTA	2
1333	AGT	8231
1333	AGC	53
1334	GTC	8169
1334	GTA	98
1334	GTT	14
1334	GTY	2
1335	AAT	8221
1335	AAC	60
1335	AAY	3
1336	TAT	8277
1336	TAC	7
1337	TTA	8264
1337	TTG	13
1337	CTA	5
1338	CAC	8131
1338	CAT	150
1338	CAY	3
1339	CGG	8011
1339	CGT	147
1339	CGA	54
1339	AGG	37
1339	CGC	33
1340	TTA	8258
1340	TTG	12
1340	CTA	8
1340	CTT	4
1340	YTW	2
1341	ACA	8271
1341	ACT	4
1341	ACG	4
1341	ATA	3
1341	GCA	2
1342	GTC	8170
1342	GTT	110
1342	GTA	3
1343	AGT	8263
1343	AGC	22
1344	AGT	8264
1344	AGC	21
1345	AGA	8273
1345	AGG	12
1346	CCA	8276
1346	CCG	8
1347	TGC	7540
1347	TGT	732
1347	TGY	7
1347	AGC	4
1348	GAA	8200
1348	GAG	84
1349	TTC	4960
1349	TTT	3318
1349	TTY	6
1350	CCT	8274
1350	CCA	5
1350	CCC	5
1351	GCC	8125
1351	GCA	94
1351	GCT	56
1351	GCM	9
1352	TCA	7941
1352	TCT	329
1352	TCW	7
1352	TCG	7
1353	ATA	8284
1354	CCA	8263
1354	CCT	9
1354	CCC	8
1354	CCG	4
1355	GCT	8268
1355	GCC	17
1356	TAT	8255
1356	TAC	30
1357	AGA	8278
1357	CGA	3
1357	AGG	3
1358	ACA	8261
1358	ACT	12
1358	ACW	6
1358	ACG	5
1359	ACA	8275
1359	ACG	7
1359	ACC	2
1360	AAT	8270
1360	AAC	14
1361	TAT	8279
1361	TAC	5
1362	CAT	8267
1362	CAC	11
1362	CAY	6
1363	TTT	8221
1363	TTC	63
1364	GAT	4924
1364	GAC	3354
1364	GAY	6
1365	ACT	8280
1365	ACG	3
1365	ACC	2
1366	AGT	8263
1366	AGC	16
1366	AGY	4
1367	CCT	8274
1367	CCC	10
1368	ATC	8257
1368	ATT	23
1368	ATY	4
1369	AAT	8249
1369	AAC	36
1370	CAT	8252
1370	CGT	18
1370	CGC	5
1370	CRY	4
1370	TAT	3
1370	CAC	2
1371	GTA	8239
1371	GTG	23
1371	ATA	13
1371	TTA	5
1371	RTA	4
1372	TTA	8282
1372	TTG	3
1373	ACA	8278
1373	ACG	4
1373	ACC	2
1374	GAA	8276
1374	GAG	5
1375	AAG	8253
1375	AAA	21
1375	AGG	9
1376	TAT	8249
1376	TAC	34
1377	GGA	8258
1377	GGT	17
1377	GGG	5
1377	GGW	3
1378	GAT	8281
1378	GAC	3
1379	GAA	8250
1379	GAG	35
1380	GAT	8255
1380	GAC	30
1381	ATC	7685
1381	ATT	524
1381	ATA	68
1381	ATY	4
1382	GAC	8239
1382	GAT	46
1383	ATT	8267
1383	ATA	9
1383	GTT	8
1384	GTG	8257
1384	GTA	20
1384	GTT	8
1385	TTT	8265
1385	TTC	18
1386	CAA	8278
1386	CAG	6
1387	AAT	8263
1387	AAC	22
1388	TGC	8271
1388	TGT	14
1389	ATA	8283
1390	AGT	8277
1390	AGC	6
1391	TTT	8271
1391	TTC	13
1392	GGT	8235
1392	GGC	39
1392	GGA	11
1393	CTT	8244
1393	CTA	28
1393	CTC	10
1394	AGC	8094
1394	AGT	178
1395	TTG	8109
1395	CTG	122
1395	CTA	30
1395	TTA	14
1396	ATG	8285
1397	TCA	8158
1397	TCG	113
1397	TCT	13
1398	GTT	8275
1398	GTA	5
1398	GTC	2
1399	GTG	8256
1399	GTA	21
1399	GTT	5
1400	GAA	8275
1400	GAG	9
1401	CAA	8282
1401	CAG	2
1402	TTC	8270
1402	TTT	13
1403	ACA	8266
1403	ACG	11
1403	ACT	5
1404	AAC	8248
1404	AAT	36
1405	ATA	8245
1405	ATG	29
1405	GTA	9
1406	TGT	8282
1406	TGC	2
1407	CCT	8276
1407	CCC	5
1407	CCA	2
1408	AAT	8261
1408	AAC	22
1409	AGA	8281
1409	AGG	3
1410	ATT	8280
1410	ATC	2
1411	ATT	8244
1411	ATC	41
1412	CTC	8253
1412	CTT	26
1412	CTA	5
1413	ATA	8272
1413	ACA	8
1413	GTA	2
1414	CCG	7960
1414	CCA	310
1414	CCC	5
1414	CCT	5
1414	CCR	2
1415	AAG	8245
1415	AGG	32
1415	AAA	8
1416	CTG	7967
1416	CTA	212
1416	TTG	64
1416	CTT	36
1416	CTR	2
1417	AAT	8279
1417	AGT	3
1417	AAC	2
1418	GAG	8277
1418	GAA	7
1419	ATA	8284
1420	CAT	8247
1420	CAC	35
1421	TTG	8221
1421	TTA	56
1421	CTG	7
1422	ATG	8284
1423	AAA	8078
1423	AAG	206
1424	CCT	8252
1424	CCC	31
1424	CCA	2
1425	CCT	8244
1425	CCC	37
1425	CCY	2
1426	ATA	8261
1426	GTA	16
1426	ATT	3
1426	ATG	2
1427	TTT	8252
1427	TTC	31
1428	ACA	8275
1428	ACT	4
1428	GCA	2
1429	GGA	8273
1429	GGG	7
1429	GGT	5
1430	GAT	8275
1430	AAT	5
1430	GGT	2
1431	GTT	8259
1431	GCT	19
1431	GTC	3
1432	GAT	8239
1432	GAC	42
1432	GAY	2
1433	ATC	8265
1433	ATT	11
1433	GTC	5
1433	ATA	3
1434	ATC	8233
1434	ATT	34
1434	ACC	7
1434	GTC	4
1434	AAC	3
1435	AAG	8250
1435	AAA	34
1436	TTG	8074
1436	CTG	192
1436	TTA	19
1437	AAG	8270
1437	AAA	9
1437	AGG	3
1438	CAA	8272
1438	CAG	11
1439	GTG	8276
1439	GTA	5
1439	GTT	4
1440	ATA	8283
1441	CAA	8264
1441	CAG	17
1442	AAA	8250
1442	AAG	33
1442	AGA	2
1443	CAG	8242
1443	CAA	40
1443	CAR	3
1444	CAT	8171
1444	CAC	110
1444	TAT	4
1445	ATG	8285
1446	TTC	8219
1446	TTT	64
1446	TTY	2
1447	CTA	8199
1447	TTA	64
1447	CTG	19
1447	YTA	2
1448	CCA	8258
1448	CCT	22
1448	CCG	3
1449	GAT	8262
1449	GAC	21
1450	AAA	8259
1450	AAG	24
1451	ATA	8278
1451	TTA	4
1451	ATT	2
1452	AGT	8239
1452	AGC	34
1452	AAT	9
1453	TTA	8254
1453	CTA	13
1453	TTG	10
1453	TCA	6
1454	ACC	8169
1454	ACT	106
1454	AAC	4
1454	ACA	3
1454	ACY	2
1455	CAA	8251
1455	CAG	32
1456	TAT	8272
1456	TAC	12
1457	GTA	8263
1457	GTG	12
1457	GCA	5
1457	GTT	2
1458	GAA	8228
1458	GAG	55
1459	TTA	8268
1459	CTA	9
1459	TTG	7
1460	TTC	8268
1460	TTT	16
1461	TTA	8170
1461	CTA	91
1461	TTG	22
1462	AGT	8169
1462	AGC	112
1463	AAC	8256
1463	AAT	25
1463	AAY	2
1464	AAA	8278
1464	AAG	4
1465	GCA	8234
1465	ACA	19
1465	GCG	9
1465	GCT	7
1465	GAA	6
1465	TCA	5
1466	CTT	8267
1466	CTC	10
1466	ATT	3
1467	AAA	8271
1467	AAG	9
1467	AAT	2
1468	TCT	8257
1468	TCC	18
1468	TCA	6
1469	GGA	8225
1469	GAA	27
1469	GGG	11
1469	GGT	9
1469	AGA	7
1470	TCT	7388
1470	TCC	880
1470	TCA	6
1470	CCC	2
1470	CCT	2
1471	CAC	4937
1471	CAT	3291
1471	AAT	26
1471	AAC	9
1471	CAY	5
1471	CAA	5
1471	CGC	2
1471	TAC	2
1471	CGT	2
1472	ATC	8210
1472	ACC	43
1472	ATT	19
1472	GTC	4
1472	GTT	3
1473	AAC	8233
1473	AAT	40
1474	TCT	8256
1474	TCC	23
1475	AAT	7856
1475	AAC	419
1476	TTA	8276
1476	CTA	3
1477	ATA	8270
1477	ATG	7
1477	GTA	2
1478	TTA	8262
1478	TTG	10
1478	CTA	5
1479	GCA	6103
1479	GTA	2131
1479	GCG	26
1479	GTG	15
1480	CAT	8016
1480	CAC	252
1480	CAY	2
1481	AAA	8246
1481	AAG	15
1481	AGA	7
1482	ATG	8265
1482	ATA	5
1483	TCT	8267
1483	TCA	2
1484	GAT	8256
1484	GAC	13
1484	GAY	2
1485	TAT	8238
1485	TAC	21
1485	TTT	7
1485	CAT	4
1486	TTT	8210
1486	TTC	58
1487	CAT	8228
1487	CAC	21
1487	TAT	12
1487	CAG	6
1488	AAT	8261
1488	GAT	4
1488	AAC	4
1488	AGT	2
1489	GCG	4042
1489	GCA	3500
1489	ACG	511
1489	GCT	107
1489	GTG	64
1489	ATG	20
1489	GAG	7
1489	GAT	5
1489	GCR	4
1489	ACA	3
1489	ACT	2
1489	RCW	2
1490	TAT	8244
1490	TAC	30
1490	TAY	2
1491	ATT	8269
1491	ATC	5
1492	TTA	8202
1492	CTA	71
1492	TTG	4
1493	AGT	8222
1493	AGC	55
1494	ACT	8240
1494	ACC	22
1494	ACG	13
1495	AAT	8255
1495	AAC	24
1496	TTA	8266
1496	TTG	8
1496	CTA	7
1497	GCT	8247
1497	GCA	8
1497	GCC	5
1498	GGA	8274
1498	GGG	3
1499	CAT	8273
1499	CAC	5
1500	TGG	8279
1501	ATT	8265
1501	ATC	8
1501	ATA	5
1501	ACT	2
1502	CTG	8125
1502	TTG	57
1502	CTT	48
1502	CTA	47
1502	CTK	2
1503	ATT	8257
1503	ATC	24
1504	ATT	8267
1504	ATC	9
1504	ATA	4
1504	ATW	2
1505	CAA	8272
1505	CAG	10
1506	CTT	8276
1506	CTC	4
1507	ATG	8281
1508	AAA	8249
1508	AAG	27
1508	AGA	3
1509	GAT	8184
1509	GAC	96
1509	GAY	2
1510	TCA	8199
1510	TCT	77
1510	TCG	4
1510	TCW	2
1511	AAA	8170
1511	AAG	106
1511	AAR	3
1512	GGT	8277
1512	GGC	2
1513	ATT	8267
1513	ATC	14
1514	TTT	8280
1515	GAA	8271
1515	GAG	3
1515	GAT	2
1515	GAC	2
1516	AAA	8254
1516	AAG	26
1517	GAT	8274
1517	GAC	5
1518	TGG	8276
1519	GGA	8274
1519	GGG	4
1519	GGT	3
1520	GAG	7758
1520	GAA	513
1520	GAR	6
1521	GGG	8216
1521	GGA	62
1521	GGT	2
1521	GGR	2
1522	TAT	8200
1522	TAC	83
1523	ATA	8276
1523	GTA	6
1524	ACT	8245
1524	ACC	24
1524	ACA	10
1525	GAT	8277
1525	GAC	4
1526	CAT	8275
1526	CAC	5
1527	ATG	8279
1528	TTC	8215
1528	TTT	65
1529	ATT	8092
1529	CTT	176
1529	ATC	9
1529	CTC	2
1530	AAT	8263
1530	AAC	15
1531	TTG	8202
1531	TTA	54
1531	CTG	24
1532	AAT	8270
1532	AAC	4
1532	AAA	3
1532	AAW	2
1533	GTT	8195
1533	GTC	35
1533	GCT	24
1533	TTT	15
1533	GTA	7
1533	ATT	3
1534	TTC	8278
1534	TTT	2
1535	TTT	8248
1535	TTC	30
1535	TTY	2
1536	AAT	8273
1536	GAT	7
1536	AAC	2
1537	GCT	8281
1538	TAT	8273
1538	TAC	8
1539	AAG	8201
1539	AAA	74
1539	AGG	4
1540	ACT	8188
1540	ACC	88
1540	ACA	5
1541	TAT	8280
1541	TAC	2
1542	TTG	8247
1542	TTA	26
1542	CTG	5
1542	CTC	2
1543	CTA	8269
1543	TTA	7
1543	CTG	2
1544	TGT	8213
1544	TGC	68
1545	TTT	8242
1545	TTC	38
1546	CAT	8240
1546	CAC	34
1547	AGA	8180
1547	AAA	92
1548	GGT	8275
1548	GGC	6
1549	TAT	8268
1549	TAC	15
1550	GGT	8234
1550	GGC	44
1550	GAT	3
1551	AAA	8273
1551	AAG	8
1551	AGA	2
1552	GCA	8253
1552	GCG	23
1552	GCT	4
1552	TCA	2
1553	AAA	8270
1553	AAG	10
1553	AGA	2
1554	TTA	8262
1554	TTG	17
1554	CTA	5
1555	GAA	8243
1555	GAG	39
1556	TGT	8277
1556	TGC	7
1557	GAT	8278
1557	GAC	7
1558	ATG	8284
1559	AAC	8228
1559	AAT	57
1560	ACT	8276
1560	ACA	5
1561	TCA	8259
1561	TCT	22
1561	CCA	2
1562	GAT	8281
1562	GAC	3
1563	CTT	8242
1563	CTC	29
1563	CTA	7
1563	ATT	6
1564	CTT	8268
1564	CTC	10
1564	TTT	4
1565	TGT	8276
1565	TGC	9
1566	GTT	8277
1566	GTC	3
1566	ATT	2
1567	TTG	8252
1567	TTA	26
1567	CTG	7
1568	GAG	8203
1568	GAA	80
1569	TTA	8278
1569	TTG	5
1569	CTA	2
1570	ATA	8276
1570	ACA	6
1570	ATT	2
1571	GAC	8175
1571	GAT	110
1572	AGT	8263
1572	AGC	18
1572	TGT	3
1573	AGC	8274
1573	AGT	10
1574	TAC	8253
1574	TAT	31
1575	TGG	8284
1576	AAA	8277
1576	AAG	5
1576	AGA	2
1577	TCT	8232
1577	TCC	49
1577	TCA	2
1578	ATG	8280
1579	TCT	8242
1579	TCC	40
1579	TCA	2
1580	AAA	8272
1580	AAG	8
1580	AGA	5
1581	GTT	8265
1581	ATT	13
1581	GTC	5
1582	TTC	8184
1582	TTT	99
1583	CTA	8116
1583	CTG	109
1583	TTA	55
1583	CTT	5
1584	GAA	8245
1584	GAG	40
1585	CAA	8119
1585	CAG	166
1586	AAA	8280
1586	AAG	5
1587	GTC	8269
1587	GTT	11
1587	GTA	3
1588	ATA	8164
1588	TTA	73
1588	ACA	29
1588	CTA	9
1588	ATC	4
1588	ATT	2
1588	ATG	2
1588	GTA	2
1589	AAA	8249
1589	AAG	29
1589	AGA	6
1590	TAC	8249
1590	CAC	17
1590	TAT	13
1590	TCC	4
1591	ATA	8259
1591	ATC	11
1591	CTA	8
1591	ACA	4
1591	ATT	2
1592	GTC	8173
1592	GTT	63
1592	ATC	34
1592	GCC	9
1592	GTA	2
1592	CTT	2
1593	AAT	8135
1593	AGT	144
1593	AGC	2
1593	AAC	2
1594	CAA	8278
1594	CAG	6
1595	GAC	8259
1595	GAT	25
1596	ACA	8172
1596	ATA	79
1596	GCA	15
1596	AAA	5
1596	ACG	4
1596	TCA	4
1596	ACT	4
1597	AGT	8217
1597	AGC	35
1597	AAT	15
1597	GGT	13
1598	TTG	8220
1598	TTA	54
1598	CTG	8
1599	CAT	8178
1599	CGT	67
1599	CAC	20
1599	TAT	12
1599	AAT	4
1600	AGA	8275
1600	AGG	4
1600	AAA	3
1601	ATA	8277
1601	GTA	4
1602	AAA	8223
1602	AAG	59
1603	GGT	7248
1603	GGC	1032
1603	GGA	2
1604	TGT	8249
1604	TGC	32
1605	CAC	8205
1605	CAT	76
1605	TAC	2
1606	AGT	7750
1606	AGC	533
1607	TTT	8262
1607	TTC	21
1608	AAG	8250
1608	AAA	32
1609	TTG	8147
1609	CTG	116
1609	TTA	17
1610	TGG	8283
1611	TTT	8271
1611	TTC	12
1612	TTA	8256
1612	CTA	17
1612	TTG	8
1613	AAA	8243
1613	AAG	23
1613	AAC	17
1614	CGC	8067
1614	CGT	198
1614	CGA	10
1614	TGC	3
1614	CAC	3
1615	CTT	8225
1615	CTC	58
1616	AAT	8252
1616	AAC	29
1616	GAT	3
1617	AAT	8270
1617	AAC	9
1617	AGT	4
1618	GCT	8229
1618	GCC	35
1618	GCG	16
1618	GCA	4
1619	AAA	8267
1619	GAA	13
1619	ATA	2
1620	TTT	8275
1620	TTC	6
1620	CTT	2
1621	ACC	7923
1621	ACT	346
1621	ATC	7
1621	ACA	5
1622	GTA	8259
1622	GTG	17
1622	ATA	4
1622	GTT	3
1623	TGC	8187
1623	TGT	96
1624	CCT	7919
1624	CCC	360
1624	CCA	5
1625	TGG	8284
1626	GTT	8279
1626	GTC	2
1627	GTT	8256
1627	GTC	12
1627	GTG	11
1627	GTA	4
1628	AAC	8161
1628	AAT	120
1629	ATA	8282
1630	GAT	8270
1630	GAC	7
1631	TAT	8251
1631	TAC	32
1632	CAC	8255
1632	CAT	20
1632	AAC	5
1632	CAA	2
1633	CCA	8269
1633	CCT	8
1633	CCG	6
1634	ACA	8179
1634	ACG	55
1634	ACT	50
1635	CAC	8229
1635	CAT	55
1636	ATG	8281
1636	ATA	2
1637	AAA	8281
1637	AAG	2
1638	GCT	8276
1638	GCC	5
1639	ATA	8281
1639	ACA	2
1640	TTA	8255
1640	TTG	13
1640	TCA	7
1640	CTA	6
1640	TYA	2
1641	TCT	8271
1641	TCA	5
1641	TCC	4
1641	ACT	2
1642	TAC	8230
1642	TAT	54
1643	ATA	8282
1644	GAT	8269
1644	GAC	15
1645	TTA	8271
1645	TTG	7
1645	CTA	4
1646	GTT	8220
1646	ATT	31
1646	GTA	14
1646	GCT	10
1646	GTC	8
1647	AGA	8260
1647	AAA	11
1647	AGG	8
1647	GGA	3
1648	ATG	8274
1648	CTG	3
1649	GGG	8220
1649	GGA	32
1649	AGG	19
1649	GAG	13
1650	TTA	8264
1650	TTG	12
1650	CTA	5
1651	ATA	8275
1651	ATT	3
1651	GTA	2
1652	AAT	8261
1652	ATT	7
1652	AAC	4
1652	AGT	3
1652	GAT	3
1653	GTA	8128
1653	GTG	141
1653	ATA	4
1653	GCA	2
1654	GAT	8254
1654	GAC	19
1654	AAT	2
1655	AAA	8187
1655	AAG	50
1655	AAR	21
1655	AGA	10
1655	ACA	2
1655	CAA	2
1656	TTA	8239
1656	CTA	15
1656	TTG	9
1656	TCA	6
1656	TTC	3
1657	ACC	8249
1657	ACT	25
1658	ATT	8249
1658	GTT	24
1658	ATC	4
1659	AAA	8274
1659	AAG	3
1659	AGA	2
1660	AAT	8251
1660	AAC	11
1660	AGT	8
1660	GAT	5
1660	TAT	2
1660	ATT	2
1661	AAA	8237
1661	AAG	18
1661	AAT	9
1661	GAA	6
1661	AGA	2
1662	AAC	8251
1662	AAT	13
1662	ACC	6
1662	AGC	5
1662	CAC	3
1663	AAA	8257
1663	AAG	9
1663	AGA	5
1663	AAT	3
1663	GAA	3
1663	AAC	2
1664	TTC	8236
1664	TTT	23
1664	CTC	20
1665	AAT	8166
1665	AAC	103
1665	AGT	7
1666	GAT	8262
1666	AAT	13
1666	GAG	2
1667	GAA	8028
1667	GAG	224
1667	AAG	13
1667	AAA	5
1667	GGA	4
1667	GAC	2
1667	GAT	2
1668	TTT	8277
1668	TTC	3
1669	TAC	8265
1669	TAT	14
1670	ACA	8255
1670	ACC	19
1670	ATA	4
1670	ACT	2
1671	TCA	8227
1671	TCT	37
1671	TCC	13
1672	AAT	8255
1672	AAC	21
1672	AGT	4
1673	CTC	8138
1673	CTT	137
1673	CTA	2
1673	TTC	2
1674	TTT	8280
1674	TTC	3
1675	TAC	8228
1675	TAT	55
1676	ATT	8255
1676	ATC	27
1677	AGT	8263
1677	AGC	10
1677	AAT	7
1677	GGT	4
1678	TAC	7260
1678	TAT	1023
1679	AAC	8284
1680	TTT	8279
1680	TTC	3
1681	TCA	8244
1681	TCG	13
1681	TCT	13
1681	CCA	12
1682	GAC	8264
1682	GAT	19
1683	AAC	8251
1683	AAT	30
1684	ACT	8264
1684	ACC	12
1684	ACA	6
1685	CAT	7737
1685	CAC	544
1686	CTG	7836
1686	TTG	407
1686	CTA	24
1686	CTT	8
1686	ATG	2
1687	CTA	8224
1687	CTG	30
1687	TTA	21
1687	ATA	4
1688	ACA	8260
1688	ACG	13
1688	ACT	3
1688	ACC	2
1689	AAA	8266
1689	AAG	9
1690	CAA	8265
1690	CAG	11
1691	ATA	8261
1691	GTA	16
1692	AGG	7313
1692	AGA	963
1693	ATT	7688
1693	ATA	572
1693	GTT	5
1693	ACT	4
1693	ATC	4
1693	ATW	2
1694	GCT	8166
1694	GCC	74
1694	ACT	18
1694	GAT	12
1694	TCT	4
1695	AAT	8214
1695	AAC	61
1696	TCA	8254
1696	TCT	14
1696	TCG	4
1696	ACA	3
1697	GAA	8262
1697	GAG	13
1698	TTA	8205
1698	TTG	52
1698	CTA	12
1698	TCA	3
1699	GAA	8245
1699	GAG	14
1699	AAA	8
1699	GGA	4
1699	GAT	3
1700	GAT	8163
1700	AAT	61
1700	GAC	35
1700	GAG	9
1700	GGT	3
1701	AAT	8253
1701	AAC	8
1701	GAT	7
1701	TAT	3
1702	TAT	8106
1702	TAC	142
1702	TGT	19
1702	CAT	4
1703	AAC	8257
1703	AAT	8
1703	AGC	6
1703	GAC	2
1704	AAA	8189
1704	AAC	39
1704	AGA	21
1704	AAG	12
1704	CAA	2
1705	CTA	8243
1705	CTG	14
1705	TTA	12
1705	CAA	4
1706	TAT	8252
1706	TAC	26
1707	CAC	8072
1707	CAT	104
1707	AAC	80
1707	CAA	16
1707	TAC	3
1708	CCA	7993
1708	CCG	186
1708	CCT	77
1708	CTA	4
1708	CCC	4
1708	TCA	4
1709	ACC	8199
1709	ACT	50
1709	ATC	4
1709	ACA	2
1710	CCA	8232
1710	TCA	8
1710	CCG	7
1710	CCT	5
1711	GAA	8243
1711	GAG	8
1712	GCT	7074
1712	ACT	1066
1712	GCC	107
1712	ACC	5
1712	TCT	2
1713	TTA	8214
1713	ATA	22
1713	TTG	10
1713	CTA	10
1714	GAA	8238
1714	AAA	12
1714	GGA	10
1714	GAG	7
1715	AAT	8184
1715	AAC	58
1715	GAT	16
1715	AGT	7
1715	TAT	6
1716	GTA	6278
1716	ATA	1830
1716	ATG	112
1716	GCA	23
1716	GTG	11
1716	CTA	10
1716	GTT	2
1716	RTA	2
1717	TCA	8243
1717	CCA	18
1717	TTA	3
1717	TCC	2
1717	ACA	2
1718	TTA	8163
1718	TCA	59
1718	TTG	10
1718	CTA	2
1719	ATC	7991
1719	ATT	142
1719	ACC	76
1719	AGC	12
1719	GTC	6
1720	CCT	8111
1720	TCT	53
1720	CCA	41
1720	CTT	12
1720	CCC	10
1720	CCW	2
1721	GTT	8063
1721	ATT	146
1721	GCT	8
1721	GCC	8
1721	TTT	5
1721	GTC	4
1721	GGT	2
1722	AAA	8192
1722	AAG	34
1722	AGA	6
1722	GGA	4
1722	AAT	2
1723	AGT	8146
1723	AGC	42
1723	AAT	34
1723	GGT	10
1723	TGT	7
1724	AAT	8234
1724	AAC	20
1724	GAT	20
1725	AAT	8168
1725	AAC	86
1725	ACT	12
1725	AGT	10
1725	GAT	5
1726	AGA	8052
1726	AGT	117
1726	GGA	44
1726	AAA	37
1726	AGG	19
1726	ATA	12
1727	AAC	8196
1727	ACC	44
1727	AAT	12
1727	GAC	10
1727	AGC	9
1727	ATC	5
1727	AAA	2
1728	AAA	8265
1728	AGA	6
1728	AAG	4
1728	AAC	3
1729	CCT	7718
1729	CCC	467
1729	TCT	55
1729	CTT	19
1729	CTC	11
1729	ACT	4
1729	CCG	2
1729	CAT	2
1730	AAA	8252
1730	ATA	12
1730	GAA	5
1730	AAG	4
1730	CAA	4
1730	AAT	2
1731	TTT	8219
1731	CTT	26
1731	TTC	23
1731	TCT	8
1732	TGT	7685
1732	TAT	543
1732	TGC	24
1732	TTT	13
1732	CGT	9
1732	AGT	6
1732	CAT	2
1733	ATA	8234
1733	ACA	41
1733	GTA	7
1734	AGT	8202
1734	AGC	37
1734	AAT	24
1734	GGT	12
1734	AGA	6
1735	GGA	8227
1735	AGA	17
1735	GGG	15
1735	GAA	15
1735	GGT	4
1735	GTA	2
1736	AGT	7257
1736	AAT	910
1736	AGC	102
1736	TGT	4
1736	ACT	3
1736	AAC	3
1736	GGT	2
1737	ACT	8124
1737	ACC	92
1737	GCT	30
1737	ATT	22
1737	ACA	7
1737	AAT	4
1737	TCT	2
1738	GAA	8200
1738	AAA	34
1738	GAG	32
1738	GAT	16
1739	TCT	8234
1739	TCC	20
1739	CCT	16
1739	TTT	9
1739	TAT	5
1740	ATG	8220
1740	GTG	26
1740	ATA	19
1740	ACG	7
1740	ATT	5
1740	AAG	4
1741	ATG	8252
1741	ATA	20
1741	ACG	4
1741	ATT	3
1741	GTG	3
1741	AAG	2
1742	ACG	7673
1742	ATG	279
1742	ACA	265
1742	GCG	29
1742	AAG	29
1742	ACT	7
1743	TCA	8108
1743	TTA	89
1743	CCA	65
1743	TCG	20
1744	ACA	8169
1744	ACG	47
1744	ATA	37
1744	GCA	29
1745	TTC	8246
1745	TTT	12
1745	CTC	11
1745	TTA	8
1745	TCC	3
1745	GTC	2
1746	TCT	8141
1746	TCC	75
1746	TTT	26
1746	ACT	21
1746	CCT	20
1747	AAT	8210
1747	AAC	54
1747	AGT	14
1747	GAT	4
1747	CAT	2
1748	AAA	8274
1748	AAG	7
1749	ATG	7865
1749	ATT	369
1749	ATA	23
1749	GTG	10
1749	TTG	9
1749	CTG	5
1749	ACG	2
1750	CAT	7872
1750	CTT	336
1750	TAT	25
1750	CGT	24
1750	CAC	12
1750	TGT	6
1750	AAT	5
1751	ATT	8228
1751	ATC	47
1751	GTT	7
1752	AAA	8271
1752	AAG	4
1752	AAT	4
1752	GAA	2
1752	AGA	2
1753	TCT	8236
1753	TCA	20
1753	TCC	16
1753	CCT	4
1753	TTT	3
1754	TCC	8009
1754	TCT	264
1754	TCA	3
1754	TTC	3
1754	CCC	2
1755	ACT	8231
1755	ATT	23
1755	TCT	13
1755	GCT	9
1755	AAT	3
1755	ACC	2
1756	GTT	8207
1756	ATT	44
1756	GTC	16
1756	GCT	10
1756	GGT	2
1756	TTT	2
1757	ACC	8209
1757	ATC	33
1757	ACA	16
1757	ACT	12
1757	GCC	6
1757	AAC	5
1758	ACA	8029
1758	ACC	163
1758	AAA	48
1758	ACT	14
1758	ACG	13
1758	ATA	7
1758	GCA	4
1758	TCA	3
1759	AGA	4930
1759	AAA	3332
1759	GGA	3
1760	TTC	8123
1760	TTT	91
1760	CTC	38
1760	TTA	13
1760	TCC	2
1760	GTC	2
1761	AAT	8223
1761	AAC	37
1761	AGT	9
1762	TAT	8265
1762	TAC	4
1763	AGC	8243
1763	AGT	18
1763	GGC	4
1763	TGC	4
1763	AAC	2
1764	AGA	8165
1764	AAA	90
1764	AGG	12
1764	AAC	2
1765	CAA	8245
1765	CAG	27
1765	CAT	2
1766	GAC	8100
1766	GAT	173
1767	TTG	8151
1767	TTA	73
1767	CTG	49
1768	TAC	8230
1768	TAT	40
1768	CAC	2
1769	AAT	8259
1769	AAC	14
1770	TTA	8221
1770	TTG	12
1770	CTA	2
1771	TTT	8196
1771	TTC	43
1771	TTY	2
1772	CCA	8199
1772	CCG	41
1772	CCT	9
1773	ATT	8195
1773	AAT	27
1773	ACT	8
1773	GTT	6
1773	ATA	5
1773	TTT	3
1773	ATC	2
1774	GTT	8219
1774	ATT	36
1774	GTA	17
1774	GTC	3
1774	GCT	2
1775	GTG	8223
1775	GTA	31
1775	ATG	22
1776	ATA	8266
1776	GTA	6
1776	ATT	3
1776	ACA	2
1776	ATG	2
1777	GAC	8232
1777	GAT	42
1777	GGC	3
1778	AGG	8221
1778	AGA	34
1778	AAG	21
1778	AAA	2
1779	ATT	8207
1779	ATC	71
1780	ATA	8257
1780	GTA	21
1781	GAT	8269
1781	GAC	13
1782	CAT	8277
1782	CAC	5
1783	TCA	8263
1783	GCA	7
1783	TCG	7
1783	TCT	5
1784	GGT	8141
1784	GGC	141
1785	AAT	8225
1785	AAC	56
1786	ACA	8264
1786	ATA	6
1786	ACG	6
1786	ACC	4
1786	ACT	2
1787	GAA	8035
1787	GCA	150
1787	GGA	64
1787	GAG	20
1787	GCC	4
1787	GTA	3
1788	AAA	8236
1788	AAG	29
1788	AGA	11
1788	AAC	3
1788	AAT	2
1789	TCT	8123
1789	TCC	117
1789	TTT	27
1789	ACT	9
1789	TCA	3
1789	TAT	2
1789	TCG	2
1790	AAC	8184
1790	AGC	64
1790	AAT	30
1790	AAA	2
1791	CAA	8268
1791	CAG	13
1792	CTT	8252
1792	CTC	17
1792	TTT	9
1792	CTA	4
1793	TAC	8099
1793	TAT	183
1794	ACC	8166
1794	ACT	55
1794	ATC	45
1794	ACA	14
1794	ACG	2
1795	ACC	7932
1795	ACT	334
1795	ACA	13
1795	ACY	2
1795	GCC	2
1796	ACT	8244
1796	ATT	11
1796	ACC	9
1796	ACA	8
1796	TCT	6
1796	GCT	6
1797	TCA	8236
1797	TTA	13
1797	TCT	10
1797	TCG	8
1797	CCA	8
1797	ACA	7
1798	CAT	8212
1798	CAC	48
1798	TAT	13
1798	CGT	3
1798	CAA	3
1798	AAT	3
1798	CTT	2
1799	CAG	8243
1799	CAA	27
1799	CAT	4
1799	CTG	3
1799	CGG	2
1799	CCG	2
1800	ACA	8242
1800	ATA	19
1800	ACG	19
1800	GCA	2
1801	TCT	8226
1801	TCC	49
1801	TCA	5
1801	TTT	2
1802	TTA	8229
1802	CTA	32
1802	TTG	16
1802	TTT	4
1802	TCA	3
1803	GTA	8252
1803	ATA	9
1803	GTG	7
1803	TTA	7
1803	GCA	7
1804	AGG	8227
1804	AGA	34
1804	AAG	17
1804	CAC	3
1804	CGG	2
1805	AAT	8233
1805	AAC	46
1805	AGT	3
1806	AGT	8271
1806	AGC	8
1806	GGT	3
1807	GCA	7975
1807	ACA	301
1807	GCG	5
1807	GCT	2
1808	TCA	8275
1808	TCG	8
1809	CTT	8253
1809	CTC	16
1809	ATT	13
1810	TAT	8100
1810	TAC	184
1811	TGC	8153
1811	TGT	126
1811	AGC	4
1812	ATG	8264
1812	TTG	14
1812	ATT	3
1813	CTT	8258
1813	CTC	22
1813	CTA	2
1814	CCT	8268
1814	CCC	11
1814	CCG	3
1815	TGG	8282
1816	CAT	8247
1816	CAC	34
1817	CAT	8270
1817	CAC	12
1818	GTC	8192
1818	ATC	49
1818	GTT	30
1818	ATT	5
1818	GTA	3
1818	RTY	2
1819	AAT	8250
1819	AAC	27
1820	AGA	8265
1820	AGG	15
1821	TTT	8196
1821	TTC	52
1821	TTA	19
1821	GTT	5
1821	CTT	4
1821	TTY	2
1822	AAC	8227
1822	AAT	50
1822	AAY	2
1823	TTT	8195
1823	TTC	86
1824	GTA	8256
1824	GTG	24
1825	TTT	8270
1825	TTC	11
1826	AGT	8264
1826	AGC	17
1827	TCC	8229
1827	TCT	43
1827	TCA	7
1827	TCY	2
1828	ACA	8244
1828	ACT	28
1828	ACG	9
1829	GGA	8252
1829	GGG	24
1829	GGT	4
1829	GGW	2
1830	TGC	8161
1830	TGT	120
1830	TGY	3
1831	AAG	7933
1831	AAA	348
1831	AAR	2
1832	ATC	8178
1832	ATT	59
1832	GTC	27
1832	ATA	14
1832	TTC	3
1833	AGT	8219
1833	AGC	60
1833	TGT	2
1833	GGT	2
1834	ATA	8213
1834	GTA	68
1835	GAA	7248
1835	GAG	1018
1835	GGG	8
1835	AAA	3
1835	GAR	2
1836	TAT	8228
1836	TGT	22
1836	TAC	20
1836	CAT	13
1837	ATT	8216
1837	ATC	47
1837	GTT	12
1837	ATA	9
1838	TTA	8196
1838	TTG	70
1838	CTA	12
1838	TTT	3
1839	AAA	8240
1839	AAG	38
1839	AGA	4
1840	GAT	8272
1840	GAC	5
1840	AAT	4
1840	GAA	2
1841	CTT	8253
1841	CTC	26
1841	TTT	2
1841	CTA	2
1842	AAG	8164
1842	AAA	115
1842	AAT	3
1843	ATT	8259
1843	ATC	16
1843	GTT	4
1843	TTT	3
1844	AAA	7976
1844	AAG	295
1844	AGG	5
1844	GAA	4
1844	AAR	2
1845	GAT	8113
1845	GAC	155
1845	AAC	8
1845	AAT	5
1845	GAA	3
1846	CCC	8181
1846	CCT	89
1846	CTC	10
1846	CCY	2
1847	AGT	8213
1847	AAT	46
1847	AGC	18
1847	TGT	4
1847	ART	2
1848	TGT	8250
1848	AGT	13
1848	TGC	13
1849	ATA	8251
1849	GTA	13
1849	CTA	5
1849	ATG	3
1850	GCA	8260
1850	GCG	8
1850	GCT	5
1850	GTA	2
1851	TTC	8219
1851	TTT	54
1852	ATA	8264
1852	GTA	10
1853	GGT	8209
1853	GGC	66
1854	GAA	8269
1854	GAG	6
1855	GGA	8265
1855	GGT	11
1855	GGG	7
1856	GCT	8264
1856	GCA	13
1856	GCC	5
1857	GGT	8221
1857	GGC	57
1857	GGG	4
1858	AAC	8259
1858	AAT	24
1859	TTA	8271
1859	TTG	6
1859	CTA	5
1860	TTA	8265
1860	TTG	9
1860	CTA	9
1861	TTA	8187
1861	TTG	87
1861	CTA	7
1862	CGT	8225
1862	CGC	54
1862	CGG	2
1863	ACG	8031
1863	ACA	241
1863	ACT	5
1863	ACR	3
1863	GCG	2
1864	GTA	8232
1864	GTG	30
1864	ATA	10
1864	GTT	7
1864	GCA	2
1865	GTA	8241
1865	GTG	33
1865	ATA	4
1865	GTT	3
1865	GCA	2
1866	GAA	7761
1866	GAG	521
1866	AAA	2
1867	CTT	8277
1867	CTC	4
1867	CTG	2
1868	CAT	8171
1868	CAC	112
1869	CCT	8170
1869	CCA	99
1869	CCC	12
1869	TCT	2
1870	GAC	8251
1870	GAT	23
1870	AAC	6
1871	ATA	8275
1871	ATG	5
1872	AGA	8261
1872	AGG	16
1872	AAA	6
1873	TAT	8162
1873	TAC	120
1874	ATT	8280
1874	ATC	3
1875	TAC	8248
1875	TAT	36
1876	AGA	8276
1876	AGG	8
1877	AGT	8281
1877	AGC	3
1878	TTA	8255
1878	TTG	23
1878	CTG	5
1879	AAA	8278
1879	AAG	6
1880	GAT	8279
1880	GAC	5
1881	TGC	8256
1881	TGT	28
1882	AAT	8216
1882	AAC	65
1883	GAT	8279
1883	GAC	5
1884	CAT	8250
1884	CAC	34
1885	AGT	8273
1885	AGC	11
1886	TTA	8236
1886	TTG	44
1886	CTA	2
1887	CCT	8243
1887	CCC	33
1887	CCA	6
1888	ATT	8117
1888	ATC	167
1889	GAA	8271
1889	GAG	13
1890	TTT	8268
1890	TTC	12
1890	CTT	3
1891	CTA	8231
1891	TTA	39
1891	CTG	13
1892	AGG	8205
1892	AGA	79
1893	TTA	8260
1893	TTG	17
1893	CTG	4
1893	CTA	3
1894	TAC	8266
1894	TAT	15
1894	CAC	2
1895	AAC	8099
1895	AAT	179
1895	AGC	4
1896	GGG	8205
1896	GGA	27
1896	AGG	26
1896	GGC	16
1896	GGT	5
1896	GAG	5
1897	CAT	8265
1897	TAT	11
1897	CTT	4
1897	CAC	2
1898	ATA	8229
1898	GTA	22
1898	ATC	14
1898	ACA	8
1898	CTA	8
1898	ATG	3
1899	AAC	8255
1899	AAT	10
1899	ACC	9
1899	AGC	4
1899	CAC	3
1899	AAA	2
1900	ATA	8246
1900	ATT	23
1900	GTA	9
1900	ATG	3
1901	GAT	8276
1901	GAC	8
1902	TAT	8281
1902	TAC	2
1903	GGT	8275
1903	GGC	8
1904	GAG	8226
1904	GAA	55
1905	AAT	8237
1905	AAC	39
1905	TAT	6
1906	TTA	8269
1906	TTG	15
1907	ACC	8184
1907	ACT	100
1908	ATT	8220
1908	ATC	55
1908	GTT	7
1908	ATA	3
1909	CCT	8261
1909	CCG	13
1909	CCC	10
1910	GCT	8198
1910	GCC	87
1911	ACA	8028
1911	ACG	243
1911	ACT	13
1912	GAT	8278
1912	GAC	7
1913	GCA	8170
1913	GCT	85
1913	GCG	29
1914	ACT	8252
1914	ACC	29
1914	RCT	3
1915	AAC	8143
1915	AAT	141
1916	AAC	8149
1916	AGC	67
1916	ATC	40
1916	AAT	19
1916	GGC	6
1916	AAA	4
1917	ATA	8148
1917	ATT	121
1917	ACA	6
1917	ATC	5
1918	CAT	8272
1918	CAC	12
1919	TGG	8285
1920	TCT	8276
1920	TCC	3
1920	TTT	3
1921	TAT	8281
1921	TAC	2
1922	TTA	8217
1922	TTG	61
1922	CTA	7
1923	CAT	7146
1923	CAC	1136
1923	CAY	3
1924	ATA	8177
1924	TTA	52
1924	ATT	52
1924	ATC	2
1925	AAA	8267
1925	AAG	13
1925	AAC	2
1926	TTT	8276
1926	TTC	6
1926	CTT	2
1927	GCA	8254
1927	GCG	12
1927	GCT	6
1927	CCA	4
1927	GTA	4
1927	ACA	3
1927	TCA	2
1928	GAA	8272
1928	GAG	9
1928	GGA	2
1929	CCT	8243
1929	CCC	26
1929	CCA	9
1929	TCT	6
1930	ATT	8252
1930	GTT	22
1930	ATC	11
1931	AGT	8084
1931	AGC	187
1931	GGT	8
1931	AAT	6
1932	ATC	8244
1932	GTC	18
1932	ATT	16
1932	CTT	5
1932	ATA	2
1933	TTT	8229
1933	TTC	56
1934	GTC	8033
1934	GTT	203
1934	ATC	41
1934	GGC	5
1934	GCC	2
1935	TGT	7276
1935	TGC	1008
1936	GAT	8281
1936	GAC	4
1937	GCT	8198
1937	GCG	57
1937	GCC	25
1937	GCA	5
1938	GAA	8271
1938	GAG	14
1939	TTA	8231
1939	TTG	48
1939	CTA	5
1940	CCT	8237
1940	CCC	24
1940	TCT	22
1941	GTC	8002
1941	ATC	153
1941	GTT	122
1941	GCC	4
1941	GTA	4
1942	ACA	8219
1942	ATA	43
1942	ACG	15
1942	ATG	2
1942	GCA	2
1943	GCC	7844
1943	ACC	251
1943	GTC	138
1943	GCT	39
1943	GAC	5
1943	TCC	5
1943	GYC	2
1944	AAT	8246
1944	AAC	32
1944	AGT	3
1944	TAT	2
1944	GAT	2
1945	TGG	8284
1946	AGT	8155
1946	AGC	100
1946	AAT	20
1946	ATT	5
1946	GGT	3
1947	AAA	8160
1947	AAC	78
1947	AAG	36
1947	GAC	7
1947	AAT	2
1948	ATC	6320
1948	ATT	1962
1948	ATY	3
1949	ATA	8258
1949	ACA	13
1949	GTA	10
1949	ATT	3
1950	ATT	8162
1950	ATA	59
1950	ATC	46
1950	ACT	11
1950	ACC	3
1951	GAA	8262
1951	GAG	23
1952	TGG	8285
1953	AGT	8214
1953	AGC	46
1953	AAT	23
1953	TGT	2
1954	AAG	8231
1954	AAA	48
1954	AGG	5
1955	CAT	8283
1956	GTA	8198
1956	GTG	51
1956	GCA	13
1956	ATA	8
1956	GTT	5
1956	GTC	5
1956	TTA	2
1957	AGA	8242
1957	AGG	36
1957	GGA	3
1958	AAG	8237
1958	AGG	18
1958	AAA	18
1958	ATG	11
1959	TGC	8235
1959	TGT	48
1960	AAA	8116
1960	AAG	165
1960	AGA	2
1961	TAC	8219
1961	TAT	61
1961	CAC	3
1962	TGT	8245
1962	TGC	39
1963	TCT	8213
1963	TCC	43
1963	TTT	17
1963	TCA	8
1963	TAT	2
1964	TCT	8254
1964	TCC	11
1964	TTT	9
1964	TCA	4
1964	ACT	3
1964	TAT	2
1965	GTA	7301
1965	ATA	853
1965	GCA	106
1965	GTG	10
1965	GTT	7
1965	RTA	3
1965	GYA	2
1966	AAT	8158
1966	AAC	99
1966	AGT	21
1966	AAG	3
1966	GAT	2
1967	AGA	8265
1967	AAA	10
1967	AGG	5
1967	GGA	3
1968	TGC	8178
1968	TGT	104
1969	ATT	8229
1969	ATC	28
1969	GTT	13
1969	ACA	4
1969	ATG	4
1969	ATA	3
1969	ACT	2
1970	TTA	8196
1970	TTG	80
1970	CTA	6
1971	ATT	8232
1971	ATC	44
1971	ATA	5
1971	GTT	2
1972	GCA	8232
1972	GTA	26
1972	ACA	13
1972	GCG	9
1972	GCT	3
1973	AAA	8281
1973	AAG	3
1974	TAC	7329
1974	TAT	929
1974	TGC	26
1975	CAT	8280
1975	CAC	4
1976	GCT	8247
1976	GCC	35
1977	CAA	8274
1977	CAG	3
1977	CGA	3
1978	GAT	8276
1978	GAC	4
1978	AAT	2
1979	GAT	8264
1979	GAC	14
1979	GGT	3
1980	ATT	8222
1980	ATG	28
1980	TTT	12
1980	ACT	9
1980	GTT	5
1980	ATC	4
1981	GAT	8254
1981	AAT	17
1981	GAC	11
1982	TTC	8172
1982	TTA	63
1982	CTC	27
1982	TCC	10
1982	TTT	8
1983	AAA	8263
1983	AAG	10
1983	AGA	6
1983	AAT	2
1984	TTA	8226
1984	CTA	35
1984	TTG	18
1984	ATA	2
1985	GAT	8224
1985	GAC	36
1985	AAT	16
1985	GAA	2
1986	AAC	8150
1986	AAT	105
1986	GAC	21
1986	AGC	4
1986	CAC	2
1987	ATT	4440
1987	ATC	2611
1987	ATA	766
1987	ACT	449
1987	GTT	7
1987	ACC	3
1987	ATM	3
1987	ATY	2
1988	ACT	8258
1988	ACC	20
1988	ATT	3
1989	ATA	8263
1989	GTA	12
1989	ACA	3
1989	ATC	2
1990	TTA	8240
1990	TTG	15
1990	CTA	14
1990	GTA	10
1990	TTT	2
1990	TCA	2
1991	AAA	8272
1991	AAG	12
1992	ACT	8234
1992	ACC	43
1992	ACA	3
1992	ACG	2
1993	TAT	8182
1993	TAC	97
1993	CAT	3
1994	GTG	8129
1994	GTA	91
1994	GTT	57
1994	GCG	3
1994	GTR	3
1995	TGC	8264
1995	TGT	21
1996	CTA	7934
1996	TTA	308
1996	CTG	38
1996	YTA	3
1997	GGT	8217
1997	GGC	62
1997	AGT	3
1997	GGY	2
1998	AGC	8246
1998	AGT	31
1998	GGC	4
1998	AGY	2
1999	AAG	8278
1999	AAA	5
2000	TTA	8225
2000	TTG	47
2000	TCA	6
2000	CTA	3
2000	TYA	2
2001	AAA	8269
2001	AAG	13
2002	GGA	8274
2002	GGG	7
2002	GGT	2
2003	TCT	8191
2003	TCC	90
2003	TCA	3
2004	GAA	8266
2004	GAG	18
2005	GTT	8270
2005	GTC	7
2005	ATT	2
2005	GTA	2
2006	TAC	7973
2006	TAT	311
2007	TTA	8047
2007	CTA	231
2007	TTG	4
2008	GTC	8215
2008	GTT	47
2008	ATC	22
2009	CTT	8234
2009	ATT	18
2009	CTC	15
2009	TTT	15
2009	MTT	2
2010	ACA	8256
2010	ACG	17
2010	ATA	9
2011	ATA	8255
2011	GTA	23
2011	ATG	6
2012	GGC	8043
2012	GGA	128
2012	GGT	102
2012	GGG	11
2013	CCT	8268
2013	CCC	9
2013	CCA	7
2014	GCA	8123
2014	GCG	57
2014	GCC	45
2014	TCA	38
2014	ACA	10
2014	GTA	5
2014	GCT	5
2015	AAT	8235
2015	AAC	48
2016	ATA	8109
2016	ATG	122
2016	GTA	38
2016	ACA	8
2016	GTG	3
2016	RTR	2
2017	CTT	8253
2017	TTT	13
2017	CTC	10
2017	TTC	3
2017	YTY	2
2018	CCT	8229
2018	CCC	48
2018	CCA	3
2018	CCW	2
2018	TCT	2
2019	GTT	8169
2019	ATT	54
2019	GCT	30
2019	GGT	16
2019	GTC	6
2019	GTA	5
2019	GTW	2
2020	TTT	8278
2020	TTC	5
2021	GAT	8185
2021	AAT	89
2021	GAA	3
2021	RAT	2
2021	GGT	2
2021	GAC	2
2022	GTT	8209
2022	ATT	49
2022	GTC	12
2022	GTA	7
2022	GTW	3
2023	GTG	8160
2023	GTT	95
2023	GTA	25
2023	GTR	2
2024	CAA	8268
2024	CAG	14
2025	AAT	8272
2025	CAT	4
2025	AGT	3
2025	AAC	3
2025	ATT	2
2026	GCT	8241
2026	GCC	39
2026	GCA	4
2027	AAA	8257
2027	AAG	26
2028	TTG	8262
2028	TTA	17
2028	CTG	3
2028	ATG	2
2029	ATT	8237
2029	ATC	30
2029	ATA	15
2029	ATW	2
2030	CTT	8253
2030	CTC	16
2030	CTA	9
2030	CTW	2
2030	TTT	2
2031	TCA	8276
2031	TCG	4
2031	TCT	3
2032	AGA	8256
2032	AGG	21
2032	AAA	5
2033	ACT	8250
2033	ACC	19
2033	ACA	9
2033	TCT	2
2034	AAA	8269
2034	AAG	12
2035	AAT	8207
2035	AAC	57
2035	AGT	10
2035	ACT	3
2035	TAT	3
2035	AAA	2
2036	TTC	8246
2036	TTT	37
2037	ATT	8267
2037	ATC	9
2037	GTT	5
2038	ATG	8282
2038	GTG	2
2039	CCT	8198
2039	CCC	69
2039	CCG	13
2039	CCA	4
2040	AAA	8274
2040	AAG	8
2040	AAR	2
2041	AAG	8106
2041	AAA	175
2041	AAT	2
2042	ATT	8178
2042	ACT	87
2042	ATC	9
2042	GTT	6
2042	GCT	3
2043	GAC	8255
2043	GAT	30
2044	AAG	8173
2044	AAA	109
2045	GAA	8257
2045	GAG	19
2045	GAT	9
2046	TCT	8258
2046	TCC	25
2047	ATC	7762
2047	ATT	509
2047	ATA	10
2048	GAT	8254
2048	GAC	25
2049	GCA	8271
2049	GCT	7
2049	GCG	4
2050	AAT	8270
2050	AAC	9
2051	ATT	8250
2051	ATC	24
2051	GTT	3
2051	ATY	2
2052	AAA	8264
2052	AAG	18
2053	AGC	8220
2053	AGT	53
2053	GGC	7
2054	TTA	8264
2054	TTG	16
2054	CTA	3
2055	ATA	8257
2055	ATG	26
2055	ACA	2
2056	CCT	8273
2056	CCC	12
2057	TTC	8238
2057	TTT	45
2058	CTT	8229
2058	CTC	47
2058	ATT	6
2059	TGT	8270
2059	CGT	8
2059	TAT	3
2059	TGC	2
2060	TAC	8219
2060	TAT	29
2060	CAC	28
2060	TGC	4
2060	TTC	3
2060	AAC	2
2061	CCT	8272
2061	CCC	10
2061	CCA	3
2062	ATA	8281
2062	ATT	2
2063	ACA	8235
2063	ACT	47
2063	ACG	3
2064	AAA	8249
2064	AAG	28
2064	AGA	6
2065	AAT	8098
2065	AAA	123
2065	AAC	31
2065	AGT	31
2065	AAG	2
2066	GGA	8252
2066	AGA	24
2066	GGT	4
2066	GGG	3
2067	ATT	8227
2067	ATC	52
2067	ATA	4
2068	AAG	8230
2068	AAA	51
2068	AAT	3
2069	ACT	8238
2069	ATT	22
2069	ACA	9
2069	ACC	8
2069	AAT	3
2069	GCT	2
2069	ACG	2
2070	TCA	8267
2070	TCT	10
2070	TCC	3
2070	GCA	3
2070	TCG	2
2071	TTG	8220
2071	TTA	48
2071	CTG	13
2071	GTG	2
2072	TCA	8241
2072	TCT	20
2072	TTA	12
2072	TCG	6
2072	ACA	5
2073	AAA	8249
2073	AAG	36
2074	TTG	8189
2074	TTA	84
2074	CTG	12
2075	AAG	8190
2075	AAA	87
2075	AGG	7
2076	AGT	8230
2076	GGT	45
2076	AGC	6
2076	AAT	4
2077	GTA	8236
2077	ATA	37
2077	GTG	6
2077	GTT	5
2078	GTT	8255
2078	GTC	18
2078	ATT	6
2078	GTG	3
2079	AAT	8257
2079	AAC	18
2079	AGT	10
2080	GGA	8257
2080	GGG	20
2080	GAA	3
2080	GGT	2
2080	AGA	2
2081	GAT	8277
2081	GAC	4
2081	AAT	2
2082	ATA	8283
2083	TTA	8084
2083	TTG	191
2083	CTA	9
2084	TCA	8266
2084	TCG	11
2084	CCA	5
2085	TAT	8264
2085	TAC	16
2085	CAT	4
2086	TCT	8259
2086	TCC	22
2086	TAT	2
2087	ATA	8270
2087	GTA	6
2087	ACA	5
2087	ATG	2
2088	GCT	8267
2088	GCA	8
2088	GCC	8
2089	GGA	8248
2089	GGG	26
2089	GGT	9
2090	CGT	8232
2090	CGC	51
2091	AAT	8283
2091	AGT	2
2092	GAA	8279
2092	GAG	5
2093	GTA	8239
2093	GTG	39
2093	GTT	3
2094	TTC	8246
2094	TTT	37
2095	AGC	4964
2095	AGT	3301
2095	AGY	5
2096	AAC	8269
2096	AAT	14
2097	AAG	8240
2097	AAA	45
2098	CTT	8155
2098	CTC	129
2099	ATA	8285
2100	AAC	7827
2100	AAT	441
2100	ACT	10
2100	AAY	3
2101	CAC	8262
2101	CAT	21
2102	AAG	8263
2102	AAA	21
2103	CAT	8277
2103	TAT	6
2103	CAC	2
2104	ATG	8199
2104	ATA	33
2104	GTG	22
2104	ACG	12
2104	ATT	12
2104	AAG	4
2105	AAT	8259
2105	AAC	15
2105	AGT	10
2106	ATC	8267
2106	ATA	7
2106	ATT	6
2106	GTC	2
2107	TTA	8119
2107	CTA	157
2107	TTG	7
2108	AAA	8194
2108	AGA	82
2108	AAG	7
2109	TGG	8283
2110	CTG	7905
2110	CTA	295
2110	TTG	65
2110	TTA	8
2110	CTT	4
2110	ATG	3
2110	TTC	2
2111	GAT	8232
2111	AAT	26
2111	GAC	13
2111	GGT	8
2112	CAT	8223
2112	CAC	41
2112	TAT	19
2113	GTT	8251
2113	GTA	20
2113	GTC	5
2113	GCT	5
2113	ATT	2
2114	TTA	8273
2114	TTG	7
2115	AAC	8228
2115	AAT	49
2115	AAA	2
2115	GAC	2
2115	TAC	2
2116	TTT	8280
2116	TTC	4
2117	AGA	8252
2117	AAA	19
2117	AGG	8
2117	GGA	5
2118	TCA	8217
2118	TCC	28
2118	TCG	22
2118	TCT	9
2118	TTA	7
2119	GCT	8205
2119	GTT	39
2119	ACT	17
2119	TCT	8
2119	GCG	6
2119	GCC	3
2119	ACA	2
2119	ACC	2
2119	GCA	2
2120	GAA	8272
2120	GAG	6
2120	GAT	3
2121	CTT	8222
2121	CCT	26
2121	TTT	15
2121	CTC	9
2121	CTG	4
2121	CTA	3
2121	TTA	2
2122	AAT	8270
2122	AAC	13
2123	TAC	8271
2123	TAT	9
2123	TTC	3
2124	AAT	8278
2124	AAC	5
2125	CAT	8282
2125	TAT	2
2126	TTA	8245
2126	CTA	30
2126	TTG	9
2127	TAC	8224
2127	TAT	59
2128	ATG	8265
2128	ATA	14
2129	ATA	8263
2129	GTA	12
2129	ATG	2
2130	GAG	8253
2130	GAA	23
2131	TCC	8084
2131	TCT	116
2131	TCA	76
2132	ACA	8264
2132	ACG	11
2132	ACT	2
2133	TAT	8265
2133	TAC	11
2134	CCT	8248
2134	CCC	13
2134	CTT	10
2134	TCT	7
2134	CCA	2
2135	TAC	8231
2135	TAT	20
2135	CAC	20
2135	TTC	4
2135	CAT	3
2135	TGC	3
2136	TTG	7864
2136	TTA	333
2136	CTG	84
2136	CTA	2
2137	AGT	8271
2137	AGC	10
2138	GAA	8258
2138	GAG	23
2138	GGA	2
2139	TTA	7410
2139	TTG	869
2140	TTA	8250
2140	CTA	16
2140	TTG	15
2141	AAT	8266
2141	AAC	15
2142	AGT	8250
2142	AGC	30
2143	TTA	8210
2143	TTG	54
2143	CTA	14
2144	ACA	8248
2144	ACT	21
2144	ACG	7
2145	ACC	8240
2145	ACT	21
2145	ACA	15
2146	AAT	8271
2146	AAC	3
2147	GAG	8192
2147	GAA	18
2147	GGG	2
2148	CTC	8062
2148	CTT	138
2148	CTA	7
2148	TTT	3
2149	AAG	8022
2149	AAA	34
2150	AAG	8041
2150	AAA	12
2151	CTG	8017
2151	TTG	14
2151	CTT	9
2151	ATG	7
2151	CTA	6
2152	ATT	7969
2152	ATC	58
2152	GTT	14
2152	ATA	6
2152	ACT	3
2153	AAA	8039
2153	AAG	13
2154	ATA	8021
2154	ATC	22
2154	ATT	3
2155	ACA	7923
2155	ACG	109
2155	ACT	2
2156	GGT	7943
2156	GGC	70
2156	GGA	10
2156	GGG	4
2157	AGT	7996
2157	GGT	15
2157	AGC	12
2158	GTA	7886
2158	GTG	56
2158	GCA	11
2158	ATA	6
2158	TTG	2
2159	CTA	7843
2159	TTA	26
2159	CTG	11
2159	GCA	3
2160	TAC	7634
2160	TAT	42
2160	CAC	5
2160	TTC	4
2160	TAG	3
2161	AAC	7629
2161	AAT	13
2161	TAC	9
2161	AGC	9
2161	GAC	3
2161	ACC	2
2162	CTT	7567
2162	TTT	40
2162	ATT	25
2162	CTC	18
2162	CAT	3
2162	CCT	2
2163	CCT	7456
2163	CCC	159
2163	TCT	17
2163	CTC	7
2163	CAT	3
2163	TAT	2
2163	ACT	2
2164	AAT	7370
2164	AAC	167
2164	AGT	103
2164	GAT	4
2164	ATT	3
2165	GAA	7159
2165	GAG	338
2165	GGA	69
2165	GAC	33
2165	GTA	32
2165	GAT	7
2165	AAA	2
2166	CAG	7570
2166	CAA	57
2166	CGG	4
2166	TAG	3
2166	CTG	2
2167	TAA	7595
2167	TGA	22
2167	TAG	17

#KF640637|M
1	ATG	10051
1	AAG	8
2	GAA	10056
2	GAG	3
2	GAR	2
3	ACA	10046
3	ACG	3
3	ATA	3
3	ACT	3
3	ACC	2
4	TAC	10015
4	TAT	22
5	GTG	10041
6	AAC	9999
6	AAT	28
6	ATC	2
7	AAG	9999
7	AAA	44
8	CTT	10045
9	CAC	10040
9	CAT	13
9	TAC	2
10	GAA	10029
10	GAG	22
11	GGC	10038
11	GGT	15
11	GGA	11
11	GAC	4
12	TCC	10028
12	TCT	39
13	ACA	10068
14	TAC	10024
14	TAT	42
14	CAA	5
15	ACA	10057
15	ACC	7
15	ACG	6
15	ACT	3
16	GCA	10039
16	GCG	16
16	GCT	14
16	GTA	10
17	GCT	10062
17	GCC	13
17	GCA	8
18	GTC	7873
18	GTT	2211
18	GTA	3
19	CAG	10041
19	CAA	46
20	TAC	10043
20	TAT	43
21	AAT	10067
21	AAC	20
22	GTT	10054
22	GTC	31
23	CTA	9674
23	CTG	332
23	TTA	62
23	ATA	17
24	GAA	10051
24	GAG	34
25	AAA	9852
25	AAG	230
25	AGG	3
26	GAT	10055
26	GAC	29
27	GAT	10078
27	GAC	3
27	GAA	2
27	GGT	2
28	GAT	10072
28	GAC	7
28	AAT	6
29	CCC	9222
29	CCT	814
29	CCA	43
29	CCY	5
30	GCA	10072
30	GCG	10
31	TCA	10053
31	TCG	30
31	TCT	2
32	CTA	9973
32	TTA	87
32	CTT	17
32	CTG	6
33	ACA	10077
33	ACT	7
33	ACG	3
34	ATA	10089
34	GTA	2
35	TGG	10086
36	GTG	9939
36	GTT	74
36	GTA	73
37	CCT	10010
37	CCC	78
38	ATG	10088
39	TTC	9968
39	TTT	122
40	CAG	10039
40	CAA	53
41	TCA	10083
41	TCT	6
41	TCG	2
42	TCT	10009
42	TCC	65
42	TCA	12
43	GTG	10016
43	GTA	47
43	GTT	19
43	ATG	6
44	CCA	10022
44	CCT	57
44	CCG	10
45	GCA	6167
45	GCC	3480
45	GCT	432
45	GCG	4
45	GCM	3
46	GAC	9970
46	GAT	114
46	AAC	2
47	TTG	9853
47	TTA	146
47	CTG	80
47	CTA	4
47	TCG	2
47	ATG	2
48	CTC	10072
48	CTT	16
49	ATA	10051
49	ATC	35
49	ATT	3
50	AAA	10073
50	AAG	16
51	GAA	10076
51	GAG	14
52	CTT	9997
52	CTC	86
52	CTA	3
53	GCA	10068
53	GCG	10
53	GCT	3
53	GTA	2
53	GCC	2
54	AGC	10053
54	AGT	18
54	AAC	14
55	ATC	9991
55	ATT	69
55	ATA	21
55	GTC	8
56	AAC	9993
56	AGC	67
56	AAT	26
57	ATA	10085
57	ATC	2
58	CTA	9775
58	TTA	184
58	CTG	121
58	CTC	6
58	CTT	2
59	GTA	9849
59	GTG	234
59	GTT	3
60	AAG	10056
60	AAA	31
61	CAG	10064
61	CAA	22
62	ATC	10053
62	ATT	19
62	ATA	12
62	GTC	4
63	TCT	9817
63	TCC	260
63	TCY	6
63	TCA	3
64	ACG	9781
64	ACA	299
64	ACR	3
64	ATG	3
65	CCC	9964
65	CCT	117
65	TCC	4
65	CCA	3
66	AAA	10071
66	AAG	16
67	GGA	10074
67	GGG	13
68	CCT	10073
68	CCC	10
68	CCG	2
68	CCA	2
69	TCA	10080
69	TCG	5
69	TCC	2
69	TCT	2
70	CTA	10053
70	CTG	20
70	TTA	16
71	CGA	9746
71	CGG	324
71	AGA	12
71	CGT	5
72	GTC	10053
72	GTT	31
72	GTA	5
73	ACG	5658
73	ACA	4374
73	ATG	37
73	ACT	7
73	ATA	6
73	ACR	2
74	ATC	9957
74	ATT	120
74	ATA	7
75	AAC	10062
75	AAT	23
76	TCA	10079
76	TCG	8
77	AGA	10084
77	AGG	5
78	AGT	10055
78	AGC	34
79	GCT	10006
79	GCW	58
79	GCA	5
80	GTG	10053
80	GTA	27
80	GTT	7
81	CTG	9993
81	CTA	49
81	TTG	42
81	CTT	5
82	GCT	10049
82	GCA	35
82	GCC	6
83	CAA	10082
83	CAG	3
83	CGA	2
84	ATG	10087
85	CCT	9292
85	CCC	793
85	CCY	3
86	AGT	9747
86	AGC	332
86	AAT	8
86	AGA	2
87	AAT	10050
87	AAC	24
87	AGT	12
87	ACT	3
88	TTC	10025
88	TTT	64
89	ACC	9667
89	ATC	384
89	ACT	30
89	ACA	5
90	ATA	10075
90	ATC	16
91	AGT	9946
91	AGC	144
92	GCA	9942
92	GCG	127
92	GCC	20
93	AAT	10080
93	AAC	10
94	GTA	9998
94	GTG	84
94	GTC	4
94	GTT	2
95	TCA	10088
95	TCG	2
96	TTA	10071
96	TTG	11
96	CTA	8
97	GAT	10075
97	GAC	13
97	GAA	2
98	GAA	10004
98	GAG	87
99	AGA	10077
99	AGG	9
100	AGC	10077
100	AGT	10
101	AAA	10081
101	AAG	10
102	TTA	10033
102	TTG	32
102	CTA	20
103	GCA	10065
103	GCG	14
103	TCA	2
103	GCT	2
104	TAT	10052
104	TAC	31
105	GAT	10054
105	GAC	31
106	GTA	9877
106	GTG	195
106	ATA	5
106	GCA	3
106	GTR	3
106	GTT	2
107	ACT	9991
107	ACG	53
107	ACC	32
107	ACY	4
107	CCT	2
108	ACA	10076
108	ACG	6
109	CCT	10045
109	CCC	32
109	CCY	4
110	TGT	10046
110	TGC	35
111	GAA	9984
111	GAG	96
112	ATC	10059
112	ATT	19
112	ATY	3
112	ATA	2
113	AAA	10071
113	AAG	9
113	AAR	3
114	GCA	10040
114	GCG	38
114	GCR	3
114	GCC	2
115	TGC	10028
115	TGT	55
116	AGT	10060
116	AGC	10
117	TTA	7927
117	CTA	2127
117	CTG	14
117	TTG	4
117	YTA	3
118	ACA	10046
118	ACT	27
119	TGC	10058
119	TGT	24
120	TTA	5374
120	TTG	4689
120	CTA	7
120	CTG	6
120	YTR	3
120	TTR	3
121	AAA	10065
121	AAG	21
122	GTA	10013
122	GTG	54
122	ATA	6
122	GTT	5
122	KYA	3
122	GTC	2
122	GCA	2
123	AAA	10043
123	AAG	43
124	AGT	9958
124	AGC	71
124	AAT	51
124	ART	4
124	GGT	4
125	ATG	10087
126	TTA	10053
126	TTG	19
126	CTA	14
127	ACT	10013
127	ACC	67
127	ACA	7
128	ACA	10078
128	ACC	7
128	ACT	2
129	GTC	10033
129	GTT	36
129	GTA	15
130	AAA	10037
130	AAG	47
131	GAT	10083
131	GAC	4
132	CTA	9895
132	CTT	159
132	TTA	24
132	CTG	5
132	CTM	2
133	ACC	9907
133	ACT	174
133	ACY	3
134	ATG	10068
134	TTG	16
135	AAG	10026
135	AAA	50
135	AGG	4
135	AAR	2
136	ACA	9937
136	GCA	135
136	ACG	5
136	ATA	2
137	TTC	10067
137	TTT	10
137	CTC	2
137	ATC	2
137	YTC	2
138	AAC	9963
138	AAT	116
138	AAA	2
139	CCC	10013
139	CCT	43
139	CCA	20
139	CCM	2
140	ACT	10062
140	ACC	11
140	ACW	2
141	CAT	10043
141	CAC	38
142	GAG	10064
142	GAA	14
142	GAS	3
143	ATC	9915
143	ATT	166
144	ATT	10061
144	ATA	16
144	ATC	2
145	GCT	10056
145	GCC	20
145	GCA	7
146	CTA	9998
146	TTA	56
146	CTG	23
146	YTA	3
147	TGT	10056
147	TGC	27
148	GAA	10075
148	GAG	6
149	TTT	10033
149	TTC	48
150	GAA	10076
150	GAG	5
151	AAT	9984
151	AAC	97
152	ATT	9985
152	ATC	72
152	ACC	8
152	ATA	6
152	ACT	3
152	ATW	2
153	ATG	10055
153	ATA	16
153	GTG	5
153	ACG	3
154	ACA	10078
154	ACG	5
155	TCA	10069
155	TCG	5
155	TCT	4
155	TTA	3
156	AAA	10069
156	AAG	10
157	AGA	9985
157	AAA	48
157	AGG	41
157	ARA	3
157	ATA	2
158	GTA	10027
158	GTG	42
158	ATA	4
158	GTT	3
158	GCA	3
158	GTC	3
159	ATA	10068
159	ACA	12
159	GTA	4
159	ATR	2
160	ATA	10073
160	ATC	6
160	ATT	5
161	CCA	10079
161	CCG	6
162	ACC	10027
162	ACT	52
162	ACA	3
162	ACM	2
163	TAT	10004
163	TAC	80
164	CTA	10023
164	TTA	54
164	CTG	9
164	CTT	2
164	CCA	2
165	AGA	10069
165	AGG	14
165	CGA	6
166	TCA	10059
166	TCG	10
166	CCA	7
166	TCT	2
167	ATC	7830
167	ATT	2247
167	ATA	2
168	AGT	9998
168	AGC	66
168	AAT	11
169	GTC	10055
169	GTA	11
169	GTT	8
169	ATC	5
170	AAA	10063
170	AAG	17
171	AAC	10040
171	AAT	35
171	AGC	3
171	ACC	2
172	AAG	8299
172	AAA	1776
172	AGG	2
172	AAR	2
173	GAT	9019
173	GAC	1059
173	AAT	3
174	CTG	10035
174	TTG	32
174	CTA	11
175	AAC	10007
175	AAT	67
176	TCA	10060
176	TCG	19
177	CTG	9034
177	CTA	1009
177	TTG	20
177	TTA	12
177	CTT	7
178	GAA	10064
178	GAG	18
179	AAT	10042
179	AAC	37
180	ATA	10082
181	GCA	10071
181	GCG	5
181	GCC	2
181	GCT	2
181	GTA	2
182	ACC	10047
182	ACT	16
182	ACA	7
183	ACC	9804
183	ACT	258
183	ACY	4
183	ACA	3
184	GAA	10061
184	GAG	8
185	TTC	10035
185	TTT	25
186	AAA	10053
186	AAG	8
186	AGA	2
187	AAT	9969
187	AAC	91
187	WAT	2
188	GCT	10035
188	GCC	28
189	ATC	10051
189	ATT	11
189	ATA	8
190	ACC	10009
190	ACT	61
190	ACA	2
190	CCC	2
191	AAT	10062
191	AAC	14
192	GCT	9829
192	GCC	153
192	GCG	69
192	GCA	25
193	AAA	10070
193	AAG	6
194	ATT	9957
194	ATC	114
194	ATA	2
195	ATT	10042
195	ATC	20
195	ATA	12
196	CCC	10004
196	CCT	66
196	CCA	3
196	CCY	2
197	TAT	9958
197	TAC	115
198	GCA	9374
198	GCG	688
198	GCT	13
198	TCA	2
199	GGA	10072
199	GGG	7
200	TTA	9935
200	CTA	92
200	TTG	49
201	GTG	9118
201	GTA	953
201	GTT	5
201	CTG	2
202	TTA	9473
202	TTG	487
202	CTA	111
202	CTG	7
203	GTT	9883
203	GTC	167
203	GTG	27
204	ATC	10033
204	ATT	41
204	ATA	6
205	ACG	9596
205	ACA	474
205	ACT	6
205	ATG	4
206	GTT	9731
206	GTC	205
206	GTA	131
206	GTG	12
206	GYT	2
207	ACT	10064
207	ACC	8
207	ACG	7
207	GCT	4
208	GAT	9628
208	GAC	457
209	AAT	9571
209	AAC	515
210	AAA	9878
210	AAG	206
210	AAR	2
211	GGA	10040
211	GGT	29
211	GGG	16
212	GCA	10074
212	GCG	8
212	GCT	2
213	TTC	10002
213	TTT	83
214	AAG	9061
214	AAA	1024
215	TAT	9913
215	TAC	160
215	TTT	8
215	TAY	2
216	ATC	10045
216	ATT	27
216	ATA	13
217	AAG	9884
217	AAA	196
218	CCA	10038
218	CCG	38
218	CCT	5
218	CCC	3
219	CAG	10017
219	CAA	63
219	CAR	2
220	AGT	10070
220	AGC	14
221	CAA	10073
221	CAG	12
222	TTT	9529
222	TTC	549
222	TTA	5
223	ATA	10083
223	GTA	3
224	GTG	9748
224	GTA	328
224	GTT	10
225	GAT	10057
225	GAC	27
225	TAG	2
226	CTT	10061
226	CTG	9
226	CTA	9
226	CTC	6
227	GGT	10027
227	GGA	44
227	GGC	14
228	GCC	5337
228	GCT	4733
228	GCY	7
228	GCA	4
228	ACC	2
228	TCC	2
229	TAC	10068
229	TAT	20
230	CTA	10008
230	CTG	54
230	TTA	21
230	CTC	6
231	GAA	10038
231	GAG	52
232	AAA	10060
232	AAG	28
233	GAG	10025
233	GAA	65
234	AGC	10060
234	AGT	27
235	ATA	10089
236	TAT	10074
236	TAC	15
237	TAT	10086
237	TAC	2
237	TTT	2
238	GTG	9913
238	GTA	171
238	GTT	3
239	ACT	9950
239	ACC	138
240	ACT	9332
240	ACC	717
240	ACA	32
240	GCT	7
240	ACY	2
241	AAT	9939
241	AAC	142
241	GAT	7
242	TGG	10079
243	AAG	10044
243	AAA	30
243	AGG	3
244	CAT	9781
244	CAC	303
244	CAY	2
245	ACA	10045
245	ATA	15
245	ACT	10
245	ACG	4
246	GCT	9889
246	GCC	185
246	TCT	2
247	ACA	10061
247	ACG	13
248	CGT	9682
248	CGC	373
248	CGG	5
248	CGA	4
248	CAT	4
248	CTT	2
249	TTT	10071
249	TTC	9
250	TCA	10056
250	GCA	14
250	TCT	6
251	ATC	10034
251	ATT	39
251	ATA	6
252	AAA	10031
252	AAG	44
252	AGA	4
253	CCA	10030
253	CCG	34
253	CCC	2
254	CTA	9952
254	TTA	91
254	CTG	18
254	ATA	5
254	ATG	2
255	GAG	9935
255	GAA	129
256	GAT	10043
256	GAC	18
256	AAT	4
256	GGT	2
257	TAA	9995
257	TGA	58
257	TAG	15

#KF640637|M2-1
1	ATG	10059
1	AAG	2
2	TCG	9858
2	TCA	182
2	TCR	9
2	TTG	3
2	TCT	2
3	CGA	10027
3	CGG	26
3	CAA	12
4	AGA	9550
4	AGG	523
4	GGA	2
4	AAA	2
5	AAT	10051
5	AAC	26
5	AGT	12
6	CCC	9213
6	CCT	875
6	CCY	3
6	CCG	3
6	CCA	2
7	TGC	9865
7	TGT	231
8	AAA	10089
8	AAG	8
9	TTT	10092
9	TTC	6
10	GAG	10064
10	GAA	26
11	ATT	10120
11	ATC	9
11	GTT	3
12	AGA	10116
12	AGG	5
13	GGT	10124
13	GGA	16
13	GGC	5
14	CAT	10106
14	CAC	38
14	CGT	3
15	TGC	10029
15	TGT	86
15	TGY	2
16	TTG	10075
16	CTG	26
16	TTA	17
17	AAT	10075
17	AAC	34
18	GGT	10118
18	GGC	5
19	AGA	10084
19	AAA	20
19	AGG	17
20	AGA	10138
20	AAA	8
20	AGG	4
21	TGC	9999
21	TGT	157
22	CAC	10087
22	CAT	68
23	TAC	10105
23	TAT	46
23	CAC	3
23	TTT	2
24	AGT	10139
24	AGC	14
24	AAT	5
25	CAT	10140
25	CAC	24
26	AAT	10157
26	AGT	4
26	AAC	2
27	TAC	10121
27	TAT	38
28	TTT	10131
28	TTC	24
29	GAA	10116
29	GAG	44
30	TGG	10160
31	CCT	10050
31	CCC	99
31	CCA	5
31	TCT	2
32	CCT	10086
32	TCT	29
32	CCC	25
32	CCA	14
32	CAT	11
32	TCC	4
33	CAT	10154
33	CAC	17
34	GCA	10109
34	GCC	31
34	GCT	16
34	GCG	14
35	TTG	9662
35	TTA	492
35	CTG	14
36	CTA	10119
36	TTA	38
36	CTG	7
36	CTT	3
37	GTG	10113
37	GTA	53
37	GTT	4
38	AGG	10135
38	AGA	35
39	CAA	10153
39	CAG	17
40	AAC	10101
40	AAT	64
40	CAC	5
41	TTC	10111
41	TTT	59
42	ATG	10135
42	ATA	27
42	ATT	9
43	TTA	10129
43	CTA	21
43	TTG	16
43	CTG	2
44	AAC	10143
44	AAT	24
45	AAG	10123
45	AAA	38
45	AGG	5
45	AGA	3
46	ATA	10167
46	ATC	3
47	CTC	9852
47	CTT	312
47	CTA	3
48	AAG	10107
48	AAA	55
48	AGG	4
48	AAR	2
49	TCA	10143
49	TCG	14
49	TTA	6
49	TCT	6
50	ATG	10150
50	GTG	12
50	ATA	6
51	GAC	10117
51	GAT	55
52	AAG	9956
52	AAA	194
52	AGG	18
53	AGC	10102
53	AGT	67
53	AGY	2
54	ATA	10163
54	TTA	5
54	ATT	2
55	GAC	10034
55	GAT	133
55	GAY	2
56	ACT	9838
56	ACC	318
56	GCT	5
56	ACG	3
56	ACA	2
57	TTG	10117
57	TTA	42
57	CTG	8
58	TCT	10119
58	TCA	22
58	TCC	16
58	TCG	11
59	GAA	10163
59	GAG	5
60	ATA	10155
60	ATT	12
61	AGT	10150
61	AGC	17
62	GGA	10143
62	GGT	16
62	GGG	10
62	GTA	2
63	GCT	10133
63	GCA	22
63	GCC	14
64	GCT	10138
64	GCG	12
64	GCC	11
64	GCA	6
65	GAA	10152
65	GAG	19
66	CTT	9989
66	CTG	170
66	CTC	4
66	CTA	3
66	TTG	2
67	GAT	10154
67	GAC	16
68	AGA	10164
68	AGG	7
69	ACA	10155
69	ACG	14
69	ACT	3
70	GAA	10156
70	GAG	16
71	GAA	10154
71	GAG	21
72	TAT	10151
72	TAC	22
73	GCT	10129
73	GCC	43
73	GCA	3
74	CTT	10168
74	CTG	4
74	CTC	2
75	GGT	10159
75	GGC	18
76	ATA	10106
76	ATT	53
76	GTA	15
76	ATC	2
77	GTT	10158
77	ATT	9
77	GTC	4
77	GCT	3
78	GGA	10162
78	GGG	13
79	GTG	10109
79	GTA	61
79	GTT	4
79	GTR	2
80	CTA	9990
80	TTA	168
80	CTG	15
81	GAG	10138
81	GAA	38
82	AGT	5309
82	AGC	4863
82	AGY	2
83	TAC	10133
83	TAT	43
84	ATA	10161
84	ATG	12
85	GGA	10140
85	GGG	34
85	GGT	2
86	TCT	10154
86	TCC	14
86	TCA	4
86	TCY	2
87	ATA	10141
87	ATT	19
87	GTA	12
87	ATG	4
88	AAC	10114
88	AAT	59
89	AAC	10159
89	AAT	17
90	ATA	10175
91	ACA	10121
91	ACG	51
91	CCA	3
92	AAA	10138
92	AAG	29
92	TAT	9
93	CAA	10161
93	CAG	14
94	TCA	10167
94	TCG	7
95	GCA	10160
95	GCG	14
95	GCT	2
96	TGT	10142
96	TGC	32
97	GTT	10159
97	GTC	11
97	GTA	4
98	GCT	10151
98	GCC	22
99	ATG	10172
99	ACG	2
99	GTG	2
100	AGT	10057
100	AGC	109
100	AAT	3
101	AAA	10168
101	AAG	4
101	AGA	4
102	CTT	10128
102	CTC	42
102	CTG	2
103	CTT	10135
103	CTC	32
103	TTT	8
104	ATT	10145
104	ACT	10
104	ATA	7
104	ATC	6
104	GTT	5
105	GAG	10125
105	GAA	47
106	ATC	10118
106	ATT	40
106	GTC	7
106	CTC	4
107	AAT	10063
107	AAC	79
107	AGT	29
108	AGT	10152
108	GGT	15
108	AGC	4
109	GAT	10158
109	GAC	9
109	GAA	2
110	GAC	10129
110	GAT	32
110	GAA	4
111	ATT	10137
111	ATC	25
111	ATA	4
112	AAA	10164
112	AGA	2
112	AAG	2
113	AAG	10093
113	AAA	57
113	AGG	15
114	CTG	10087
114	CTA	44
114	TTG	18
114	CTT	12
114	CAG	4
114	ATG	2
115	AGA	10115
115	AGG	50
115	AAA	3
116	GAT	8767
116	GAC	1399
117	AAT	10134
117	AGT	26
117	AAC	8
117	GAT	3
118	GAA	10163
118	GAG	5
119	GAA	10139
119	GAG	32
120	CCC	10020
120	TCC	48
120	CCT	44
120	CCA	40
120	CTC	17
120	ACC	3
121	AAT	9951
121	AGT	192
121	AAC	15
121	ACT	6
121	TAT	5
122	TCA	9965
122	TCG	196
122	TCT	4
122	TCR	3
122	TCC	2
123	CCT	9926
123	CCC	133
123	CCA	90
123	TCT	7
123	CCG	7
123	CTT	7
124	AAG	10139
124	AAA	25
124	AGG	4
125	ATA	10113
125	GTA	45
125	ACA	9
125	ATG	3
125	TTA	3
126	AGA	10161
126	AGG	7
127	GTG	9852
127	GTA	316
127	TTG	2
128	TAC	10070
128	CAC	49
128	TAT	45
128	TGC	4
128	TTC	3
129	AAT	9984
129	AAC	189
130	ACT	10170
130	ACC	4
131	GTT	10120
131	GTC	50
131	GTA	2
132	ATA	10159
132	ACA	11
132	GTA	3
132	TTA	2
133	TCA	10150
133	TCG	22
134	TAC	10125
134	TAT	47
135	ATC	9768
135	ATT	395
135	ACT	5
135	ATA	2
136	GAG	9998
136	GAA	151
136	GAT	17
136	AAG	3
137	AGC	10162
137	AGT	10
138	AAT	10137
138	AAC	35
139	AGA	10121
139	AGG	46
139	CGA	3
140	AAA	10155
140	AGA	11
140	AAG	8
141	AAC	10093
141	AAT	77
142	AGC	9832
142	AAC	224
142	AGT	100
142	AAT	10
142	ACC	3
142	GGC	2
143	AAG	10152
143	AAA	21
144	CAA	10169
144	CAG	4
145	ACC	10070
145	ACT	51
145	ACA	49
146	ATC	10118
146	ATT	45
146	GTC	8
146	ATA	2
147	CAT	10155
147	CAC	8
147	TAT	4
147	CRT	4
148	CTG	9650
148	CTA	433
148	TTG	35
148	CTT	9
148	TTA	5
149	CTT	7907
149	CTC	2218
149	TTA	3
150	AAA	10127
151	CGA	9960
151	AGA	94
151	CGG	65
151	CGT	8
151	CCA	2
152	TTA	10005
152	CTA	98
152	CTG	13
152	TTG	11
152	CTT	3
153	CCA	10065
153	CCG	56
153	CCT	8
154	GCA	10106
154	GCT	20
154	GCG	5
155	GAC	10051
155	GAT	78
155	GAY	2
156	GTG	10056
156	GTT	51
156	GTA	21
156	ATG	2
157	CTG	9926
157	CTA	140
157	TTG	58
157	CTT	4
158	AAG	10095
158	AAA	31
158	AGG	3
159	AAG	10076
159	AAA	45
159	AGG	10
160	ACA	10098
160	ACG	21
160	ACT	6
160	ACC	4
161	ATA	10119
161	ATT	4
161	ATC	3
161	GTA	3
162	AAG	9942
162	AAA	183
162	AGG	2
163	AAC	10011
163	AAT	120
164	ACA	10124
164	ACT	3
164	GCA	3
164	ACG	2
165	TTA	9975
165	CTA	89
165	TTG	66
165	GCA	2
166	GAT	10068
166	GAC	58
166	GCA	2
167	ATC	10069
167	ATT	33
167	ATA	10
168	CAC	10081
168	CAT	17
169	AAA	10058
169	AAG	21
169	AGA	7
169	ACA	5
169	AAT	5
170	AGC	10042
170	AAC	25
170	GGC	16
170	AGT	12
171	ATA	10092
171	GTA	4
172	ACC	10036
172	ACT	19
172	ATC	13
172	ACA	10
172	AAC	8
172	GCC	7
173	ATA	10075
173	TTA	4
173	GTA	4
173	ATT	3
173	ATC	3
173	ACA	2
174	AGC	10005
174	AGT	68
174	AAC	14
174	AAT	3
175	AAC	9977
175	AAT	62
175	AGC	37
175	CAC	2
176	CCA	9875
176	CCC	142
176	CCG	42
176	TCA	12
176	CCT	11
177	AAA	10089
177	GAA	2
177	AGA	2
177	AAG	2
178	GAG	10059
178	GAA	23
178	GAT	10
179	TCA	9908
179	ACA	114
179	CCA	41
179	TCG	17
179	TTA	12
179	TCT	2
180	ACC	10010
180	ACT	74
180	ATC	21
180	CCC	3
180	GCC	2
180	AAC	2
181	ATA	9256
181	GTA	722
181	GTG	69
181	GCA	38
181	ACA	29
181	GTT	15
181	ATC	5
182	AGT	9948
182	AAT	172
182	AGC	12
182	AAC	3
182	ATT	2
183	GAT	10088
183	GAC	44
183	GAA	5
184	CAA	10118
184	CAG	11
184	CAT	8
185	AAT	10127
185	GAT	8
186	GAC	10128
186	GAT	8
187	CAA	10129
187	CAG	5
187	CAT	2
187	CCA	2
188	ACC	10055
188	CCC	50
188	ATC	13
188	GCC	10
188	AAC	4
188	ACT	3
189	AAA	10141
189	AAG	6
189	GAA	3
189	TAA	2
190	AAT	10145
190	AGT	5
190	AAC	2
191	AAT	10146
191	ATT	7
191	GAT	2
192	GAT	10153
193	ATT	10135
193	ACT	15
194	ACC	10150
195	GGA	10134
195	AGA	12
195	TGA	3
196	TAA	10126
196	CAA	10
196	TAG	2

#KF640637|M2-2
1	ATG	10164
2	ACC	10155
2	ATC	7
3	AAA	10097
3	AAC	50
3	AAG	8
3	AGA	5
3	CAA	2
4	CCA	10135
4	TCA	14
4	ACA	4
4	CCG	3
4	CTA	3
4	CCT	2
5	AAA	10172
5	AGA	6
6	ATA	10173
6	GTA	5
6	ACA	2
6	ATG	2
7	ATG	10173
7	TTG	7
8	ATA	10175
9	TTA	10168
9	CTA	14
10	CCG	10165
10	CCA	12
10	CCT	2
11	GAT	10162
11	GAC	9
12	AAA	10146
12	AAG	32
12	AGA	2
13	TAT	10142
13	TAC	36
14	CCT	10142
14	CCC	34
14	CCG	4
15	TGT	10120
15	TGC	61
16	AGT	10132
16	AGC	34
16	AAT	5
16	GGT	2
17	ATA	10175
17	GTA	4
18	TCA	10159
18	TCG	9
18	ACA	6
18	TTA	5
19	TCC	10143
19	TCT	30
19	TCA	5
20	ATA	10176
20	GTA	3
21	TTG	10042
21	TTA	73
21	CTG	23
21	ATG	8
21	TTT	4
21	TTR	2
22	ATC	9963
22	ATA	88
22	ATT	77
22	GTC	14
23	TCA	10129
23	TCG	7
23	TCT	6
23	TTA	5
24	AGT	10122
24	AAT	10
24	AGC	9
24	GGT	4
24	AGA	2
25	GAA	9964
25	AAA	123
25	GGA	30
25	GAT	18
25	GAG	10
26	AGC	9707
26	AAC	393
26	AGT	19
26	AGA	14
26	GGC	6
27	ATG	5056
27	ACG	4928
27	ACA	132
27	ATA	9
27	AYG	7
27	ACT	2
28	ATT	10085
28	GTT	50
28	ATA	10
28	ATC	4
28	ACT	2
29	GCT	10102
29	GCC	24
29	ACT	15
29	GTT	5
30	ACA	10127
30	ATA	7
30	ACG	5
30	GCA	2
31	TTC	10099
31	TTT	37
31	CTC	2
32	AAT	10108
32	AAC	30
32	AGT	8
32	GAT	2
33	CAT	10001
33	CAC	108
33	TAT	20
33	CAA	14
33	AAT	5
34	AAA	10106
34	AAG	18
34	AGA	10
34	GAA	5
34	AAT	3
35	GAC	5381
35	AAC	4697
35	GAT	67
35	AAT	3
36	ATA	10089
36	ACA	48
36	GTA	7
36	ATG	4
37	TTA	10058
37	CTA	82
37	TTG	15
37	TTT	2
38	CAA	10158
38	CAG	11
38	AAA	2
39	TTT	10079
39	TTC	50
39	CTT	21
39	CTC	3
39	TTA	3
40	AAC	10053
40	AAT	47
40	AGC	18
40	GAC	11
40	ACC	4
41	CAC	9732
41	CAT	329
41	CGC	26
41	TAC	24
41	TAT	16
41	CTC	3
41	CAA	3
41	CAY	2
42	AAC	10051
42	AAT	58
42	AGC	13
42	GAC	5
42	TAC	2
43	CAT	10007
43	TAT	102
43	CGT	6
43	CAC	5
43	CAA	5
43	AAT	4
44	TTA	8902
44	TTG	1119
44	CTA	73
44	TCA	16
44	CCA	5
44	TTT	4
45	GAT	10048
45	GAC	67
45	AAT	6
45	TAT	4
45	GGT	2
46	AAC	9535
46	AAT	524
46	GAC	61
46	AGC	13
47	CAC	9923
47	TAC	205
47	CAT	17
47	AAC	14
47	CGC	8
47	CAA	4
47	TGC	2
48	CAG	10124
48	CAT	26
48	CAA	9
48	CTG	6
48	CGG	3
48	AAG	2
49	TGT	5036
49	TTT	4816
49	TGG	106
49	TAT	82
49	CGT	64
49	CCT	24
49	TGC	14
49	GGT	10
49	CTT	7
49	CGG	2
49	TTC	2
49	TCT	2
49	GTT	2
50	TTA	10106
50	CTA	43
50	TCA	21
50	TTG	4
50	CCA	2
51	TTA	9700
51	CTA	362
51	TCA	48
51	CCA	39
51	TTG	11
51	ATA	7
51	TTT	3
51	YTA	3
52	AAT	10145
52	AGT	15
52	AAC	12
52	GAT	3
53	CAT	10115
53	CAC	43
53	TAT	14
53	AAT	6
54	ATA	10142
54	GTA	23
54	ATG	9
54	ACA	3
55	TTT	10165
55	TTC	10
55	TCT	2
56	GAT	10170
56	GAC	6
56	AAT	2
57	GAA	10161
57	GAG	19
58	ATT	10134
58	GTT	30
58	ATC	14
58	ATA	2
59	CAT	10165
59	TAT	13
59	CAC	8
60	TGG	10179
61	ACA	10135
61	ACG	24
61	ACT	11
61	ACC	2
62	CCT	9921
62	CCC	238
62	TCT	7
62	CCA	4
62	TCC	2
62	CCG	2
63	AAA	10165
63	AAG	6
63	CAA	2
63	ARA	2
64	AAC	9522
64	AAT	630
64	AGC	8
64	GAC	7
64	ACC	3
64	TAC	2
65	TTA	10130
65	CTA	22
65	TTG	20
65	KTA	2
66	TTA	10065
66	CTA	61
66	TTG	44
66	ATT	2
66	TTR	2
67	GAT	10114
67	GAA	47
67	GAC	10
68	GCC	9979
68	ACC	71
68	GCT	69
68	GTC	34
68	GCA	14
69	ACT	10053
69	ACC	58
69	ATT	34
69	ACA	25
70	CAA	10078
70	CAG	84
70	CGA	5
70	AAA	3
71	CAA	10137
71	CAG	14
71	CTA	5
71	AAA	4
71	CAT	3
71	AAT	2
72	TTT	10150
72	TTC	9
72	CTT	7
73	CTC	10093
73	CTT	63
73	CTA	7
73	ATC	3
74	CAA	10109
74	CGA	40
74	CAG	10
74	AAA	3
74	CTA	2
75	CAT	10006
75	TAT	121
75	CAC	26
75	CGT	5
75	CTT	3
76	CTT	10010
76	CTC	127
76	ATT	24
76	CTA	3
77	AAC	10130
77	AAT	22
77	AGC	5
77	AAA	4
77	AMC	2
77	GGT	2
78	ATC	10129
78	ATT	17
78	ACC	4
79	CCT	10029
79	CTT	48
79	TCT	39
79	CCC	16
79	ACT	5
79	CAT	2
80	GAA	9972
80	GAG	152
80	AAA	11
80	GAT	4
80	GAR	3
80	GGA	3
81	GAT	10106
81	AAT	20
81	GAC	8
81	GGT	5
81	GCT	2
81	GTT	2
81	GAG	2
82	ATA	10021
82	ACA	65
82	ATG	50
82	GTA	6
82	ATC	3
82	AGA	3
83	TAT	9973
83	TAC	154
83	CAT	12
83	TGT	8
83	TAY	2
84	ACA	10123
84	ACT	9
84	ACG	4
84	ACW	2
85	GTA	10043
85	ATA	62
85	GTG	38
86	TAT	10117
86	TAC	31
86	CAT	2
87	ATA	10138
87	GTA	13
88	TTA	10113
88	TTG	16
88	CTA	10
89	GTG	9879
89	GTA	208
89	GTT	47
89	GTR	2
90	TCA	10129
90	ACA	3
90	TTA	3
91	TAA	10060
91	TGA	75
91	TAG	2

#KF640637|N
1	ATG	10029
1	TTG	8
2	GCT	10041
2	GCC	2
3	CTT	10014
3	ATT	14
3	CTA	8
3	CTC	8
4	AGC	10018
4	AGT	31
4	AAC	5
5	AAA	10022
5	AAG	30
5	AGA	2
6	GTC	9876
6	GTT	156
6	GTA	27
7	AAG	10008
7	AAA	46
7	AGG	12
8	TTG	9735
8	TTA	167
8	CTG	164
9	AAT	10024
9	AAC	52
10	GAT	9938
10	GAC	140
11	ACA	10071
11	ACG	4
11	ACC	3
12	TTA	9793
12	TTG	160
12	CTA	121
12	CTC	5
13	AAT	10005
13	AAC	77
14	AAG	10034
14	AAA	50
15	GAT	9946
15	GAC	139
16	CAG	10070
16	CAA	13
17	CTG	9985
17	TTG	54
17	CTT	26
17	CTA	19
18	CTG	9998
18	CTA	74
18	CTT	10
18	TTG	4
19	TCA	10082
19	TCG	4
20	TCC	10028
20	TCT	56
20	TTC	3
21	AGC	10061
21	AGT	24
21	TGC	3
21	GGC	2
22	AAA	10080
22	AAG	11
23	TAC	10037
23	TAT	56
24	ACT	9990
24	ACC	100
25	ATT	10054
25	ATC	31
25	GTT	6
25	ATA	2
26	CAA	10080
26	CAG	13
27	CGT	10038
27	CGC	42
27	CGG	6
28	AGT	10045
28	AGC	45
28	AAT	3
29	ACA	9998
29	ACT	92
29	ACG	3
30	GGA	10079
30	GGG	8
30	GGT	7
31	GAT	10012
31	GAC	83
32	AAT	10066
32	AAC	14
32	AGT	10
32	AGC	5
32	ACT	2
33	ATT	10079
33	ATC	15
34	GAC	10043
34	GAT	50
34	GAY	2
35	ACT	10038
35	ACA	58
36	CCC	9951
36	CCT	128
36	CCA	13
36	CCY	2
37	AAT	10049
37	AAC	45
38	TAT	10086
38	TAC	10
39	GAT	10065
39	GAC	31
40	GTG	10054
40	GTA	27
40	ATG	5
40	GTT	5
40	GCG	4
41	CAA	10089
41	CAG	8
42	AAA	10087
42	AAG	8
43	CAC	10072
43	CAT	21
43	TAC	2
44	CTA	9959
44	TTA	98
44	CTT	32
44	ATT	4
45	AAC	10048
45	AAT	47
46	AAA	10075
46	AAG	21
47	CTA	10082
47	TTA	10
47	ATA	3
48	TGT	10077
48	TGC	19
49	GGT	10075
49	GGC	21
50	ATG	10096
51	CTA	10028
51	TTA	44
51	CTG	22
51	ATA	2
52	TTA	10078
52	TTG	14
52	CTA	5
53	ATC	10066
53	ATA	17
53	ATT	12
54	ACT	10069
54	ACC	13
54	ACA	12
55	GAA	10077
55	GAG	16
55	GGA	3
56	GAT	10087
56	AAT	3
56	GAC	3
56	GGT	2
57	GCA	10049
57	GTA	22
57	GCT	10
57	GCG	8
57	ACA	3
57	GCC	3
58	AAT	10073
58	AAC	22
59	CAT	9990
59	CAC	103
60	AAA	10018
60	AAG	75
61	TTC	9948
61	TTT	136
61	CTC	4
61	GTC	3
62	ACA	10065
62	ACT	14
62	ACG	13
63	GGA	10065
63	GGG	24
63	GGT	2
63	GGC	2
64	TTA	10067
64	TTG	21
64	CTA	3
64	TCA	2
65	ATA	10037
65	GTA	47
65	ATT	7
66	GGT	10067
66	GGC	11
66	GGG	8
66	AGT	4
66	GGA	3
67	ATG	10091
68	CTA	9890
68	TTA	193
68	CTG	8
69	TAT	10092
69	TAC	3
70	GCT	10058
70	GCC	30
70	TCT	4
70	GCA	2
71	ATG	10094
72	TCC	9988
72	TCT	52
72	TCA	37
72	TCY	5
73	AGA	9150
73	AGG	943
74	TTA	9999
74	CTA	75
74	TTG	18
75	GGA	10064
75	GGG	28
76	AGG	9968
76	AGA	104
76	AAG	9
76	AGR	6
77	GAA	10082
77	GAG	12
78	GAC	10052
78	GAT	41
79	ACT	9992
79	ACC	100
80	ATA	9943
80	ATT	131
80	ACA	10
80	GTA	5
80	ATC	2
81	AAG	10040
81	AAA	55
82	ATA	10093
82	GTA	3
83	CTT	10051
83	CTC	42
83	TTT	2
84	AAA	10060
84	AAG	28
84	AGA	5
85	GAT	10085
85	GAC	9
86	GCT	10073
86	GCC	9
86	GCG	6
86	GCA	5
87	GGA	10029
87	GGG	51
87	GGT	12
88	TAT	10090
88	TAC	4
89	CAT	10082
89	CAC	8
89	AAT	2
90	GTT	9985
90	GTC	91
90	GCT	9
90	GTA	7
90	ATT	3
91	AAA	10083
91	AAG	9
91	AGA	3
92	GCT	9957
92	GCC	116
92	TCT	12
92	GCA	7
92	ACT	2
93	AAT	10088
93	AAC	5
93	AGT	2
94	GGA	10069
94	GGG	24
95	GTA	10071
95	GTG	23
96	GAT	10059
96	GAC	34
97	ATA	9939
97	GTA	102
97	ACA	42
97	ATG	11
98	ACA	10068
98	GCA	9
98	ACT	8
98	ACG	8
98	ACC	2
99	ACA	10079
99	ATA	8
99	ACG	5
99	TCA	3
100	TAT	9982
100	TAC	78
100	CAT	36
101	CGT	10040
101	CGA	19
101	CGC	15
101	CAT	9
101	TGT	8
102	CAA	10076
102	CAG	16
102	CAT	2
103	GAT	10050
103	GAC	44
104	ATA	10054
104	GTA	27
104	ATT	6
104	ATG	5
105	AAT	10071
105	AAC	19
105	AGT	6
106	GGA	9855
106	GGG	228
106	GGT	11
106	GGR	3
107	AAG	10025
107	AAA	67
107	AGG	4
108	GAA	10083
108	GAG	13
109	ATG	10088
109	ATA	3
109	CTG	2
110	AAA	10088
110	AAG	6
110	AGA	2
111	TTC	9803
111	TTT	278
111	TTA	5
111	CTC	2
112	GAA	10084
112	GAT	9
113	GTA	10031
113	GTG	49
113	ATA	9
114	TTA	10068
114	CTA	15
114	TTG	5
115	ACA	9986
115	ACG	103
116	TTA	10042
116	TTG	31
116	CTA	16
117	TCA	10056
117	ACA	20
117	GCA	6
117	TCT	3
117	TCG	3
117	KCA	2
118	AGC	10051
118	AGT	27
118	GGC	8
118	AAC	2
119	TTG	10018
119	TTA	54
119	CTG	13
119	ATG	4
119	TTR	2
120	ACA	10061
120	ACG	21
120	ACT	7
120	GCA	2
121	TCA	10027
121	TCG	44
121	TCT	8
121	ACT	5
121	CCA	4
121	TTA	2
121	WCW	2
121	ACA	2
122	GAA	9994
122	GAG	96
122	GAT	6
123	ATA	10084
123	ATT	5
123	GTA	3
123	ATW	2
123	ATG	2
124	CAA	10085
124	CAG	10
125	GTC	10014
125	GCC	44
125	ATC	15
125	GTT	13
125	GTA	6
125	RTC	3
126	AAT	10039
126	AAC	46
126	AAY	6
126	AGT	4
127	ATT	10085
127	ATC	5
127	ATA	3
128	GAG	10090
128	GAA	4
129	ATA	10059
129	GTA	30
129	ACA	2
130	GAA	10075
130	GAG	18
131	TCT	10012
131	TCC	80
132	AGA	10074
132	AGG	19
133	AAG	10045
133	AAA	39
133	AAR	5
133	AGG	4
134	TCC	10076
134	TCT	14
134	TCA	2
135	TAC	10079
135	TAT	16
136	AAA	10082
136	AAG	11
137	AAA	10093
138	ATG	10089
138	ATA	4
139	CTA	10040
139	TTA	36
139	CTG	16
139	CTT	2
140	AAA	10077
140	AAG	11
140	AGA	7
141	GAG	10051
141	GAA	38
141	GAR	6
142	ATG	10086
143	GGA	10076
143	GGG	18
143	GGT	2
144	GAA	10034
144	GAG	56
144	GAR	5
145	GTG	10046
145	GTA	45
145	GTT	2
146	GCT	10062
146	GCC	16
146	ACT	8
146	GCA	5
147	CCA	10069
147	CCG	14
147	CTA	5
147	CCT	2
147	TCA	2
148	GAA	9879
148	GAG	212
149	TAT	9957
149	TAC	105
149	CAT	18
149	TAY	5
149	TGT	2
150	AGG	10032
150	AGA	55
151	CAT	10046
151	CAC	42
152	GAT	9994
152	GAC	88
152	GAY	5
153	TCT	9977
153	TCC	105
153	TTT	3
153	TCA	2
154	CCA	10055
154	CCT	13
154	CCG	12
154	CCW	5
154	TCA	2
155	GAC	10021
155	GAT	61
155	GAY	5
156	TGT	10070
156	TGC	16
157	GGG	10061
157	GGA	25
157	GGT	2
158	ATG	10091
159	ATA	10078
159	ACA	6
159	GTA	3
159	ATC	2
160	ATA	10082
160	ACA	6
160	ATG	2
160	GTA	2
161	CTG	9569
161	CTA	467
161	TTG	42
161	TTA	9
161	YTR	5
162	TGT	10048
162	TGC	45
163	ATA	9974
163	ATT	64
163	GTA	31
163	ATG	9
164	GCT	10013
164	GCA	54
164	GCC	5
164	GCW	4
165	GCC	9746
165	GCT	233
165	GCA	91
165	GCM	4
166	CTT	10053
166	TTA	9
166	YTW	4
166	CTC	3
166	CTG	3
166	CTA	2
167	GTA	9891
167	GTG	171
167	GTC	8
167	GTT	4
168	ATA	10071
168	ATT	13
168	ATC	4
168	GTA	3
168	ATG	2
169	ACC	10074
169	ACT	16
170	AAA	9871
170	AAG	220
171	TTA	10045
171	CTA	31
171	TTG	16
172	GCA	10085
172	GCG	6
172	GCT	2
173	GCA	10081
173	GCT	8
173	ACA	2
173	GCG	2
174	GGA	10067
174	GGG	18
174	GGT	9
175	GAT	9881
175	GAC	211
175	AAT	2
176	AGA	10081
176	AGG	13
177	TCA	10078
177	TCT	10
177	TCG	6
178	GGT	10086
178	GGC	6
178	GGA	2
179	CTT	10020
179	CTC	53
179	CTA	9
179	CTG	7
179	ATT	4
180	ACA	10047
180	ACT	27
180	ACG	15
180	GCA	3
181	GCA	10055
181	GCT	13
181	GCG	10
181	GCC	9
181	GCW	5
182	GTA	10039
182	GTG	46
182	ATA	6
182	GTR	4
183	ATT	9986
183	ATC	96
183	ATA	10
183	RTT	2
184	AGG	9859
184	AGA	234
184	AGR	2
185	AGG	9991
185	AGA	100
185	AGR	4
186	GCA	10050
186	GCG	27
186	GCT	9
186	GCM	4
186	GCC	4
187	AAC	10053
187	AAT	27
187	ACC	7
188	AAT	10070
188	AAC	24
189	GTC	10084
189	GTT	10
190	TTA	9998
190	CTA	80
190	TTG	10
190	YTA	2
191	AAA	10090
191	AAG	3
192	AAC	9961
192	AAT	121
192	ACC	6
192	AAY	3
193	GAA	9989
193	GAG	102
194	ATA	10032
194	ATG	27
194	ACA	16
194	ATT	9
194	GTA	2
194	ATR	2
195	AAA	10079
195	AAG	10
196	CGC	9998
196	CGT	63
196	CGA	27
196	CAC	2
196	CGY	2
197	TAC	10047
197	TAT	43
197	TAY	3
198	AAG	9941
198	AAA	143
198	AAR	4
198	AGG	3
199	GGC	10050
199	GGT	36
199	GGA	4
199	GGY	3
200	CTA	9527
200	CTG	375
200	TTA	104
200	CTC	81
200	YTA	4
201	ATA	10028
201	ACA	27
201	ATG	22
201	TTA	10
201	ATC	3
201	WTA	2
202	CCA	10041
202	CCC	29
202	CCG	17
202	TCA	4
202	CCM	2
202	CCT	2
203	AAA	9159
203	AAG	929
203	AAT	4
203	AAR	2
204	GAC	9861
204	GAT	222
204	GAA	7
204	GAY	3
204	AAC	2
205	ATA	10092
206	GCC	9859
206	GCT	212
206	GCA	23
207	AAC	9986
207	AAT	90
207	AGC	7
207	ACC	6
207	GAC	3
208	AGT	10039
208	AGC	46
208	AGY	5
208	GGT	2
209	TTT	9902
209	TTC	188
209	TTY	5
210	TAT	10037
210	TAC	59
211	GAA	10064
211	GAG	26
212	GTG	5339
212	GTA	4739
212	GTR	7
212	ATG	2
213	TTT	10050
213	TTC	40
214	GAA	10062
214	GAG	27
215	AAA	10065
215	AAG	25
216	TAC	8959
216	CAC	1084
216	TAT	36
216	TGC	7
216	TAY	5
216	CAT	4
217	CCT	10063
217	CCC	29
217	CTT	2
218	CAT	10057
218	CAC	30
218	CAY	5
218	TAT	3
219	CTT	10053
219	CTC	23
219	TTT	16
219	YTT	3
220	ATA	10095
221	GAT	10077
221	GAC	18
222	GTT	10058
222	GTC	29
222	GTA	7
223	TTT	10076
223	TTC	18
224	GTG	9260
224	GTA	809
224	GTT	18
224	GTK	4
224	GTR	4
225	CAC	9923
225	CAT	167
225	CAY	5
226	TTT	10074
226	TTC	21
227	GGC	9912
227	GGA	97
227	GGT	81
227	GGY	3
228	ATA	9131
228	ATT	961
228	ATC	3
229	GCA	10092
229	GCG	2
230	CAA	10077
230	CAG	14
231	TCA	10063
231	TCT	13
231	TCG	10
231	TCW	4
232	TCC	9997
232	TCT	58
232	TCA	33
232	TCY	4
233	ACA	10064
233	ACG	16
233	ACC	8
233	ACM	4
234	AGA	10082
234	AGG	9
235	GGG	9782
235	GGA	293
235	GGT	12
235	GGK	4
236	GGC	8995
236	GGT	1090
236	GGA	7
237	AGT	10077
237	AGC	17
238	AGA	10086
238	AGG	7
239	GTT	10060
239	GTC	21
239	GTA	6
239	GTG	5
240	GAA	10079
240	GAG	16
241	GGA	10059
241	GGG	29
241	GGR	5
242	ATC	10071
242	ATT	16
242	ATY	4
242	ATA	3
243	TTT	9732
243	CTT	345
243	TTC	18
244	GCA	10068
244	GCT	24
244	GCG	4
245	GGA	10079
245	GGG	16
246	TTG	10018
246	TTA	63
246	CTG	14
247	TTT	9979
247	TTC	115
248	ATG	10095
249	AAT	10089
249	AAC	6
250	GCC	9868
250	GCT	216
250	GCA	12
251	TAT	10064
251	TAC	32
252	GGT	10068
252	GGC	22
252	GGA	6
253	TCA	10052
253	TCT	13
253	GCA	6
253	TCG	5
253	KCA	4
254	GGA	9933
254	GGG	157
254	GGR	5
255	CAA	10080
255	CAG	16
256	GTA	9994
256	GTG	84
256	GTT	9
256	GCA	4
256	GTR	3
256	ATA	2
257	ATG	10093
257	ACG	3
258	CTA	10066
258	TTA	17
258	CTG	9
258	CTT	2
259	AGA	10084
259	AGG	7
259	CGG	4
260	TGG	10094
261	GGA	10076
261	GGG	15
261	GGT	4
262	GTT	9884
262	GTC	153
262	GTA	55
262	GTG	3
263	TTA	10036
263	TTG	47
263	CTA	11
264	GCC	10006
264	GCT	68
264	GCA	14
264	CCC	2
264	SCC	2
265	AAA	10026
265	AAG	68
266	TCT	10028
266	TCC	35
266	TCA	22
266	TCG	6
267	GTA	10038
267	GTG	31
267	GTT	8
267	ATA	2
268	AAA	10058
268	AAG	32
269	AAT	10030
269	AAC	59
270	ATC	10055
270	ATT	26
270	ATA	4
271	ATG	10090
272	CTA	10036
272	TTA	30
272	CTG	16
272	CTT	4
272	YTA	2
273	GGA	9918
273	GGC	117
273	GGT	29
273	GGG	23
273	GGR	2
274	CAT	10059
274	CAC	30
275	GCT	10044
275	GCC	42
275	GCA	3
276	AGT	10071
276	AGC	15
276	GGT	3
277	GTC	10032
277	GTT	47
277	GTA	9
278	CAA	9955
278	CAG	139
279	GCA	10068
279	GCT	18
279	GCG	6
280	GAA	10079
280	GAG	14
281	ATG	10094
282	GAG	10035
282	GAA	51
282	GAT	5
282	GAR	3
283	CAA	10083
283	CAG	10
284	GTT	10062
284	GTC	14
284	GTA	11
284	GTG	5
284	ATT	2
285	GTG	9999
285	GTA	70
285	GTT	26
286	GAA	9936
286	GAG	155
286	GAR	4
287	GTC	9950
287	GTT	125
287	GTA	9
287	GTG	5
287	GTS	4
287	ATC	2
288	TAT	10023
288	TAC	71
289	GAG	10012
289	GAA	83
290	TAT	10085
290	TAC	8
290	TAY	2
291	GCA	10064
291	GCG	22
291	GCT	5
291	GCW	4
292	CAG	10054
292	CAA	36
292	CGG	2
293	AAG	9869
293	AAA	203
293	AGG	11
293	AAR	6
294	TTG	9892
294	TTA	193
294	CTG	5
295	GGA	9941
295	GGG	132
295	GGT	13
295	GGW	4
296	GGA	10003
296	GGG	81
296	GGT	6
297	GAA	9967
297	GAG	124
298	GCT	10063
298	GCC	13
298	GCA	11
298	GCW	3
299	GGT	9878
299	GGA	161
299	GGC	27
299	GGG	24
299	GGW	4
300	TTC	10052
300	TTT	40
301	TAC	9880
301	TAT	211
302	CAT	10085
302	CAC	9
303	ATA	9975
303	GTA	117
304	TTG	9989
304	TTA	92
304	CTG	12
305	AAC	10065
305	AAT	29
306	AAT	10020
306	AAC	72
307	CCA	10039
307	CCC	44
307	CCT	7
307	CCG	3
308	AAA	10088
308	AAG	6
309	GCA	10050
309	GCT	25
309	GCG	17
310	TCA	10077
310	TCG	17
311	TTG	10002
311	TTA	71
311	CTG	16
311	CTA	5
312	CTG	10034
312	CTA	34
312	TTG	20
312	TTA	5
312	CTT	2
313	TCA	10088
313	TCT	5
314	TTA	10071
314	CTA	17
314	TTG	6
315	ACT	10075
315	ACC	13
315	ACA	7
316	CAA	10083
316	CAG	11
317	TTT	10035
317	TTC	59
318	CCT	9915
318	CCC	176
318	CCY	2
319	AAC	10079
319	AAT	8
319	CAC	7
320	TTC	10085
320	TTT	9
321	TCA	10057
321	TCG	26
321	TCT	8
322	AGT	10082
322	AGC	11
323	GTG	9993
323	GTA	95
323	GTT	4
324	GTC	10041
324	GTT	33
324	ATC	10
324	GTA	8
325	CTA	9996
325	TTA	79
325	CTG	9
325	TTG	5
325	YTA	2
326	GGC	5475
326	GGT	4607
326	GGA	8
326	GGY	3
327	AAT	10085
327	AAC	8
328	GCA	10062
328	GCT	18
328	GCG	14
329	GCA	10073
329	GCG	14
329	GCT	8
330	GGT	9926
330	GGC	166
330	GGA	2
331	CTA	9851
331	CTG	194
331	TTA	45
331	CTT	2
332	GGC	10052
332	GGT	39
332	GGA	4
333	ATA	10093
334	ATG	10088
334	ATA	4
334	ACG	2
335	GGA	10074
335	GGT	12
335	GGG	9
336	GAG	10029
336	GAA	59
336	GAT	6
337	TAT	9981
337	TAC	114
338	AGA	10077
338	AGG	17
339	GGT	9980
339	GGC	112
340	ACA	10077
340	ACG	11
340	GCA	5
341	CCA	10070
341	CCT	12
341	CCG	12
342	AGA	10051
342	AGG	41
343	AAC	9933
343	AAT	153
344	CAA	9980
344	CAG	109
345	GAT	10058
345	GAC	29
346	CTC	9901
346	CTT	181
346	TTA	5
346	CTA	3
347	TAT	10078
347	TAC	14
347	CAT	3
348	GAT	10058
348	GAC	32
348	TAT	2
349	GCA	10055
349	GCT	35
349	GCG	4
350	GCC	10021
350	GCT	60
350	GCA	13
351	AAA	10063
351	AAG	33
352	GCA	10036
352	GCG	53
352	GCT	7
353	TAT	10081
353	TAC	12
354	GCA	9961
354	GCT	127
354	GCG	4
355	GAG	10065
355	GAA	29
356	CAA	10080
356	CAG	14
357	CTC	10062
357	CTT	24
357	CTA	9
358	AAA	10066
358	AAG	28
359	GAA	10080
359	GAG	13
359	GCA	2
360	AAT	10004
360	AAC	82
360	GGT	4
360	AGT	2
361	GGA	10076
361	GGT	8
361	GAA	6
361	GGG	2
362	GTA	10068
362	GTG	15
362	ATA	5
362	GCA	3
362	GTT	2
363	ATA	10089
363	ATT	5
364	AAC	10068
364	AAT	24
365	TAC	10041
365	TAT	50
365	CAC	2
366	AGT	10057
366	AGC	30
366	AAT	2
367	GTA	9984
367	GTG	99
367	ATA	6
368	TTA	10037
368	CTA	37
368	TTG	17
369	GAC	10067
369	GAT	21
370	TTA	10031
370	TTG	41
370	CTA	13
371	ACA	10049
371	ACT	28
371	ACG	7
372	ACA	9838
372	GCA	227
372	ACG	11
372	ACT	5
372	GCT	4
373	GAA	10074
373	GAG	12
374	GAA	10064
374	GAG	20
375	TTG	9985
375	TTA	57
375	CTG	31
375	CTA	5
376	GAA	9972
376	GAG	91
376	GAT	14
377	GCC	9945
377	GCA	66
377	GCT	57
377	ACC	5
377	GTC	3
378	ATA	10065
378	ATC	6
378	ATT	2
379	AAG	9990
379	AAA	52
379	AGG	13
380	CAT	9963
380	AAT	58
380	CAC	25
380	CAA	8
381	CAA	10018
381	CAG	31
382	CTC	10002
382	CTT	28
382	CTA	10
382	CCC	6
382	ATC	2
383	AAC	10000
383	AAT	35
383	AGC	5
384	CCC	9917
384	CCT	101
384	CCA	16
384	CTC	6
384	TCC	2
385	AAA	10018
385	AAG	12
385	AGA	7
386	GAA	9810
386	GAG	154
386	GAC	60
386	GAT	6
387	GAT	9852
387	GAC	142
387	GAA	26
387	AAT	8
388	GAC	9650
388	GAT	371
388	AAC	5
389	GTA	9866
389	GTT	124
389	ATA	18
389	GTG	11
389	GTC	6
390	GAG	9992
390	GAA	36
391	CTT	9975
391	CTC	45
391	CTG	4
392	TAA	9998
392	TGA	16
392	TAT	2

#KF640637|NS1
1	ATG	9620
2	GGG	9613
2	GGA	29
2	GGT	4
2	AGG	2
3	TGC	9667
3	TGT	39
3	TAC	3
3	TTC	2
3	AGC	2
4	AAT	9651
4	AGT	75
4	AAC	12
4	GAT	3
5	TCA	9796
5	CCA	5
5	ACA	2
6	CTG	9734
6	TTG	41
6	CTA	35
6	CTT	8
6	CTC	4
6	ATG	2
6	CAG	2
7	AGC	9836
7	AGT	20
7	AAC	4
8	ATG	9693
8	GTG	7
8	ATA	4
9	ATA	9833
9	GTA	42
9	ATT	16
10	AAG	9851
10	AAA	41
10	AGG	2
11	GTT	9831
11	GTC	33
11	ATT	31
11	GTA	13
11	GTG	2
11	GCT	2
12	AGA	9901
12	AGG	9
13	TTA	9900
13	CTA	32
13	TTG	13
14	CAA	9943
14	CAG	4
15	AAT	9943
15	AAC	5
16	TTG	9070
16	TTA	858
16	CTG	18
16	TTC	4
17	TTT	9939
17	TTC	7
17	ATT	3
18	GAT	9053
18	GAC	899
18	AAT	2
19	AAT	9939
19	AAC	10
19	AGT	6
20	GAC	9212
20	GAT	742
20	GAY	2
20	GAA	2
21	GAA	9939
21	GAG	24
22	GTA	9952
22	GTG	8
22	ATA	7
22	GTT	2
23	GCA	9954
23	GCG	14
24	TTG	9767
24	CTG	195
24	TTA	8
24	YTG	2
24	ATG	2
25	TTA	9852
25	TTG	106
25	CTA	16
26	AAA	8827
26	AAG	1144
27	ATA	9966
27	ATG	6
27	TTA	2
28	ACA	9969
28	GCA	3
29	TGT	9971
29	TGC	11
30	TAT	9941
30	TAC	16
30	CAT	16
30	TGT	11
31	ACT	9960
31	ACC	10
31	ACA	6
31	GCT	5
31	ACG	3
31	AAT	2
32	GAC	9911
32	GAT	52
32	AAC	14
32	GAA	6
33	AAA	9971
33	AAG	9
33	AAC	3
34	TTA	9979
34	CTA	7
34	TTG	2
35	ATT	9978
35	ATC	4
35	ATA	2
36	CTT	9945
36	TTT	15
36	CTC	14
36	CCT	3
36	CTA	3
37	CTG	9778
37	CTA	156
37	TTG	36
37	CTT	5
37	TTA	3
38	ACT	9902
38	ACC	76
39	AAT	9960
39	AAC	17
39	GAT	3
40	GCA	9948
40	GCG	19
40	ACA	8
40	GTA	5
41	TTA	9911
41	TTG	62
41	CTA	6
42	GCC	9744
42	GCT	199
42	GCA	23
42	GTC	7
42	GCG	2
43	AAA	9901
43	AAG	77
44	GCA	9956
44	GCT	13
44	GCG	9
45	ACA	9855
45	GCA	110
45	ACG	11
45	GTA	2
46	ATA	9956
46	ATC	23
47	CAT	9969
47	CAC	11
48	ACA	9978
48	ACG	5
49	ATT	9958
49	ATC	23
50	AAA	9963
50	AAG	19
51	TTA	9953
51	TTG	26
51	CTA	4
51	ATA	2
52	AAC	9376
52	AAT	599
52	AGC	5
53	GGC	9835
53	GGT	120
53	GGA	21
53	AGC	3
54	ATA	9936
54	ACA	20
54	GTA	11
54	ATC	7
54	ATG	6
55	GTT	9964
55	GTC	7
55	ATT	5
55	GTA	3
55	GCT	2
55	GTG	2
56	TTT	9932
56	TTC	48
57	ATA	9979
57	GTA	8
58	CAT	9969
58	CAC	15
59	GTT	9943
59	ATT	33
59	GTC	9
59	GTG	2
60	ATA	9966
60	ATG	17
61	ACA	9976
61	ACG	8
62	AGC	9934
62	AGT	43
62	GGC	4
63	AGT	9953
63	AAT	14
63	AGC	11
63	GGT	3
64	GAA	9943
64	GAG	24
64	GAT	17
65	GTG	9921
65	GTA	28
65	ATG	20
65	GTT	9
65	TTG	2
65	GCG	2
66	TGC	9918
66	TGT	60
67	CCT	9965
67	CCC	8
67	CTT	5
67	CCA	2
68	GAT	9923
68	GAC	47
68	AAT	8
68	GGT	4
69	AAC	9860
69	GAC	64
69	AAT	54
69	AGC	5
70	AAT	9926
70	AAC	44
70	GAT	7
70	AGT	4
70	CAT	2
71	ATT	9940
71	GTT	28
71	ATA	8
72	GTA	9900
72	ATA	37
72	GTG	24
72	GCA	10
72	GTC	5
72	GTT	4
73	GTG	9888
73	GTA	93
73	TTG	2
74	AAA	9877
74	GAA	74
74	AAG	23
74	GAG	8
74	AGA	4
75	TCT	9948
75	TCC	31
75	TCA	6
76	AAC	9973
76	AAT	11
76	GAC	2
77	TTT	9962
77	TTC	26
77	TTA	2
78	ACA	9986
78	ACG	2
78	ACT	2
79	ACA	9983
80	ATG	9984
80	ATA	2
81	CCA	9960
81	CCG	13
81	CCT	11
82	ATA	9965
82	ACA	7
82	GTA	5
82	ATC	4
82	ATG	2
83	TTA	9940
83	CTA	30
83	TTG	10
84	CAA	9954
84	CAG	17
84	CGA	5
84	CAT	3
84	AAA	3
85	AAT	9944
85	AAC	26
85	AGT	3
86	GGA	9915
86	GGG	61
86	GGT	2
87	GGA	9919
87	GGG	51
87	GGT	11
88	TAC	9932
88	CAC	42
88	TAT	10
89	ATA	9958
89	ATC	13
89	ATG	12
89	ACA	2
90	TGG	9981
91	GAA	9643
91	GAG	336
91	AAA	2
92	TTG	9673
92	TTA	274
92	CTG	33
93	ATT	9955
93	ATC	15
93	ATA	6
93	ACT	4
94	GAA	9794
94	GAG	186
95	TTG	9936
95	TTA	25
95	CTG	21
96	ACA	9963
96	ACG	17
97	CAC	9931
97	CAT	52
98	TGC	9888
98	TGT	81
98	AGC	9
98	TAC	2
99	TCT	9957
99	TCC	11
99	ACT	6
99	TTT	3
99	TCA	2
100	CAA	9972
100	CAG	11
101	TTA	9959
101	TCA	9
101	TTG	9
101	CTA	5
101	TTT	3
102	AAT	9910
102	AAC	60
102	AGT	12
103	GGT	9931
103	GGC	24
103	AGT	13
103	GAT	11
103	TGT	3
104	CTA	9916
104	TTA	41
104	CTG	20
104	CCA	5
104	CAA	3
105	ATA	9800
105	ATG	169
105	GTA	6
105	ACA	5
105	AGA	3
105	ATC	3
106	GAT	9945
106	GAC	26
106	AAT	7
106	GAA	3
106	GAY	2
106	GTT	2
107	GAT	9947
107	GAC	32
107	AAT	6
108	AAT	9971
108	AAC	14
109	TGT	9960
109	TGC	27
110	GAA	9968
110	GAG	15
111	ATC	9917
111	ATT	54
111	ATA	10
111	GTC	3
111	CTC	2
112	AAA	9977
112	AAG	7
112	AGA	2
113	TTT	9972
113	TTC	13
114	TCT	9916
114	TCC	63
114	TCA	6
115	AAA	9971
115	AAG	10
115	AGA	3
115	GAA	2
116	AGA	9896
116	AGG	86
116	AAA	4
117	CTA	9932
117	TTA	47
117	CTG	5
118	AGT	9976
118	AAT	6
119	GAC	9910
119	GAT	39
119	GAA	20
119	AAC	9
120	TCA	9973
120	TCT	4
121	GTA	9889
121	GTG	52
121	ATA	23
121	GTT	9
121	TTA	2
122	ATG	9975
123	ACT	9919
123	ACC	44
123	AAT	7
123	ACA	6
124	GAT	9908
124	AAT	62
124	GAC	10
125	TAT	9972
125	TAC	3
126	ATG	9899
126	ATA	62
126	GTG	13
126	ATT	2
127	AAT	9962
127	AAC	6
127	GAT	3
127	AAG	2
127	CAT	2
128	CAA	9869
128	CAG	106
129	ATA	9957
129	ATG	12
129	GTA	4
129	ACA	2
130	TCT	9957
130	TCC	8
130	TCA	4
130	ACT	4
130	TTT	2
131	GAT	9877
131	GAC	88
131	AAT	7
131	GGT	2
131	GAA	2
132	TTA	9946
132	TTG	20
132	CTA	9
132	YTA	2
133	CTT	9925
133	CTC	28
133	CTA	19
133	TTT	3
133	ATT	2
134	GGG	9827
134	GGC	61
134	GGA	45
134	GAG	20
134	AGG	18
134	GGT	4
134	GAC	2
135	CTT	9910
135	CTG	29
135	CTC	18
135	TTT	16
135	CTA	4
136	GAT	9936
136	GAC	18
136	AAT	17
136	GGT	5
136	GAA	4
137	CTC	9874
137	CTT	42
137	ATC	16
137	CTA	14
137	CCC	13
137	TTC	7
137	CAC	3
137	CAT	2
138	CAT	9637
138	CAC	168
138	AAT	126
138	CAG	13
138	GAT	12
138	TAT	4
138	AAA	2
138	CAY	2
139	TCA	9935
139	CCA	19
139	TCG	7
139	TTA	4
139	ACA	2
139	TAA	2
140	TGA	9945
140	TAA	21

#KF640637|NS2
1	ATG	9877
1	GTG	90
1	ATA	14
2	AGC	9818
2	AGT	145
2	AAC	15
2	TGC	4
2	GGC	4
2	AGA	4
3	ACT	9741
3	ACC	122
3	GCT	67
3	ATT	39
3	TCT	10
3	AAT	7
3	GCC	4
4	ACA	9863
4	GCA	50
4	AAA	48
4	ATA	21
4	ACG	7
4	ACT	6
5	AAC	9259
5	AAA	407
5	AAT	224
5	ACC	65
5	GAC	24
5	AGC	8
6	GAC	9572
6	AAC	341
6	GAT	65
6	GGC	8
6	GAA	6
6	RAC	2
6	AAT	2
6	AGC	2
7	AAC	9959
7	AAT	27
7	AGC	8
7	GAC	8
7	GGC	4
8	ACC	9795
8	ACT	144
8	ATC	35
8	GCC	19
8	ACA	7
8	AAC	4
8	TCC	2
9	ACC	9640
9	ACT	248
9	ATC	87
9	GCC	23
9	ACA	8
9	TCC	2
10	ATG	9848
10	ACG	136
10	ATA	14
10	GTG	4
10	ACA	3
10	CTG	2
10	AAG	2
10	TTG	2
11	CAA	9985
11	AAA	14
11	CAG	8
11	CAC	5
11	CAT	2
11	CGA	2
12	AGA	9989
12	GGA	17
12	AGG	8
12	AAA	4
13	TTG	9805
13	CTG	136
13	TTA	71
13	CCG	6
14	ATG	9965
14	ATA	24
14	ACG	13
14	ATT	13
14	CTG	6
14	GTG	3
15	ATC	9923
15	ATT	62
15	GTC	23
15	ATA	16
15	CTC	2
16	ACA	10010
16	ACG	8
16	ATA	5
16	AAA	3
16	GCA	2
17	GAC	9985
17	GAT	33
17	AAC	7
17	GAG	2
18	ATG	10023
18	ATA	6
18	CTG	2
19	AGA	9939
19	AAA	57
19	CGA	18
19	AGG	15
19	ATA	2
20	CCC	9890
20	CCT	138
20	TCC	2
21	CTG	9738
21	CTA	184
21	TTG	74
21	CTT	18
21	ATG	7
21	CAG	4
22	TCG	9843
22	TCA	158
22	TCT	24
22	CCG	2
22	TTG	2
23	ATG	10000
23	ACG	15
23	ATA	12
24	GAT	9712
24	GAC	282
24	GAA	32
24	AAT	3
25	TCA	9920
25	ACA	103
25	TTA	5
25	CCA	2
26	ATA	9770
26	ACA	236
26	ATG	8
26	GTA	7
26	GTG	5
26	ATT	3
26	AYA	2
27	ATA	9901
27	ATG	125
27	ACA	6
27	CTA	2
28	ACA	9873
28	ATA	158
28	GCA	4
28	ACT	2
29	TCT	10002
29	TCC	29
29	TCA	3
29	ACT	2
30	CTC	9982
30	CTT	39
30	CTA	9
30	ATC	5
30	TTC	2
31	ACC	9915
31	ACT	115
31	ACA	4
31	ATC	2
32	AAA	9958
32	AGA	36
32	AAG	33
32	CAA	5
33	GAA	10016
33	GAG	7
33	GAC	4
33	GGA	3
33	GAT	2
33	AAA	2
34	ATC	9968
34	ATA	64
34	ATT	6
35	ATC	8868
35	ATT	1104
35	ATA	37
35	GTC	17
35	ATY	3
36	ACA	10015
36	ACG	16
36	ACC	2
37	CAC	9988
37	CAT	45
38	AAA	10012
38	AAG	11
39	TTC	10004
39	TTT	28
40	ATA	10028
40	GTA	2
40	ATC	2
41	TAC	9947
41	TAT	84
42	TTG	9963
42	CTG	46
42	TTA	22
43	ATA	10002
43	ATT	11
43	GTA	3
43	ATG	2
44	AAC	9998
44	AAT	9
45	AAT	10002
45	AAC	8
45	AGT	3
46	GAA	9999
46	GAG	12
47	TGT	9946
47	TGC	75
48	ATT	10021
48	ATC	4
48	ATA	2
48	GTT	2
49	GTA	9962
49	GTG	41
49	GCA	23
49	GYA	2
50	AGA	9882
50	AGG	73
50	AAA	62
50	AAG	11
51	AAA	10014
51	AAG	12
52	CTC	9387
52	CTT	600
52	TTC	20
52	CTA	15
52	ATC	2
53	GAT	9870
53	AAT	130
53	GAC	18
53	RAT	3
53	GGT	3
54	GAA	9693
54	GAG	330
55	AGA	10012
55	AGG	9
55	AAA	4
55	GGA	2
56	CAA	10014
56	CAG	11
56	CAC	3
57	GCT	9990
57	GCC	37
58	ACA	10010
58	ATA	11
58	ACT	7
58	ACG	3
59	TTT	9900
59	TTC	102
59	TTA	7
59	CTT	7
59	TCT	6
59	TCC	3
60	ACA	10005
60	GCA	14
60	ATA	9
60	ACG	3
61	TTC	9997
61	TTT	35
62	CTA	9655
62	TTA	314
62	CTG	58
62	TTG	2
63	GTC	9955
63	GTT	25
63	GCC	24
63	ATC	14
63	GTA	13
64	AAT	9840
64	AAC	189
65	TAT	10012
65	TAC	14
66	GAG	9938
66	GAA	88
67	ATG	10007
67	GTG	12
67	ATA	5
67	TTG	3
68	AAG	9976
68	AAA	45
68	AAT	2
69	CTA	9997
69	TTA	24
69	CTG	9
70	TTG	9905
70	CTG	101
70	TTA	17
70	CTA	5
71	CAC	9996
71	CAT	25
71	TAC	6
71	CTC	3
72	AAA	9965
72	AGA	37
72	AAG	30
73	GTA	9985
73	GTG	44
73	GTT	5
74	GGG	9877
74	GGA	150
74	GGT	3
75	AGT	9685
75	AGC	350
76	ACC	9952
76	ACT	48
76	GCC	14
76	ACA	12
76	ATC	3
76	AAC	3
77	AAA	10006
77	AAG	21
77	AGG	2
77	AGA	2
78	TAC	9591
78	TAT	394
78	CAC	43
78	TGC	3
78	TAY	2
79	AAG	9835
79	AAA	185
79	AGG	13
80	AAA	9790
80	AGA	190
80	ACA	42
80	AAG	8
81	TAC	9997
81	TAT	34
81	TGC	2
82	ACC	8481
82	ACT	1208
82	TCT	152
82	GCC	84
82	ACA	67
82	GCT	6
82	TCC	3
82	RCC	2
82	AAT	2
83	GAA	9920
83	AAA	91
83	GAG	12
83	GAC	6
83	GGA	2
84	TAT	9104
84	TAC	811
84	CAC	109
84	CAT	7
85	AAT	9894
85	AAC	133
85	AAG	2
86	ACA	10015
86	ACT	10
86	ACG	5
87	AAA	10014
87	AAG	12
87	AGA	3
88	TAT	10022
88	CAT	7
88	TAC	4
89	GGC	9886
89	GGT	106
89	GGA	34
89	AGC	4
89	GAT	2
90	ACA	9850
90	ACT	165
90	ACG	8
90	ACC	7
91	TTC	10005
91	TTT	22
92	CCT	9831
92	CCC	194
93	ATG	10014
94	CCT	9996
94	CCC	13
94	CCA	6
95	ATA	10002
95	GTA	8
95	ATC	4
95	ATG	2
96	TTT	9885
96	TTC	131
97	ATC	9975
97	GTC	16
97	ATT	9
97	ATA	9
97	ACC	8
97	GTT	2
98	AAT	10002
98	AAC	15
98	AGT	2
99	CAT	9992
99	CAC	30
100	GGC	9297
100	GGT	654
100	GAC	29
100	GGA	19
100	AGC	11
100	TGC	3
101	GGG	9944
101	GGA	47
101	AGG	7
101	GAG	6
101	GGR	3
101	GGT	2
102	TTT	9982
102	TAT	10
102	TTC	10
102	CTT	4
103	CTA	9952
103	TTA	39
103	CTG	11
103	CTT	2
104	GAA	9994
104	GTA	6
104	GAG	5
105	TGT	9926
105	TGC	86
106	ATT	9973
106	GTT	29
106	ATC	8
106	ATA	5
107	GGC	9958
107	GGA	42
107	GGT	19
108	ATT	9672
108	ATC	352
108	AAT	3
108	CTT	2
109	AAG	9988
109	AAA	40
110	CCT	9993
110	CCC	33
111	ACA	9993
111	ACG	29
112	AAA	10009
112	AAG	7
112	AGA	6
113	CAT	9561
113	CAC	458
113	TAT	3
114	ACT	9896
114	ACC	105
114	ACA	17
114	AAT	2
114	ACY	2
115	CCT	9966
115	CCC	40
115	TCT	15
115	CAT	4
116	ATA	10022
116	ACA	5
116	GTA	3
117	ATA	10010
117	ACA	8
117	GTA	4
117	ATG	3
118	TAC	9918
118	CAC	84
118	TAT	23
118	TGC	2
119	AAA	10000
119	AAG	20
119	AGA	3
120	TAT	10005
120	TAC	19
121	GAC	9978
121	GAT	42
121	AAC	2
122	CTC	9973
122	CTT	29
122	CTA	21
123	AAC	9928
123	AAT	74
123	AGC	12
123	GAC	3
123	AAA	2
124	CCG	9667
124	CCA	322
124	CTG	20
124	CCT	5
125	TAA	9592
125	TGA	419
125	TAG	5
125	TRA	2

#KF640637|P
1	ATG	10176
2	GAG	10129
2	GAA	37
2	GAT	7
2	GAR	3
3	AAG	10171
3	AAA	9
4	TTT	10176
4	TTC	2
4	GTT	2
5	GCA	10167
5	GCT	6
5	GCW	4
5	GCG	4
6	CCT	10174
6	CCC	3
6	SCT	2
7	GAA	10170
7	GAG	10
8	TTT	10086
8	TTC	89
8	TTY	4
9	CAT	10167
9	CAC	6
9	TAT	6
10	GGA	10153
10	GGG	26
11	GAA	10165
11	GAG	11
11	GAT	4
12	GAT	10162
12	GAC	13
12	GAA	4
13	GCA	10176
13	GCG	2
13	GCT	2
13	GCC	2
14	AAT	9820
14	AAC	354
14	AAY	4
14	AGT	3
15	AAC	10168
15	AAT	8
15	AGC	4
16	AAA	10154
16	AAG	14
16	AGA	8
16	ARA	4
17	GCT	10062
17	GCC	106
17	GCA	6
17	GCY	5
18	ACC	10139
18	ACT	36
18	ACA	5
19	AAA	10169
19	AAG	11
20	TTC	10113
20	TTT	65
20	WTC	2
21	CTA	9746
21	TTA	418
21	CTG	9
21	CTT	5
21	YTA	3
22	GAA	10144
22	GAG	38
23	TCA	10183
24	ATA	10181
24	ATM	2
24	ATG	2
25	AAA	9991
25	AAG	189
25	AAR	3
26	GGC	10122
26	GGT	44
26	GGA	22
27	AAG	10017
27	AAA	172
27	AAR	3
28	TTT	10064
28	TTC	126
28	TTY	2
29	GCA	10146
29	TCA	25
29	ACA	9
29	GCG	4
29	RCA	3
29	GTA	3
29	GCT	2
30	TCA	10108
30	CCA	61
30	ACA	16
31	TCC	10018
31	TCT	138
31	TCA	16
31	CCC	7
31	YCC	4
32	AAA	10059
32	AAG	121
32	AGA	5
33	GAT	10161
33	GAC	22
34	CCT	9713
34	CCC	379
34	TCT	68
34	TCC	8
34	CTT	7
34	CCY	4
34	CAT	3
35	AAG	10157
35	AAA	28
35	AGG	2
36	AAG	10145
36	AAA	41
36	AAR	4
37	AAA	10154
37	AAG	31
37	AGA	3
38	GAT	10141
38	GAC	47
39	AGC	10140
39	AGT	42
39	AGY	4
40	ATA	10170
40	ATC	14
40	ATM	4
41	ATA	10188
42	TCT	10071
42	TCC	112
42	TCA	3
43	GTC	9989
43	GTT	163
43	ATC	30
43	GTA	3
44	AAC	10166
44	AAT	20
45	TCA	10169
45	GCA	11
45	TCT	3
45	TCC	3
45	TCG	2
46	ATA	10140
46	ATC	29
46	GTA	17
46	CTA	2
47	GAC	9928
47	GAT	237
47	AAC	11
47	GAA	7
47	GAY	4
48	ATA	10186
49	GAA	10171
49	GAT	8
49	GAG	6
50	GTC	10056
50	GTA	90
50	GTT	19
50	ATC	15
50	GTM	3
51	ACT	9716
51	ACC	442
51	ATT	11
51	GCT	9
51	ACY	4
51	AAT	2
52	AAA	10179
52	AAG	6
52	AGA	3
53	GAG	9997
53	GAA	164
54	AGC	10133
54	AGT	26
55	CCG	9885
55	CCA	234
55	CCT	34
55	CCK	3
56	ATA	10153
57	ACA	10153
57	ACG	12
58	TCT	10136
58	TCC	19
58	TCA	9
59	GGC	9979
59	GGT	117
59	GGA	50
59	AGC	10
59	AAT	4
60	ACC	9779
60	ACT	182
60	ATC	165
60	GCC	21
60	TCC	8
60	TCA	4
60	AAC	2
60	ATT	2
61	AAC	9544
61	ACC	554
61	AGC	53
61	AAT	7
62	ATT	9500
62	ATC	467
62	ACT	129
62	ACC	30
62	GTT	26
62	GTC	5
62	AGT	2
63	ATC	10040
63	GTC	91
63	ATT	31
63	ATA	7
63	AAC	7
63	TTC	5
64	AAT	10137
64	AAC	17
64	AGT	9
64	TAT	9
64	ACT	3
64	ATT	3
65	CCA	10125
65	CCG	18
65	TCA	11
65	CCT	11
65	CTA	4
65	CAA	2
65	ACA	2
66	ACA	10086
66	ATA	50
66	GCA	23
66	ACG	8
66	ACT	8
66	ACC	2
67	AGT	9690
67	AGC	379
67	AAT	56
67	GGT	51
67	GGC	2
68	GAA	10072
68	GAG	55
68	GAC	43
68	GAT	3
69	GCC	9467
69	GCT	559
69	ACC	89
69	GTC	37
69	GCA	11
69	TCC	6
69	ACA	5
69	ACT	2
70	GAC	10116
70	GAT	58
70	AAC	7
71	AGT	9650
71	AGC	479
71	AAT	23
71	GGT	20
71	GAT	5
71	AGG	2
71	ATT	2
71	AAC	2
72	ACC	10008
72	AAC	61
72	ACT	44
72	GCC	36
72	ATC	25
72	GTC	5
72	ACA	2
72	ACY	2
73	CCA	9810
73	TCA	260
73	CCG	33
73	CTA	32
73	CAA	19
73	CCT	12
73	ACA	7
73	GTA	4
73	CAG	3
73	CCC	2
74	GAA	10158
74	GAG	14
74	GGG	5
74	GAT	4
75	ACT	7896
75	ACC	2173
75	GCC	41
75	ATC	17
75	GCT	15
75	ATT	12
75	ACA	12
75	TCC	9
75	AAC	6
76	AAA	10160
76	AAG	12
76	AGA	9
77	GCC	10020
77	ACC	86
77	GCT	43
77	GTC	20
77	GCA	9
77	CCC	3
78	AAC	10154
78	AAT	18
78	AGC	10
78	ACC	2
79	TAC	10161
79	TAT	11
79	CAC	9
79	TGC	2
80	CCA	10025
80	TCA	76
80	CCT	56
80	CAA	12
80	CTA	11
80	CCC	4
81	AGA	10129
81	AGG	50
81	AAA	5
81	CGA	3
82	AAA	10167
82	AAG	18
82	AAR	2
83	CCC	10104
83	CCT	71
83	TCC	11
83	CCY	2
83	CCA	2
84	CTA	5240
84	TTA	4864
84	CTG	70
84	YTA	9
84	TTG	6
85	GTA	10165
85	GTT	10
85	GTG	8
85	ATA	6
86	AGC	10140
86	AGT	45
86	AAC	5
86	AGY	3
87	TTC	10158
87	TTT	34
88	AAA	10138
88	AAG	49
88	AGA	3
88	ARA	2
89	GAA	10173
89	GAG	16
89	GAT	3
90	GAT	10065
90	GAC	122
90	GAY	3
90	GAA	2
91	CTC	9977
91	CTT	179
91	CCC	21
91	CTA	6
91	CYY	3
91	ATC	2
91	CCT	2
92	ACC	9797
92	GCC	162
92	ACT	130
92	ATC	50
92	ACA	35
92	AAC	5
92	TCC	4
92	ACS	3
92	ATT	2
92	ACG	2
93	CCA	10105
93	CCG	51
93	CCT	31
93	CAA	4
93	CTA	2
94	AGT	10156
94	AGC	23
94	GGT	7
94	ATT	4
94	AAT	4
95	GAT	9945
95	GAC	240
95	AAT	4
95	TAT	2
96	AAC	10131
96	AAT	54
96	AGC	5
96	AAY	3
97	CCT	9976
97	CCC	204
97	TCT	5
97	CAT	3
97	CTT	3
98	TTC	9991
98	TTT	195
98	TTY	3
98	CTC	2
99	TCT	9977
99	TCC	157
99	TCA	44
99	ACT	10
99	TCW	3
100	AAG	10150
100	AAA	39
100	AAR	3
101	TTG	10096
101	TTA	66
101	CTG	24
101	YTR	3
101	CTA	2
102	TAC	10169
102	TAT	22
103	AAA	10170
103	AAG	15
103	AGA	4
104	GAA	10178
104	GAG	13
105	ACC	10010
105	ACT	97
105	ACA	84
106	ATA	10161
106	ATG	15
106	CTA	13
107	GAA	10184
107	GAG	4
107	GAT	2
108	ACA	10181
108	ACG	6
108	ATA	5
109	TTT	10179
109	TTC	13
110	GAT	10155
110	GAC	37
111	AAC	10137
111	AAT	53
112	AAT	10186
112	AAC	3
112	CAT	3
113	GAA	10180
113	GAG	9
114	GAA	10110
114	GAG	79
114	GAT	2
115	GAA	10164
115	GAG	22
115	GAR	3
116	TCT	10106
116	TCC	76
116	TCA	7
117	AGC	10175
117	AGT	13
118	TAC	10175
118	TAT	9
118	TAY	5
119	TCA	10184
119	TCG	4
119	TCT	2
120	TAT	10166
120	TAC	23
121	GAG	10044
121	GAA	141
121	GAT	2
121	GAR	2
122	GAG	10091
122	GAA	94
122	GAR	2
123	ATC	9981
123	ATA	148
123	ATT	53
123	GTC	4
123	ATM	2
124	AAT	10139
124	AAC	48
125	GAC	8051
125	GAT	2133
125	GAY	3
125	GAA	2
126	CAA	10184
126	CAG	2
126	CAR	2
127	ACA	10156
127	ACG	23
127	ACT	7
127	ATA	4
128	AAT	10160
128	AAC	16
128	AGT	12
128	AAY	2
129	GAC	5393
129	GAT	4762
129	GAA	20
129	GAY	4
130	AAC	10158
130	AAT	22
130	AAY	2
131	ATT	10030
131	ATC	143
131	GTT	5
131	ACC	3
131	ATW	3
131	ATA	2
132	ACA	10025
132	ACT	154
132	GCA	10
133	GCA	10165
133	GTA	15
133	ACA	6
133	GCG	2
133	TCA	2
134	AGA	10186
134	AGG	4
135	CTA	9974
135	TTA	166
135	CTG	44
135	YTA	5
136	GAT	10092
136	GAC	97
137	AGA	10152
137	AGG	34
137	AGR	5
138	ATT	10162
138	ATC	29
139	GAT	10155
139	GAC	37
140	GAA	10161
140	GAG	24
140	GAR	6
141	AAA	10187
141	AAG	5
142	TTA	10141
142	CTA	38
142	TTG	11
143	AGT	10124
143	AGC	66
144	GAA	10175
144	GAG	17
145	ATA	10167
145	GTA	24
146	TTA	10160
146	CTA	12
146	TTG	12
146	YTA	4
146	TCA	2
147	GGA	10103
147	GGT	59
147	GGG	28
148	ATG	10193
149	CTC	9721
149	CTA	307
149	CTT	157
149	CTY	5
150	CAT	10137
150	CAC	51
150	CAY	4
151	ACA	10180
151	ACG	9
151	AAA	2
152	TTA	10153
152	TTG	22
152	CTA	15
153	GTA	10173
153	GTG	17
154	GTT	10159
154	GTA	17
154	ATT	8
154	GTW	5
154	GTC	2
155	GCA	10106
155	GCG	76
155	GCT	4
155	GCR	2
156	AGT	10137
156	AGC	53
157	GCA	10030
157	GCT	139
157	GCG	18
157	GCC	3
158	GGA	10186
158	GGG	6
159	CCT	9429
159	CCC	748
159	CCY	6
159	CCA	4
159	CCG	3
160	ACT	10071
160	ACC	111
160	ACW	4
160	ACA	2
161	TCG	9241
161	TCA	924
161	GCG	9
161	TCT	7
161	ACG	5
161	TCK	4
162	GCT	10184
162	GCA	4
162	GCC	3
163	CGT	10026
163	CGC	149
163	CGA	9
163	CGK	4
163	CGG	2
163	CGY	2
164	GAC	9047
164	GAT	1140
164	GAY	4
165	GGA	10175
165	GGT	7
165	GGW	4
165	GGG	3
166	ATA	10190
167	AGA	10189
167	AGG	2
168	GAT	10177
168	GAC	16
169	GCT	10123
169	GCC	61
169	GCY	7
170	ATG	10191
171	GTT	9889
171	GTC	289
171	GTG	7
171	ATT	5
171	GTA	2
172	GGT	10148
172	GGC	25
172	GGA	19
173	CTA	10017
173	TTA	91
173	CTG	59
173	CTC	15
173	YTA	7
174	AGA	10153
174	AGG	39
175	GAA	10171
175	GAG	23
176	GAA	10142
176	GAG	51
177	ATG	10191
177	ATA	2
178	ATA	10189
178	ATT	4
179	GAA	10063
179	GAG	117
179	GAR	2
180	AAA	10133
180	AAG	45
181	ATA	10157
181	ATT	10
181	ATM	7
181	ATC	4
182	AGA	10158
182	AGG	14
183	GCA	9879
183	GCG	256
183	ACA	14
183	GCT	9
183	RCW	7
183	GTA	3
183	ACT	3
183	GCR	2
184	GAA	10062
184	GAG	105
184	GAR	2
184	CAA	2
184	SAA	2
185	GCA	10155
185	GCG	15
185	GCC	4
186	TTA	10162
186	TTG	16
186	CTA	2
187	ATG	10182
188	ACC	10104
188	ACT	74
188	ACA	8
189	AAT	10111
189	AAC	50
190	GAT	10016
190	GAC	139
190	GAY	6
191	AGG	10089
191	AGA	43
191	AAG	24
191	AGR	6
192	TTA	10046
192	TTG	54
192	CTA	52
192	YTA	6
192	TTR	2
193	GAG	10123
193	GAA	20
193	GAR	6
194	GCC	7230
194	GCT	2904
194	GCY	8
194	GCA	7
194	GTC	3
194	ACT	2
195	ATG	10160
195	ATA	8
195	ACG	2
196	GCA	10099
196	GCT	67
196	GCG	9
197	AGA	10180
197	AGG	7
197	CGA	6
198	CTT	10090
198	CTC	86
198	CTY	5
198	GTT	2
198	CTG	2
199	AGG	10175
199	AGA	10
199	AAG	4
200	AAT	10119
200	AAC	67
200	AGT	4
201	GAG	10087
201	GAA	99
201	GAR	5
202	GAA	10174
202	GAG	15
203	AGC	9740
203	AGT	440
203	AGY	5
204	GAA	10164
204	GAG	12
204	GTA	7
204	AAA	4
204	GGA	2
205	AAA	10076
205	AAG	105
205	AAR	7
206	ATG	10191
207	GCA	9957
207	GCT	196
207	ACA	15
207	GTA	9
207	GCG	9
207	GAA	2
207	GCC	2
208	AAA	10017
208	AAG	167
208	AGA	5
209	GAC	10123
209	GAT	61
209	AAC	2
209	GAA	2
210	ACC	9856
210	ACT	317
210	ACA	8
210	ACM	6
211	TCA	10157
211	TCG	29
211	TCT	3
212	GAT	10166
212	GAC	20
213	GAA	10177
213	GAG	9
213	GGA	2
214	GTG	10051
214	GTA	71
214	GTT	62
214	GGG	3
215	TCT	10122
215	CCT	47
215	TCC	15
215	TCA	2
216	CTC	10058
216	CTT	121
216	CTA	4
217	AAT	10154
217	AAC	29
218	CCA	10137
218	CCT	17
218	TCA	14
218	CCG	6
218	CTA	5
218	CAA	4
219	ACC	9957
219	ACT	145
219	GCC	70
219	ACA	8
219	ATC	4
220	TCC	9036
220	TCT	1134
220	TCA	6
220	TCY	2
221	AAA	10165
221	AAG	6
221	AGA	3
222	AAA	10142
222	AGA	23
222	AAG	7
223	TTG	9937
223	TTA	175
223	CTG	44
223	CTA	9
223	ATG	3
223	YTG	2
224	AGT	10128
224	AGC	22
224	AAT	11
224	AAC	3
224	GGT	2
225	GAC	9983
225	AAC	121
225	GAT	46
225	TAC	4
225	AAT	2
225	GGC	2
226	TTG	9815
226	TTA	241
226	CTG	100
227	TTG	9634
227	TTA	435
227	CTG	79
227	CTA	4
228	GAA	10068
228	GAG	80
228	GGA	2
228	AAA	2
229	GAC	10035
229	GGC	72
229	GAT	25
229	AAC	14
229	TAC	5
229	GGG	3
230	AAC	9886
230	AAT	269
231	GAT	9976
231	GAC	171
231	AAT	8
232	AGC	9794
232	AGT	357
232	ATC	2
232	ACC	2
233	GAC	9957
233	GAT	181
233	GAA	16
233	GAY	2
234	AAT	10121
234	AAC	31
234	ACT	2
235	GAT	10120
235	GAC	22
235	GGT	16
236	CTA	10129
236	CTG	14
236	TTA	14
237	TCA	10149
237	TCG	8
238	CTT	10126
238	CTC	22
238	CTA	10
239	GAT	10122
239	GAA	28
239	GAC	5
239	GTT	2
240	GAT	10124
240	GAC	34
241	TTT	10052
241	TTC	102
241	TTY	2
242	TGA	10145
242	TAA	12

#KF640637|SH
1	ATG	10282
1	ACC	3
2	GGA	10198
2	GGT	47
2	GAA	18
2	GGG	13
2	AGA	7
2	GTA	5
3	AAC	10003
3	AAT	273
3	GAC	9
3	AGC	3
4	ACA	10271
4	ACG	13
4	ACC	3
5	TCC	10255
5	TCT	31
5	TCA	3
6	ATC	10116
6	ATT	150
6	GTC	28
7	ACA	10264
7	ACG	25
7	ATA	3
8	ATA	10271
8	ACA	9
8	ATC	6
8	ATG	3
9	GAA	10274
9	GAG	15
10	TTC	10248
10	TTT	31
10	CCC	2
10	CTC	2
11	ACA	10249
11	ACT	21
11	TCA	6
11	ACG	5
12	AGC	10215
12	AGT	46
12	GGC	3
12	AAC	2
12	AGA	2
13	AAA	10272
13	AAG	4
13	ATA	2
13	AGA	2
14	TTT	10251
14	TTC	19
14	TAT	5
14	TCT	2
14	CTT	2
15	TGG	10280
15	TCG	3
16	CCC	10066
16	CCT	210
16	CCA	8
17	TAT	10242
17	TAC	42
17	CAT	2
18	TTT	10221
18	TTC	75
18	TCC	2
19	ACA	10293
19	ACG	9
19	GCA	2
20	CTA	10268
20	CTG	8
20	CCA	7
20	TTA	7
21	ATA	10270
21	ACA	16
21	GTA	4
21	ATG	3
21	MTA	2
22	CAT	10267
22	CAC	28
22	TAT	3
23	ATG	10299
24	ATC	10198
24	ATT	91
24	GTC	7
24	ATA	5
25	TTA	10066
25	CTA	192
25	TTG	34
25	TCA	5
25	GTA	2
26	ACT	10236
26	ATT	56
26	ACC	12
26	ACA	2
27	CTA	10153
27	CTC	123
27	CCA	12
27	TTA	11
27	CTG	3
27	CAA	2
27	CYA	2
28	ATC	10251
28	ATT	26
28	ATA	20
28	ACC	5
28	GTC	4
29	TCT	10123
29	TCC	135
29	TTT	26
29	TCA	14
29	TCG	5
29	ACT	2
30	TTA	10286
30	TCA	6
30	CTA	6
30	TTG	6
30	TTC	2
30	CCA	2
31	CTA	10200
31	TTA	73
31	CCA	18
31	ATA	8
31	CTG	6
32	ATT	10188
32	ACC	50
32	ATA	25
32	ACT	15
32	ATC	12
32	ATY	6
32	GTT	2
32	ATG	2
32	AYT	2
33	ATA	10290
33	ACA	7
33	GTA	3
33	ATG	2
34	ATC	10270
34	ATT	27
34	ATA	8
34	ACC	2
35	ACT	9961
35	ACC	311
35	ATT	16
35	TCT	6
35	GCT	4
35	TCC	2
35	ACY	2
36	ATT	10134
36	ATC	113
36	GTT	25
36	ATA	24
36	ACT	5
36	ACC	3
36	ATG	2
37	ATG	10290
37	ACG	7
38	ATT	10285
38	ATC	5
38	ACT	5
39	GCA	10230
39	GTA	40
39	GCT	14
39	ACA	8
39	GCG	7
40	ATA	10282
40	TTA	5
40	ACA	5
40	GTA	4
40	ATG	3
41	CTA	10262
41	CTG	13
41	TTA	8
41	CCA	6
41	CTC	4
42	AAT	9979
42	AAC	310
42	AAY	4
42	AAA	2
42	GAT	2
43	AAG	10285
43	AAA	18
44	CTA	10213
44	CTG	79
44	TTA	15
44	CCA	13
44	ATA	4
44	CTC	3
45	AGT	10279
45	AGC	14
45	AAT	12
45	ATT	6
45	GGT	5
46	GAA	10203
46	GAG	113
46	AAA	2
46	GGA	2
47	CAT	10215
47	CAC	87
47	TAT	8
47	CGT	4
47	CAG	2
48	AAA	10300
48	AAG	6
48	AGA	3
48	AAC	2
49	ATA	9079
49	ACA	1044
49	TTA	62
49	ATG	48
49	CCA	28
49	GCA	18
49	GTA	8
49	AYA	3
49	CTA	2
50	TTC	10228
50	TTT	25
50	CTC	15
50	TCC	14
50	ATC	11
50	CCC	2
51	TGC	9310
51	TGT	908
51	TTT	25
51	TAC	25
51	TAT	14
51	CGC	5
51	TTC	5
51	AGC	4
51	GGC	3
52	AAC	10257
52	AAT	33
52	AAA	10
53	AAA	10109
53	AGA	132
53	AAT	41
53	AAG	11
53	GAA	9
53	AAC	3
54	ACT	10303
54	ATT	2
54	GCT	2
55	CTT	10242
55	CTA	27
55	CCT	12
55	TTT	10
55	CTC	9
55	ATT	6
55	CAT	3
55	CGT	3
56	GAA	10169
56	GAC	53
56	GAG	52
56	GTA	19
56	GGA	14
56	AAA	3
56	GAT	2
57	CAA	10195
57	CTA	92
57	TAA	10
57	CAG	8
57	CGA	2
58	GGA	10015
58	AGA	147
58	GGG	112
58	GAA	17
58	GTA	5
58	GGT	2
59	CAG	10032
59	CAA	151
59	TAG	89
59	CGG	7
59	AAG	4
59	CAT	4
59	YAG	2
59	CCA	2
60	ATG	10097
60	ATA	78
60	ACG	19
60	ATT	14
60	AGA	2
61	TAT	10064
61	CAT	118
61	TAC	13
61	TGT	10
61	GCT	2
62	CAA	10190
62	CGA	5
62	CAG	2
62	TAA	2
63	ATC	9988
63	ATT	138
63	ACC	54
63	GTC	17
63	ATA	2
64	GAC	7980
64	AAC	2165
64	GAT	21
64	AAT	20
64	AGC	5
64	RAC	4
64	GAA	4
64	TAC	2
65	ACA	10172
65	ACG	10
65	AAA	6
65	GCA	5
65	CCA	4
65	ATA	2
66	TAG	10159
66	TAA	38

#KY654518|F
1	ATG	14145
2	GAG	13919
2	GAT	190
2	GAA	21
2	AAG	6
2	GGG	6
2	GAC	2
2	GTG	2
3	TTG	13893
3	TCG	182
3	TTA	52
3	CTG	10
3	TTT	3
3	ATG	2
3	TTC	2
4	CCA	13857
4	CCT	110
4	CTA	95
4	TCA	32
4	CCG	30
4	CTG	13
4	CAA	2
4	CCC	2
5	ATC	14011
5	ATT	86
5	ACC	20
5	AAC	11
5	GTC	7
5	ATA	5
6	CTC	13691
6	CTT	174
6	TTC	133
6	ATC	66
6	CTA	53
6	CAT	9
6	CTG	6
6	TCC	4
6	CAC	3
6	CCC	3
6	CCT	2
6	ATT	2
7	AAA	14069
7	AAG	41
7	AAT	17
7	AGA	14
7	AAR	2
8	ACA	13865
8	GCA	121
8	ATA	73
8	GCG	47
8	CCA	8
8	AAA	6
8	TCC	4
8	ACT	4
8	TCA	4
8	ACC	4
8	GCC	3
8	TCT	3
8	ACG	2
9	AAT	14048
9	AAC	81
9	AGT	14
9	ATT	8
9	TAT	5
9	AAA	4
9	GAT	4
9	CAT	3
10	GCT	13087
10	GCA	662
10	GCC	385
10	GTT	32
10	ACT	29
10	TCT	3
10	GCG	3
11	ATT	13822
11	ATC	380
11	ATA	15
11	GTT	10
11	TTT	3
12	ACC	12065
12	ATC	1939
12	ACT	157
12	ACA	68
12	GCC	18
12	GTC	2
12	ATA	2
13	ACA	13743
13	GCA	457
13	ATA	25
13	ACT	24
13	ACG	13
13	TCA	4
13	CCA	3
13	AAA	3
13	ACC	3
14	ATC	13765
14	ATT	495
14	GTC	14
14	TTC	7
14	ATA	4
14	ACC	3
15	CTT	13265
15	TTT	831
15	CTC	161
15	CTA	16
15	CTG	7
15	ATT	6
15	TTA	4
15	YTT	4
16	GCT	14056
16	ACT	75
16	ATT	53
16	GCC	35
16	GTT	34
16	GCA	22
16	TCT	11
16	ACA	4
16	ACC	3
17	GCA	14078
17	GCC	75
17	ACA	65
17	GCG	35
17	GTA	27
17	GCT	10
17	TCA	5
18	GTC	9705
18	GTT	4494
18	GCC	37
18	ATC	36
18	GTA	9
18	TTT	9
18	ATT	4
18	GTY	3
18	GTG	3
18	GCT	2
19	ACA	14023
19	TCA	121
19	ACG	62
19	ATA	50
19	TTA	29
19	ACT	13
19	GCA	9
19	ACC	8
20	CTC	13507
20	TTC	524
20	CTT	138
20	TTT	111
20	ATC	31
20	CCC	4
20	CTA	3
21	TGT	14106
21	TGC	179
21	TAT	16
21	AGT	13
21	CGT	3
22	TTC	11030
22	TTT	3143
22	TTA	49
22	TCC	32
22	CTC	29
22	ATC	26
22	TAC	5
22	TAT	2
22	CTT	2
22	TTG	2
23	GCT	13704
23	ACT	430
23	TCT	97
23	GTT	36
23	GCA	24
23	GCC	21
23	GCG	6
23	RCT	2
23	ATT	2
24	TCC	14079
24	TCT	176
24	TTC	31
24	TCA	27
24	AGC	6
24	ACC	5
24	WCC	2
25	AGT	13800
25	AGC	432
25	GGT	38
25	AAT	19
25	TGC	5
25	TGT	5
25	GGG	3
25	GGA	3
25	GGC	2
26	CAA	14292
26	CAG	15
26	CTA	5
27	AAC	14294
27	AAT	109
28	ATC	12260
28	ATT	2104
28	ATA	23
28	CTT	6
28	ATY	3
29	ACT	14175
29	ACG	117
29	ACA	54
29	ACC	47
29	AGA	6
29	AGT	3
29	TCT	2
30	GAA	14398
30	GAG	10
30	GAC	3
30	GGA	2
31	GAA	14366
31	GAG	43
31	AAA	6
31	CAA	4
32	TTT	14333
32	TTC	115
33	TAT	14396
33	TAC	41
33	CAT	9
33	TTT	5
33	TAY	2
34	CAA	14440
34	CAG	11
34	AAA	2
35	TCA	14193
35	TCG	230
35	TCT	16
35	GCA	12
35	AGC	2
36	ACA	14434
36	ACG	10
36	ACC	6
37	TGC	14330
37	TGT	108
38	AGT	14419
38	AGC	13
38	AGG	2
38	TCC	2
39	GCA	14406
39	GCT	14
39	GCG	11
39	GCC	6
39	GTA	3
40	GTT	14328
40	GTC	72
40	ATT	24
40	GTA	7
40	GTG	6
41	AGC	13919
41	AGT	514
41	TCC	3
41	TCA	2
42	AAA	14387
42	AGA	31
42	AAG	21
43	GGC	14122
43	GGT	285
43	GGA	49
43	GGG	3
43	GCC	3
44	TAT	14402
44	TAC	58
44	TTT	3
45	CTT	14325
45	CTC	107
45	TTT	9
45	CTA	8
45	CTG	6
45	TTA	3
46	AGT	14434
46	AGC	26
46	TCT	2
46	TCC	2
47	GCT	14391
47	GCC	57
47	GCA	13
47	GTT	2
47	GCG	2
48	CTA	13643
48	TTA	763
48	CTG	53
48	CTT	2
49	AGA	14453
49	AGG	4
49	CGG	2
49	AAA	2
50	ACT	14184
50	ACA	234
50	ACC	35
50	ACG	2
51	GGT	14407
51	GGC	37
51	GGG	10
51	GGA	2
52	TGG	14461
52	GGG	2
53	TAT	14325
53	TAC	137
54	ACT	14204
54	ACC	218
54	ACA	10
54	ACG	2
55	AGT	14437
55	AGC	19
55	GGT	3
55	TCA	3
56	GTT	14361
56	GTC	69
56	GTG	11
56	GTA	10
57	ATA	14389
57	GTA	73
57	ATC	2
58	ACT	14360
58	ACC	60
58	ACG	18
58	ACA	11
59	ATA	14433
59	GTA	22
59	ATC	6
59	ATG	3
59	ATT	2
60	GAA	14432
60	GAG	32
60	AAA	2
61	TTA	14395
61	CTA	46
61	TTG	21
61	CTG	4
62	AGT	14316
62	AGC	141
62	TCC	3
62	TCT	2
62	TCA	2
63	AAT	14343
63	AGT	90
63	AAC	27
63	ACT	6
64	ATC	14410
64	ATT	37
64	ATA	13
64	GTC	5
65	AAG	14110
65	AAA	238
65	AGG	114
65	AAT	2
65	CAG	2
66	GAA	14419
66	AAA	21
66	GAG	15
66	AAG	4
66	GGA	2
67	AAT	14403
67	AAC	47
67	AGT	7
67	ACC	4
67	ACT	2
68	AAG	14329
68	AAA	106
68	AAT	9
68	GAG	7
68	AGG	3
68	CAG	2
68	ATG	2
69	TGT	14428
69	TGC	30
70	AAT	14390
70	AAC	67
70	GAT	3
71	GGT	13513
71	GGA	854
71	GGC	82
71	GGG	7
71	GAT	3
72	ACA	14407
72	ACG	24
72	GCA	11
72	ACC	11
72	ACT	6
73	GAC	12028
73	GAT	2408
73	GAY	8
73	AAC	7
73	GGC	2
74	GCT	14303
74	ACT	60
74	GCC	51
74	GTT	12
74	GCA	7
74	TCT	2
75	AAG	14271
75	AAA	161
76	GTA	14352
76	GTT	21
76	GTG	17
76	GCA	8
76	GTC	6
76	TTA	3
76	ATA	2
77	AAA	14400
77	AAG	4
78	TTA	13651
78	TTG	705
78	CTA	82
78	CTG	12
78	TTT	4
78	CTT	3
79	ATA	14430
79	ATT	14
79	ATG	10
79	ATC	3
80	AAA	14350
80	AAG	101
80	AGA	6
80	AAC	2
80	ACA	2
81	CAA	14448
81	CAG	14
82	GAA	14450
82	GAG	13
82	GAT	2
83	TTA	14292
83	TTG	151
83	CTA	17
83	CTG	4
83	CTC	2
84	GAT	14374
84	GAC	83
84	AAT	4
85	AAA	14429
85	AAG	31
85	AGA	4
86	TAT	13971
86	TAC	484
87	AAA	14383
87	AAG	71
87	AGA	4
88	AAT	14360
88	AAC	77
88	AGT	13
88	ACT	7
89	GCT	14422
89	GCA	24
89	GCC	10
89	GCG	3
90	GTA	14422
90	GTG	18
90	GTT	15
90	ATA	5
91	ACA	14369
91	ACG	57
91	ACT	12
91	ATA	11
91	ACC	5
91	TCA	2
91	GCA	2
92	GAA	14180
92	GAG	276
93	TTG	14282
93	CTG	145
93	TTA	28
93	TGG	2
93	CTA	2
94	CAG	14420
94	CAA	46
95	TTG	14236
95	TTA	192
95	CTG	26
95	TCG	4
95	TTT	3
95	CTA	2
96	CTC	14305
96	CTT	83
96	CTA	70
96	CTG	4
96	TTC	3
96	TTA	2
97	ATG	14462
97	ACG	3
97	ATR	2
98	CAA	14443
98	CAG	11
98	CTA	8
98	CGA	3
99	AGC	14162
99	AGT	276
99	AAC	19
99	AGA	3
99	TCT	2
100	ACA	14320
100	ACG	75
100	GCA	22
100	TCA	20
100	ACT	12
100	ATA	9
100	AAA	5
100	ACC	2
101	CCA	14343
101	TCA	32
101	CAA	28
101	CCT	26
101	CCG	14
101	CCC	12
101	ACA	8
101	CTA	3
102	GCA	14229
102	GCG	152
102	GTA	34
102	GCT	24
102	ACA	9
102	CCA	6
102	GAA	5
102	GCC	2
102	TCA	2
103	GCC	7947
103	GCA	4481
103	ACC	1521
103	GCT	363
103	TCC	65
103	ACA	43
103	GTC	25
103	GCG	3
103	ACT	3
103	GGC	2
103	GAC	2
103	GTA	2
103	GCM	2
104	AAC	14347
104	AAT	83
104	AGC	30
105	AGT	13419
105	AAT	982
105	AGC	37
105	AAC	12
105	GGT	8
105	CGT	2
106	CGA	14309
106	AGA	106
106	CGG	35
106	GGA	3
106	AGG	3
107	GCC	13895
107	GCT	289
107	ACC	247
107	TCC	14
107	GCA	6
107	GTC	4
107	ACT	2
108	AGA	14412
108	AGG	40
108	AAA	6
108	CGG	2
109	AGA	14425
109	AGG	28
109	AAA	2
109	CGC	2
109	CGT	2
110	GAA	14437
110	GAG	22
111	CTA	13686
111	TTA	311
111	TTG	218
111	ATA	165
111	CTG	69
111	CTT	4
111	GCA	3
111	CTC	2
112	CCA	14331
112	TCA	60
112	CCT	27
112	CCG	24
112	CCC	8
112	CAA	6
112	CTA	5
112	ACA	2
113	AGA	13756
113	AGG	667
113	AAA	14
113	AAG	6
113	AGT	6
113	ATA	5
113	CAA	3
113	CGG	3
113	CGT	3
113	CGA	2
114	TTT	14249
114	TCT	80
114	TTC	60
114	TAT	31
114	GTT	16
114	CTT	14
114	CCT	5
114	TTA	4
114	TCC	3
115	ATG	14174
115	ACG	210
115	GTG	27
115	ATT	21
115	ATA	20
115	AGG	7
115	CTG	5
116	AAT	14269
116	GAT	98
116	AAC	81
116	AGT	12
116	TAT	4
117	TAT	14358
117	CAT	79
117	TAC	18
117	TGT	7
118	ACA	14411
118	ACG	16
118	ACT	9
118	GCA	8
118	AAA	7
118	ACC	5
118	ATA	5
119	CTC	14276
119	CTT	89
119	ATC	33
119	CCC	26
119	TTC	17
119	CAC	11
119	CTG	4
119	TTA	2
119	CTA	2
120	AAC	14259
120	AAT	100
120	ACC	59
120	AGC	13
120	TAC	12
120	GAC	11
120	AAA	5
121	AAT	14184
121	AAC	218
121	TAT	21
121	CAT	16
121	AGT	12
121	GAT	6
121	ACC	3
121	ATT	2
122	ACC	10566
122	GCC	3727
122	ACT	77
122	AAC	31
122	GCT	19
122	ATC	13
122	GTC	11
122	RCC	5
122	ACA	4
122	CCC	2
122	GCA	2
122	GGC	2
123	AAA	14108
123	CAA	220
123	AAG	71
123	AGA	40
123	GAA	21
123	AAT	5
124	AAC	13580
124	AAT	581
124	AAA	148
124	ACC	136
124	TAC	5
124	CAC	4
124	CCC	3
124	AGC	3
124	GAC	2
125	ACC	13828
125	AAC	384
125	ACT	154
125	ATC	36
125	GCC	28
125	TCC	14
125	ACA	13
125	CTA	3
125	AAT	2
126	AAT	14384
126	AAC	39
126	AGT	19
126	TAT	9
126	GAT	7
126	CAT	2
126	ACT	2
127	GTA	13505
127	ATA	475
127	GTG	417
127	GCA	63
127	GTT	6
128	ACA	14430
128	AAA	14
128	ACG	7
128	ATA	7
128	TCA	3
128	ACT	3
128	ACC	2
129	TTA	14221
129	CTA	135
129	TTG	43
129	GTA	32
129	TCA	17
129	ATA	7
129	TTT	4
129	CTG	4
130	AGT	13011
130	AGC	1414
130	GGC	21
130	GGT	6
130	ATT	5
130	TCC	3
130	CGT	2
130	AAT	2
130	TCT	2
131	AAG	13767
131	AAA	620
131	AGG	48
131	AGA	29
131	AAR	2
132	AAA	14367
132	AAG	69
132	ATA	26
132	AGA	4
132	GAA	2
133	AGG	13647
133	AGA	814
133	CGG	4
133	CGA	2
133	AGR	2
134	AAA	14446
134	AAG	20
134	GAA	3
135	AGA	12286
135	AGG	2135
135	AAA	19
135	AAG	6
135	CGG	3
135	CGA	3
135	CGT	2
136	AGA	14379
136	AGG	26
136	CGA	2
137	TTT	14357
137	TTC	34
138	CTT	14376
138	CTG	14
138	CTA	14
138	CTC	8
138	ATT	3
138	TTA	2
139	GGA	13528
139	GGC	703
139	GGT	148
139	GGG	31
139	GTT	3
139	GAA	2
140	TTT	14184
140	TTC	225
141	TTG	12294
141	TTA	2081
141	CTG	21
141	CTA	20
141	TTT	2
142	TTA	14354
142	CTA	47
142	TTG	9
142	CTG	4
142	CTC	2
143	GGT	14230
143	GGC	99
143	GGA	70
143	GGG	27
144	GTT	14359
144	GTC	44
144	GTA	17
144	GTG	11
144	ATT	9
144	GCT	2
145	GGA	14429
145	GGT	16
145	GGG	13
145	GGC	2
146	TCT	14285
146	TCG	92
146	TCC	42
146	TCA	32
146	AGT	2
146	AGC	2
147	GCA	14420
147	GCT	15
147	GCG	15
147	GCC	3
148	ATC	12488
148	ATT	1921
148	ATA	34
148	ATY	3
148	ACC	3
149	GCC	14064
149	GCA	249
149	GCT	136
149	CCC	3
150	AGT	14353
150	AGC	101
151	GGC	14147
151	GGT	293
151	GGA	15
152	ATT	14348
152	GTT	63
152	ATC	25
152	ACT	11
152	ATA	9
152	GTG	3
152	GTC	2
153	GCC	13382
153	GCT	997
153	GCA	75
153	GCY	3
154	GTA	14370
154	GTG	70
154	GTC	8
154	ATA	7
154	GTT	3
155	TCC	13468
155	TCT	970
155	TCA	17
155	AGT	2
156	AAG	13683
156	AAA	772
156	GAG	2
157	GTC	14380
157	GTT	73
157	GTG	4
158	CTG	13761
158	CTA	550
158	TTG	132
158	TTA	9
158	CTR	4
158	CTT	3
159	CAC	14396
159	CAT	64
159	TAC	2
160	CTA	14221
160	TTA	184
160	CTT	26
160	CTG	14
160	CTC	12
160	CTW	3
161	GAA	14419
161	GAG	45
162	GGG	14155
162	GGA	289
162	GGT	7
162	GGC	5
162	GGR	4
163	GAA	14430
163	GAG	35
164	GTG	14368
164	GTA	77
164	GTT	20
165	AAC	14276
165	AAT	159
165	AGC	13
165	GAC	9
165	AAA	7
166	AAA	14315
166	AAG	153
167	ATC	14366
167	ATA	65
167	ATT	32
167	CTC	5
168	AAA	14412
168	AAG	55
169	AGT	14259
169	AAT	158
169	AGC	41
169	GGT	4
169	TCC	2
170	GCT	14419
170	GCC	41
170	GCA	7
171	CTA	14295
171	TTA	93
171	CTG	48
171	TTG	21
171	CCA	3
171	MTA	2
171	TCA	2
171	ATA	2
172	CTA	14357
172	TTA	84
172	CTG	20
172	CAA	4
172	CTC	2
173	TCC	13913
173	TCA	457
173	TCT	84
173	TTA	4
173	CTT	3
173	ACC	3
173	AGC	2
174	ACA	14424
174	ACG	22
174	ACT	18
174	ACC	2
175	AAC	14446
175	AAT	20
176	AAG	13831
176	AAA	637
177	GCT	14401
177	GCC	54
177	GCA	11
177	GCG	2
178	GTA	14405
178	GTG	41
178	ATA	9
178	GTT	6
178	GTC	3
178	GCA	2
179	GTC	14347
179	GTT	98
179	ATC	11
179	GTA	8
179	GTG	4
180	AGC	14440
180	AGT	23
180	TCC	4
181	TTA	14282
181	CTA	146
181	TTG	34
181	CTG	5
182	TCT	13149
182	TCA	732
182	TCC	577
182	TTT	3
182	AGC	2
183	AAT	14411
183	AAC	54
184	GGA	14370
184	GGG	89
184	GGT	6
184	GGC	3
185	GTC	13681
185	GTT	751
185	GTA	23
185	ATC	6
185	GTG	3
186	AGT	14393
186	AGC	68
186	TCC	3
186	TCT	2
187	GTC	14383
187	GTT	56
187	ATC	22
187	GTA	5
187	GTG	2
188	TTA	14399
188	CTA	45
188	TTG	19
188	CTG	4
189	ACC	14242
189	ACT	210
189	ACA	14
190	AGC	14356
190	AGT	78
190	AAC	27
190	TCT	3
190	TCA	2
191	AAG	12723
191	AAA	1738
191	AAR	4
191	AGG	2
191	AGA	2
192	GTG	14180
192	GTA	273
192	GTT	15
193	TTA	9752
193	CTA	4678
193	TTG	26
193	CTG	6
193	YTA	3
194	GAC	14204
194	GAT	262
195	CTC	14394
195	CTT	51
195	CTA	12
195	TTA	4
195	CTG	4
195	ATC	2
196	AAA	14003
196	AAG	456
197	AAC	14408
197	AAT	48
197	AAA	4
197	ACC	3
197	AGC	2
197	GAC	2
198	TAT	14436
198	TAC	30
199	ATA	14460
199	ATC	4
199	ATT	3
199	ATG	2
200	GAT	14396
200	GAC	65
200	AAT	3
200	AAC	3
201	AAA	14448
201	AAG	18
201	AAC	3
202	CAG	14155
202	CAA	313
203	TTG	13967
203	CTG	392
203	TTA	104
203	CTA	2
204	TTA	14391
204	TTG	41
204	CTA	25
204	ATA	6
204	CTG	4
205	CCT	13756
205	CCC	692
205	CCA	16
205	CCG	5
206	ATT	14409
206	GTT	22
206	ACT	21
206	ATC	8
206	ATA	6
207	GTT	13499
207	GTG	844
207	GTC	100
207	GTA	21
208	AAC	14366
208	AAT	98
209	AAG	14159
209	AAA	289
209	AGG	12
209	CAA	3
210	CAA	14440
210	CAG	19
210	CCC	3
210	CCA	3
211	AGC	14364
211	AGT	94
211	TGG	2
211	TCA	2
212	TGC	14325
212	TGT	138
212	TAC	4
213	AGC	14372
213	AGA	63
213	AGT	21
213	TCC	3
213	CGC	3
213	TCA	2
214	ATA	14460
214	ATC	5
215	TCA	14407
215	TCT	39
215	TCG	7
215	TCC	6
215	AGC	4
215	TTA	3
216	AAC	14244
216	AAT	199
217	ATT	14246
217	ATA	156
217	ATC	50
218	GAA	14415
218	GAG	30
218	GCG	5
218	GCA	5
218	GGA	2
219	ACT	14338
219	ACC	104
219	ACA	15
220	GTG	14368
220	GTA	77
220	GTT	16
221	ATA	14451
221	ATC	12
221	ATG	2
222	GAG	13942
222	GAA	525
223	TTC	14402
223	TTT	65
223	TAC	2
224	CAA	14441
224	CAG	25
225	CAA	14432
225	CAG	37
226	AAG	14400
226	AAA	56
226	AGG	9
227	AAC	14422
227	AAT	45
228	AAC	14372
228	AAT	74
228	AGC	19
228	ACC	2
229	AGA	14394
229	AGG	72
229	CGG	3
230	CTA	14334
230	TTA	114
230	CTG	17
230	TTG	3
231	CTA	14229
231	TTA	187
231	CTG	42
231	CTT	4
231	TTG	3
231	CTC	2
232	GAG	14395
232	GAA	72
233	ATT	14334
233	ATC	93
233	ATA	37
234	ACC	14280
234	ACT	165
234	ACA	21
235	AGA	13626
235	AGG	821
235	AGR	18
236	GAA	14444
236	GAG	23
237	TTT	14364
237	TTC	102
238	AGT	14447
238	AGC	16
238	TCT	2
239	GTT	14067
239	GTC	359
239	ATT	25
239	GTA	7
239	GTG	4
239	TTT	2
240	AAT	14436
240	AAC	23
240	AAG	3
241	GCA	14408
241	GCG	22
241	GCT	19
241	GCC	14
242	GGT	14405
242	GGC	60
242	GGG	2
243	GTA	14412
243	GTG	23
243	GTT	16
243	GTC	9
243	ATA	4
243	GCA	2
244	ACT	14377
244	ACC	65
244	ACG	13
244	ACA	7
245	ACA	12304
245	ACT	2063
245	ACG	46
245	AAT	31
245	ACC	4
245	ACW	4
245	GCT	2
245	AMW	2
246	CCT	14417
246	CCC	23
246	CCG	17
246	CCA	10
247	GTA	14372
247	GTG	66
247	GTC	13
247	ATA	10
247	TTA	6
248	AGC	14379
248	AGT	84
248	TCC	3
249	ACT	14384
249	ACC	74
249	GCT	5
249	ACA	3
250	TAT	14273
250	TAC	195
251	ATG	14467
252	TTA	14368
252	TTG	77
252	CTA	16
252	CTG	4
253	ACT	13916
253	ACA	486
253	ACC	60
254	AAT	14359
254	AAC	108
255	AGT	14436
255	AAT	7
255	AGC	7
255	GGT	7
255	AGA	2
255	TCA	2
255	TCC	2
256	GAG	13557
256	GAA	910
257	TTA	14398
257	TTG	44
257	CTA	16
257	CTG	8
258	TTA	14159
258	CTA	163
258	TTG	137
258	CTG	4
258	TCA	2
258	CTC	2
259	TCA	14381
259	TCC	54
259	TCG	27
259	TCT	3
259	AGT	2
259	AGC	2
260	TTA	14328
260	CTA	121
260	TTG	16
260	CTG	4
261	ATC	14363
261	ATT	82
261	ATA	23
262	AAT	14418
262	AAC	47
263	GAT	14412
263	GAC	54
263	TAT	2
264	ATG	14466
265	CCT	14404
265	CCC	58
265	CCA	2
266	ATA	14457
266	ATC	6
266	ATT	3
267	ACA	14420
267	ACG	22
267	ACT	19
267	ACC	4
268	AAT	14453
268	AAC	9
269	GAT	14449
269	GAC	16
270	CAG	14417
270	CAA	50
271	AAA	14399
271	AAG	68
272	AAG	14337
272	AAA	114
272	ATG	4
272	ACG	2
272	AGG	2
273	TTA	14435
273	TTG	15
273	CTA	11
273	CTG	4
274	ATG	14465
275	TCC	9328
275	TCA	4219
275	TCT	748
275	TCG	155
275	TTC	5
275	AGC	4
275	TCM	3
276	AGC	12833
276	AAC	1565
276	AGT	38
276	AAT	15
276	AGA	5
276	TAC	4
276	AAG	2
276	CAC	2
276	GGC	2
277	AAT	14456
277	AAC	11
277	CAA	2
278	GTT	14249
278	GTG	116
278	GTA	74
278	GTC	21
278	GCT	5
278	TGT	2
279	CAA	14331
279	CAG	73
279	TCA	2
280	ATA	14453
280	ATT	11
280	ATC	3
280	ACA	2
280	GTA	2
281	GTT	14441
281	GTA	10
281	GTC	9
281	ATT	4
281	GTG	4
282	AGA	14407
282	AGG	58
282	AGR	2
282	CGA	2
283	CAG	14212
283	CAA	251
283	CTG	2
284	CAA	14427
284	CAG	40
285	AGT	14378
285	AGC	83
285	TCA	2
285	ATT	2
286	TAC	14403
286	TAT	61
287	TCT	14348
287	TCC	102
287	TCA	5
287	TCG	5
287	AGC	4
288	ATC	14410
288	ATT	49
288	ATA	9
289	ATG	14470
290	TCA	13720
290	TCC	721
290	TCT	18
290	TCG	7
290	AGC	2
291	ATA	14069
291	ATC	381
291	GTA	9
291	ACA	5
291	ATT	4
292	ATA	14454
292	ATT	7
292	ATC	4
292	GTA	3
293	AAA	13644
293	AAG	819
293	AGA	2
294	GAG	14244
294	GAA	212
294	GGG	5
294	AAG	5
295	GAA	14437
295	GAG	20
295	GAT	9
296	GTC	14106
296	GTT	300
296	GTA	42
296	ATC	13
296	GTG	4
297	TTA	14329
297	TTG	65
297	CTA	58
297	CTG	6
297	CTT	3
297	TTT	3
297	CTC	2
298	GCA	14446
298	GCC	6
298	GCG	6
298	GCT	5
299	TAT	14400
299	TAC	66
300	GTA	14438
300	GTG	12
300	GTC	7
300	GTT	6
300	ATA	2
301	GTA	14287
301	GTT	131
301	GTG	26
301	ATA	17
301	GTC	2
302	CAA	14338
302	CAG	118
302	CAT	7
302	CCA	2
303	TTA	14374
303	TTG	63
303	CTA	20
303	CTG	4
303	CTT	2
304	CCA	14436
304	CCT	15
304	CCG	6
304	CCC	5
304	CAA	2
305	CTA	14215
305	TTA	129
305	CTG	102
305	CTC	15
305	ATC	6
306	TAT	14453
306	TAC	13
307	GGT	14408
307	GGC	50
307	GGA	7
307	GCT	2
308	GTA	14276
308	GTG	103
308	GTT	86
308	GTC	3
309	ATA	14454
309	ATT	7
309	ATC	3
309	ATG	2
310	GAT	14256
310	GAC	210
311	ACT	13300
311	ACA	1151
311	ACC	12
311	ACG	6
312	CCT	14131
312	CCC	306
312	TCT	11
312	CCA	6
312	CAT	4
312	CTT	4
312	TCC	2
312	CTC	2
313	TGT	14415
313	TGC	53
314	TGG	14466
314	AGG	2
315	AAA	14457
315	AAG	8
315	GAA	2
316	CTA	13967
316	CTG	337
316	TTA	142
316	ATA	9
316	CTT	8
316	TTG	4
317	CAC	14309
317	CAT	150
317	AAC	3
317	CCC	2
318	ACA	14454
318	ACG	6
318	ACT	2
318	ACC	2
319	TCC	14247
319	TCT	190
319	TCA	25
319	AGT	2
319	AGC	2
320	CCT	14396
320	CCA	47
320	CCC	19
321	CTA	13883
321	TTA	502
321	CTG	64
321	CTC	16
322	TGT	13989
322	TGC	479
323	ACA	14390
323	ACT	46
323	ACC	12
323	ACG	12
323	TCA	3
324	ACC	14330
324	ACT	85
324	ATC	42
324	ACA	4
324	GCC	2
325	AAC	14376
325	AAT	63
325	AGC	15
325	AAA	12
326	ACA	14380
326	ATA	32
326	ACG	29
326	TCA	9
326	ACT	6
326	ATC	5
326	AAA	4
326	GCA	2
326	ACC	2
327	AAG	14199
327	AAA	241
327	AGG	17
327	AAT	4
327	ACG	3
327	CAG	2
328	GAA	14435
328	GAC	8
328	GAG	8
328	AGA	5
328	GGA	5
328	GAT	4
328	AAG	3
328	GTA	2
328	AAA	2
329	GGA	13618
329	GGG	818
329	AGA	13
329	AGG	7
329	GGC	6
329	GAA	3
329	GGT	3
329	GTA	2
329	GAG	2
330	TCC	14291
330	TCT	101
330	TCA	53
330	ACC	13
330	AGC	4
330	CCC	3
330	TTC	3
331	AAC	14402
331	AAT	64
331	ATC	2
331	ACC	2
332	ATC	14328
332	ATT	127
332	ATA	14
332	GTC	2
333	TGC	13729
333	TGT	741
334	TTA	14236
334	TTG	173
334	CTA	43
334	ATA	14
334	CTG	4
335	ACA	14324
335	ACT	130
335	ACG	8
335	ACC	2
335	ATA	2
335	CAA	2
336	AGA	14437
336	AGG	24
336	CGA	4
336	AGC	3
337	ACC	14065
337	ACT	383
337	ACA	13
337	ATC	5
337	ACG	3
338	GAC	14042
338	GAT	429
339	AGA	14405
339	AGG	54
339	CGA	8
339	CGG	2
340	GGA	12287
340	GGG	2167
340	GGT	9
340	GGC	5
340	GGR	2
341	TGG	14472
342	TAC	14156
342	TAT	313
343	TGT	14422
343	TGC	48
344	GAC	14395
344	GAT	64
344	GAA	6
344	AAC	4
345	AAT	14457
345	AAC	14
346	GCA	14442
346	GCT	17
346	GCG	9
346	GCC	2
347	GGA	14427
347	GGG	36
347	GGT	4
347	GGC	3
348	TCA	14387
348	TCT	53
348	TCG	17
348	AGC	5
348	TCC	3
348	AGT	2
349	GTA	13940
349	GTG	301
349	GTT	155
349	GTC	61
349	ATA	9
350	TCC	13509
350	TCT	924
350	TCA	30
350	TCG	3
350	AGT	2
351	TTT	13714
351	TTC	756
352	TTC	14336
352	TTT	130
353	CCA	14398
353	CCT	45
353	CCG	23
353	CCC	4
354	CAA	14431
354	CAG	27
354	CTA	6
354	AAA	3
355	GCT	13996
355	GCC	425
355	GTT	14
355	ACT	12
355	GCA	8
355	TCT	4
355	GCY	3
355	GCG	2
356	GAA	14121
356	GAG	250
356	GAC	52
356	GAT	28
356	GTA	7
357	ACA	14443
357	ACG	11
357	ACC	4
357	ACT	4
357	AAA	3
357	ATA	2
358	TGT	13957
358	TGC	508
358	TGY	2
359	AAA	14444
359	AAG	19
360	GTT	14426
360	GTC	21
360	GTA	8
360	GTG	5
360	ATT	4
361	CAA	14442
361	CAG	18
361	AAA	6
362	TCG	13422
362	TCA	796
362	TCT	172
362	TTG	54
362	TCC	11
362	AGC	5
362	ACG	2
363	AAT	14415
363	AAC	37
363	AGT	12
364	CGG	13681
364	CGA	711
364	AGG	64
364	CGT	4
364	AGA	4
365	GTG	12744
365	GTA	1715
365	GTT	4
365	GTC	2
366	TTT	14421
366	TTC	43
366	TTG	2
367	TGT	14399
367	TGC	62
367	TGG	3
368	GAC	14388
368	GAT	77
369	ACA	14434
369	ACT	20
369	ACG	9
369	ACC	4
370	ATG	14468
371	AAC	14430
371	AAT	25
371	GAC	8
371	TAC	2
372	AGT	14325
372	AGC	141
373	TTA	14174
373	CTA	135
373	TTG	89
373	CTG	69
374	ACA	14396
374	ACG	70
374	ACC	3
374	ACT	2
375	TTA	14340
375	CTA	69
375	TTG	56
375	CTG	4
376	CCA	14370
376	CCG	85
376	CCT	9
376	CCC	5
376	TCA	2
377	AGT	13598
377	AAT	792
377	AGC	23
377	GGT	12
377	ART	4
377	TCA	2
377	TGT	2
378	GAG	13666
378	GAA	798
378	GAT	4
379	GTA	13926
379	GTG	495
379	GCA	26
379	ATA	9
379	GTC	5
379	GTT	4
380	AAT	14421
380	AAC	22
380	AGT	13
380	AAA	5
380	AGC	2
380	GAT	2
381	CTC	14354
381	CTT	77
381	CTA	20
381	ATC	6
381	CTG	4
381	TTC	3
381	TTA	2
382	TGC	14315
382	TGT	152
383	AAC	13993
383	AAT	471
383	WAC	2
384	ATT	13965
384	ACT	262
384	GTT	161
384	ATA	55
384	ATC	11
384	GTG	3
384	ACC	2
384	AGT	2
384	GTA	2
384	ATG	2
384	GTC	2
385	GAC	14408
385	GAT	52
385	AAC	6
386	ATA	14455
386	ATT	6
386	ATC	4
387	TTC	14348
387	TTT	100
387	CTC	5
387	TTA	3
388	AAC	14316
388	AAT	127
388	TGC	12
388	AGC	7
388	GCC	2
389	CCC	13813
389	CCT	544
389	CCA	69
389	TCC	28
389	CTC	6
389	CAC	3
389	YCC	2
390	AAA	14440
390	AAG	18
390	AGA	4
390	AAT	2
390	GAA	2
391	TAT	14457
391	TAC	8
391	CAT	2
392	GAT	14448
392	GAC	18
393	TGC	14321
393	TGT	146
394	AAA	14431
394	AAG	32
395	ATT	14282
395	ATC	174
395	ATA	9
395	GTT	2
396	ATG	14465
397	ACT	14225
397	ACC	167
397	ACA	67
397	ACG	7
398	TCA	14433
398	TCG	17
398	TCT	9
398	TCC	4
398	AGT	2
399	AAA	14452
399	AAG	14
400	ACA	14431
400	ACG	18
400	ACT	11
400	ACC	5
401	GAT	14310
401	GAC	155
402	GTA	14220
402	GTG	211
402	ATA	24
402	GTT	5
402	GTC	2
403	AGC	14243
403	AGT	214
403	TCT	2
403	TCC	2
404	AGC	14399
404	AGT	55
404	GGC	5
404	TCT	2
405	TCC	12687
405	TCT	1440
405	TCA	319
405	TCG	9
405	AGC	4
406	GTT	14398
406	ATT	43
406	GTC	7
406	GTA	5
406	GTG	5
406	CTT	4
406	RTT	2
407	ATC	13973
407	ATT	331
407	ATA	159
408	ACA	14446
408	ACT	9
408	ACG	5
408	ACC	3
409	TCT	14416
409	TCC	35
409	TCA	5
409	TCG	3
409	AGC	2
409	AGT	2
410	CTA	14094
410	TTA	310
410	CTG	43
410	CTT	8
410	TTG	3
410	CTC	2
410	CTR	2
411	GGA	14404
411	GGG	31
411	GGT	26
411	GGC	2
412	GCC	14259
412	GCT	163
412	GCA	35
412	GCG	3
413	ATT	14395
413	ATA	34
413	ATC	32
414	GTG	14188
414	GTA	146
414	GTT	132
415	TCA	14454
415	TCC	4
415	TCG	4
415	TCT	2
416	TGC	14297
416	TGT	168
417	TAT	14287
417	TAC	175
418	GGC	14138
418	GGT	270
418	GGA	49
418	GGG	4
419	AAA	14195
419	GAA	255
419	AAG	14
419	AAT	3
420	ACC	13715
420	ACT	746
420	ACA	5
420	ATC	2
421	AAA	14440
421	AAG	30
422	TGT	14412
422	TGC	57
423	ACA	14417
423	ACG	32
423	ACT	13
423	ACC	6
423	GCA	2
424	GCA	14375
424	GCT	74
424	GCC	11
424	GCG	9
425	TCC	12383
425	TCA	2002
425	TCT	68
425	AGC	7
425	TCM	6
425	ACC	2
426	AAT	14339
426	AAC	132
427	AAA	14458
427	AAG	12
428	AAT	14409
428	AAC	59
429	CGT	14427
429	CGA	25
429	CGC	8
429	CGG	5
429	AGA	2
429	AGG	2
430	GGG	13778
430	GGA	688
430	GGC	2
430	GGT	2
431	ATC	14356
431	ATT	84
431	ATA	28
432	ATA	14451
432	ATT	10
432	ACA	6
432	ATC	2
433	AAG	14404
433	AAA	64
433	AGG	2
434	ACA	14456
434	ACG	7
434	ACC	3
434	ACT	2
435	TTC	13489
435	TTT	977
436	TCT	14412
436	TCC	26
436	TTT	6
436	TCA	6
436	ACT	6
436	AGT	2
436	CCT	2
436	TAT	2
436	AGC	2
437	AAC	13938
437	AAT	526
437	AGC	4
438	GGG	14340
438	GGA	115
438	GGT	7
438	GGC	4
439	TGT	14365
439	TGC	100
440	GAT	14446
440	GAC	21
441	TAT	14401
441	TAC	66
442	GTA	14430
442	GTG	22
442	GTC	8
442	GTT	6
443	TCA	14417
443	TCT	28
443	TCC	10
443	CCA	5
443	TCG	4
443	ACA	3
443	AGT	2
444	AAT	14250
444	AAC	219
445	AAG	14006
445	AAA	435
445	AGG	10
445	AAR	6
446	GGG	14305
446	GGA	151
446	GGT	5
446	GAG	3
446	GGC	3
447	GTG	14295
447	GTA	159
447	ATG	7
447	GTT	4
447	GTC	2
448	GAT	13756
448	GAC	713
449	ACT	14385
449	ACA	59
449	ACC	12
449	RCT	11
449	ACG	3
450	GTG	13818
450	GTA	633
450	GTT	15
450	TTG	2
451	TCT	14424
451	TCC	28
451	TCA	7
451	ACT	3
451	TCG	3
451	AGC	2
452	GTA	14423
452	GTG	38
452	GTT	4
453	GGT	13892
453	GGC	397
453	GGG	173
453	GGA	7
454	AAT	14239
454	AAC	228
455	ACA	14422
455	ACG	34
455	ACT	11
455	ACC	2
456	TTA	14353
456	CTA	73
456	TTG	38
456	CTG	4
457	TAT	14423
457	TAC	43
458	TAT	14455
458	TAC	13
459	GTA	14437
459	GTG	15
459	GTT	9
459	GTC	4
459	ATA	2
460	AAT	13966
460	AAC	502
461	AAG	14384
461	AAA	84
462	CAA	14328
462	CAG	109
462	CAC	15
462	CTA	8
462	CGA	4
462	CTG	2
463	GAA	14296
463	GAG	161
463	AAA	4
463	GAT	3
464	GGC	13509
464	GGA	613
464	GGT	340
464	GGG	5
465	AAA	13778
465	AAG	685
465	AGA	4
466	AGT	14207
466	AGC	148
466	AAT	94
466	TCA	2
466	AAC	2
467	CTC	14317
467	CTT	96
467	ATC	32
467	CTG	5
467	TTC	3
467	TTA	2
468	TAT	14447
468	TAC	9
469	GTA	14281
469	GTT	85
469	GTG	67
469	GTC	14
469	ATA	8
470	AAA	14382
470	AAG	67
470	AGA	5
470	GAA	4
471	GGT	14410
471	GGC	40
471	GGG	4
471	GGA	4
472	GAA	14410
472	GAG	38
472	AAA	10
472	GTA	3
473	CCA	12413
473	CCC	2027
473	CCT	26
473	CCG	2
474	ATA	14454
474	ATC	14
474	ATT	2
475	ATA	14459
475	ATT	7
475	ATC	3
476	AAT	14432
476	AAC	27
476	AGT	4
477	TTC	14399
477	TTT	51
477	TTA	5
477	TAC	3
477	TTY	3
477	CTC	2
477	ATC	2
478	TAT	14426
478	TAC	38
479	GAT	13698
479	GAC	752
479	AAT	14
480	CCA	14446
480	CCT	10
480	CCG	10
480	CCC	4
481	TTA	14449
481	TTG	14
481	CTG	4
481	CTA	2
482	GTG	14112
482	GTA	304
482	GTT	47
482	TTG	3
483	TTC	14215
483	TTT	251
484	CCC	13714
484	CCT	693
484	CCA	61
485	TCT	14371
485	TCC	74
485	TCA	14
485	TAT	3
485	TTT	3
485	AGC	2
485	TCG	2
486	GAT	14425
486	GAC	38
486	AAT	4
487	GAA	14445
487	GAG	18
488	TTT	14411
488	TTC	56
489	GAT	14302
489	GAC	164
490	GCA	14428
490	GCT	16
490	GCG	15
490	GCC	5
490	ACA	4
491	TCA	14448
491	TCT	8
491	TCG	6
491	TCC	4
491	AGT	2
491	AGC	2
492	ATA	14460
492	ATC	6
492	ATT	2
493	TCT	14339
493	TCC	93
493	TCY	10
493	TCA	9
493	TAT	8
493	AGT	5
493	TTT	3
493	AGC	2
494	CAA	14455
494	CAG	9
494	CTA	6
495	GTC	14098
495	GTT	328
495	ATC	27
495	GTA	13
495	GTG	3
496	AAT	14255
496	AAC	211
496	GAT	4
497	GAG	14334
497	GAA	128
497	AAG	3
497	GGG	2
497	GCG	2
498	AAA	13539
498	AAG	930
499	ATT	14239
499	ATC	200
499	ATA	30
500	AAT	13575
500	AAC	889
500	GAT	2
501	CAG	13875
501	CAA	586
501	CAC	2
501	AAG	2
501	CAK	2
502	AGT	13824
502	AGC	639
502	TCA	2
503	CTA	13410
503	CTG	692
503	TTA	358
503	ATA	4
503	CTC	2
504	GCA	13957
504	GCG	465
504	GCT	18
504	TCA	10
504	ACA	7
504	GCC	3
504	GAG	2
504	CCA	2
505	TTT	14386
505	TTC	77
505	TTA	4
506	ATC	13685
506	ATT	770
506	ATA	9
507	CGT	14215
507	CGC	203
507	CGG	19
507	CAT	12
507	CGY	6
507	MGT	3
507	AGA	2
507	AGG	2
507	CGA	2
508	AAA	14365
508	AAG	95
508	AGA	4
508	CAA	2
509	TCA	13749
509	TCC	599
509	TCT	98
509	TCG	14
509	AGC	2
509	AGT	2
510	GAT	14392
510	GAC	55
510	AAT	17
511	GAA	14438
511	GAG	29
512	TTA	14424
512	CTA	19
512	TTG	18
512	CTG	6
513	TTA	13993
513	TTG	440
513	CTA	28
513	CTG	4
514	CAT	14150
514	CAC	277
514	AAT	26
514	TAT	8
514	CGT	5
515	AAT	14397
515	CAT	37
515	ACT	13
515	AGT	5
515	AAC	5
515	GAT	5
516	GTA	14175
516	GTG	209
516	GTC	59
516	ATA	9
516	GTT	5
516	GCA	3
517	AAT	14393
517	AAC	54
517	AAA	4
517	AGT	2
517	ATT	2
518	GCT	13703
518	GTT	611
518	GCA	73
518	GCC	38
518	ACT	20
518	TCT	5
518	GAT	4
518	GMT	2
519	GGT	14386
519	GGC	35
519	AGT	17
519	GTT	12
519	GGG	5
519	GGA	3
520	AAA	14398
520	AAG	58
520	CAA	2
520	AGA	2
521	TCC	14278
521	TCT	107
521	TCA	69
521	ACC	5
521	AGC	4
521	AGT	2
522	ACC	14319
522	ACT	106
522	GCC	17
522	ACA	14
522	ATC	5
523	ACA	14356
523	ACC	69
523	ACT	15
523	ATA	11
523	ACG	6
523	GCA	4
523	ATT	4
524	AAT	14317
524	AAC	119
524	AGT	26
524	AAA	4
525	ATC	14349
525	ATT	84
525	ATA	30
525	GTC	4
525	ACC	2
526	ATG	14456
526	ATA	7
526	ATC	3
526	CTG	2
527	ATA	14419
527	ATT	28
527	ATG	9
527	GTA	5
527	ATC	5
528	ACT	14161
528	ACC	287
528	ACA	5
528	ACY	5
528	ATT	3
528	ACG	3
529	ACC	12957
529	ACT	1466
529	ATT	21
529	ACA	14
529	GCA	3
529	ATC	2
529	GCC	2
530	ATA	14448
530	ATT	9
530	ATC	5
530	CTA	3
531	ATT	14443
531	ATC	18
531	ATA	3
531	GTT	2
531	ACT	2
532	ATA	14455
532	ATC	9
532	ATT	2
533	GTA	13671
533	GTG	696
533	GTT	54
533	ATA	47
534	ATT	14141
534	ATC	309
534	ATA	16
535	ATA	14399
535	GTA	47
535	ATT	11
535	ACA	6
535	ATC	3
535	AAA	3
536	GTA	14393
536	GTG	50
536	ATA	10
536	GCA	9
536	GTT	4
537	ATA	14453
537	GTA	4
537	ACA	4
537	ATC	3
537	ATT	3
538	TTG	14215
538	TTA	196
538	GTG	34
538	CTG	18
538	ATG	3
539	TTA	14411
539	TTG	34
539	CTA	11
539	CTG	4
539	TTT	3
539	GTA	2
540	GCA	13425
540	TCA	483
540	TTA	434
540	TCT	38
540	GCT	32
540	GCG	27
540	GTA	4
540	TCC	4
540	ACA	4
540	RCA	2
540	AGC	2
540	AGT	2
540	TCG	2
541	TTA	14335
541	TTG	105
541	CTA	12
541	TCA	6
541	CTG	4
542	ATT	14333
542	ACT	55
542	ATA	49
542	ATC	26
543	GCA	14071
543	GCT	232
543	GTA	115
543	ACA	32
543	GCG	5
543	GCC	5
543	GYA	2
544	GTT	14261
544	GTA	158
544	ATT	13
544	GTC	9
544	GCT	8
544	GTG	5
544	TTT	2
545	GGA	13922
545	GGG	526
545	GGT	6
545	GGC	2
546	CTG	14287
546	TTG	107
546	CTA	42
546	CTT	8
546	TTA	6
546	ATG	4
547	CTT	9379
547	CTA	4354
547	TTC	419
547	CTC	264
547	CTG	13
547	TTT	9
547	TTA	4
547	GTT	2
548	CTA	14185
548	TTA	234
548	CTG	16
548	ATA	4
548	CTT	3
548	TTG	2
548	CTC	2
548	YTA	2
549	TAC	14352
549	TAT	89
549	TAY	2
550	TGC	14148
550	TGT	271
550	TAC	7
550	TTT	6
550	CGC	5
550	TTC	4
550	AGC	2
550	AGT	2
551	AAG	14313
551	AAA	118
551	AGG	8
551	AGA	3
552	GCC	14274
552	GCT	97
552	GCA	22
552	GTC	20
552	ACC	17
552	GGC	2
553	AGA	14271
553	AAA	127
553	AGG	24
554	AGC	14329
554	AAC	68
554	AGT	17
554	GGC	5
554	AGA	3
554	TCC	2
554	TCA	2
555	ACA	14254
555	ACG	101
555	GCA	55
555	ACT	5
555	ACC	4
555	ATA	4
555	GTA	2
556	CCA	14272
556	CCG	91
556	CCT	50
556	CCC	4
556	TCA	2
557	GTC	13782
557	GTT	380
557	GTA	201
557	ATC	36
557	ATT	6
557	TTC	4
557	CTC	2
557	GTG	2
558	ACA	14346
558	ACT	24
558	ACG	21
558	AAA	8
558	TCA	5
558	ACC	5
558	ATA	3
558	GCA	2
559	TTA	13518
559	CTA	862
559	TTG	12
559	CTC	5
559	CTG	4
559	CTT	3
559	TTT	3
559	ATA	2
559	GTC	2
559	GTA	2
559	YTA	2
560	AGT	13318
560	AGC	1056
560	GGT	16
560	AAT	4
560	ATA	2
560	TCT	2
560	TCC	2
560	AGA	2
561	AAG	14144
561	AAA	252
561	GAA	2
562	GAT	14103
562	GAC	243
562	AAT	34
562	GAA	13
562	GTT	5
562	AAC	2
562	GGT	2
563	CAA	14361
563	CAG	26
563	CCA	10
564	CTG	13390
564	TTG	585
564	CTA	299
564	CTT	108
564	ACT	4
564	ATG	3
564	TTA	3
564	YTG	2
565	AGT	14338
565	AGC	38
565	GAG	4
565	TCC	4
565	AGA	2
565	AAT	2
566	GGT	14304
566	GGC	45
566	GGA	18
566	ATG	4
566	GGG	4
566	AGT	3
567	ATA	14327
567	ATT	21
567	GTA	12
567	ACA	7
567	ATC	6
568	AAT	14181
568	AAC	184
568	AGT	3
568	TAT	3
568	AAY	2
569	AAT	13705
569	AAC	665
570	ATT	14338
570	ATA	10
570	ATC	6
570	CTT	3
571	GCA	14315
571	GCT	7
571	GCG	5
571	GCC	5
571	ACA	4
572	TTT	14257
572	TTC	71
572	TTY	2
572	TTA	2
573	AGT	14129
573	AGC	187
573	AAT	6
573	TCC	4
573	TCA	2
573	ATT	2
573	AGY	2
573	GGT	2
574	AAC	14047
574	AGC	180
574	AAT	77
574	AAA	7
574	GAC	3
574	AGT	3
574	CAC	3
575	TGA	13843
575	TAA	317
575	TAG	3

#KY654518|G
1	ATG	11510
2	TCC	11514
2	CCC	3
2	TCT	3
2	TCY	2
3	AAA	11490
3	GAA	19
3	AAG	4
3	AAT	4
3	AGA	2
4	ACC	11326
4	AAC	148
4	ACT	26
4	ATC	10
4	GCC	6
4	ACA	5
5	AAG	11361
5	AAA	146
5	AGG	6
5	GAG	4
5	AAR	2
5	ATG	2
6	GAC	11403
6	GAT	100
6	AAC	17
6	GGC	4
6	GTC	2
7	CAA	11468
7	CAG	42
7	CGA	5
7	CAT	4
7	CTA	2
7	AAA	2
8	CGC	11410
8	CGT	41
8	CGA	33
8	CAC	33
8	TGC	8
9	ACC	11194
9	ACT	250
9	GCC	71
9	ACA	6
9	ATC	3
9	TCC	2
10	GCC	11217
10	GCT	203
10	GCA	56
10	ACC	40
10	GTC	2
11	AAG	11455
11	AAA	30
11	AGG	23
11	AAT	8
12	ACA	9764
12	ACT	1727
12	AAA	25
12	ACC	23
12	TCA	5
12	GCA	4
12	ACG	3
12	AAT	3
13	CTA	11415
13	TTA	96
13	CTG	24
13	CCA	14
13	ATA	8
13	CTT	2
13	CTC	2
14	GAA	7883
14	GAG	3666
14	GGA	4
14	GGG	2
14	GAR	2
15	AGG	11097
15	AAG	451
15	AGA	8
15	CGC	2
16	ACC	11447
16	ACT	113
16	ACA	3
16	GCC	2
17	TGG	11575
17	CGG	2
18	GAC	11058
18	GAT	519
18	AAC	3
18	GAY	2
19	ACT	11565
19	ACA	9
19	ACC	8
20	CTC	11469
20	CTT	89
20	TTT	10
20	ATC	10
20	CTA	4
20	CTG	2
21	AAT	11579
21	AGT	3
21	AAC	2
22	CAT	11571
22	CAC	6
23	CTA	6459
23	CTG	3457
23	TTG	1488
23	TTA	158
23	CTC	8
23	ATG	8
23	CTT	7
23	YTR	2
24	TTA	11489
24	CTA	87
24	TTG	19
24	CTC	2
25	TTC	11496
25	TTT	99
25	CTC	3
25	TCC	2
26	ATA	11587
26	ATG	15
26	ATC	2
27	TCA	11578
27	TCT	19
27	TCG	5
27	AGC	2
27	TCC	2
28	TCG	11458
28	TCA	138
28	TCT	10
28	TCC	3
28	TTG	3
29	TGC	11518
29	TGT	71
29	GGC	19
29	CGC	3
30	TTA	11575
30	TTG	27
30	CTA	9
30	TTR	2
30	CTC	2
31	TAC	11421
31	TAT	188
31	CAC	4
32	AAG	11528
32	AAA	74
32	AGG	12
33	TTA	11582
33	TTG	17
33	CTA	15
33	TTR	2
34	AAT	11601
34	AAC	12
34	CAT	3
35	CTT	11563
35	CTC	25
35	ATT	10
35	CTG	4
35	CTA	3
35	TTA	2
35	TTT	2
35	CCC	2
36	AAA	11596
36	AAG	12
36	AGA	4
37	TCT	11480
37	TCC	124
37	TTT	5
37	TCA	2
38	ATA	11482
38	GTA	119
38	ATC	7
38	GTC	2
39	GCA	11562
39	GTA	33
39	ACA	11
39	GCG	8
40	CAA	11597
40	CAG	11
40	CTA	4
41	ATC	11462
41	ATT	80
41	ATA	61
41	CTC	2
42	ACA	11568
42	ATA	22
42	ACT	7
42	ACC	3
42	GCA	3
42	TCA	3
42	ACG	3
42	AGA	2
43	TTA	11505
43	CTA	79
43	TTG	27
43	CTT	2
44	TCT	10970
44	TCC	639
44	TCA	3
44	TAT	2
45	ATT	10539
45	ATA	1051
45	ATC	9
45	GTT	7
45	ACC	3
45	ACT	2
46	TTG	11055
46	CTG	494
46	TTA	50
46	TTT	8
46	CTT	2
46	CTC	2
47	GCA	11566
47	GCT	22
47	ACA	12
47	GCG	6
47	GTA	4
47	GCR	2
48	ATG	11584
48	ATA	6
49	ATA	11568
49	ACA	5
49	ATC	4
49	GTA	4
49	ATG	3
50	ATC	11538
50	ATA	25
50	ATT	23
50	GTC	4
50	ACC	2
51	TCA	11584
51	TCT	6
51	TTA	5
51	ACA	3
51	TCC	2
52	ACC	10592
52	ACT	985
52	ATC	13
52	ACA	8
52	GCT	2
53	TCA	11569
53	TCG	8
53	TCT	6
53	ACA	3
53	AGC	2
53	TCC	2
53	TTA	2
53	AGT	2
54	CTT	11341
54	CTC	238
54	TTA	4
54	CTY	4
54	AAT	4
55	ATA	11556
55	ATT	26
55	ACA	5
55	GTA	4
55	ATC	2
56	ATT	11435
56	ATC	125
56	ATA	25
56	GTT	6
56	ACT	4
57	GCA	8524
57	GTA	2438
57	ACA	614
57	GCG	6
57	GCT	4
57	GYA	3
57	GTG	2
57	GCC	2
57	ATA	2
58	GCC	11213
58	GCT	375
58	GCA	8
59	ATC	11490
59	ATA	61
59	ATT	47
59	ACC	3
59	GTC	2
60	ATA	11592
60	ACA	5
60	ATC	4
60	GTA	2
61	TTC	11543
61	TTT	46
61	CTC	11
61	TAC	2
62	ATA	11544
62	ATT	53
62	ATC	2
62	GTA	2
63	GCC	11499
63	GCT	53
63	GCA	18
63	GTC	15
63	ACC	12
63	CCC	3
63	TCT	2
64	TCG	10700
64	TCA	679
64	TCT	177
64	TTG	43
64	AGC	2
65	GCA	11557
65	GTA	14
65	GCT	13
65	ACA	10
65	GCG	8
66	AAC	11508
66	AAT	67
66	AGC	21
67	CAC	10967
67	AAC	530
67	CAT	50
67	CAA	28
67	CGC	17
67	TAC	8
67	CAY	2
68	AAA	11567
68	AGA	14
68	AAG	7
68	AAT	4
68	AGG	4
68	ACA	2
69	GTC	11426
69	GTT	85
69	ATC	43
69	GTA	19
69	TTC	16
69	GCC	11
69	GGC	3
70	ACA	11558
70	GCA	14
70	AAA	12
70	ACG	6
70	ATA	6
70	ACT	2
70	TCA	2
70	ACC	2
71	CTA	11248
71	CCA	223
71	TCA	53
71	TTA	34
71	CYA	17
71	CTG	11
71	YTA	10
71	ATA	3
71	CCC	2
71	CAA	2
72	ACA	11553
72	ACT	26
72	ACC	20
72	ACG	4
72	ATA	2
72	GCA	2
73	ACT	11550
73	ACC	28
73	AAT	18
73	ACA	8
73	CCT	2
74	GCA	10843
74	GCT	354
74	GCC	326
74	ACA	59
74	GAA	14
74	GCG	7
74	TCA	5
74	GTA	2
74	TCT	2
75	ATC	11442
75	ATT	134
75	ATA	12
75	ACC	8
75	GTC	7
75	AAC	5
75	AGC	2
76	ATA	11508
76	ACA	45
76	ATG	27
76	TTA	17
76	GTA	10
76	CTA	3
77	CAA	11510
77	CAG	94
77	AGA	3
77	CAC	2
78	GAT	11561
78	GAC	25
78	AAT	12
78	GTT	9
78	GAG	2
79	GCA	11353
79	GTA	99
79	GCT	56
79	ACA	46
79	GCG	27
79	GTG	18
79	GAA	11
79	TCA	4
80	ACG	10342
80	ACA	1015
80	GCG	187
80	ATG	51
80	CCG	7
80	ATA	4
80	ACT	4
80	ACR	2
80	GTG	2
81	AAC	10977
81	AGC	553
81	AAT	44
81	ACC	17
81	GAC	13
81	AAA	3
81	ATC	2
81	TCT	2
81	TCC	2
82	CAG	11557
82	CAA	43
82	CTG	8
82	CAT	6
83	ATC	11370
83	ATA	128
83	ATT	63
83	GTC	23
83	ACC	22
83	AAC	9
84	AAG	11507
84	AAA	69
84	GGG	17
84	ATG	8
84	AGG	4
84	AGA	4
84	GAG	3
84	AAT	3
85	AAC	11537
85	AAT	71
85	AGC	2
86	ACA	11479
86	TCA	67
86	ACT	27
86	GCA	20
86	ATA	19
86	ACG	2
87	ACC	11069
87	ACT	537
87	ACA	3
87	CCC	2
88	CCA	11423
88	CCT	97
88	TCA	47
88	CTA	31
88	TTA	8
88	CCG	4
88	CCC	4
89	ACA	11539
89	ATA	45
89	GCA	17
89	ACG	9
89	ACC	3
90	TAC	11291
90	CAC	218
90	TAT	91
90	TTC	5
90	AAC	4
90	TCC	3
91	CTC	10635
91	CTT	449
91	CTG	372
91	TTC	102
91	CCC	20
91	CTA	10
91	ATC	7
91	CAC	5
91	TTT	4
91	TTG	4
91	TTA	3
92	ACC	11161
92	ACT	429
92	ATC	11
92	GCC	5
92	AAC	3
92	CCC	2
92	ACA	2
93	CAG	11348
93	CAA	244
93	CAT	6
93	CAC	5
93	CTG	4
93	AAG	3
94	AAT	11362
94	AAC	144
94	GAT	74
94	AAA	20
94	AGT	8
94	TAT	2
95	CCC	11197
95	CCT	346
95	CTC	25
95	TCC	25
95	ACC	9
95	CCA	3
95	TCT	2
95	CAC	2
96	CAG	11572
96	CTG	25
96	CAA	14
97	CTT	11369
97	TTT	102
97	CCT	55
97	CTA	36
97	CTC	22
97	CAT	13
97	ATT	6
97	CCC	6
98	GGA	11488
98	GAA	69
98	GGG	20
98	GTA	18
98	GGT	10
98	GGC	5
99	ATC	11431
99	ACC	83
99	ATT	75
99	ATA	10
99	GTC	8
99	TTC	3
100	AGC	10785
100	ATC	479
100	AAC	222
100	AGT	97
100	GGC	24
100	TCT	2
100	TCA	2
101	TTC	10653
101	TCC	472
101	CTC	239
101	CCC	90
101	TTT	63
101	TTA	53
101	ATC	15
101	TAC	7
101	CCA	3
101	CCT	3
101	YTC	2
101	GTC	2
101	CTT	2
102	TCC	10893
102	TTC	479
102	TCT	185
102	ACC	21
102	CCC	13
102	TTT	8
102	CTC	4
102	TCA	3
103	AAT	11067
103	ACT	252
103	AAC	228
103	AGT	35
103	GAT	22
103	CAT	6
104	CTG	10927
104	CTA	445
104	CCG	137
104	TTG	59
104	ATG	29
104	CCA	6
104	CAG	4
104	CTT	2
104	CCT	2
105	TCC	10611
105	TCT	718
105	TCA	122
105	TTC	90
105	CCC	35
105	CCT	17
105	ACC	7
105	TAC	3
105	TCY	2
105	TTT	2
106	GGA	9521
106	GAA	1161
106	GGT	553
106	AGA	235
106	GGC	112
106	GGG	11
106	GAT	8
106	AAA	4
107	ACT	11194
107	ACC	179
107	ATT	128
107	AAT	50
107	CCT	49
107	ACA	3
107	GCC	3
107	GCT	2
107	ATA	2
108	ACA	11256
108	ATA	331
108	GCA	12
108	ACG	4
108	ACT	3
108	AAA	3
108	ACC	2
109	TCA	11539
109	CCA	27
109	TTA	23
109	ACA	9
109	TCG	7
109	TTG	2
109	TCT	2
110	CAA	11489
110	AAA	48
110	CTA	44
110	CAG	17
110	CCA	7
110	CGA	5
111	TCC	9906
111	TCT	604
111	ACC	435
111	TTC	355
111	CCC	201
111	ATT	50
111	ATC	37
111	TCA	13
111	CTC	3
111	ACT	3
111	ATA	2
112	ACC	11406
112	ATC	81
112	ACT	44
112	AAC	38
112	GCC	22
112	ACA	17
112	CCC	2
113	ACC	9386
113	ATC	1780
113	GCC	369
113	ACT	42
113	ACA	17
113	ATT	9
113	TCC	2
113	ACG	2
113	AAC	2
114	ATA	11461
114	ACA	119
114	GTA	12
114	ATG	11
114	TTA	3
114	AYA	2
115	CTA	10795
115	TTA	546
115	CCA	220
115	TTG	8
115	TCA	6
115	CTG	5
115	CTT	5
115	CTC	5
115	ATA	3
115	CAA	2
115	CAG	2
115	CYA	2
116	GCT	8178
116	GCC	3092
116	GTC	155
116	GAT	59
116	GTT	24
116	GCA	23
116	ACT	16
116	ACC	6
116	GAC	5
116	GCY	4
117	TCA	10855
117	TTA	344
117	CCA	173
117	TCT	150
117	TCG	20
117	CTA	16
117	AGT	2
118	ACA	11095
118	ATA	452
118	GCA	29
118	ACT	8
118	ACC	7
118	AAA	6
118	ACG	6
118	CCA	3
119	ACA	11543
119	ATA	20
119	CCA	18
119	ACG	11
119	GCA	5
119	AAA	4
119	ACC	3
120	CCA	11137
120	CTA	350
120	TCA	44
120	ACA	40
120	CAA	20
120	CCG	6
120	CCC	3
120	CCT	2
120	TCT	2
121	AGT	11003
121	ATT	224
121	GGA	110
121	AGC	101
121	AAT	91
121	GGT	73
121	AGA	6
121	GAT	2
122	GCT	10315
122	GCC	534
122	GTC	515
122	GTT	171
122	ACT	46
122	TCT	12
122	ATC	3
122	GCG	3
122	GAT	3
122	ACC	2
122	GAC	2
122	GTA	2
123	GAG	9206
123	GAA	2153
123	AAG	168
123	GAT	31
123	GGG	16
123	AAA	13
123	GAR	4
124	TCA	11270
124	CCA	169
124	TCT	95
124	TCC	24
124	TTA	23
124	TCG	8
124	ACA	5
125	ACC	11012
125	ATC	385
125	ACT	124
125	AAC	26
125	ACA	21
125	AGC	11
125	GCC	7
125	ATT	4
126	CCA	10534
126	CTG	479
126	CCG	418
126	TCA	84
126	CTA	52
126	CAA	15
126	CCR	4
126	CTC	2
126	ACA	2
127	CAA	11358
127	CTA	147
127	CAT	53
127	CGA	18
127	CAG	12
127	AAA	5
127	CCA	2
128	TCC	10883
128	TCT	495
128	TTC	145
128	CCC	44
128	ACC	24
128	TAC	2
128	TCG	2
128	AGC	2
128	TCA	2
129	ACA	11379
129	ATA	170
129	TCA	21
129	ACG	14
129	GCA	10
129	ACT	3
129	ACC	2
129	AAA	2
130	ACA	11407
130	ACT	91
130	ATA	79
130	GCA	10
130	ACC	6
130	AAA	6
130	ACG	2
131	GTC	9495
131	GAC	1743
131	ATC	154
131	GCC	102
131	GTT	46
131	AAC	28
131	TTC	19
131	GTA	5
131	GAT	5
131	ATA	2
132	AAG	11491
132	GGG	40
132	AAA	22
132	AGG	17
132	GAG	16
132	ATG	11
132	CAG	3
132	AAT	2
133	ATC	10635
133	ACC	640
133	GTC	181
133	ACA	39
133	ACT	26
133	AAC	23
133	AGC	23
133	ATT	16
133	ATA	10
133	TCC	9
133	TTC	2
134	AAA	10667
134	ATA	733
134	AGA	88
134	AAG	61
134	AAT	22
134	ACA	19
134	GAA	16
135	AAC	11263
135	GAC	204
135	AAT	66
135	AAA	30
135	ACC	23
135	AGC	20
135	TAC	6
136	ACA	11277
136	ATA	293
136	GCA	20
136	AAA	6
136	ACT	5
136	ACG	4
136	TCA	3
136	ACC	3
137	ACA	11346
137	GCA	165
137	ATA	36
137	ACC	29
137	CCA	21
137	ACT	10
137	AAA	7
138	ACA	10909
138	ACG	528
138	ATA	72
138	ACT	65
138	GCA	24
138	ACC	7
138	ATG	5
138	AAA	3
139	ACC	11358
139	ACT	203
139	ATC	44
139	ACA	4
139	GCC	3
140	CAA	11200
140	CAG	297
140	CGA	97
140	CTA	10
140	AAA	5
140	CCA	2
141	ATA	11079
141	GTG	200
141	ACA	163
141	ATG	70
141	GCA	50
141	GTA	35
141	ATC	3
141	TTA	3
141	CCA	3
141	ACC	2
141	ACT	2
142	TTA	6396
142	TCA	3825
142	CAA	1023
142	CTA	179
142	TTG	85
142	CCA	83
142	CAG	3
142	ACA	3
142	TYA	2
142	TCG	2
143	CCT	9389
143	CCC	1867
143	TCT	235
143	CTT	71
143	ACC	19
143	TCC	9
143	CTC	8
144	AGC	11277
144	ATC	231
144	AAC	46
144	AGA	20
144	AAT	11
144	AGT	11
144	GGC	5
145	AAA	10958
145	AAG	578
145	AAC	35
145	AAT	19
145	AGA	5
145	GAA	3
145	TAC	2
145	CAA	2
146	CCC	10795
146	TCC	301
146	CCA	199
146	CTC	169
146	CCT	109
146	ACC	28
147	ACC	11336
147	ACT	178
147	GCC	41
147	ACA	26
147	ATC	16
147	AAC	3
147	TCC	3
148	ACA	11574
148	ATA	10
148	GCA	7
148	ACT	6
148	ACG	5
148	AAA	4
148	CCA	3
148	ACC	2
149	AAA	11556
149	AAG	22
149	AGA	16
149	AAC	9
149	GAA	4
149	ACA	2
150	CAA	11367
150	CAG	220
150	CTA	11
150	AAA	8
150	CAT	2
151	CGC	10502
151	CAC	773
151	CGA	181
151	CGT	109
151	CAA	9
151	TGC	5
151	AAC	3
151	TAC	3
151	AGC	2
151	CRC	2
151	AGG	2
152	CAA	11584
152	CAG	7
152	AAA	3
152	CCA	2
153	AAT	9978
153	AAC	1535
153	AGT	35
153	GAT	33
153	AAA	7
153	ATT	3
153	AAY	2
154	AAA	11346
154	GGA	199
154	AGA	19
154	AAG	16
154	GAA	12
154	AAC	2
155	CCA	11555
155	CTA	16
155	CCG	9
155	CCT	4
155	CAA	3
155	ACA	3
155	TCA	3
155	CTG	2
156	CAA	10759
156	CCA	557
156	CAG	233
156	CGA	17
156	CTA	11
156	AAA	11
156	CCT	5
156	CCC	4
156	TTA	2
157	AAC	11072
157	AAT	397
157	AGC	94
157	GAC	21
157	ACC	3
157	AAY	2
157	TCA	2
157	TCT	2
157	AAA	2
158	AAA	11570
158	AAC	9
158	AAG	9
158	AGA	8
158	CAA	2
159	CCC	11327
159	CCT	235
159	CCA	25
159	ACC	2
159	CCG	2
160	AAC	10958
160	AAT	621
160	GAC	7
160	AAA	7
160	AGC	5
161	AAT	11174
161	GAT	397
161	AAC	25
161	AAG	2
162	GAT	11521
162	GAC	73
162	AAT	3
163	TTT	11461
163	TTC	100
163	CCT	17
163	TCT	11
163	CTT	6
164	CAC	11573
164	CAT	21
164	AAC	3
165	TTT	11332
165	TTC	263
165	CTT	2
166	GAA	11597
166	GAG	5
167	GTG	11588
167	GTA	17
167	GTT	7
167	GTC	2
168	TTC	11537
168	TTT	65
168	CTC	6
168	TAC	6
169	AAT	10639
169	AAC	975
170	TTT	11591
170	TTC	23
171	GTA	9857
171	GTG	1748
171	GTT	3
172	CCC	11377
172	CCT	210
172	CCA	23
172	TCC	3
173	TGC	11520
173	TGT	91
174	AGC	11417
174	AAC	158
174	AGT	33
174	TCA	2
175	ATA	11592
175	ATC	16
175	ATT	2
175	GTA	2
176	TGC	11554
176	TGT	59
177	AGC	11559
177	AGT	42
177	AAC	7
177	CGC	2
177	GGC	2
177	TCT	2
178	AAC	9754
178	GGC	1690
178	AAT	104
178	GGT	47
178	AGC	6
178	GGA	4
178	AAA	3
179	AAT	11550
179	AAC	64
179	GAT	2
180	CCA	11601
180	CCC	6
180	CCG	4
180	CCT	3
181	ACC	11185
181	ACT	424
181	ACA	3
181	GCC	2
182	TGC	11572
182	TGT	43
183	TGG	11611
183	CGG	3
183	AGG	3
184	GCC	7557
184	GCT	3808
184	GCA	231
184	ACC	7
184	GCY	7
185	ATC	11547
185	ATT	40
185	ATA	28
186	TGC	11425
186	TGT	190
187	AAG	10875
187	AAA	738
187	AGG	2
188	AGA	11519
188	AGG	38
188	AAA	29
188	AGT	22
188	GGA	3
188	CGA	2
188	CGC	2
189	ATA	11334
189	ACA	238
189	TTA	29
189	ATG	7
189	ATC	3
189	GTA	3
189	AYA	2
190	CCA	11411
190	CCC	154
190	CCT	25
190	CCG	16
190	TCA	7
191	AAC	11136
191	AGC	412
191	AAT	47
191	GAC	9
191	GGC	5
191	ACC	5
192	AAA	11585
192	AAG	17
192	AAT	7
192	AGA	5
193	AAA	11574
193	AAG	33
193	GAA	4
194	CCT	11017
194	CCC	410
194	CCA	137
194	TCT	22
194	CTT	15
194	ACT	9
194	ACC	2
195	GGA	11396
195	GGG	107
195	GGT	54
195	GTA	19
195	AGA	13
195	GAA	12
195	GGC	3
196	AAG	11553
196	AGG	30
196	GAG	10
196	CAG	3
196	AAA	2
196	ATG	2
197	AAA	11506
197	AGA	49
197	AAG	22
197	AGG	11
197	GAA	8
197	ATA	3
197	RAA	2
198	ACC	11382
198	ACA	152
198	ACT	61
198	ATC	10
199	ACC	11419
199	ACT	107
199	ACA	72
199	ATC	14
200	ACC	11170
200	ACT	321
200	CCC	53
200	ATC	36
200	TCC	13
200	GCC	12
200	ATT	3
200	ACA	2
201	AAG	9759
201	AAA	1823
201	AGG	20
201	AAR	4
201	GAG	3
201	ATG	2
202	CCC	11166
202	CCT	407
202	CCA	20
202	ACC	13
202	CTC	4
202	TCC	2
203	ACA	11194
203	ACG	372
203	ATA	17
203	ACT	11
203	GAA	4
203	GCA	4
203	ACC	2
203	TCA	2
204	AAA	11138
204	AAG	235
204	AAC	159
204	AGA	64
204	GAA	6
204	ATA	4
204	ACA	3
205	AAA	11426
205	AAG	99
205	AGA	35
205	AAC	21
205	AAT	16
205	ACA	6
205	GAA	4
205	GAG	3
206	CCA	8387
206	CAA	3126
206	ACA	68
206	CTA	11
206	TCA	7
206	CCG	3
206	CCT	2
207	ACC	11238
207	AAC	165
207	ACT	134
207	ATC	44
207	CCC	21
207	GCC	8
208	CTC	10388
208	ATC	939
208	CTT	65
208	TTA	45
208	ATA	44
208	TTC	42
208	ACC	26
208	CTA	22
208	CAC	20
208	CCC	10
208	ATT	3
208	CCA	3
208	AAC	2
208	TCA	2
209	AAG	9371
209	AGG	2003
209	AAA	209
209	AAT	6
209	AGA	6
209	CAG	6
209	GAG	3
209	AGT	2
209	ARG	2
210	ACA	11026
210	GCA	423
210	ATA	140
210	ACT	9
210	ACC	7
210	ACG	2
210	TCA	2
211	ACC	11378
211	ACT	167
211	ATC	47
211	ACA	8
211	AAC	4
211	GCC	4
212	AAA	11530
212	GAA	53
212	AAG	13
212	AGA	5
212	AAT	4
212	ATA	2
213	AAA	11253
213	AAG	299
213	AGA	22
213	ATA	21
213	AAT	6
213	GAA	4
213	GGA	2
214	GAT	11507
214	GAA	42
214	AAT	27
214	GAC	17
214	GGT	13
214	TAT	5
215	CCC	10873
215	CTC	575
215	CCT	66
215	TCC	65
215	CCA	15
215	ATC	10
215	ACC	3
216	AAA	11493
216	AAC	70
216	AAT	19
216	ACA	8
216	CAA	6
216	ATA	5
216	AAG	4
216	AGA	3
216	GAA	2
217	CCT	11058
217	TCT	246
217	CCC	176
217	CTT	49
217	CCA	44
217	TCC	29
217	CAT	5
217	CCY	2
218	CAA	11578
218	CAG	9
218	CGA	9
218	AAA	7
218	CTA	3
218	CCA	2
218	CAT	2
219	ACC	11282
219	ACT	167
219	AAC	68
219	ATC	46
219	GCC	26
219	ACA	18
219	CCC	6
220	ACA	11333
220	ACT	142
220	ACC	57
220	ATA	42
220	GCA	22
220	AAA	8
220	CCA	7
221	AAA	11545
221	AAC	20
221	AAG	19
221	AGA	11
221	ACA	9
221	AAT	5
221	GGA	2
221	GAA	2
222	CCA	10896
222	CTA	483
222	TCA	102
222	CCG	56
222	CCC	36
222	CAA	24
222	CCT	10
222	TCT	2
222	CTT	2
223	AAG	11464
223	AAA	52
223	ATG	31
223	AGG	28
223	GAG	25
223	ATA	10
223	AAT	4
224	GAA	10101
224	GTA	1225
224	GGA	106
224	GAG	75
224	AAA	38
224	GAT	32
224	GCA	25
224	ATA	6
224	GAC	4
224	GWA	3
225	GTA	9234
225	GCA	2277
225	ATA	40
225	GTG	32
225	ACA	9
225	ATG	8
225	TTA	4
225	GTC	4
225	GYA	3
225	TCA	2
226	CTC	10576
226	CCC	370
226	CTT	338
226	CCT	243
226	TTC	37
226	ATC	20
226	CAC	18
226	CTA	4
226	CTY	3
226	TCC	3
226	TCT	2
226	CCA	2
227	ACT	6823
227	ACC	4684
227	AAT	58
227	ATT	15
227	ACA	11
227	ATC	10
227	TCC	5
227	GCC	2
227	ACY	2
228	ACC	11475
228	ACT	62
228	ATC	34
228	AAC	15
228	ACA	13
228	GCC	12
228	TCC	2
229	AAG	11360
229	AAA	170
229	AGG	51
229	AAT	14
229	GAG	9
229	ATG	7
230	CCT	8082
230	CCC	2797
230	ACT	522
230	CTT	95
230	CTC	33
230	TCC	26
230	ACC	23
230	CCA	17
230	TCT	5
230	CAT	5
230	GCT	2
231	ACA	11531
231	GCA	41
231	ATA	16
231	AAA	10
231	ACT	6
231	ACG	5
231	ACC	2
232	GGA	9839
232	GAA	1187
232	AGA	250
232	GAT	203
232	GGG	47
232	GAC	7
232	AAA	6
232	GGT	5
232	AGG	2
232	GTA	2
233	AAG	11203
233	AAA	179
233	GAG	138
233	AGG	24
233	AAT	7
233	GAA	2
233	GGG	2
233	ATA	2
234	CCA	10700
234	CTA	435
234	TCA	264
234	CCG	111
234	CAA	16
234	CCT	15
234	CCC	6
234	CYA	2
235	ACC	10746
235	ATC	657
235	ACT	94
235	GCC	34
235	ACA	17
235	ACG	2
236	ATC	11183
236	ATT	206
236	GTC	43
236	ACC	41
236	ATA	28
236	AAC	24
236	CTA	16
236	TTC	12
236	CTC	6
237	AAC	10963
237	GAC	482
237	AAT	57
237	TAC	21
237	AGC	8
237	AAA	5
237	GCC	3
237	GAT	2
238	ACC	11009
238	ATC	392
238	GCC	84
238	ACT	44
238	ACA	28
239	ACC	7611
239	ACT	3758
239	GCC	80
239	ATC	49
239	ATT	16
239	ACA	14
239	AAC	12
239	AAT	7
239	GCT	3
239	TCC	3
239	ACY	2
240	AAA	11306
240	AGA	161
240	AAC	41
240	AAG	18
240	GAA	12
240	ATA	6
240	AGG	4
240	GGA	4
240	CAA	2
241	ACA	10987
241	CCA	389
241	ATA	93
241	CTA	27
241	ACC	18
241	GCA	13
241	ACT	13
241	AAA	9
241	ACG	7
241	TCA	6
242	AAC	11166
242	ACC	248
242	AGC	61
242	GAC	55
242	AAT	49
242	TAC	6
242	AAA	3
243	ATC	10520
243	AGC	476
243	ACC	448
243	ATT	76
243	ATA	51
243	GTC	16
243	AAC	5
243	ACT	2
243	AYC	2
244	AGA	11264
244	AAA	92
244	ATA	84
244	AGG	44
244	CTA	40
244	ACA	35
244	GGA	14
244	AAC	12
244	ATC	4
244	GAA	2
244	AGT	2
245	ACT	10215
245	ACC	1032
245	GCT	180
245	ATT	64
245	GCC	42
245	CCT	42
245	ACA	3
245	AAT	2
245	TCT	2
245	ATC	2
246	ACA	11553
246	ATA	21
246	AAA	7
246	ACC	5
246	GCA	4
246	ACG	2
247	CTG	10674
247	CCG	659
247	TTG	119
247	CTA	91
247	CCA	29
247	CAG	18
247	ATG	9
247	TCG	6
247	CYG	2
247	CTT	2
247	TTA	2
248	CTC	8672
248	ATC	2754
248	CCC	60
248	TTC	54
248	CTT	44
248	ACC	8
248	CTA	3
248	ATT	3
248	CCT	3
248	MTC	3
248	CTG	2
249	ACC	11157
249	ACA	182
249	ATC	178
249	ACT	42
249	TCC	28
249	GCC	19
249	AAC	2
249	CCC	2
250	TCC	10445
250	AAC	427
250	TTC	360
250	TCT	126
250	CCC	116
250	ACC	73
250	CCA	32
250	TAC	7
250	GAC	5
250	CTC	4
250	TCA	4
250	AGC	3
250	ATC	2
250	CCT	2
251	AAC	10931
251	AGT	340
251	AAT	106
251	TAC	61
251	AAA	53
251	AGC	49
251	GAC	37
251	AAG	15
251	ATT	10
251	TAT	4
251	CAC	3
251	GGC	2
252	ACC	11512
252	ATC	51
252	ACT	35
252	ACA	8
252	AAC	4
253	AAA	10125
253	ACA	1209
253	CAA	114
253	ACG	53
253	AGA	32
253	CGG	29
253	ATA	17
253	AAG	12
253	GAA	5
253	ACC	4
253	ACT	3
253	CAG	3
253	GGG	3
253	AAC	2
254	GGA	10771
254	GAA	518
254	AGA	244
254	GGG	75
254	GAG	2
255	AAT	11078
255	GAT	236
255	ACT	197
255	TAT	72
255	AGT	16
255	AAC	7
255	CAT	3
256	CCA	11237
256	CTA	286
256	TCA	31
256	CCG	25
256	CAA	24
256	CCT	4
256	CCC	2
256	CTG	2
256	ACA	2
257	GAA	11393
257	AAA	117
257	GAT	73
257	GAG	15
257	GGA	9
257	GTA	4
258	CAC	9515
258	CAA	1776
258	CTC	109
258	TAC	87
258	AAC	44
258	CAT	40
258	CGC	20
258	CAM	4
258	AAA	3
258	CCC	3
258	CTG	2
258	CRC	2
258	TTA	2
259	ACA	11545
259	ACG	33
259	ATA	10
259	GCA	7
259	AAA	5
259	ACT	3
259	CCA	3
259	ACC	2
259	ACR	2
260	AGT	11379
260	AGC	69
260	AAT	60
260	GGT	58
260	ATT	36
260	TCA	2
261	CAA	9560
261	CGA	124
261	AAA	27
261	CAG	9
261	CCA	8
261	CTA	2
262	GAG	8829
262	AAG	776
262	GGG	60
262	GAA	23
262	AAA	18
262	ATG	13
262	GTG	5
262	AGG	3
262	GCG	2
262	GAT	2
263	GAA	8834
263	AAA	418
263	CAA	326
263	GGA	59
263	GTA	33
263	GAG	30
263	GCA	21
263	GAC	3
263	CAC	2
263	RAA	2
264	ACC	9525
264	ACA	78
264	ATC	48
264	ACT	47
264	GCC	31
265	CTC	9117
265	CCC	373
265	ATC	105
265	CTT	61
265	TTC	54
265	CAC	5
265	TTT	2
266	CAC	8025
266	CTC	1558
266	TAC	32
266	CTT	28
266	CAA	24
266	CAT	23
266	CGC	9
266	CTA	6
266	AAC	3
266	CWC	2
267	TCA	9400
267	CCA	183
267	CTA	111
267	TTA	15
267	TCG	8
267	ACA	3
267	AGC	2
268	ACC	9613
268	ACT	60
268	GCC	28
268	ATC	15
268	ACA	5
269	ACC	9616
269	ACT	36
269	ATC	29
269	GCC	18
269	ACA	13
269	TCC	6
269	AAC	2
269	TCT	2
270	TCC	7465
270	TCA	1259
270	CCC	519
270	CCT	205
270	TCT	88
270	CCA	50
270	TTC	18
270	CAC	16
270	ACC	11
270	TTA	7
270	CTC	6
270	TAC	4
270	TCG	2
270	TCY	2
271	GAA	9370
271	AAA	312
271	GAG	5
271	GAT	3
271	GGA	3
271	CAA	2
271	GAC	2
272	GGC	9257
272	GGT	193
272	GAC	181
272	AGC	56
272	GGA	3
272	AGT	2
272	AAC	2
273	TAT	8049
273	CAT	1568
273	CAC	55
273	TAC	22
273	AAT	8
273	TCT	8
273	YAT	2
274	CCA	8091
274	CTA	1537
274	TCA	28
274	CCT	21
274	CCC	14
274	CAA	6
274	CCG	5
274	CTG	5
274	CYA	4
274	ACA	2
275	AGC	9592
275	AAC	59
275	AGT	38
275	GGC	11
275	ATC	6
275	AGA	4
275	TCT	2
275	GGT	2
276	CCA	8902
276	CAA	499
276	CTA	235
276	TCA	46
276	CCG	21
276	CCT	7
277	TCA	8965
277	CCA	410
277	TCC	250
277	TCT	59
277	TTA	14
277	ACC	4
277	ACA	2
278	CAA	9683
278	CAG	11
278	AAA	11
278	CGA	2
278	CTA	2
279	GTC	9472
279	ATC	82
279	GCC	73
279	GTT	57
279	GTA	15
279	GAC	7
280	TAT	5122
280	TAC	3213
280	CAC	924
280	CAT	408
280	CCT	12
280	TAY	6
280	YAY	3
281	ACA	9144
281	ACT	500
281	AAA	13
281	ACC	11
281	ATA	10
281	ACG	9
281	GCA	7
282	ACA	9508
282	ATA	99
282	ACG	46
282	ACC	26
282	GCA	4
282	ACT	3
283	TCC	9168
283	TCT	232
283	CCC	120
283	CCT	84
283	TTC	58
283	TTT	14
283	TCA	9
284	GGT	8767
284	GAC	362
284	AGT	270
284	AGC	80
284	GAT	78
284	GGC	58
284	GTT	4
284	TCC	2
284	GAG	2
285	CAA	11420
285	CCA	24
285	CGA	23
285	CAG	15
285	CTA	13
285	AAA	6
286	GAG	10833
286	AAG	465
286	ATG	114
286	GAA	79
286	GTG	13
286	GGG	8
286	AGG	4
286	GAT	3
286	AAA	2
286	ACG	2
287	GAA	9243
287	GAG	1779
287	AAA	125
287	GAT	124
287	GGA	122
287	AAG	100
287	GAC	17
287	GAR	14
287	GTA	14
288	ACC	11361
288	ACT	91
288	ACA	35
288	ATC	27
288	GCC	17
288	CCC	7
288	TCC	2
289	CTC	11052
289	CTT	231
289	TTC	126
289	CCC	92
289	ATC	15
289	CCT	6
289	CAC	3
289	CTY	2
289	CTG	2
289	TTT	2
290	CAC	10926
290	CAT	421
290	CTC	117
290	TAC	40
290	AAC	12
290	CAA	10
290	CTT	7
290	CTA	5
290	CWC	2
290	TAT	2
290	CGC	2
291	TCA	10987
291	CCA	340
291	TTA	151
291	TCG	35
291	TTG	14
291	TCC	10
291	TCT	3
292	ACC	11331
292	ACT	167
292	ATC	22
292	ACA	11
292	GCC	5
293	ACC	10768
293	TCC	563
293	ACT	126
293	ACA	34
293	ATC	20
293	GCC	19
293	TCT	3
293	TTC	3
293	ACY	2
294	TCC	10687
294	CCC	371
294	TCT	238
294	TTC	125
294	TCA	57
294	CTC	12
294	TAT	9
294	TAC	7
294	YCW	5
294	TCM	5
294	ACC	5
294	YCM	4
294	CCT	4
294	YCC	2
294	TCY	2
294	AGC	2
295	GAA	10990
295	AAA	206
295	GTA	197
295	AGA	61
295	GAT	27
295	GAG	24
295	GGA	10
295	AAG	9
295	GCA	5
295	TAA	3
295	GWA	2
296	GGC	10333
296	AGC	654
296	GGT	463
296	GAC	48
296	RGC	19
296	AGT	7
296	GGA	3
296	GGY	2
297	TAT	9198
297	CAT	1156
297	AAT	963
297	AAC	165
297	YAT	24
297	CAY	10
297	CAC	8
297	TAC	7
297	AGC	2
298	CCA	8035
298	CTA	2729
298	ACA	380
298	TCA	265
298	CCG	38
298	CYA	24
298	CCT	6
298	CCC	6
298	ATA	3
298	CAA	2
298	YCA	2
298	TTA	2
299	AGC	11141
299	AAC	232
299	GGC	63
299	AGT	51
299	AGA	8
299	GGT	3
299	TCA	2
299	CGC	2
300	CCA	10524
300	CCT	656
300	TCA	182
300	CTA	67
300	CAA	38
300	CCC	28
300	CCG	11
300	YCA	11
300	ACA	10
300	TCT	5
300	CYA	3
300	CMA	3
301	TCA	11268
301	TCT	109
301	CCA	107
301	YCA	25
301	TTA	17
301	TCC	7
301	TAA	6
301	TCG	2
302	CAA	11497
302	CCA	17
302	AAA	7
302	CAG	7
302	TAA	6
302	CGA	3
303	GTC	8285
303	GCC	2440
303	ATC	671
303	GCT	40
303	TTC	17
303	GGC	16
303	GAC	12
303	GYC	10
303	ATT	8
303	GTA	7
303	GTT	7
303	ACC	5
303	GTY	2
304	CAT	5664
304	TAT	4142
304	CAC	1324
304	TAC	220
304	TCC	73
304	TCT	41
304	CAY	21
304	YAT	13
304	TAY	5
304	CGT	5
304	YAY	4
304	TCA	2
305	ACA	11379
305	ATA	53
305	ACC	52
305	CCA	18
305	GCA	11
305	ACT	6
305	AAA	5
305	ACW	2
306	ACA	11425
306	ATA	40
306	ACG	25
306	GCA	13
306	ACC	12
306	AAA	2
306	ACT	2
307	TCC	11119
307	TCT	304
307	CCC	52
307	TTC	22
307	TCA	11
307	TCY	6
307	TAC	4
307	ACC	3
307	AGC	2
308	GAG	10906
308	AAG	503
308	GAA	59
308	GGG	27
308	GAT	18
308	GTG	10
308	TAG	6
309	TAC	11248
309	TAT	142
309	CAC	132
309	AAC	18
309	TAA	13
309	TCC	4
309	TTC	3
310	CTA	7212
310	CCA	4255
310	TTA	42
310	CYA	14
310	ATA	4
310	CCG	4
310	TCA	4
310	CAA	2
310	CCT	2
310	CTT	2
310	CTG	2
311	TCA	10943
311	CCA	540
311	TCG	22
311	TTA	13
311	ACA	9
311	GCA	7
311	TCC	5
311	TCT	4
311	YCA	4
311	TAA	3
312	CAA	11390
312	TAA	116
312	CAG	10
312	AAA	7
312	CGA	6
312	CTA	5
312	CAC	4
312	TCA	2
313	TCT	10510
313	CCT	545
313	TAT	134
313	TTT	92
313	CCC	73
313	TCC	33
313	TCA	4
313	ACT	2
313	TGT	2
314	CTA	7968
314	CCA	3138
314	TCA	162
314	TTA	82
314	CTG	18
314	CCG	6
314	ATA	4
314	CYA	4
314	CAA	3
314	TCG	2
314	CGA	2
314	TAA	2
314	AGC	2
315	TCT	10594
315	TCC	548
315	TCG	152
315	TTG	67
315	CCT	23
315	TTT	20
315	TCA	8
316	TCA	8941
316	TCC	1133
316	CCA	1128
316	TTA	89
316	TCG	30
316	TAA	28
316	TCT	22
316	CAA	13
316	TTC	5
316	ACA	4
316	CCG	3
316	TTG	3
316	CCC	3
316	CCT	2
316	TCM	2
317	TCC	10970
317	CCC	157
317	TTC	143
317	TCT	65
317	TCA	23
317	ATC	11
317	TTT	6
317	ACC	6
317	TCY	2
318	AAC	11250
318	AAT	27
318	AAA	26
318	AGC	23
318	ACC	23
318	TAC	23
318	CAC	4
319	ACA	7915
319	ATA	2847
319	ACG	213
319	AAA	162
319	TCA	133
319	GCA	51
319	AAT	24
319	ATG	9
319	GCG	9
319	GTA	4
319	AAG	4
319	ACT	2
319	ACC	2
320	GCA	6166
320	ACA	4808
320	ATA	179
320	CCA	125
320	AAA	34
320	ACT	20
320	TCA	18
320	GTA	11
320	GCT	7
320	ACG	6
320	CCT	3
321	AAA	10288
321	GAC	335
321	TAA	327
321	CGC	152
321	AAC	143
321	GAA	56
321	AGA	32
321	AAG	16
321	TAC	15
321	GGA	4
321	ATA	3
321	CAC	2
321	AAT	2
321	ACA	2
321	GAT	2
321	AGC	2
322	TGA	9965
322	CAG	524
322	TGG	153
322	TAG	111
322	TTA	64
322	GGA	48
322	TAA	37
322	GAG	10
322	CGA	10
322	CAA	8
322	CAT	3
322	AGA	3
322	TAT	2
322	TTG	2
322	AAG	2

#KY654518|L
1	ATG	9151
2	GAT	9142
2	GAG	2
3	CCC	9107
3	CCT	37
4	ATT	9095
4	GTT	32
4	ACT	20
4	ATC	2
5	ATT	9126
5	ATC	10
5	ACT	6
5	GTT	4
6	AGT	5768
6	AGC	2728
6	AAT	555
6	GGT	64
6	AGY	7
6	AGA	7
6	ATT	4
6	GGC	3
6	RGT	2
7	GGA	9094
7	AGA	23
7	GGG	22
7	GGT	3
8	AAT	9088
8	AAC	29
8	AGT	16
8	AGC	5
8	GAT	4
9	TCT	8210
9	TCA	877
9	TCC	30
9	CCT	10
9	ACT	9
9	CCA	4
9	ACA	3
10	GCT	9081
10	GCC	50
10	GCA	14
11	AAT	9112
11	AAC	33
11	AGT	2
12	GTT	9114
12	GTC	16
12	ATT	9
12	GTA	8
12	GTG	3
13	TAT	9143
13	TAC	9
14	CTA	6303
14	CTC	2796
14	CTG	24
14	CTT	17
14	TTA	7
15	ACT	8641
15	ACC	503
15	ACA	6
16	GAT	9148
16	GAC	2
17	AGT	9147
18	TAT	9144
18	TAC	6
19	TTA	9144
19	CTA	8
20	AAA	9151
21	GGT	9114
21	GGC	33
22	GTT	9116
22	GTC	23
22	GTA	11
23	ATT	9035
23	ATC	106
23	ATA	9
24	TCT	9141
24	TCA	3
24	TCC	2
24	AGT	2
25	TTC	9106
25	TTT	45
26	TCA	9097
26	TCG	41
26	TCT	7
26	TCC	2
26	AGC	2
27	GAA	9048
27	GAG	102
28	TGT	9128
28	TGC	24
29	AAC	7972
29	AAT	1179
30	GCT	8568
30	GCC	559
30	TCT	19
30	GCA	7
31	TTA	9095
31	CTA	26
31	TTG	20
31	CTG	2
32	GGA	9109
32	GGT	14
32	GGG	10
32	GGC	7
33	AGT	9118
33	AGC	20
33	TCA	2
33	TCC	2
34	TAC	8787
34	TTC	293
34	TAT	38
35	ATA	9132
35	CTT	5
35	ATC	2
36	TTC	9110
36	TTT	27
36	CTC	14
36	TTA	3
37	AAT	9019
37	GAT	103
37	AAC	26
37	AGT	5
38	GGT	9106
38	GGC	26
38	AGT	17
38	GAT	2
39	CCT	9144
39	CCG	4
39	CCA	4
39	CCC	2
40	TAT	9125
40	TTT	28
40	TAC	2
41	CTC	9006
41	CTA	109
41	CTT	36
41	TTA	2
42	AAA	9147
42	AAG	7
43	AAT	9137
43	AAC	10
43	AGT	3
43	GAT	2
44	GAT	9150
44	GAC	3
45	TAT	8771
45	TAC	385
46	ACC	9107
46	ACT	44
46	ACA	6
47	AAC	9126
47	AGC	12
47	AAT	8
47	CAC	7
47	TAC	3
48	TTA	9140
48	GTA	9
48	TTG	3
48	CTA	2
48	CTC	2
49	ATT	9138
49	ATC	14
49	ATA	4
50	AGT	9152
50	TCC	2
50	AGC	2
51	AGA	9128
51	AGG	24
51	ATA	3
51	AAA	2
52	CAA	8639
52	CAG	498
52	CAC	12
52	AAA	5
52	CAR	2
53	AAT	9138
53	AGT	10
53	AGC	7
54	CCA	8796
54	CCT	353
54	CCG	6
55	TTA	8673
55	CTA	466
55	TTG	15
56	ATA	9138
56	ATT	5
56	TTA	3
56	ATG	3
56	CTA	2
56	ACA	2
56	ATC	2
57	GAA	9118
57	GAG	36
58	CAC	9079
58	CAT	78
59	ATA	8911
59	GTA	104
59	ATG	89
59	ATC	33
59	TTA	7
59	ACA	6
59	CTA	4
59	ATT	3
60	AAT	9067
60	AAC	48
60	AGT	43
61	CTA	9048
61	CTT	73
61	TTA	24
61	CTG	11
61	CTC	2
62	AAG	9102
62	AAA	52
62	AGG	3
63	AAA	8978
63	AAG	160
63	AGA	18
64	CTA	8772
64	TTA	366
64	CTG	13
64	ATA	4
65	AAT	9133
65	AGT	9
65	AAC	8
65	ACT	5
65	ATT	2
66	ATA	9115
66	GTA	19
66	ATG	18
66	ACA	3
66	ATC	2
67	ACA	9062
67	ACT	84
67	ACG	7
67	MCA	3
67	ACC	2
68	CAG	9101
68	CAA	52
68	CGG	2
69	TCC	8331
69	TCT	717
69	ACC	66
69	TTC	26
69	TCA	14
69	GCC	2
69	AGT	2
70	TTA	9130
70	TTG	16
70	CTA	11
71	ATA	9154
71	ATC	2
72	TCT	8972
72	TCC	137
72	TCA	30
72	TTT	6
72	TAT	4
72	AGT	2
72	TCG	2
73	AAG	9122
73	AAA	27
73	AGA	3
73	AGG	2
74	TAT	9099
74	TGT	31
74	TAC	21
74	CAT	3
75	CAT	9063
75	CAC	57
75	AAT	21
75	TAT	10
75	CTT	3
76	AAA	9132
76	AAG	20
76	AGA	6
77	GGT	9121
77	GGC	26
77	GAT	8
77	AGT	2
77	GGA	2
78	GAA	9099
78	GGA	22
78	GAT	20
78	GAG	17
79	ATA	9135
79	ATT	17
79	CTG	3
79	ATC	2
79	ATG	2
80	AAA	9103
80	AGA	44
80	AAG	6
80	GAA	3
80	AAT	2
81	ATA	9037
81	TTA	101
81	ATT	7
81	GTA	5
81	ATG	3
81	CTC	2
81	CTA	2
82	GAA	9132
82	GAG	27
83	GAA	9115
83	GAG	43
84	CCT	9084
84	CCA	48
84	CCC	18
84	CCG	7
85	ACT	9134
85	ACC	17
85	ACA	4
85	ACG	2
86	TAC	8511
86	TAT	647
87	TTT	9053
87	TTC	103
88	CAG	8645
88	CAA	512
89	TCA	9152
89	AGT	2
90	TTA	9093
90	CTA	40
90	TTG	23
91	CTT	9110
91	CTC	30
91	ATT	10
91	CTA	3
91	TTA	2
92	ATG	9154
92	CTG	3
93	ACA	9046
93	ACG	88
93	ACT	20
93	ACC	2
94	TAC	9124
94	TAT	35
95	AAG	8979
95	AAA	179
96	AGT	9140
96	AGC	11
96	TCT	2
96	GGT	2
96	TCC	2
97	ATG	9155
97	ATA	2
98	ACC	8911
98	ACT	215
98	ACA	15
98	TCC	14
98	ATC	2
99	TCG	8053
99	TCT	872
99	TCA	217
99	CCG	5
99	TTT	4
99	ACG	3
100	TCA	8852
100	TTA	248
100	TTG	24
100	TCG	16
100	TCT	7
100	CAA	3
100	AGC	2
100	AGT	2
101	GAA	9130
101	GAG	27
101	GAT	2
102	CAG	9019
102	CAA	117
102	CTG	18
102	CAT	4
103	ACT	8381
103	ATT	718
103	ACC	32
103	ACA	11
103	GCT	9
103	ATC	3
103	ATA	2
103	AMT	2
104	ACT	8663
104	GCT	281
104	ACC	147
104	AAT	55
104	ATT	6
104	ACG	4
104	GCA	2
105	ACT	8597
105	ACC	545
105	ACA	7
105	ATT	3
105	ACG	2
105	AAC	2
106	ACT	9071
106	ACC	78
106	ACA	4
106	ATT	3
106	ACG	2
107	AAT	9136
107	AAC	16
108	TTA	9082
108	CTA	53
108	TCA	8
108	TTG	7
108	CTG	2
109	CTT	8164
109	CTC	906
109	CTA	74
109	CTY	7
109	TTG	2
110	AAA	9131
110	AAG	22
111	AAG	9109
111	AAA	43
111	AGG	3
112	ATA	9145
112	ATT	4
112	ACA	3
113	ATA	9148
113	ATT	4
113	GTA	2
114	AGA	8798
114	AAA	317
114	AGG	31
114	CGA	3
115	AGA	9117
115	AGG	32
115	CGA	2
116	GCT	8984
116	GCA	161
116	GCC	7
117	ATA	9152
117	ATT	3
118	GAA	9142
118	GAG	11
118	GAR	3
119	ATC	8576
119	ATT	467
119	ATA	106
119	GTC	3
120	AGT	9116
120	AGC	29
120	TCA	2
120	TCT	2
121	GAT	9131
121	GAC	22
122	GTC	9048
122	GTT	89
122	GTA	13
122	ATC	2
123	AAA	9136
123	AAG	16
124	GTC	9041
124	ATC	84
124	GTT	20
124	GTA	5
124	GTG	3
124	GCC	2
125	TAT	9110
125	TAC	25
125	CAT	18
126	GCT	9115
126	GCC	28
126	GCG	6
126	GCA	3
127	ATA	9144
127	ATC	3
127	ATG	2
128	TTG	8573
128	TTA	542
128	CTG	25
129	AAT	9125
129	AAC	10
130	AAA	9119
130	AAG	18
131	CTG	8829
131	CTA	280
131	TTG	17
131	CTT	2
132	GGG	8333
132	GGC	707
132	GGA	87
132	GGT	7
133	CTC	8458
133	CTT	559
133	CTA	109
133	TTA	4
134	AAA	9119
134	AAG	13
135	GAA	9117
135	GAG	16
135	GAT	3
136	AAA	8992
136	AAG	151
136	AGA	2
137	GAC	9096
137	GAT	43
137	GAA	6
137	AAC	2
138	AAG	9106
138	AGG	22
138	AAA	19
138	AGA	3
139	ATT	9067
139	ACT	36
139	GTT	24
139	ATC	12
139	ACC	8
139	ATA	7
140	AAA	9130
140	AAG	17
140	AGA	7
140	AGG	2
141	TCC	8539
141	TCT	511
141	CCC	55
141	TTC	19
141	ACC	18
141	TCA	13
142	AAT	8431
142	AAC	700
142	GAT	11
142	AGT	7
142	TAT	3
142	ATT	2
142	TAC	2
143	AAT	6324
143	GAT	2776
143	GAC	19
143	AAC	13
143	AGT	11
143	AAA	10
143	RAT	2
144	GGA	8901
144	GAA	199
144	AGA	24
144	GAG	15
144	GTA	6
144	GGG	5
144	AAT	3
144	GGT	3
144	GRA	2
145	CAA	9066
145	CAG	79
145	CTA	5
145	TCA	3
145	CGA	2
146	GAT	8697
146	GAC	302
146	GGT	108
146	GAA	36
146	AAT	7
146	GAG	3
146	GGC	2
146	GTT	2
147	GAA	9105
147	GAG	25
147	GAT	18
147	GAC	6
147	GGA	4
148	GAC	8781
148	AAC	316
148	GAT	55
148	GAA	3
149	AAC	9092
149	AAT	60
149	AAA	2
149	GAC	2
149	AGC	2
150	TCA	9119
150	TCT	18
150	ACA	6
150	TCG	5
150	TTA	4
150	CCA	3
150	AGT	2
151	GTC	7880
151	GTT	1217
151	ATC	35
151	GTA	21
151	TTC	3
151	GCA	2
152	ATT	9119
152	ATC	31
152	GTT	3
152	CTT	3
152	ATA	2
153	ACT	8503
153	ACA	481
153	ACG	95
153	ACC	72
153	GCT	5
153	AAT	2
154	ACC	8758
154	ACT	362
154	ACA	29
154	GCC	5
154	AAT	2
155	ATA	9132
155	ATT	19
155	ATC	3
155	ATG	2
155	GTA	2
156	ATC	9116
156	ATT	32
156	ATA	6
156	GTC	4
157	AAA	9058
157	AAG	94
157	AGA	5
158	GAT	9133
158	GAC	21
158	AAT	3
158	GGT	2
159	GAT	9142
159	GAC	7
159	AAT	6
159	GGT	3
160	ATA	9133
160	ATG	18
160	ATT	4
160	GTA	4
161	CTT	9082
161	CTC	58
161	ATT	8
161	CTA	6
161	TTT	2
162	TTA	8851
162	CTA	151
162	TCA	103
162	TTG	47
162	TCC	2
162	TCT	2
163	GCT	8997
163	GCA	132
163	GCC	15
163	ACT	8
163	TCT	3
164	GTC	8561
164	GTT	568
164	ATC	13
164	GTA	6
164	GTG	5
164	TTC	3
165	AAG	8996
165	AAA	156
165	GAA	3
166	GAT	9087
166	GAC	44
166	AAT	20
166	AAC	3
166	GGT	2
166	GAA	2
167	AAT	8979
167	ACT	158
167	GAT	12
167	AAC	6
167	AGT	2
168	CAA	9111
168	AAA	20
168	CAG	19
168	CAC	3
168	CCA	3
168	CTA	2
169	TCT	8975
169	TCA	62
169	TTT	53
169	CAT	26
169	TTC	15
169	TAT	13
169	TCC	7
169	CCT	5
169	AGC	2
170	CAT	9063
170	CAC	35
170	CAA	20
170	AAT	13
170	CGT	11
170	TAT	10
170	CAG	5
171	CTT	9005
171	CCT	86
171	CTA	18
171	CAA	16
171	CTC	11
171	ATT	7
171	CAT	5
171	ACA	3
171	CCC	3
171	TTG	2
172	AAA	9134
172	AAG	11
172	GAA	3
172	CAA	3
172	AAT	3
172	AGA	2
173	GCA	8796
173	ACA	119
173	GCG	107
173	GTA	53
173	TCA	45
173	GCT	31
173	GCC	5
174	GAC	8698
174	GGC	355
174	GAT	57
174	AAC	22
174	GAA	16
174	GTC	9
175	AAA	9024
175	AGA	116
175	AAG	11
175	AAT	3
176	AAT	8945
176	AAC	112
176	CAT	44
176	TAT	41
176	GAT	5
176	AGT	5
176	AAA	4
177	CAA	8526
177	CAC	605
177	AAA	14
177	TAC	3
177	CAT	2
177	AAC	2
177	CGA	2
177	CAG	2
178	TCC	8330
178	TCT	743
178	TCA	25
178	GCC	20
178	TTC	14
178	CCC	8
178	CCT	5
178	AGC	2
178	TAC	2
178	AGT	2
178	TTT	2
179	ACA	5816
179	TCA	2759
179	GCA	415
179	ACG	70
179	ATA	30
179	AAA	15
179	TTA	15
179	WCA	10
179	ACT	9
179	RCA	6
179	CCA	3
179	ATG	3
179	GTA	3
180	AAA	9132
180	AAC	10
180	AGA	4
180	AAT	3
180	ATA	2
180	AAG	2
181	CAA	9108
181	CAG	33
181	CGA	8
181	CTA	5
182	AAA	9122
182	AAG	11
182	AAC	9
182	AGA	9
182	AAT	4
183	GAT	7768
183	GAC	1363
183	AAT	15
183	ATC	3
183	AAC	2
183	GTT	2
183	GGT	2
184	ACA	8715
184	ACT	332
184	GCA	55
184	ATA	41
184	ACG	3
184	ACC	3
184	AAT	3
184	GCT	2
185	ATC	9099
185	ATT	41
185	ATA	15
185	GTC	2
186	AAA	9130
186	AAG	16
186	AGA	10
187	ACA	9139
187	ACG	12
187	ACT	6
188	ACA	9151
188	ACT	2
188	ACG	2
188	GCA	2
189	CTT	8497
189	CTC	652
189	TTG	4
189	CTA	3
190	TTG	8968
190	CTG	96
190	TTA	85
190	CTA	9
191	AAG	8767
191	AAA	380
191	AGG	8
192	AAA	9145
192	AAG	10
193	TTA	9051
193	TTG	90
193	CTA	16
194	ATG	9134
194	ATA	21
195	TGT	9130
195	TAT	12
195	TGC	9
195	GGT	3
195	CGT	2
196	TCG	7829
196	TCA	1309
196	TTG	10
196	TCT	3
196	TCC	2
197	ATG	9156
198	CAA	9107
198	CAG	47
198	AAA	2
199	CAT	9130
199	CAC	25
200	CCT	9094
200	CCA	30
200	CCC	14
200	CCG	11
200	CTT	3
200	CTC	3
201	CCA	9128
201	CCT	22
201	CCG	5
202	TCA	9134
202	TTA	12
202	TCC	4
202	TCG	3
202	AGT	2
203	TGG	9152
203	TTG	4
204	TTA	9134
204	TTG	16
204	CTA	7
205	ATA	9122
205	ATT	18
205	ATC	10
205	GTA	5
206	CAT	8927
206	CAC	183
207	TGG	9157
208	TTT	9090
208	TTC	65
209	AAT	8887
209	AAC	262
209	AGT	7
210	TTA	9129
210	CTA	18
210	TTG	8
211	TAC	9066
211	TAT	88
212	ACA	9058
212	ACT	42
212	ACG	42
212	AAA	5
212	TCA	4
212	ATA	2
212	ACC	2
213	AAA	9125
213	AAG	19
213	AGA	10
214	TTA	9080
214	TTG	63
214	CTA	9
214	TTT	4
214	CTC	2
215	AAC	9092
215	AAT	58
215	AGC	5
215	ACC	2
216	AGC	8580
216	AAC	559
216	AGT	10
216	TGC	2
216	GGC	2
216	AAT	2
217	ATA	9151
217	ATG	4
217	ATT	2
218	TTA	9100
218	TTG	47
218	CTA	6
218	CTT	2
219	ACA	9147
219	ACG	4
219	ATA	4
219	ACT	3
220	CAA	8149
220	CAG	1004
220	CTG	2
221	TAT	9139
221	TAC	15
222	CGA	9121
222	CGG	24
222	AGA	8
223	TCT	8627
223	TCA	469
223	TCC	54
223	TCG	3
224	AGT	8659
224	AAT	484
224	AAC	7
224	AGC	3
224	GGT	2
225	GAG	9065
225	GAA	91
226	GTA	9101
226	GTT	36
226	GTG	14
226	ATA	4
226	GCA	2
227	AAA	9138
227	AAG	16
227	AGA	5
228	AAC	9102
228	AAT	50
228	AGT	2
229	CAT	9152
229	CAC	5
230	GGT	9035
230	GGG	108
230	GGC	15
231	TTT	9151
231	TTC	5
232	ATA	9076
232	ACA	75
232	GTA	3
232	ACT	2
233	TTG	7699
233	CTG	1415
233	CTA	26
233	TTA	13
233	YTG	2
234	ATA	9023
234	GTA	99
234	ATG	17
234	ATT	12
234	ACA	5
235	GAT	9068
235	GAC	89
236	AAT	9136
236	GAT	7
236	AGT	6
236	AAC	4
236	AAG	3
236	ACT	2
237	CAT	8558
237	CAC	340
237	CAA	229
237	TAT	27
237	CGT	2
238	ACT	9094
238	ACA	33
238	ACC	28
238	ACG	2
239	CTT	8573
239	CTC	561
239	ATT	11
239	TTT	3
239	TTG	2
239	CTA	2
239	ATC	2
239	TTA	2
240	AGT	8414
240	AAT	703
240	AGC	24
240	GGT	7
240	ATT	2
241	GGA	9122
241	GGG	26
241	GGT	7
242	TTC	8986
242	TTT	169
243	CAA	9153
243	CAG	5
244	TTT	9099
244	TTC	59
245	ATT	9123
245	ATA	15
245	ATC	11
245	GTT	8
246	TTG	9078
246	TTA	67
246	CTG	11
246	CTT	2
247	AAT	9062
247	AAC	77
247	AGT	20
248	CAA	9143
248	CAG	16
249	TAT	9153
249	TAC	7
250	GGT	9134
250	GGC	19
250	GGA	6
251	TGT	9130
251	TGC	12
252	ATA	9096
252	ATG	24
252	ATT	18
252	GTA	3
253	GTT	9051
253	GTC	44
253	ATT	4
253	GTG	4
254	TAT	9122
254	CAT	12
254	TGT	2
254	TAC	2
255	CAT	9049
255	AAT	53
255	CAC	36
256	AAG	8986
256	AAA	82
256	AGG	74
257	GAA	9021
257	GAT	96
257	GGA	24
257	GAG	8
257	GAC	4
257	GGG	3
257	AAA	2
258	CTC	8943
258	CTT	208
258	TTA	2
258	ATC	2
258	TTG	2
258	CTA	2
259	AAA	9135
259	AAG	19
259	AGA	3
259	AAC	2
260	AGA	9093
260	AAA	32
260	AGG	26
260	ATA	4
260	CGT	2
261	ATT	9116
261	GTT	33
261	ATA	5
261	ATC	4
262	ACT	9146
262	ACA	7
262	ACC	2
262	ACG	2
263	GTG	8984
263	GTA	152
263	GTT	11
263	GCG	4
263	ATG	3
263	ACT	2
263	GTC	2
264	ACA	8977
264	ACT	162
264	ACC	15
264	ACG	2
265	ACT	8578
265	ACC	572
265	ACA	6
266	TAT	9113
266	TAC	45
267	AAT	9145
267	AAC	14
268	CAA	9148
268	CAG	11
269	TTC	9112
269	TTT	40
269	TAC	7
270	TTG	7788
270	TTA	1327
270	CTG	35
270	CTC	2
271	ACA	9142
271	ACG	7
271	ACC	3
272	TGG	9153
273	AAA	9146
273	AAG	9
274	GAT	9131
274	GAC	20
275	ATT	8997
275	ATC	152
275	ATA	2
276	AGC	9133
276	AGT	21
276	TCT	2
277	CTT	9095
277	CTC	55
277	CTA	3
277	TTG	2
278	AGT	9090
278	AGC	64
278	TCA	2
278	TCT	2
279	AGA	8823
279	AGG	336
280	TTA	9052
280	TTG	94
280	CTA	11
281	AAT	9120
281	AAC	38
282	GTT	9149
282	GTC	4
282	GTA	3
283	TGT	9132
283	TGC	25
284	TTG	7940
284	CTG	712
284	TTA	500
284	ATG	4
285	ATT	9128
285	ATC	25
285	ATA	5
286	ACA	9141
286	ACG	8
286	ACT	6
286	ATA	2
287	TGG	9158
288	ATT	9096
288	ATC	55
288	ATA	4
288	GTT	3
289	AGT	9039
289	AGC	117
289	TCG	2
290	AAC	9037
290	AAT	120
291	TGT	9016
291	TGC	141
292	TTG	9039
292	TTA	79
292	CTG	37
292	CTT	2
293	AAC	9107
293	AAT	49
293	AGC	2
294	ACA	9122
294	ACG	29
294	ATA	5
294	ACT	2
295	TTA	9124
295	CTA	18
295	TTG	10
295	TTT	6
295	CTT	2
296	AAC	8881
296	AAT	275
296	ACC	2
297	AAA	8699
297	AAG	461
298	AGC	9150
298	AGT	7
298	TCA	2
299	TTA	9147
299	TTG	7
299	ATA	2
299	CTA	2
300	GGC	9055
300	GGT	87
300	GGA	12
300	GGG	6
301	TTA	9116
301	TTG	34
301	CTA	5
301	CTG	2
302	AGA	9142
302	AGG	14
302	CGC	2
303	TGT	8863
303	TGC	295
304	GGA	9084
304	GGG	35
304	GGT	27
304	GAA	6
304	AGA	4
304	GGC	2
305	TTC	9111
305	TTT	47
306	AAT	9148
306	AAC	12
307	AAT	9156
307	AAC	4
308	GTT	9036
308	ATT	60
308	GTC	59
308	GTA	3
308	GCT	2
309	ATC	9108
309	ATA	34
309	GTC	9
309	ATT	5
309	GTG	2
310	TTG	9007
310	TTA	95
310	CTG	55
310	CTT	2
310	CTA	2
311	ACA	9123
311	ACT	25
311	ACG	7
311	GCA	4
311	TCA	2
312	CAA	9129
312	CAG	32
313	TTA	8614
313	CTA	502
313	TTG	43
313	CTC	2
314	TTC	9111
314	TTT	49
315	CTT	9111
315	CAT	23
315	TTT	9
315	CTC	9
315	ATT	5
315	TTA	2
315	CTG	2
316	TAT	9135
316	TAC	17
316	CAT	8
317	GGA	9070
317	GGG	65
317	GGT	25
318	GAT	9121
318	GAC	23
319	TGT	9023
319	TGC	99
319	TTT	8
319	TAT	3
320	ATA	9128
320	ATG	3
320	GTA	2
320	ATT	2
321	CTA	8040
321	TTA	1079
321	CTG	9
321	CTT	4
322	AAA	9067
322	AAG	53
322	AGA	10
323	CTA	9053
323	TTA	59
323	CTG	12
323	ATA	7
323	TTG	2
324	TTC	8720
324	TTT	408
325	CAC	8984
325	CAT	146
325	CGC	2
326	AAT	9129
326	AAC	4
327	GAG	8215
327	GAA	943
328	GGG	9136
328	GGA	16
328	GGT	3
328	GGC	2
329	TTC	8442
329	TTT	695
329	TAC	18
330	TAC	7274
330	TAT	1861
330	TAY	3
331	ATA	9147
332	ATA	9150
333	AAA	9045
333	AAG	101
334	GAG	8968
334	GAA	183
335	GTA	8461
335	ATA	653
335	GTG	38
335	GTT	3
336	GAG	9008
336	GAA	150
337	GGA	8782
337	GGT	362
337	GGG	12
338	TTT	9086
338	TTC	62
339	ATT	9105
339	ATC	47
339	ATA	4
340	ATG	9143
341	TCT	8511
341	TCC	326
341	TCA	289
341	AGT	2
342	CTA	8727
342	TTA	406
342	CTG	7
342	TTG	2
343	ATT	9111
343	ATC	8
343	ATA	8
344	TTA	6224
344	TTG	2906
344	CTA	7
344	CTG	3
345	AAT	8805
345	AAC	341
346	ATA	9149
346	ATT	5
346	ATG	3
346	GTA	2
347	ACA	9148
347	ACT	6
347	ACG	4
347	ACC	2
348	GAA	9084
348	GAG	75
349	GAA	9142
349	GAG	18
350	GAT	9147
350	GAC	12
351	CAA	9151
351	CAG	5
352	TTC	9132
352	TTT	25
353	AGA	9115
353	AGG	38
353	AGR	2
354	AAA	9120
354	AAG	20
354	AAC	8
354	AGA	3
354	CAA	3
355	CGG	7493
355	CGA	1616
355	AGG	39
355	CGR	3
355	AGA	3
355	CGC	2
356	TTT	9148
356	TTC	8
357	TAT	9155
357	TAC	5
358	AAT	9073
358	AAC	86
358	CAT	2
359	AGT	9126
359	AGC	34
360	ATG	9160
361	CTC	9081
361	CTT	68
361	CTA	6
361	TTA	2
362	AAC	9131
362	AAT	24
363	AAC	9120
363	AAT	35
364	ATC	8973
364	ATT	177
364	ATA	9
365	ACA	8935
365	ACT	187
365	ACG	30
365	ACC	2
365	GCA	2
366	GAT	8925
366	GAC	218
366	GAA	12
367	GCC	7838
367	GCT	1255
367	GCA	16
368	GCC	8006
368	GCT	1111
368	GCA	39
368	ACC	2
369	AAC	8040
369	AAT	1110
369	AAA	5
369	ATT	3
370	AAA	9064
370	AAG	83
370	AAC	5
370	AAT	3
370	AGA	2
371	GCT	9142
371	GCC	8
371	GCA	7
371	GCG	2
372	CAA	8115
372	CAG	1014
372	CTA	14
373	AAA	9128
373	AGA	20
373	AAG	8
373	CAA	2
374	AAT	9140
374	GAT	14
374	AAC	3
374	AGT	2
375	CTG	9110
375	TTG	24
375	CTA	15
375	CTT	9
376	CTA	8902
376	TTA	180
376	CTG	56
376	ATA	17
376	CTT	3
377	TCA	9134
377	TCG	13
377	TTA	7
377	TCT	4
378	AGA	9078
378	AGG	80
379	GTA	9118
379	GTG	24
379	ATA	8
379	TTA	8
379	GTT	2
380	TGT	9097
380	TGC	35
380	TAT	24
380	CGT	4
381	CAT	9125
381	CAC	27
381	CGT	5
381	AAT	2
382	ACA	9105
382	ACG	27
382	ACT	26
383	TTA	9064
383	TTG	84
383	CTA	7
384	TTA	8790
384	TTG	354
384	CTA	13
385	GAT	9125
385	GAC	24
385	AAT	3
385	GAG	2
386	AAG	9072
386	AAA	63
386	GAG	15
386	AGG	4
387	ACA	9133
387	ACT	13
387	TCA	4
387	ACG	4
387	ACC	2
388	ATA	8535
388	GTA	453
388	GTG	152
388	GTT	14
389	TCA	8514
389	TCC	547
389	TCT	85
389	CCA	4
389	TCG	4
389	AGC	2
390	GAT	9061
390	GAC	87
390	AAT	5
390	GAA	2
391	AAT	9112
391	AAC	37
391	GAT	3
391	ACT	2
392	ATA	9137
392	ATT	10
392	ATG	7
392	ATC	5
393	ATA	9151
393	GTA	6
394	AAT	8877
394	AAC	277
395	GGC	8939
395	GGT	206
395	GGA	13
396	AGA	9068
396	AGG	49
396	AAA	20
396	GGA	15
396	CGA	5
397	TGG	9159
398	ATA	9118
398	ATC	17
398	ACA	10
398	TTA	7
398	GTA	6
398	ATT	2
399	ATT	9085
399	ATA	56
399	ATC	8
399	ACT	5
399	GTT	3
399	AAT	2
400	CTA	9062
400	TTA	71
400	CTG	22
400	TTG	2
401	TTG	8573
401	TTA	554
401	CTA	21
401	CTG	8
402	AGT	8456
402	AGC	675
402	GGT	3
402	TCT	2
403	AAG	9095
403	AAA	43
404	TTC	8800
404	TTT	329
404	CTC	2
405	CTA	8055
405	CTT	1046
405	TTA	39
405	CTG	5
406	AAA	9131
406	AAG	8
406	GAA	4
406	AGA	3
407	TTA	9122
407	TTG	22
407	CTA	8
408	ATT	9072
408	ATC	65
408	ATA	18
409	AAG	7853
409	AAA	1294
409	AAC	2
410	CTT	9128
410	CTA	16
410	CTC	5
410	TTG	2
411	GCA	9060
411	GCG	60
411	GCT	20
411	GCC	9
411	TCA	2
412	GGT	9128
412	GGA	10
412	GGC	9
412	AGT	2
413	GAC	8930
413	GAT	203
413	AAC	15
414	AAT	7741
414	AAC	1400
414	AGT	3
415	AAC	9121
415	AAT	30
416	CTC	8202
416	CTT	941
416	CTA	6
416	TTT	2
416	TTC	2
417	AAC	9066
417	AAT	86
418	AAT	9145
418	AAC	9
418	AGC	3
419	CTG	9009
419	TTG	66
419	CTA	41
419	ATG	36
419	TTA	4
420	AGT	9149
420	AGC	5
420	GGT	2
421	GAA	9152
421	GAG	5
422	TTA	9033
422	CTA	102
422	TTG	20
422	CTG	2
423	TAT	8859
423	TAC	297
424	TTT	9123
424	TTC	31
424	CTT	3
425	TTG	8745
425	TTA	358
425	CTG	47
425	CTC	5
426	TTC	9113
426	TTT	43
427	AGA	8694
427	AGG	461
428	ATA	9153
428	ATC	3
429	TTT	9150
429	TTC	6
430	GGA	9137
430	GGG	10
430	GGT	9
431	CAC	8931
431	CAT	89
432	CCA	9119
432	CCG	23
432	CCT	13
433	ATG	9156
434	GTA	8914
434	GTG	52
434	GTT	52
435	GAT	9135
435	GAC	18
436	GAA	9151
436	GAG	5
437	AGA	8784
437	AGG	364
437	AAA	4
437	CGA	3
438	CAA	8746
438	CAG	409
439	GCC	8999
439	GCT	101
439	GCA	55
440	ATG	9157
441	GAT	9130
441	GAC	27
442	GCT	9133
442	GCA	10
442	GCC	9
442	GTT	2
442	ACT	2
443	GTT	9134
443	GTC	9
443	GTA	8
443	GTG	4
444	AAA	9144
444	AAG	9
444	AGA	4
445	GTT	9013
445	ATT	128
445	GTC	12
445	ATC	2
446	AAT	9115
446	AAC	42
447	TGC	9063
447	TGT	92
448	AAC	8838
448	AAT	316
449	GAG	9094
449	GAA	62
450	ACC	8848
450	ACT	305
450	ACA	4
451	AAA	9151
451	AAG	5
452	TTT	9125
452	TTC	28
452	CTT	3
453	TAC	9113
453	TAT	44
454	TTG	9082
454	CTG	31
454	TTA	20
454	ATG	14
454	TCG	3
454	CTT	2
454	CTA	2
455	TTA	9087
455	CTA	55
455	TTG	13
455	CTT	2
456	AGT	8517
456	AGC	634
456	TCT	4
457	AGT	9132
457	AAT	12
457	AGC	8
457	GGT	2
457	TCT	2
458	TTG	9010
458	CTA	55
458	TTA	53
458	CTG	39
459	AGT	9143
459	AGC	7
459	TCT	2
459	TCC	2
459	TGT	2
460	ATG	9148
460	ACG	6
461	TTA	9104
461	TTG	44
461	CTT	4
461	CTA	3
462	AGA	9096
462	AGG	56
462	CGA	4
463	GGA	8478
463	GGT	618
463	GGG	48
463	GGC	11
464	GCT	8490
464	GCC	657
464	GCA	6
465	TTT	9058
465	TTC	97
466	ATA	9019
466	ATC	129
466	ATT	5
466	GTA	3
467	TAT	9126
467	TAC	29
468	AGA	9139
468	AGG	14
469	ATT	8198
469	ATC	949
469	GTC	4
469	ATA	2
470	ATA	9143
470	ATT	8
470	GTA	4
471	AAA	9118
471	AAG	36
472	GGG	9109
472	GGA	35
472	GGT	11
473	TTT	9153
473	TTC	3
474	GTA	9107
474	GTG	40
474	GTT	6
474	ATA	2
475	AAT	8087
475	AAC	1053
475	AGT	14
476	AAT	8857
476	AAC	290
476	ACC	5
477	TAC	8701
477	TAT	452
478	AAC	9135
478	AAT	19
479	AGA	9121
479	AGG	18
479	CGA	7
479	CGC	2
480	TGG	9155
481	CCT	9076
481	CCA	66
481	CCC	13
482	ACT	9133
482	ACG	8
482	ACC	6
482	ATT	4
482	ACA	4
483	TTA	9122
483	TTG	18
483	CTA	14
483	CTT	2
484	AGA	8668
484	AGG	460
484	AAA	27
485	AAT	9133
485	AAC	22
486	GCC	8551
486	GCT	599
486	GCA	3
486	ACC	2
487	ATT	9126
487	GTT	20
487	ATA	7
487	ATC	5
488	GTC	7832
488	GTT	1305
488	GTA	8
488	ATC	6
488	GCT	4
488	GTG	2
489	TTA	9111
489	CTA	40
489	TTG	4
489	CTT	2
490	CCC	8989
490	CCT	164
490	CCA	4
490	CCY	2
491	TTA	9115
491	CTA	24
491	ATA	12
491	TTG	5
491	CTT	2
492	AGA	9156
492	AGG	2
493	TGG	9159
494	TTA	9132
494	TTG	17
494	CTA	6
494	GTA	3
495	ACT	9125
495	AAT	18
495	ACA	4
495	ACG	4
495	ACC	3
495	AAC	3
496	TAC	9137
496	TAT	20
497	TAT	9024
497	TAC	133
498	AAA	9153
498	AAG	3
499	CTA	9120
499	TTA	24
499	CTT	6
499	CTG	5
499	TTG	2
500	AAC	9128
500	AAT	24
500	AGC	4
501	ACT	8874
501	ACC	266
501	ACG	12
501	ACA	4
502	TAT	9147
502	TAC	12
503	CCT	9134
503	CCA	17
503	CCC	6
504	TCC	8987
504	TCT	142
504	TCA	16
504	ACC	9
504	AGT	2
505	TTG	8788
505	TTA	359
505	CTG	7
505	CTA	3
506	TTG	8734
506	TTA	410
506	CTG	7
506	CTC	2
506	CTA	2
506	CTT	2
507	GAA	9024
507	GAG	135
508	CTT	8966
508	CTC	169
508	CTA	11
508	CTG	7
508	ATC	3
508	TTA	2
509	ACA	9149
509	ACT	5
509	ACC	3
510	GAA	9150
510	GAG	9
511	AGA	8867
511	AAA	170
511	AGG	103
511	AGT	8
511	ATA	4
511	AAT	3
511	CGC	2
512	GAT	9144
512	GAC	16
513	TTG	9113
513	TTA	26
513	CTG	19
513	TTT	2
514	ATT	9134
514	ATA	13
514	ATC	8
514	GTT	3
515	GTT	9029
515	GTG	88
515	GTA	22
515	ATT	15
515	GTC	5
516	CTA	8579
516	TTA	544
516	CTG	31
516	CTC	5
517	TCA	9109
517	TCT	25
517	TCG	22
517	AGT	2
517	AGC	2
518	GGA	9094
518	GGG	61
518	GGC	3
518	GGT	2
519	CTA	9067
519	TTA	67
519	CTG	18
519	CTT	4
519	TTG	3
520	CGT	9105
520	CGA	26
520	CGC	15
520	CGG	13
520	AGA	2
521	TTC	9048
521	TTT	110
522	TAT	9157
522	TAC	3
523	CGA	8631
523	CGT	482
523	CGG	23
523	AGA	16
523	CGC	3
523	CAA	3
524	GAG	9106
524	GAA	55
525	TTT	9100
525	TTC	59
526	CGG	9073
526	CGA	43
526	CGT	22
526	TGG	11
526	AGG	5
526	CAT	3
526	AGA	2
527	TTG	8949
527	TTA	118
527	CTG	85
527	CTA	4
527	CTT	2
528	CCT	9131
528	CCC	25
528	CCA	2
529	AAA	9151
529	AAG	8
530	AAA	9138
530	AAG	20
530	AGA	3
531	GTG	8855
531	GTA	271
531	GTT	31
531	GTR	2
531	GTC	2
532	GAT	9155
532	GAC	6
533	CTT	9093
533	CTC	60
533	ATT	2
533	CTA	2
533	TTG	2
533	CTG	2
534	GAA	9157
534	GAG	4
535	ATG	9160
536	ATC	9011
536	ATT	139
536	ATA	10
537	ATA	9153
537	ATT	7
538	AAT	9148
538	AAC	13
539	GAT	9036
539	GAC	124
540	AAG	7923
540	AAA	1236
540	AAR	2
541	GCT	9144
541	GCA	9
541	GCC	6
542	ATA	9123
542	ATT	37
543	TCA	8856
543	TCG	274
543	TCT	10
543	TCC	10
543	AGT	2
544	CCT	9081
544	CCC	40
544	CCA	38
545	CCT	8979
545	CCC	143
545	CCA	36
546	AAA	9149
546	AAG	9
547	AAT	9131
547	AGT	15
547	AAC	9
547	GAT	3
548	TTA	8675
548	TTG	481
548	CTA	3
549	ATA	9158
550	TGG	9158
551	ACT	9139
551	ACC	15
551	ACA	3
552	AGT	9144
552	AGC	12
552	TCC	2
553	TTC	9082
553	TTT	72
553	TAC	2
554	CCT	9120
554	CCC	36
554	CCA	2
555	AGA	9112
555	AGG	35
555	AAA	11
556	AAT	9150
556	AAC	10
557	TAT	9077
557	TAC	82
558	ATG	9160
559	CCG	8740
559	CCA	408
559	CCT	12
560	TCA	9107
560	TCG	19
560	TTA	17
560	CCA	14
560	AGT	2
561	CAC	9089
561	CAT	70
562	ATA	9157
562	ATT	2
563	CAA	9151
563	CAG	7
564	AAT	9042
564	AAC	110
564	GAT	4
564	AGT	2
565	TAT	9146
565	TAC	6
565	CAT	6
565	TGT	2
566	ATA	9151
566	ATC	4
566	ATT	3
566	ACA	2
567	GAA	9104
567	GAG	54
568	CAT	9119
568	TAT	22
568	CAC	11
568	CGT	7
569	GAA	8971
569	GAG	181
569	GGA	5
569	GRA	2
570	AAA	9132
570	AAG	13
570	AGA	6
570	AAC	5
570	AGG	2
571	TTA	9132
571	TTG	22
571	TCA	2
571	CTA	2
572	AAA	9115
572	AAG	44
573	TTC	8507
573	TTT	651
574	TCT	8641
574	TCC	502
574	TCG	5
574	TCA	4
574	ACT	2
574	AGC	2
574	ACC	2
575	GAT	8516
575	GAG	605
575	GAC	22
575	GAA	18
576	AGT	9143
576	AGC	16
576	TCC	2
577	GAT	8887
577	GAC	267
577	AAT	6
578	AAA	9146
578	AAG	8
578	AGA	4
579	TCA	9091
579	TCT	65
579	TCG	4
580	AGA	9150
580	AGG	9
581	AGA	9135
581	AGG	25
582	GTA	9079
582	GTG	74
582	GTT	7
583	TTA	9067
583	TTG	48
583	CTA	45
584	GAG	9109
584	GAA	51
585	TAT	8466
585	TAC	628
585	TTT	64
586	TAT	9149
586	TAC	9
587	TTA	9139
587	CTA	18
587	TTG	3
588	AGA	9096
588	AGG	60
588	CGC	2
588	ATA	2
589	GAT	9137
589	GAC	23
590	AAC	7902
590	AAT	1249
590	ATT	3
590	ATC	2
591	AAA	9063
591	AAG	88
591	CAA	3
591	AAT	2
591	AGA	2
592	TTC	9117
592	TTT	43
593	AAT	9143
593	AAC	9
593	GAT	9
594	GAA	9146
594	GAG	12
595	TGT	9144
595	TGC	11
595	TTT	2
595	CGT	2
596	GAT	8794
596	GAC	355
596	GGT	4
596	AAT	4
597	TTA	9129
597	CTA	25
597	TTG	4
597	CTC	2
598	CAC	7198
598	TAC	1357
598	TAT	482
598	CAT	121
599	AAC	8101
599	AAT	1005
599	AGC	30
599	GAC	12
599	ACC	7
599	AAY	2
600	TGT	8717
600	TGC	440
601	GTA	9125
601	ATA	25
601	GTG	9
601	GTT	2
602	GTT	9108
602	GTC	32
602	GTA	10
602	ATT	6
602	GTG	4
603	AAT	9094
603	GAT	61
603	AAC	4
604	CAA	8957
604	CAG	203
605	AGT	8792
605	AGC	350
605	TGT	6
605	GGT	4
605	AGG	2
605	TCA	2
606	TAT	9065
606	TAC	96
607	CTT	8700
607	CTC	379
607	CTA	70
607	ATT	5
607	CTY	4
607	TTG	2
608	AAC	9114
608	AAT	46
609	AAC	7697
609	AAT	1454
609	AGC	4
609	AAY	4
610	CCG	8337
610	CCT	638
610	CCA	121
610	TCG	49
610	CTG	7
610	CAG	3
610	CCR	2
610	TCT	2
611	AAT	9157
612	CAT	9151
612	CAC	8
613	GTG	9121
613	GTA	35
613	GTT	4
614	GTA	9004
614	GTG	147
614	GTT	8
615	TCA	9130
615	TCG	22
615	TCT	7
615	AGT	2
616	TTG	9066
616	CTG	57
616	TTA	34
616	CTT	2
617	ACA	8800
617	ACT	347
617	ACG	11
617	ACW	2
618	GGC	9027
618	GGT	116
618	GGA	18
619	AAA	9152
619	AAG	7
620	GAA	9147
620	GAG	11
621	AGA	9152
621	AGG	8
622	GAA	9151
622	GAG	10
623	CTC	9129
623	CTG	14
623	CTT	13
623	TTG	2
624	AGT	9117
624	AGC	26
624	CTT	14
624	TCT	2
625	GTA	9124
625	GTG	13
625	GAA	11
625	GTC	11
625	GTT	2
626	GGT	9142
626	GGC	16
626	GGA	3
627	AGA	9151
627	AGG	9
628	ATG	9161
629	TTT	9124
629	TTC	36
630	GCA	9118
630	GCG	22
630	GCT	8
630	GCC	4
631	ATG	9159
632	CAA	9138
632	CAG	21
633	CCA	9019
633	CCG	93
633	CCT	45
633	CCC	2
634	GGA	9108
634	GGT	35
634	GGG	15
635	ATG	9145
635	GTG	14
636	TTC	9102
636	TTT	57
637	AGA	9028
637	AGG	128
637	CGA	5
638	CAA	9062
638	CAG	99
639	GTT	9131
639	ATT	14
639	GTC	8
639	GTA	4
639	GTG	2
640	CAA	9157
640	CAG	2
641	ATA	9154
641	ATC	3
641	ATT	2
642	TTA	8946
642	TTG	207
642	CTA	4
642	CTC	2
643	GCA	9096
643	GCC	38
643	GCT	17
643	GCG	9
644	GAG	9130
644	GAA	30
645	AAA	9140
645	AAG	20
646	ATG	9119
646	TTG	31
646	CTG	10
647	ATA	9157
647	ATT	2
648	GCA	8101
648	GCT	1046
648	GCC	7
648	GCG	2
649	GAA	9050
649	GAG	107
650	AAC	9119
650	AAT	39
651	ATA	8628
651	ATT	530
652	TTA	9078
652	TTG	64
652	CTA	13
652	CTG	2
653	CAA	9152
653	CAG	4
654	TTT	8645
654	TTC	515
655	TTC	8511
655	TTT	643
656	CCT	9099
656	CCC	59
656	CCA	3
657	GAA	9076
657	GAG	84
658	AGT	9154
658	AGC	4
658	TCA	2
659	CTT	9131
659	TTG	16
659	CTC	6
659	TTA	3
659	YTT	2
660	ACA	9150
660	ACT	5
660	ACC	2
660	GCA	2
660	ACG	2
661	AGA	8725
661	AGG	434
662	TAT	9141
662	TAC	20
663	GGT	9087
663	GGA	52
663	GGG	20
663	GGC	2
664	GAT	9037
664	GAC	124
665	CTA	9034
665	TTA	76
665	CTG	49
665	TTG	2
666	GAA	9117
666	GAG	43
667	CTA	8572
667	TTA	572
667	CTG	12
667	CTT	2
667	TTG	2
668	CAG	9014
668	CAA	147
669	AAA	9151
669	AAG	9
670	ATA	9161
671	TTA	9093
671	TTG	62
671	CTA	3
671	CTC	2
672	GAA	9055
672	GAG	104
673	TTG	9091
673	TTA	52
673	CTG	15
674	AAA	9149
674	AAG	9
675	GCA	8787
675	GCG	337
675	GCT	18
675	GCC	15
676	GGA	8751
676	GGT	403
676	GGG	3
677	ATA	9158
678	AGT	7706
678	AGC	1440
678	AGY	6
678	TCA	2
678	TCT	2
679	AAC	9016
679	AAT	135
679	AAY	4
680	AAA	9147
680	AAG	11
681	TCA	9050
681	TCG	101
681	TCT	5
681	AGT	2
682	AAT	8886
682	AAC	270
682	AAY	2
683	CGT	8949
683	CGC	186
683	CGA	9
683	AGA	4
683	CGG	3
684	TAC	9132
684	TAT	24
684	AAC	3
685	AAT	9156
685	AAC	4
686	GAT	8749
686	GAC	411
687	AAT	9067
687	AAC	89
687	AGT	4
688	TAC	9099
688	TAT	61
689	AAC	9115
689	AAT	44
690	AAT	9154
690	AAC	6
691	TAC	9116
691	TAT	44
692	ATT	8436
692	ATC	715
692	ATA	6
693	AGT	8822
693	AGC	335
693	TCT	2
694	AAG	9110
694	AAA	49
695	TGC	9093
695	TGT	67
696	TCT	9117
696	TCC	41
696	AGT	2
697	ATC	8877
697	ATT	281
698	ATC	9120
698	ATT	38
698	ATA	2
699	ACA	9103
699	ACG	34
699	ACT	13
699	ACC	11
700	GAT	9119
700	GAC	42
701	CTC	9108
701	CTT	29
701	CTA	22
702	AGC	9136
702	AGT	22
702	TCT	2
703	AAA	9093
703	AAG	66
704	TTC	9117
704	TTT	43
705	AAT	9119
705	AAC	41
706	CAA	9070
706	CAG	89
707	GCA	9123
707	GCG	22
707	GCT	12
707	GCC	3
708	TTT	8780
708	TTC	379
709	CGA	8786
709	CGG	355
709	AGA	15
709	CGT	3
710	TAT	9156
710	TAC	4
711	GAA	9125
711	GAG	35
712	ACA	9053
712	ACG	97
712	ACT	8
712	ACC	2
713	TCA	9124
713	TCT	31
713	AGC	2
713	AGT	2
714	TGT	8637
714	TGC	524
715	ATT	9096
715	GTT	41
715	ATC	20
715	ATA	3
716	TGT	9125
716	TGC	36
717	AGT	8823
717	AGC	335
717	TCA	2
718	GAT	9153
718	GAC	8
719	GTA	8682
719	GTG	456
719	GTT	21
720	CTG	8739
720	CTA	207
720	TTA	126
720	CTT	63
720	TTG	25
721	GAT	9149
721	GAC	12
722	GAA	9154
722	GAG	7
723	CTG	8908
723	CTA	203
723	TTG	42
723	CTT	4
723	TTA	3
724	CAT	9157
724	CAC	4
725	GGT	9120
725	GGA	16
725	GGC	2
725	GGG	2
726	GTA	9110
726	GTG	47
726	GTT	2
727	CAA	9045
727	CAG	116
728	TCT	9120
728	TCC	36
728	TCA	3
728	AGC	2
729	CTA	9012
729	TTA	79
729	CTG	56
729	CTC	7
729	TTG	2
729	CTT	2
730	TTT	9147
730	TTC	12
731	TCC	9000
731	TCT	155
731	TCA	2
731	AGT	2
732	TGG	9160
733	TTA	9141
733	TTG	13
733	CTA	3
733	CTT	2
734	CAT	9157
734	CAC	3
735	TTA	9127
735	TTG	30
735	CTA	2
736	ACT	9149
736	ACG	4
736	ACA	4
737	ATT	9131
737	ATA	18
737	ATC	10
738	CCT	8851
738	CCA	288
738	CCC	20
739	CAT	9146
739	CAC	5
739	TAT	4
739	CTT	3
740	GTC	9006
740	GTT	100
740	GCC	46
740	GTA	5
741	ACA	9138
741	ACT	14
741	ACG	7
742	ATA	9156
742	ATT	2
743	ATA	9143
743	ATT	15
744	TGC	9056
744	TGT	103
745	ACA	9104
745	ACG	38
745	ACT	15
745	ACC	2
746	TAT	9131
746	TAC	28
747	AGG	9039
747	AGA	121
748	CAT	9110
748	CAC	49
749	GCA	9059
749	GCT	29
749	GCG	10
749	GCC	3
750	CCC	8828
750	CCT	262
750	CCA	8
751	CCC	8935
751	CCT	219
751	CCA	4
752	TAT	8949
752	TAC	199
752	CAT	6
752	TTT	3
753	ATA	9148
753	ATT	7
753	GTA	4
754	AAG	8225
754	AGA	395
754	AAA	376
754	AGG	79
754	GGA	71
754	ATG	3
754	GAG	3
754	GGT	2
754	GGC	2
754	AAT	2
755	GAT	8721
755	GGT	325
755	GAC	107
755	AAT	5
756	CAT	8672
756	CAC	402
756	CCT	42
756	TAT	20
756	AAT	13
756	CGT	5
757	ATT	9076
757	GTT	48
757	ATC	24
757	ATA	4
757	ACT	3
757	AAT	3
758	GTA	8977
758	GTG	162
758	ATA	9
758	GTC	5
758	GCA	2
759	GAT	9150
759	AAT	4
759	GAC	3
760	CTT	9120
760	CTC	27
760	ATT	5
760	CTG	4
760	TTA	2
761	AAC	9058
761	AAT	76
761	GAC	25
762	AAT	9105
762	AAA	29
762	AAC	8
762	GAT	6
762	GAA	3
762	ACT	3
762	AGT	2
763	GTA	8702
763	GTG	452
763	GTT	3
764	GAT	9149
764	GAC	7
764	GAA	2
765	GAG	8383
765	GAA	775
766	CAA	9129
766	CAG	30
767	AGT	9143
767	AGC	14
767	TCC	2
768	GGA	9143
768	GGG	14
768	GGT	3
769	CTA	7937
769	TTA	1214
769	CTG	3
769	TTG	3
769	CTT	2
770	TAT	9152
770	TAC	8
771	AGA	9140
771	AGG	21
772	TAT	9144
772	TAC	17
773	CAT	6275
773	CAC	2880
773	CAY	2
774	ATG	9161
775	GGT	8854
775	GGC	287
775	GGA	19
776	GGT	6292
776	GGC	2862
776	GGY	3
777	ATC	7687
777	ATT	1402
777	ATA	63
777	GTC	4
778	GAA	9141
778	GAG	20
779	GGG	8855
779	GGA	300
779	GGC	4
780	TGG	9161
781	TGT	9154
781	TGC	6
782	CAA	9153
782	CAG	7
783	AAA	9083
783	AAG	78
784	CTA	8940
784	TTA	154
784	CTG	59
784	CTC	5
784	TTG	2
785	TGG	9161
786	ACC	8786
786	ACT	369
786	ACA	5
787	ATA	9144
787	ATT	13
787	ATG	2
788	GAA	9145
788	GAG	16
789	GCT	9136
789	GCA	16
789	GCC	9
790	ATA	9153
790	ATT	4
790	GTA	3
791	TCA	9148
791	TCT	6
791	TCG	5
791	AGT	2
792	CTA	8822
792	CTG	285
792	TTA	49
792	CTT	4
793	TTA	6661
793	TTG	2477
793	CTA	17
793	TTR	2
794	GAT	9156
794	GAC	4
795	CTA	9011
795	CTC	133
795	TTA	12
795	CTG	4
796	ATA	9158
796	ATT	2
797	TCT	9141
797	TCA	9
797	TCC	7
797	AGT	4
798	CTC	9077
798	CTA	49
798	CTT	31
798	TTA	2
799	AAA	9010
799	AAG	151
800	GGG	9064
800	GGA	90
800	GGT	5
801	AAA	9112
801	AAG	29
801	AGA	19
802	TTC	9125
802	TTT	34
803	TCA	9130
803	TCC	19
803	TCT	7
803	TCG	4
804	ATT	9111
804	ATC	28
804	ATA	20
805	ACT	9053
805	ACC	87
805	ACA	20
806	GCT	8678
806	GCC	398
806	GCG	68
806	GCA	16
807	TTA	9129
807	TTG	27
807	CTG	2
807	CTA	2
808	ATT	9140
808	ATC	16
808	ATA	4
809	AAT	7646
809	AAC	1512
809	AAY	2
810	GGT	9098
810	GGC	32
810	GGA	28
810	GGG	3
811	GAC	9124
811	GAT	36
812	AAT	9153
812	AAC	7
813	CAA	9150
813	CAG	10
814	TCA	9085
814	TCT	45
814	TCG	27
814	AGT	2
815	ATA	9156
815	ATT	4
816	GAT	9147
816	GAC	14
817	ATA	9156
817	ATT	3
818	AGT	8681
818	AGC	476
818	TCT	2
818	TCA	2
819	AAA	9157
819	AAG	3
820	CCA	9089
820	CCT	60
820	CCG	11
821	GTC	6196
821	GTA	2769
821	GTT	109
821	ATT	50
821	ATC	22
821	ATA	4
821	GTM	3
821	GTG	3
821	GCC	2
822	AGA	9132
822	AGG	23
822	CGG	2
822	AAA	2
823	CTC	8866
823	CTT	285
823	CTA	5
823	TTA	2
824	ATG	9032
824	ATA	100
824	ACG	12
824	GTG	7
824	ATT	5
824	AGG	2
825	GAA	9129
825	GAG	30
825	GGA	2
826	GGT	9121
826	GGA	32
826	GGC	5
826	GGG	2
827	CAA	9156
827	CAG	3
828	ACT	9001
828	ACC	138
828	ACA	20
829	CAT	9130
829	CAC	30
830	GCT	9127
830	GCC	23
830	TCT	8
830	GCA	2
831	CAA	9098
831	CAG	53
831	CTA	2
832	GCA	8656
832	GCG	335
832	GCT	160
832	GCC	2
833	GAT	9152
833	GAC	2
834	TAT	9136
834	TAC	17
835	TTG	7816
835	ATG	1259
835	TTA	35
835	TTT	27
835	CTG	13
835	CTT	2
836	CTA	9103
836	CTG	33
836	TTA	12
836	CTT	5
836	TTG	2
836	CTC	2
837	GCA	9149
837	GCT	9
837	GCG	2
838	TTA	9121
838	TTG	28
838	CTA	8
838	CTT	2
839	AAT	9130
839	AAC	19
839	AGT	8
839	ACT	3
840	AGT	9061
840	AGC	98
840	TCA	2
841	CTC	7807
841	CTT	1340
841	CTA	7
841	CTG	2
841	TTA	2
842	AAA	9144
842	AAG	8
842	AGA	6
843	TTA	8788
843	TTG	364
843	CTA	3
843	CTT	2
843	CTG	2
844	CTG	9012
844	TTG	124
844	CTA	15
844	CTT	6
844	TTA	2
845	TAT	9140
845	TAC	12
845	CAT	7
846	AAA	9120
846	AAG	35
846	AGA	2
847	GAG	9138
847	GAA	21
848	TAT	9112
848	TAC	46
849	GCA	9127
849	GCG	14
849	GCT	8
849	TCA	6
850	GGA	8411
850	GGC	534
850	GGT	197
850	GGG	10
850	AGA	4
851	ATA	9154
851	ATT	2
852	GGC	9023
852	GGT	120
852	GGA	12
852	GGG	2
853	CAC	9112
853	CAT	44
854	AAA	8219
854	AAG	939
855	TTA	9145
855	TTG	5
855	CTA	4
855	CTT	4
856	AAA	9080
856	AAG	78
857	GGA	9092
857	GGG	43
857	GGT	23
858	ACT	7180
858	ACG	1447
858	ACC	424
858	ACA	104
858	ACK	2
859	GAG	9075
859	GAA	84
860	ACT	9155
860	ACA	2
860	ACC	2
861	TAT	9133
861	TAC	25
862	ATA	9069
862	ATC	88
862	ATT	2
863	TCG	7502
863	TCA	1646
863	TCT	6
863	TCR	3
863	AGT	2
864	AGA	8188
864	AGG	874
864	CGA	96
865	GAT	9148
865	GAC	11
866	ATG	9160
867	CAA	9145
867	CAG	15
868	TTT	8155
868	TTC	1003
868	TTY	2
869	ATG	9157
870	AGT	9142
870	AGC	15
871	AAA	9151
871	AAG	5
872	ACG	7846
872	ACA	1300
872	ACT	8
873	ATC	8617
873	ATT	534
873	ATA	6
874	CAA	9151
874	CAG	7
875	CAT	9151
875	CAC	7
876	AAC	8795
876	AAT	360
876	AAA	3
877	GGT	9004
877	GGC	147
877	GGA	5
878	GTA	9064
878	GTG	83
878	ATA	5
878	GTC	3
878	GTT	2
879	TAT	9133
879	TAC	25
880	TAC	9051
880	TAT	105
881	CCA	8509
881	CCT	358
881	CCG	277
881	CCC	2
882	GCT	9125
882	GCC	21
883	AGT	9112
883	AGC	33
883	TCA	2
884	ATA	9133
884	ATT	14
884	ATC	2
885	AAG	9147
885	AAA	2
886	AAA	9136
886	AAG	11
887	GTC	9031
887	GTT	107
887	ATC	7
887	GTG	4
888	CTA	9024
888	TTA	109
888	CTG	16
888	CTC	4
888	CTT	4
889	AGA	9147
889	AGG	8
889	CGT	2
890	GTG	9047
890	GTA	107
890	GTC	2
890	GTT	2
891	GGA	9106
891	GGT	34
891	GGG	16
892	CCG	8668
892	CCA	484
892	CCT	6
893	TGG	9158
894	ATA	9147
894	ATC	8
894	ATT	4
895	AAC	9013
895	AAT	146
896	ACT	7921
896	ACC	1218
896	ACA	7
896	ACG	5
896	ACY	3
896	ACK	2
897	ATA	9153
897	ATC	4
897	ATT	3
898	CTT	9037
898	CTC	71
898	CTA	47
898	TTA	2
898	TTG	2
899	GAT	9155
899	GAC	4
900	GAC	8513
900	GAT	647
901	TTC	8784
901	TTT	366
901	TAC	8
902	AAA	9136
902	AAG	20
902	AGA	3
903	GTG	9125
903	GTA	20
903	GTT	15
904	AGT	9147
904	AGC	9
904	GGT	2
904	TCT	2
905	CTA	9063
905	TTA	72
905	CTG	17
905	CTC	6
905	TTG	2
906	GAA	9132
906	GAG	28
907	TCT	9128
907	TCC	24
907	TCA	6
907	AGT	2
908	ATA	9110
908	ATT	47
908	ATC	2
909	GGT	9100
909	GGC	53
909	GGG	4
909	GGA	2
910	AGT	9129
910	AGC	26
910	TCA	2
910	TCT	2
911	TTG	9060
911	TTA	79
911	CTG	19
912	ACA	9133
912	ACG	20
912	ACT	4
913	CAA	9126
913	CAG	32
914	GAA	9127
914	GAG	31
915	TTA	9123
915	TTG	26
915	CTA	9
916	GAA	9149
916	GAG	8
917	TAT	9131
917	TAC	28
918	AGA	9157
919	GGT	9095
919	GGC	53
919	GGA	12
920	GAA	9111
920	GAG	47
921	AGT	9129
921	AGC	28
921	TCT	2
922	CTA	9104
922	CTT	18
922	TTA	17
922	CTG	15
922	ATA	5
923	TTA	9142
923	TTG	18
924	TGC	9142
924	TGT	17
925	AGT	9137
925	GGT	15
925	AGC	3
925	TCT	2
925	TCA	2
926	TTA	9137
926	CTA	15
926	TTG	6
927	ATA	9147
927	ATC	11
927	ATT	2
928	TTT	9138
928	TTC	21
929	AGA	8677
929	AGG	480
930	AAT	9151
930	AAC	4
931	GTA	8766
931	GTG	368
931	ATA	11
931	ATT	5
931	TTA	4
932	TGG	9157
933	TTA	9066
933	CTA	73
933	TTG	15
933	CTT	2
934	TAT	9118
934	TAC	38
935	AAT	9127
935	AAC	30
936	CAA	9072
936	CAG	86
937	ATT	9116
937	ATC	31
937	GTT	5
937	ATA	4
938	GCA	8559
938	GCT	558
938	ACA	16
938	GCG	15
938	GCC	10
939	TTA	9004
939	CTA	101
939	TTG	49
939	CTG	2
940	CAA	9055
940	CAG	100
940	CAC	2
941	CTT	8489
941	CTA	489
941	TTA	126
941	CTC	45
941	CTG	5
941	TTG	2
942	AAA	9141
942	AAG	12
942	AGA	3
942	CGA	2
943	AAT	9135
943	AAA	9
943	CAT	5
943	ACT	3
943	AGT	2
944	CAT	9141
944	CAC	15
945	GCA	9120
945	GCG	25
945	GCT	6
945	ACA	3
945	GTA	2
946	TTA	9110
946	TTG	21
946	CTA	21
946	GTA	2
947	TGT	9121
947	TGC	32
948	AAC	8989
948	AAT	161
948	CAC	2
949	AAC	8615
949	AAT	522
949	GAC	10
949	AGC	2
949	AAA	2
950	AAA	9083
950	AAG	65
950	AGA	2
951	TTA	9067
951	CTA	78
951	TTG	6
952	TAT	9122
952	CAT	16
952	TAC	13
953	TTG	8961
953	TTA	155
953	ATG	14
953	CTG	14
953	TCG	2
954	GAT	8143
954	GAC	1007
955	ATA	9130
955	GTA	8
955	ATG	6
955	ACA	3
955	ATT	2
956	TTA	9136
956	TTG	12
956	CTA	3
956	CTT	2
957	AAA	8548
957	AAG	601
957	AGG	4
958	GTT	9096
958	GTA	51
958	ATT	4
958	GTG	2
958	GTC	2
959	CTA	8553
959	CTG	511
959	TTA	84
959	TTG	5
959	YTA	2
959	CTC	2
960	AAA	9120
960	ACA	12
960	AAC	11
960	AAG	9
960	AGA	4
961	CAC	9119
961	CAT	38
962	TTA	9140
962	TTG	15
962	CTT	2
963	AAA	9129
963	AAG	28
964	ACC	8976
964	ACT	39
964	GCC	31
964	ATC	26
964	TCC	13
964	ACA	10
964	AAC	8
965	TTT	8998
965	TTC	107
966	TTT	9121
966	TTC	36
967	AAT	9092
967	AGT	21
967	AAC	21
967	TAT	16
967	CAT	2
967	AMT	2
967	GAT	2
968	CTT	9145
968	CTC	4
968	CTG	3
968	TTG	2
969	GAT	9139
969	GAC	14
969	AAT	2
970	AAC	8443
970	AAT	617
970	AGC	74
970	GAC	10
970	AGT	9
971	ATT	9119
971	ATC	23
971	ATA	8
971	GTT	3
972	GAT	8991
972	GAC	161
972	AAT	4
973	ACA	9104
973	ACG	30
973	GCA	11
973	ACT	4
973	ACC	3
973	ATA	2
974	GCA	9125
974	GCG	20
974	GCT	6
974	TCA	2
975	TTA	9133
975	TTG	18
975	CTA	4
976	ACA	9063
976	ACG	82
976	ACT	5
976	TCA	2
977	TTG	9125
977	TTA	22
977	CTG	7
978	TAT	9133
978	TAC	22
979	ATG	9096
979	CTG	57
980	AAT	9137
980	AAC	14
980	AAY	2
981	TTG	8979
981	TTA	160
981	CTG	10
981	CTA	2
982	CCC	5948
982	CCT	3197
982	CCA	5
982	CCY	3
983	ATG	9153
984	TTA	8973
984	CTA	136
984	TTG	43
985	TTT	9147
985	TTC	10
986	GGT	9011
986	GGA	123
986	GGC	22
986	GGG	2
987	GGT	9132
987	GGC	11
987	GGA	5
987	GGG	2
988	GGT	9128
988	GGC	27
988	AGT	2
988	GGA	2
989	GAT	9141
989	GAC	16
990	CCC	8949
990	CCT	184
990	CCA	24
991	AAC	8762
991	AAT	397
992	TTG	9122
992	CTG	22
992	TTA	13
992	CTA	2
993	TTA	9138
993	TTG	8
993	CTA	6
993	ATA	4
993	CTT	2
994	TAT	9138
994	TAC	21
995	CGA	9110
995	CGG	26
995	AGA	19
995	CGT	4
996	AGT	9140
996	AGC	17
996	TCA	2
997	TTC	9143
997	TTT	14
998	TAT	9077
998	TAC	81
999	AGA	9107
999	AGG	29
999	CGA	22
1000	AGA	9023
1000	AGG	132
1000	CGT	2
1001	ACT	9093
1001	ACC	56
1001	ACA	7
1001	ACG	2
1002	CCT	9116
1002	CCC	32
1002	CCA	7
1002	CCG	2
1003	GAT	9067
1003	GAC	91
1004	TTC	8994
1004	TTT	162
1005	CTC	9089
1005	CTT	56
1005	TTC	7
1005	CTA	4
1005	TTA	2
1006	ACA	9139
1006	ACG	13
1006	ACT	3
1006	ACC	2
1007	GAG	9024
1007	GAA	134
1008	GCT	9118
1008	GCC	30
1008	GCG	7
1008	GCA	3
1009	ATA	9151
1009	ATT	4
1009	GTA	2
1010	GTT	9124
1010	GTC	28
1010	GTA	4
1010	GTG	2
1011	CAC	9107
1011	CAT	51
1012	TCT	8807
1012	TCC	345
1012	TCA	4
1012	AGC	2
1013	GTG	9037
1013	GTA	107
1013	ATG	7
1013	GTT	6
1014	TTC	9123
1014	TTT	34
1015	ATA	9121
1015	GTA	25
1015	ACA	4
1015	ATT	3
1015	GTG	2
1016	CTT	8505
1016	CTC	587
1016	CTA	51
1016	CTG	5
1016	ATT	3
1016	TTA	2
1016	TTG	2
1017	AGT	9061
1017	AGC	93
1017	TCA	2
1018	TAT	9150
1018	TAC	8
1019	TAT	9118
1019	TAC	40
1020	ACA	9092
1020	ACT	41
1020	ACC	25
1021	AAC	9019
1021	AAT	98
1021	GAC	29
1021	AGC	5
1021	AAA	4
1021	ACC	2
1021	GGT	2
1022	CAT	9137
1022	CAC	20
1023	GAT	9042
1023	GAC	107
1023	AAT	6
1023	GAA	2
1024	TTA	9101
1024	TTG	34
1024	CTA	19
1024	CTT	2
1024	TTT	2
1025	AAA	8728
1025	AAG	394
1025	AGA	33
1025	CAA	2
1026	GAT	9126
1026	GAC	20
1026	GGT	7
1026	AAT	3
1027	AAA	9149
1027	AGA	5
1027	AAG	4
1028	CTT	9132
1028	CTC	14
1028	CTA	6
1028	TTT	2
1028	TTG	2
1028	CCT	2
1029	CAA	9139
1029	CAG	11
1029	AAA	5
1029	CGA	2
1030	GAT	9139
1030	GAC	17
1031	CTG	8971
1031	CTA	133
1031	TTG	43
1031	TTA	6
1031	CGG	2
1031	CTT	2
1032	TCA	9067
1032	TCT	30
1032	TCG	26
1032	CCA	17
1032	GCA	12
1032	TTA	3
1032	AGT	2
1033	GAT	8655
1033	GAC	503
1034	GAT	9134
1034	GAG	15
1034	GAC	7
1034	AAT	2
1035	AGA	9143
1035	AGG	12
1035	AAA	2
1036	TTG	8977
1036	TTA	167
1036	CTG	12
1036	ATG	2
1037	AAT	9126
1037	AAC	31
1038	AAG	9096
1038	AAA	57
1038	AAT	2
1038	AGG	2
1039	TTC	9102
1039	TTT	55
1039	CTC	2
1040	TTA	9149
1040	TTG	6
1040	CTG	2
1041	ACA	9134
1041	ACG	13
1041	ACT	8
1041	ACC	2
1042	TGC	9083
1042	TGT	72
1042	TGY	2
1043	ATA	9151
1043	ATC	2
1043	GTC	2
1043	ATT	2
1044	ATC	9035
1044	ATT	110
1044	ATA	11
1045	ACG	8626
1045	ACA	517
1045	ATG	9
1045	ACT	4
1046	TTT	9146
1046	TTC	13
1047	GAC	8788
1047	GAT	354
1047	AAC	12
1047	GAA	3
1048	AAA	9148
1048	AAG	9
1049	AAC	9081
1049	AAT	76
1050	CCC	8496
1050	CCT	651
1050	CCA	7
1050	TCC	3
1051	AAT	8870
1051	AGT	228
1051	AAC	61
1052	GCT	9112
1052	GCA	31
1052	GCG	8
1052	GCC	7
1053	GAA	9152
1053	GAG	5
1054	TTC	8888
1054	TTT	265
1054	CTC	3
1055	GTT	8544
1055	GTA	537
1055	GTC	71
1055	ATT	5
1056	ACA	9146
1056	ACG	7
1056	ACT	3
1056	ACC	2
1057	TTG	9050
1057	TTA	77
1057	CTG	28
1057	CTT	2
1058	ATG	9159
1059	AGA	9144
1059	AGG	14
1060	GAT	9154
1060	GAC	5
1061	CCT	9109
1061	CCC	38
1061	CCA	10
1062	CAA	9131
1062	CAG	27
1063	GCT	9134
1063	GCC	8
1063	TCT	7
1063	GCA	6
1063	GCG	2
1064	TTA	9036
1064	CTA	114
1064	TTG	7
1064	CTG	2
1065	GGA	8649
1065	GGG	479
1065	GGT	28
1065	GGC	2
1066	TCT	9096
1066	TCC	33
1066	TCA	27
1066	AGT	2
1067	GAG	8869
1067	GAA	291
1068	AGG	8972
1068	AGA	186
1069	CAA	9143
1069	CAG	17
1070	GCT	9059
1070	GCC	65
1070	GCA	34
1070	GCG	2
1071	AAA	9133
1071	AAG	27
1072	ATT	9136
1072	ATC	21
1072	ATA	2
1073	ACT	9097
1073	ACC	44
1073	ACA	15
1073	ACG	3
1074	AGC	8885
1074	AGT	265
1074	TCA	2
1074	GGC	2
1075	GAA	9146
1075	GAG	11
1076	ATC	9002
1076	ATA	105
1076	ATT	50
1077	AAT	9152
1077	AAC	6
1078	AGA	9045
1078	AGG	97
1078	CGA	17
1079	CTG	8996
1079	CTA	84
1079	TTG	62
1079	TTA	10
1079	CTT	8
1080	GCA	9109
1080	GCT	25
1080	GCG	17
1080	GCC	8
1081	GTT	8980
1081	GTC	168
1081	ATT	8
1081	GTA	2
1081	GTG	2
1082	ACC	8368
1082	ACT	574
1082	ACA	112
1082	ACY	2
1083	GAG	7697
1083	GAA	1461
1084	GTT	9065
1084	ATT	58
1084	GTC	19
1084	GTG	18
1085	TTG	8957
1085	TTA	190
1085	CTG	11
1085	CTT	2
1086	AGC	9024
1086	AGT	130
1086	AAC	3
1086	TCT	2
1087	ACA	8972
1087	ACT	164
1087	ATA	16
1087	ACG	4
1087	ACC	2
1088	GCT	8942
1088	GCC	158
1088	GCA	57
1088	TCT	2
1089	CCA	9127
1089	CCG	12
1089	CCT	8
1089	TCA	6
1089	CAA	3
1089	CCC	2
1090	AAC	9117
1090	AAT	42
1091	AAA	9109
1091	AAG	32
1091	AGA	17
1092	ATA	9146
1092	ATG	10
1092	ATT	2
1093	TTT	7607
1093	TTC	1550
1094	TCC	8995
1094	TCT	128
1094	TCA	35
1095	AAA	9008
1095	AAG	149
1095	ATA	2
1096	AGT	9154
1096	AGC	3
1096	TCC	2
1097	GCA	8979
1097	GCT	122
1097	GCG	57
1098	CAA	9123
1098	CAG	30
1098	CTA	6
1099	CAC	9038
1099	CAT	123
1100	TAT	9152
1100	TAC	8
1101	ACC	9077
1101	ACT	60
1101	ACA	18
1101	GCC	2
1101	ATC	2
1102	ACT	9128
1102	ACC	17
1102	ATT	9
1102	ACA	5
1103	ACA	9107
1103	ACC	26
1103	ACT	18
1103	ACG	10
1104	GAG	9130
1104	GAA	31
1105	ATA	9094
1105	TTA	31
1105	GTA	26
1105	ATC	6
1105	ATT	2
1106	GAT	9067
1106	GAC	93
1107	CTT	8613
1107	CTA	477
1107	CTC	32
1107	TTA	26
1107	CTG	4
1107	ATT	3
1107	ATA	2
1108	AAT	9128
1108	AAC	30
1109	GAT	9139
1109	GAC	19
1110	ATT	9150
1110	ATC	8
1111	ATG	9160
1112	CAA	6341
1112	CAG	2810
1112	CAR	3
1112	CGA	2
1113	AAT	9124
1113	AAC	31
1114	ATA	9053
1114	GTA	103
1114	ATC	2
1114	ATT	2
1115	GAA	8986
1115	GAG	170
1115	AAA	2
1116	CCT	9136
1116	CCC	21
1116	CCA	3
1117	ACA	9138
1117	ACC	9
1117	ACT	5
1117	ACG	5
1118	TAT	9121
1118	TAC	38
1119	CCT	9149
1119	CCG	4
1119	CCC	4
1119	CCA	3
1120	CAC	8511
1120	CAT	645
1120	CAY	2
1121	GGG	9094
1121	GGA	60
1121	GGT	5
1122	CTA	9092
1122	TTA	50
1122	CTG	12
1122	CTT	2
1123	AGA	9120
1123	AGG	35
1123	CGC	2
1123	CGA	2
1124	GTT	9109
1124	GTA	29
1124	GTC	15
1124	ATT	5
1125	GTT	9112
1125	GTC	36
1125	GTA	3
1126	TAT	9124
1126	TAC	35
1127	GAA	9123
1127	GAG	34
1128	AGT	9151
1128	AGC	6
1128	TCA	2
1129	TTA	9116
1129	TTG	37
1129	CTA	4
1129	CTT	2
1130	CCC	7562
1130	CCT	1592
1130	CCA	3
1131	TTT	9148
1131	TTC	9
1132	TAT	9144
1132	TAC	14
1133	AAA	9139
1133	AAG	17
1134	GCA	9152
1134	GCC	2
1134	GCT	2
1135	GAG	9124
1135	GAA	34
1136	AAA	9147
1136	AAG	7
1137	ATA	9150
1137	ATT	2
1137	ATC	2
1138	GTA	9095
1138	GTG	49
1138	GTT	11
1139	AAT	9136
1139	AAC	17
1139	AGT	3
1140	CTT	9152
1140	TTA	4
1140	CTC	2
1141	ATA	9153
1141	ATT	3
1141	ATC	2
1142	TCC	8674
1142	TCT	376
1142	TCA	103
1142	AGT	2
1142	TCY	2
1142	AGC	2
1143	GGT	9033
1143	GGC	93
1143	AGT	28
1143	GGA	2
1143	GGG	2
1144	ACA	9146
1144	ACT	7
1144	ACG	4
1144	ACC	2
1145	AAA	9156
1145	AAG	3
1146	TCT	9059
1146	TCC	92
1146	TCA	2
1146	AGT	2
1146	TCG	2
1147	ATA	9156
1147	ATT	2
1148	ACT	9137
1148	ACC	17
1148	ACA	3
1149	AAC	9112
1149	AAT	46
1150	ATA	9151
1150	GTA	5
1150	ATT	2
1151	CTG	8954
1151	TTG	100
1151	CTA	99
1151	CTT	4
1151	CTC	2
1152	GAA	9146
1152	GAG	14
1153	AAG	8995
1153	AAA	163
1153	AGG	2
1154	ACT	9132
1154	ACA	22
1154	ACC	5
1155	TCT	9142
1155	TCA	11
1155	TCC	5
1155	AGC	2
1156	GCC	7747
1156	GCA	1270
1156	GCT	134
1156	GCG	7
1157	ATA	9005
1157	ATT	140
1157	ATC	11
1157	TTA	3
1158	GAC	9110
1158	GAT	50
1159	TTA	9109
1159	TTG	31
1159	CTA	6
1159	TCA	5
1159	CCA	2
1159	ACA	2
1159	TTT	2
1160	ACA	9138
1160	ACG	8
1160	ACT	4
1160	GCA	2
1160	ACC	2
1160	TCA	2
1161	GAT	9075
1161	GAC	83
1162	ATT	9136
1162	ATA	13
1162	ATC	11
1163	GAT	9146
1163	GAC	8
1163	AAT	3
1164	AGA	9133
1164	AGG	23
1165	GCC	7707
1165	GCT	1388
1165	GCG	32
1165	GCA	28
1166	ACT	9092
1166	ACA	29
1166	GCT	12
1166	GTT	11
1166	ATT	9
1166	ACC	4
1166	TCT	2
1167	GAG	9129
1167	GAA	16
1167	GAT	11
1167	GGG	2
1167	GTG	2
1168	ATG	9160
1169	ATG	9159
1170	AGG	9045
1170	AGA	99
1170	CGG	5
1170	CGT	2
1170	AAG	2
1171	AAA	9146
1171	AAG	7
1171	AGA	2
1172	AAC	9100
1172	AAT	54
1173	ATA	9149
1173	ATT	3
1174	ACT	9106
1174	ACC	34
1174	ACG	9
1174	ACA	4
1175	TTG	8743
1175	CTG	384
1175	TTA	22
1175	ATG	4
1176	CTT	9126
1176	CTC	21
1176	CCT	4
1176	CTG	2
1176	ATT	2
1176	CTA	2
1177	ATA	9150
1177	ACA	4
1177	ATG	2
1177	GTA	2
1177	ATT	2
1178	AGG	9109
1178	AGA	49
1178	CGT	2
1179	ATA	9072
1179	TTA	81
1179	ATT	5
1179	ACA	2
1180	TTA	8625
1180	TTT	394
1180	CTT	113
1180	TTG	22
1180	CTA	4
1180	TTC	2
1181	CCA	9151
1181	CCG	5
1181	CAA	2
1181	CCT	2
1182	TTA	9014
1182	TTG	110
1182	CTA	34
1182	CTG	2
1183	GAT	9117
1183	AAT	35
1183	GAC	8
1184	TGT	9146
1184	TGC	7
1184	TAT	6
1185	AAC	9073
1185	AAT	71
1185	AGC	11
1185	AAA	3
1185	GAC	2
1186	AGA	9057
1186	AGG	53
1186	AAA	45
1186	ATA	3
1187	GAT	8647
1187	GAC	300
1187	AAT	141
1187	GGT	63
1187	TAT	6
1188	AAA	9045
1188	AAG	86
1188	CAA	23
1188	GAA	3
1188	AAC	2
1189	AGA	8727
1189	AGG	399
1189	GGA	20
1189	AAA	7
1189	AGT	3
1190	GAA	9054
1190	GAG	87
1190	GGA	12
1190	GAT	3
1190	GTA	2
1191	ATA	9108
1191	GTA	39
1191	TTA	8
1191	ATG	4
1192	TTG	8956
1192	TTA	197
1192	CTG	4
1192	CTA	2
1193	AGT	9115
1193	AGC	38
1193	GGT	3
1193	TCT	2
1194	ATG	9097
1194	GTG	35
1194	ATA	20
1194	TTG	3
1194	TTA	2
1195	GAA	9138
1195	GAG	16
1195	GAT	2
1196	AAC	8789
1196	AAT	350
1196	AGC	19
1197	CTA	9061
1197	TTA	84
1197	CTG	12
1197	CTC	2
1198	AGT	9110
1198	AGC	48
1198	TCA	2
1199	ATT	9057
1199	ATC	70
1199	GTT	27
1199	ATA	6
1200	ACT	9136
1200	ACA	16
1200	ACC	4
1200	ACG	3
1201	GAA	9146
1201	GAG	13
1202	TTA	9086
1202	CTA	57
1202	TTG	14
1202	CTT	2
1203	AGC	9111
1203	AGT	44
1203	TCA	4
1204	AAA	9142
1204	AAG	16
1205	TAC	7295
1205	TAT	1863
1205	TAY	2
1206	GTT	6334
1206	GTA	2758
1206	GTC	36
1206	GTG	21
1206	GTW	6
1206	ATA	2
1206	ATT	2
1207	AGA	9105
1207	AGG	54
1208	GAA	9108
1208	GAG	49
1209	AGA	9137
1209	AGG	11
1209	CGA	2
1209	AAA	2
1210	TCT	8860
1210	TCC	269
1210	TCA	6
1210	AGC	2
1211	TGG	9138
1212	TCT	8936
1212	TCC	142
1212	TCA	12
1212	TCY	7
1212	TCG	6
1212	AGT	2
1213	TTA	9123
1213	CTA	11
1213	TTG	6
1213	ATA	2
1214	TCC	7980
1214	TCT	1044
1214	TCA	99
1214	CCC	14
1214	TCY	2
1215	AAT	9133
1215	AAC	12
1215	AGT	3
1215	GAT	2
1216	ATA	9150
1216	GTA	3
1216	ATT	2
1216	ATC	2
1217	GTT	9138
1217	GTA	11
1217	ATT	4
1217	GTG	2
1218	GGT	9115
1218	GGC	36
1218	GGA	3
1219	GTT	9065
1219	GTC	61
1219	ATT	26
1219	GTA	4
1220	ACA	9078
1220	ACC	40
1220	ACG	32
1220	ACT	5
1221	TCA	9050
1221	TCG	94
1221	TCT	10
1221	AGT	2
1222	CCC	9048
1222	CCT	60
1222	CCA	46
1223	AGT	9122
1223	AGC	34
1224	ATC	9092
1224	ATA	34
1224	ATT	30
1224	GTC	2
1225	ATG	8823
1225	ATA	330
1225	CTG	2
1225	ATT	2
1226	TAT	8894
1226	TAC	260
1226	CAT	2
1226	TTC	2
1227	ACA	9144
1227	ACT	9
1227	ACG	5
1228	ATG	9159
1229	GAC	9051
1229	GAT	108
1230	ATA	8539
1230	ATC	569
1230	ATT	46
1230	ATM	4
1231	AAA	8822
1231	AAG	336
1231	ACA	2
1232	TAT	9152
1232	TAC	8
1233	ACA	9073
1233	ACT	80
1233	ACW	4
1233	ACG	3
1234	ACA	9115
1234	ACG	35
1234	ACT	10
1235	AGC	9125
1235	AGT	33
1235	TCA	2
1236	ACT	9037
1236	TCT	74
1236	ACC	33
1236	ACA	11
1236	ACG	4
1237	ATA	9152
1237	ATT	4
1237	ATG	4
1238	GCT	9110
1238	TCT	24
1238	GCC	14
1238	ACT	7
1238	GCA	2
1238	AGT	2
1239	AGT	9137
1239	AGC	17
1239	AAT	3
1239	TCA	2
1240	GGC	9122
1240	GGT	29
1240	GGA	8
1241	ATA	9157
1242	ATC	9044
1242	ATT	58
1242	ATA	57
1243	ATA	9157
1243	ATC	2
1244	GAG	9127
1244	GAA	32
1245	AAA	9153
1245	AAG	6
1246	TAT	9107
1246	TAC	51
1247	AAT	9153
1247	AAC	5
1248	GTC	8939
1248	GTT	209
1248	GTA	7
1248	GTG	4
1249	AAC	9109
1249	AAT	45
1250	AGT	9115
1250	AAT	24
1250	AGC	11
1250	GGT	3
1250	ATT	3
1251	TTA	9113
1251	CTA	24
1251	TTG	15
1251	TCA	4
1251	ATA	2
1252	ACA	9148
1252	ACG	7
1252	ACT	3
1253	CGT	9016
1253	CGC	135
1253	CGA	7
1254	GGT	9146
1254	GGA	9
1254	GGC	3
1255	GAG	9103
1255	GAA	52
1255	GAT	3
1256	AGA	9014
1256	AGG	142
1257	GGA	9117
1257	GGT	28
1257	GGG	14
1258	CCC	9075
1258	CCT	46
1258	CCA	40
1259	ACT	9128
1259	ACC	28
1259	ACA	2
1260	AAA	9143
1260	AAG	18
1261	CCA	9076
1261	CCC	37
1261	CCT	29
1261	CCG	18
1262	TGG	9146
1263	GTT	9128
1263	GTA	11
1263	GTC	5
1263	GTG	2
1264	GGT	9105
1264	GGC	37
1264	GGG	3
1264	GGA	2
1265	TCA	9129
1265	TCG	15
1265	TCT	5
1266	TCT	9119
1266	TCC	29
1266	ACT	5
1266	TCA	4
1266	AGT	2
1267	ACA	9128
1267	ACG	30
1267	ACT	2
1268	CAA	9134
1268	CAG	26
1269	GAG	9149
1269	GAA	11
1270	AAA	9156
1270	AAG	4
1271	AAG	8458
1271	AAA	703
1272	ACA	9110
1272	ACT	34
1272	ACG	15
1272	ACC	2
1273	ATG	9149
1273	ATA	5
1273	ACG	4
1273	GTG	2
1274	CCA	9141
1274	CCT	9
1274	CCC	5
1274	CCG	4
1275	GTT	9085
1275	GTA	54
1275	GTC	18
1275	GTG	4
1276	TAT	9020
1276	TAC	141
1277	AAT	9128
1277	AAC	33
1278	AGA	9119
1278	AGG	41
1279	CAA	9158
1279	CAG	3
1280	GTT	9072
1280	GTC	74
1280	GTA	10
1280	GTG	4
1281	TTA	9149
1281	TTG	11
1282	ACC	9031
1282	ACA	75
1282	ACT	53
1283	AAA	9153
1283	AAG	6
1284	AAA	9132
1284	AAG	25
1284	AAC	3
1285	CAG	8689
1285	CAA	472
1286	AGA	9149
1286	AGG	8
1286	AAA	2
1286	CGA	2
1287	GAT	9152
1287	GAC	7
1288	CAA	9083
1288	CAG	78
1289	ATA	8827
1289	ATT	333
1290	GAT	9155
1290	GAC	4
1291	CTA	9045
1291	CTG	85
1291	TTA	28
1291	CTT	2
1292	TTA	9145
1292	CTA	10
1292	TTG	6
1293	GCA	9152
1293	GCT	4
1293	GCC	4
1294	AAA	9082
1294	AAG	76
1294	AAR	2
1295	TTG	8997
1295	TTA	139
1295	CTG	21
1295	CTC	2
1296	GAT	8980
1296	GAC	179
1297	TGG	9160
1298	GTG	9132
1298	GTA	22
1298	ATG	2
1298	GTT	2
1299	TAT	9159
1299	TAC	2
1300	GCA	9136
1300	GCT	11
1300	TCA	2
1300	ACA	2
1300	GCG	2
1301	TCT	9055
1301	TCC	90
1301	TCA	2
1301	AGT	2
1302	ATA	9150
1302	ATT	6
1302	GTA	2
1303	GAT	9080
1303	GAC	77
1304	AAC	9142
1304	AAT	19
1305	AAG	9113
1305	AAA	43
1305	AGG	5
1306	GAT	9135
1306	GAC	9
1306	AAT	9
1306	GAA	5
1307	GAA	9136
1307	GAG	21
1307	AAA	2
1308	TTT	8620
1308	TTC	540
1309	ATG	9159
1309	ATA	2
1310	GAG	8650
1310	GAA	504
1310	AAG	3
1310	GAR	2
1311	GAA	9103
1311	GAG	54
1311	GTA	4
1312	CTT	8739
1312	CTC	404
1312	CTA	7
1312	CTG	6
1312	TTG	2
1313	AGC	9123
1313	AGT	31
1313	TGC	4
1313	TCA	2
1314	ATA	9052
1314	GTA	57
1314	ATG	24
1314	ACA	9
1314	ATC	5
1314	TTA	4
1314	ATT	3
1314	ACT	3
1314	CTA	2
1315	GGA	8260
1315	GGT	887
1315	GGG	10
1315	GGW	2
1316	ACT	9035
1316	ACC	95
1316	ACA	20
1316	ACG	6
1316	ATT	4
1317	CTT	9080
1317	CTA	75
1317	TTG	2
1317	TTA	2
1318	GGG	9115
1318	GGA	37
1318	GGT	8
1319	TTA	9133
1319	TTG	22
1319	CTG	3
1320	ACA	9112
1320	ACG	35
1320	GCA	6
1320	ACT	3
1320	TCA	3
1321	TAT	9143
1321	TAC	17
1322	GAG	9024
1322	GAA	125
1322	AAG	5
1322	GAT	4
1323	AAG	8607
1323	AAA	543
1323	AAT	7
1324	GCC	9059
1324	GCT	95
1324	GCA	4
1324	GTC	2
1325	AAA	9022
1325	AAG	116
1325	AGA	19
1326	AAA	9143
1326	AAG	11
1326	CAA	3
1326	AGA	2
1327	TTA	9136
1327	TTG	13
1327	ATA	6
1327	CTA	4
1328	TTC	8104
1328	TTT	1054
1329	CCA	9143
1329	CCG	9
1329	CCT	6
1329	CCC	2
1330	CAA	9155
1330	CAG	5
1331	TAT	9109
1331	TAC	50
1332	TTA	9105
1332	CTA	44
1332	TTG	9
1332	CTT	2
1333	AGT	9145
1333	AGC	10
1333	TCA	2
1333	TCT	2
1334	GTT	9003
1334	GTC	125
1334	GTA	26
1334	GTY	3
1334	GTG	2
1335	AAC	9104
1335	AAT	56
1336	TAT	9117
1336	TAC	40
1336	TGT	2
1337	TTG	8790
1337	TTA	253
1337	CTG	113
1337	CTT	2
1337	CTA	2
1338	CAT	9150
1338	CAC	10
1339	CGT	8672
1339	CGC	430
1339	CGA	50
1339	CGG	5
1339	AGA	2
1340	CTT	9113
1340	CTA	23
1340	CTC	16
1340	TTA	6
1340	TTG	2
1341	ACA	9144
1341	ACT	6
1341	ACG	5
1341	ATA	2
1341	GCA	2
1342	GTC	9141
1342	GTT	16
1342	GTG	2
1343	AGT	9122
1343	AGC	36
1343	TCT	2
1344	AGT	9135
1344	AGC	22
1344	TCA	2
1345	AGA	9154
1345	AGG	6
1346	CCA	9152
1346	CCT	3
1346	CCC	2
1346	CCG	2
1347	TGT	9140
1347	TGC	20
1348	GAA	9136
1348	GAG	24
1349	TTC	9079
1349	TTT	81
1350	CCT	9139
1350	CCA	18
1350	CCC	3
1351	GCA	9121
1351	GCG	30
1351	GCT	4
1351	GCC	3
1351	TCA	2
1352	TCT	8601
1352	TCA	530
1352	TCG	13
1352	TCC	11
1352	AGT	4
1353	ATA	9153
1353	GTA	5
1353	ATT	2
1354	CCA	9115
1354	CCG	31
1354	CCT	11
1354	CCC	3
1355	GCT	9122
1355	GCC	36
1355	GCA	2
1356	TAT	9150
1356	TAC	10
1357	AGA	9153
1357	AGG	7
1358	ACT	9002
1358	ACA	113
1358	ACC	43
1359	ACA	9147
1359	ACT	13
1360	AAT	9115
1360	AAC	45
1361	TAT	9147
1361	TAC	11
1362	CAC	9084
1362	CAT	73
1363	TTT	9146
1363	TTC	12
1364	GAT	9052
1364	GAC	106
1365	ACT	9137
1365	ACA	17
1365	ACC	4
1366	AGC	9126
1366	AGT	29
1366	TCT	2
1367	CCT	9131
1367	CCC	21
1367	CCA	4
1368	ATT	8165
1368	ATC	986
1368	ATA	2
1369	AAT	9144
1369	AAC	12
1370	CGC	8963
1370	CGT	155
1370	CGA	19
1370	CAC	8
1370	TGC	4
1370	AGA	4
1370	CAT	3
1371	ATA	9146
1371	GTA	9
1371	ATT	2
1372	TTA	9120
1372	CTA	29
1372	TTG	9
1373	ACA	9137
1373	ACT	16
1373	ACC	4
1373	ACG	2
1374	GAA	6833
1374	GAG	2314
1374	AAA	8
1374	GAR	2
1375	AAG	9105
1375	AAA	54
1376	TAT	9156
1376	TAC	4
1377	GGT	9149
1377	GGA	6
1377	GGC	5
1378	GAT	9147
1378	GAC	13
1379	GAA	7891
1379	GAG	1268
1380	GAT	9146
1380	GAC	14
1381	ATT	9091
1381	ATA	65
1381	ATC	3
1382	GAT	9053
1382	GAC	107
1383	ATA	9131
1383	ATG	10
1383	GTA	9
1383	ATT	8
1383	ATC	2
1384	GTA	9042
1384	GTG	116
1385	TTC	8719
1385	TTT	439
1386	CAA	9046
1386	CAG	112
1387	AAC	9141
1387	AAT	17
1387	ARC	2
1388	TGT	9132
1388	TGC	25
1388	TKW	2
1389	ATA	9130
1389	ATT	26
1389	WWM	2
1390	AGC	8816
1390	AGT	339
1390	AGY	2
1390	TCC	2
1391	TTT	9125
1391	TTC	32
1392	GGC	8800
1392	GGT	346
1392	GGG	2
1392	GGA	2
1393	CTT	9010
1393	CTC	130
1393	CTG	3
1393	CTA	2
1393	TTG	2
1394	AGC	9092
1394	AGT	58
1394	TCT	2
1395	TTA	9107
1395	CTA	22
1395	TTG	15
1395	CTT	2
1396	ATG	9149
1397	TCT	8027
1397	TCA	1100
1397	TCC	16
1397	TCG	3
1397	AGT	2
1398	GTA	9118
1398	GTG	18
1398	GTT	10
1398	ATA	3
1399	GTA	9131
1399	GTG	17
1399	GTT	7
1399	GTC	2
1400	GAA	8789
1400	GAG	370
1401	CAA	8848
1401	CAG	310
1402	TTT	9116
1402	TTC	42
1403	ACT	8770
1403	ACC	381
1403	ACA	8
1404	AAT	9150
1404	AAC	9
1405	GTA	8618
1405	GTG	492
1405	ATA	21
1405	TTA	17
1405	GCA	8
1405	GTC	2
1406	TGT	9114
1406	TGC	45
1407	CCT	9146
1407	CCC	9
1407	CCA	3
1408	AAC	8738
1408	AAT	420
1409	AGA	9008
1409	CGA	144
1409	AGG	6
1410	ATT	9145
1410	ATC	11
1410	ATA	2
1411	ATT	8908
1411	ATA	238
1411	ATC	13
1412	CTC	9112
1412	CTT	42
1412	CTG	2
1412	TTA	2
1413	ATA	9146
1413	GTA	9
1413	ACA	2
1414	CCC	8988
1414	CCT	163
1414	CCA	5
1414	CCG	3
1415	AAG	8655
1415	AAA	502
1415	AGG	2
1416	CTT	9119
1416	CTC	23
1416	TTT	7
1416	CTA	5
1416	CTG	3
1416	TTG	2
1417	AAT	9133
1417	AAC	26
1418	GAG	9016
1418	GAA	143
1419	ATA	9157
1419	ATT	2
1420	CAT	9115
1420	CAC	45
1421	TTG	9109
1421	CTG	27
1421	TTA	22
1421	CTT	2
1422	ATG	9160
1423	AAA	9108
1423	AAG	51
1424	CCT	9126
1424	CCA	18
1424	CCC	15
1425	CCC	9020
1425	CCT	125
1425	CCA	15
1426	ATA	9135
1426	ATT	23
1426	GTA	2
1427	TTC	9055
1427	TTT	104
1428	ACA	9141
1428	ACG	9
1428	ACT	3
1428	ACC	2
1428	GCA	2
1428	ATA	2
1429	GGT	9111
1429	GGC	42
1429	GGA	7
1430	GAT	9138
1430	GAC	11
1430	GAA	5
1430	AAT	4
1430	GGT	2
1431	GTT	9135
1431	GTA	13
1431	GCT	5
1431	GTC	5
1432	GAT	9143
1432	GAC	16
1433	ATT	9137
1433	ATA	10
1433	ATC	7
1433	GTT	5
1434	CAC	9051
1434	CAT	50
1434	AAC	29
1434	CAA	13
1434	TAC	5
1434	CCC	4
1434	CGC	3
1434	ATC	2
1435	AAG	9145
1435	AAA	14
1436	TTA	9125
1436	TTG	28
1436	CTA	5
1437	AAA	9117
1437	AAG	26
1437	AGA	8
1437	ACA	6
1438	CAA	9134
1438	CTA	13
1438	AAA	6
1438	CAG	4
1439	GTG	9060
1439	GTA	74
1439	GTT	24
1440	ATA	8823
1440	ATC	334
1440	ATT	2
1441	CAA	9146
1441	CAG	8
1441	CGA	4
1442	AAA	9143
1442	AAG	13
1442	AGA	3
1443	CAA	8562
1443	CAG	597
1444	CAT	9089
1444	CAC	68
1445	ATG	9159
1446	TTT	9150
1446	TTC	9
1447	TTA	9105
1447	TTG	48
1447	CTA	4
1447	CTT	2
1448	CCA	8730
1448	CCG	391
1448	CCT	33
1448	CCC	2
1449	GAC	9083
1449	GAT	75
1450	AAA	9115
1450	AAG	43
1451	ATA	9158
1452	AGT	9149
1452	AGC	4
1452	TCT	2
1452	TCG	2
1452	GGT	2
1453	TTG	7645
1453	TTA	1508
1453	CTA	2
1454	ACT	8256
1454	ACC	885
1454	ACA	10
1454	ACG	2
1455	CAA	8833
1455	CAG	327
1456	TAT	9157
1456	TAC	2
1457	GTG	9111
1457	GTA	41
1457	GTT	7
1458	GAA	9157
1458	GAG	3
1459	TTA	9149
1459	TTG	5
1459	CTA	4
1460	TTC	9018
1460	TTT	140
1461	TTA	9139
1461	CTA	12
1461	TTG	9
1462	AGT	9126
1462	AGC	29
1462	TCA	2
1462	CGT	2
1463	AAT	9129
1463	AAC	28
1463	GAT	2
1464	AAA	9155
1464	AAG	3
1464	ACA	2
1465	ACA	9073
1465	ACG	73
1465	GCA	6
1465	ATA	3
1465	TCA	2
1465	ACT	2
1466	CTC	6316
1466	CTT	2815
1466	CTA	20
1466	CTY	4
1466	TTA	2
1467	AAA	9081
1467	AAG	67
1467	AAT	4
1467	AGA	3
1468	TCT	9104
1468	TCC	38
1468	TCA	13
1468	AGT	2
1469	GGA	9136
1469	GGT	10
1469	GGG	8
1469	AGA	2
1470	TCT	9115
1470	TCC	24
1470	TCA	6
1470	GCT	5
1470	AGT	2
1470	TTT	2
1471	AAT	8631
1471	CAT	508
1471	AAC	8
1471	CAC	5
1472	GTT	9043
1472	GTC	55
1472	ATT	26
1472	GGT	4
1472	GTA	3
1472	ATC	3
1473	AAT	9122
1473	AAC	6
1473	AAA	2
1474	TCT	9057
1474	TCC	57
1474	TCA	15
1474	ACT	3
1474	AGT	2
1475	AAT	9108
1475	AAC	33
1475	GAT	18
1476	TTA	9125
1476	CTA	29
1476	TTG	3
1476	CTG	2
1477	ATA	9151
1477	ATG	4
1477	ATT	3
1478	TTG	8961
1478	TTA	171
1478	CTA	20
1478	CTC	2
1478	TTR	2
1479	GCG	6938
1479	GCA	2143
1479	GTG	42
1479	GCT	14
1479	GCC	11
1479	ACG	2
1479	GTA	2
1480	CAT	9134
1480	CAC	18
1481	AAG	9026
1481	AAA	118
1481	AAT	6
1481	CAG	2
1481	AAR	2
1481	GAG	2
1482	ATA	9131
1482	ATG	13
1482	GTA	9
1482	ATT	2
1483	TCT	9041
1483	TCA	60
1483	TCC	44
1483	ACT	5
1483	AGC	2
1484	GAC	9064
1484	GAT	88
1484	GAY	2
1485	TAT	9139
1485	TAC	10
1485	CAT	5
1486	TTT	9089
1486	TTC	65
1487	CAT	9117
1487	AAT	17
1487	CAC	17
1487	TAT	4
1488	AAT	9110
1488	AAC	43
1489	ACT	9009
1489	ACA	67
1489	AAT	54
1489	ACC	8
1489	GCT	7
1489	ATT	5
1489	GCG	4
1490	TAC	9134
1490	TAT	18
1491	ATT	9134
1491	ATC	6
1491	GTT	6
1491	ATA	6
1492	TTA	9059
1492	TTG	83
1492	CTA	7
1492	CTT	2
1493	AGT	9106
1493	AGC	46
1493	TCT	2
1494	ACT	9094
1494	ACC	57
1494	ACA	4
1495	AAT	9132
1495	AAC	23
1496	TTA	9088
1496	TTG	36
1496	CTA	31
1497	GCT	8660
1497	GCA	469
1497	GCC	17
1498	GGA	9135
1498	GGG	11
1498	GGT	5
1498	GGC	3
1499	CAT	9143
1499	CAC	13
1500	TGG	9157
1501	ATT	9133
1501	ATC	22
1501	ATA	4
1502	CTT	8572
1502	CTG	517
1502	CTC	41
1502	CTA	25
1502	TTA	2
1503	ATT	9085
1503	ATC	71
1503	ATA	2
1504	ATA	9154
1504	ATT	5
1505	CAA	9125
1505	CAG	32
1506	CTT	9096
1506	CTC	42
1506	CTG	13
1506	CTA	3
1506	TTG	2
1507	ATG	9157
1508	AAA	9018
1508	AAG	126
1508	AGA	14
1509	GAT	9121
1509	GAC	37
1510	TCT	9127
1510	TCC	21
1510	TCA	6
1510	AGT	4
1511	AAG	8641
1511	AAA	516
1511	CAG	2
1512	GGT	9127
1512	GGC	28
1512	GGA	3
1512	GGG	2
1513	ATT	9095
1513	ATC	32
1513	ATA	30
1513	ATG	2
1514	TTT	9149
1514	TTC	11
1515	GAA	9145
1515	GAG	12
1516	AAA	8198
1516	AAG	952
1516	TTT	2
1517	GAT	9108
1517	GAC	51
1518	TGG	9159
1519	GGA	9147
1519	GGG	9
1519	GGT	3
1520	GAG	9091
1520	GAA	66
1521	GGA	9145
1521	GGG	9
1521	GGT	4
1521	GGC	2
1522	TAT	9127
1522	TAC	31
1523	ATA	9031
1523	GTA	125
1523	ATC	2
1524	ACT	9107
1524	GCT	33
1524	ACA	13
1524	ACC	5
1525	GAT	9155
1525	GAC	4
1526	CAT	9091
1526	CAC	68
1527	ATG	9159
1528	TTC	9021
1528	TTT	137
1529	ATT	8696
1529	ATC	438
1529	ATA	17
1529	GTT	5
1529	CTT	3
1530	AAT	9138
1530	AAC	22
1531	TTG	9105
1531	TTA	44
1531	CTG	7
1531	CTT	2
1532	AAA	9132
1532	AAG	12
1532	AGA	6
1532	AAT	6
1532	GAA	2
1533	GTT	9149
1533	GTC	6
1533	ATT	2
1534	TTC	9131
1534	TTT	26
1535	TTC	9124
1535	TTT	33
1536	AAT	8843
1536	AAC	307
1536	AGT	6
1537	GCT	9146
1537	GCC	5
1537	TCT	3
1537	GCA	3
1538	TAT	9150
1538	TAC	5
1538	TTT	2
1539	AAG	9086
1539	AAA	70
1540	ACA	8614
1540	ACC	504
1540	ACT	33
1540	ACG	6
1541	TAT	9093
1541	TAC	63
1542	CTC	8782
1542	CTT	358
1542	CTA	11
1542	TTG	4
1542	CTG	2
1543	TTG	8957
1543	CTG	132
1543	TTA	64
1543	CTA	4
1544	TGT	9137
1544	TGC	20
1545	TTT	8059
1545	TTC	1097
1546	CAT	9046
1546	CAC	110
1547	AAA	9096
1547	AAG	56
1547	AGA	5
1548	GGT	9097
1548	GGC	44
1548	GGG	13
1548	GGA	3
1549	TAC	8823
1549	TAT	332
1549	TAY	2
1550	GGC	8604
1550	AGC	263
1550	GGT	262
1550	GGA	27
1551	AGA	9040
1551	AAA	97
1551	AAG	14
1551	AGG	5
1552	GCA	9100
1552	GCT	38
1552	GCG	17
1553	AAG	9003
1553	AAA	138
1553	AGG	15
1554	CTG	8650
1554	CTA	431
1554	TTG	46
1554	ATG	12
1554	CTT	6
1554	CTR	5
1554	TTA	4
1554	CTC	2
1555	GAG	9067
1555	GAA	83
1555	GAT	2
1555	GTG	2
1556	TGT	8976
1556	TGC	180
1557	GAT	9132
1557	GAC	15
1557	AAT	9
1558	ATG	9153
1559	AAT	8972
1559	AAC	182
1560	ACT	9070
1560	ACC	60
1560	ACA	23
1561	TCA	9091
1561	TCG	56
1561	TCT	5
1561	TCC	2
1561	AGT	2
1562	GAT	9151
1562	GAC	5
1563	CTC	8184
1563	CTT	965
1563	ATC	6
1563	CTA	2
1564	CTA	9063
1564	TTA	51
1564	CTG	35
1564	CTT	6
1565	TGT	9150
1565	TGC	6
1566	GTA	9094
1566	GTG	45
1566	ATA	7
1566	GTT	6
1567	TTG	9047
1567	TTA	84
1567	CTG	21
1567	CTC	2
1568	GAA	9134
1568	GAG	19
1569	TTA	9116
1569	TTG	21
1569	CTA	16
1570	ATA	9142
1570	ATT	7
1570	GTA	3
1571	GAC	9111
1571	GAT	36
1572	AGT	9049
1572	AGC	81
1572	GGT	8
1572	AAT	4
1572	ATT	2
1572	TGT	2
1573	AGT	9081
1573	AGC	59
1573	GGT	2
1574	TAT	9131
1574	TAC	10
1575	TGG	9142
1576	AAG	9032
1576	AAA	110
1577	TCT	9126
1577	TCC	17
1578	ATG	9144
1578	ATA	2
1579	TCT	9124
1579	TCC	26
1579	AGT	4
1579	TCA	2
1580	AAG	9099
1580	AAA	58
1581	GTG	8125
1581	GTA	1019
1581	GTT	9
1581	GTC	2
1582	TTT	9055
1582	TTC	81
1582	GTT	21
1583	TTA	8863
1583	TTG	283
1583	CTG	5
1583	CTA	5
1584	GAA	9137
1584	GAG	21
1585	CAA	9152
1585	CAG	5
1586	AAA	9141
1586	AAG	17
1587	GTT	9142
1587	GTA	8
1587	GTC	6
1587	GTG	2
1588	ATC	9124
1588	ATT	14
1588	ATA	11
1588	ACC	5
1588	GTC	3
1589	AAA	9047
1589	AGA	97
1589	AAG	13
1589	AAT	2
1590	TAC	9044
1590	TAT	66
1590	CAC	46
1590	CCC	2
1591	ATT	9143
1591	ATA	9
1591	ACT	6
1592	CTT	8781
1592	CTC	353
1592	ATT	15
1592	GTC	4
1592	CTA	3
1592	CTG	2
1593	AGC	8865
1593	AAC	163
1593	AAT	49
1593	AGT	42
1593	GGC	32
1593	TCT	4
1593	ATC	2
1594	CAG	8862
1594	CAA	296
1595	GAT	9149
1595	GAC	9
1596	GCA	9034
1596	GCT	79
1596	GCG	21
1596	ACA	13
1596	GTA	5
1596	TCA	3
1597	AGT	9119
1597	AAT	13
1597	GGT	12
1597	AGC	3
1597	TGT	3
1597	ATT	3
1597	TCT	2
1598	TTA	9046
1598	TTG	101
1598	CTA	8
1599	CAT	8966
1599	CGT	101
1599	CAC	59
1599	TAT	29
1600	AGA	8276
1600	AGG	877
1600	CGA	2
1600	AGR	2
1601	GTA	6318
1601	GTG	2818
1601	GTT	7
1601	ATA	6
1601	GTR	3
1601	GTC	2
1602	AAA	6372
1602	AAG	2773
1602	AGA	7
1602	AAR	2
1603	GGA	9096
1603	GGG	49
1603	GGT	12
1603	GGC	2
1604	TGT	9143
1604	TAT	11
1604	TGC	4
1605	CAT	9120
1605	TAT	19
1605	CAC	16
1605	AAT	3
1606	AGC	9148
1606	AGT	11
1607	TTC	8966
1607	TTT	191
1608	AAA	9140
1608	AAG	19
1609	CTA	9010
1609	TTA	118
1609	CTG	26
1609	TTG	4
1610	TGG	9159
1611	TTT	9116
1611	TTC	43
1612	CTT	9121
1612	CTC	27
1612	CTA	5
1612	TTA	4
1612	CTG	2
1613	AAA	9132
1613	AAG	23
1613	AGA	3
1614	CGT	9111
1614	CAT	18
1614	CGC	15
1614	TGT	10
1614	AGG	2
1614	AGA	2
1615	CTT	9148
1615	CTC	4
1615	CTA	2
1615	TTG	2
1616	AAT	9091
1616	AAC	65
1616	CAT	3
1617	GTA	6209
1617	GTG	2788
1617	ATA	133
1617	GCA	11
1617	GTT	7
1617	ATG	4
1617	AAT	4
1617	GTR	2
1618	GCA	9080
1618	GCG	44
1618	GCT	26
1618	GCC	8
1619	GAA	9121
1619	GAG	20
1619	AAA	13
1619	GGA	2
1620	TTC	8965
1620	TTT	184
1620	TAC	4
1620	TTA	3
1620	CTC	2
1621	ACA	6275
1621	ACG	2829
1621	ACT	25
1621	ATA	16
1621	ACR	7
1621	ACC	5
1622	GTT	9134
1622	GTA	8
1622	GTG	6
1622	GTC	5
1622	ATT	2
1623	TGC	9125
1623	TGT	30
1624	CCT	9144
1624	CCC	9
1624	CCG	4
1625	TGG	9157
1626	GTT	9135
1626	GTA	12
1626	GTC	6
1626	GTG	2
1627	GTT	9131
1627	GTC	16
1627	GTA	6
1628	AAC	9131
1628	AAT	24
1629	ATA	9149
1629	GTA	5
1629	ATT	2
1630	GAT	9140
1630	GAC	9
1631	TAT	9147
1631	TGT	4
1631	CAT	2
1632	CAT	9130
1632	CAC	22
1633	CCA	9056
1633	CCT	58
1633	CCG	40
1634	ACA	9036
1634	ACT	95
1634	ACG	23
1635	CAT	9010
1635	CAC	145
1635	CAY	2
1636	ATG	9156
1637	AAA	9145
1637	AAG	9
1637	AGA	2
1638	GCA	9004
1638	GCC	101
1638	GCG	27
1638	GCT	24
1639	ATA	9146
1639	ATC	10
1640	TTA	9082
1640	CTA	36
1640	TTG	34
1640	CTT	2
1641	ACT	9120
1641	ACC	19
1641	ACA	6
1641	TCT	6
1641	GCT	2
1642	TAT	9124
1642	TAC	32
1643	ATT	8457
1643	ATA	682
1643	GTT	8
1643	ATC	6
1643	ATG	2
1644	GAT	9116
1644	GAA	30
1644	GAC	6
1645	CTT	9126
1645	CTC	13
1645	TTA	6
1645	CTA	3
1645	ATT	3
1645	TTG	2
1646	GTT	9136
1646	GTC	8
1646	ATT	7
1646	GTG	2
1647	AGA	9131
1647	AGG	14
1647	AAA	5
1647	CGA	3
1648	ATG	9107
1648	ATA	27
1648	GTG	11
1648	TTG	4
1648	ACG	3
1649	GGA	9083
1649	GAA	32
1649	GGT	15
1649	AGA	13
1649	GGG	10
1650	TTG	9044
1650	TTA	97
1650	CTG	7
1650	TTT	2
1651	ATA	9133
1651	ATT	15
1651	TTA	3
1651	GTA	3
1652	AAT	9132
1652	AGT	14
1652	AAC	8
1653	ATA	6309
1653	GTA	2808
1653	ATG	15
1653	ATT	7
1653	ATC	4
1653	RTA	4
1653	GTG	2
1654	GAT	9073
1654	GAC	54
1654	AAT	24
1655	AGA	9070
1655	AGG	57
1655	AAA	16
1655	GGA	6
1656	ATA	9011
1656	ACA	104
1656	GTA	15
1656	ATG	8
1656	TTA	7
1656	ATT	3
1656	ATC	3
1657	TAC	8973
1657	CAC	143
1657	TAT	27
1657	CAT	5
1657	ACC	4
1658	ATT	9105
1658	ATC	23
1658	ATA	9
1658	ACT	8
1658	GTT	3
1659	AAA	9142
1659	AAG	4
1660	AAT	9134
1660	AAC	11
1661	AAA	6313
1661	AAC	2767
1661	AAG	37
1661	AGC	13
1661	AAT	11
1661	AAM	5
1662	CAC	9033
1662	CAT	66
1662	CAA	15
1662	TAC	15
1662	AAC	13
1662	CGC	4
1663	AAG	8409
1663	AAA	702
1663	AGG	21
1663	GAG	12
1663	AAT	5
1664	TTC	9105
1664	TTT	30
1664	TCC	6
1664	CTC	4
1664	TTA	3
1665	AAT	9124
1665	AAC	12
1665	CAT	4
1665	TAT	3
1665	GAT	3
1666	GAT	9096
1666	GAC	40
1667	GAG	8038
1667	GAA	1045
1667	GAT	46
1667	AAG	4
1667	GGG	4
1667	GAC	2
1668	TTT	9053
1668	TTC	67
1668	TAT	4
1669	TAT	9074
1669	TAC	69
1670	ACT	9048
1670	ACA	47
1670	ACC	30
1670	ATT	10
1670	ACG	3
1671	TCT	9077
1671	TCC	26
1671	TCG	19
1671	TAT	7
1671	TCA	5
1671	TTT	2
1671	AGT	2
1671	ACT	2
1672	AAT	9133
1672	AAC	5
1673	CTG	8041
1673	CTC	525
1673	CTT	488
1673	TTG	40
1673	CTA	24
1674	TTT	8975
1674	TTC	137
1675	TAC	8762
1675	TAT	361
1676	ATT	9097
1676	ATC	10
1676	ATA	7
1677	AAT	9117
1677	AGT	7
1678	TAT	9070
1678	TAC	63
1679	AAC	9130
1679	AAT	17
1680	TTC	9014
1680	TTT	132
1680	TAC	2
1681	TCA	9131
1681	TCC	6
1681	TCG	5
1681	TCT	2
1681	AGT	2
1681	CCA	2
1682	GAT	9098
1682	GAC	49
1683	AAT	9113
1683	AAC	35
1684	ACT	9135
1684	ACA	9
1684	ACC	3
1684	GCT	2
1685	CAT	9139
1685	CAC	10
1686	CTA	9104
1686	TTA	38
1686	CTG	6
1686	TTG	2
1686	CTT	2
1687	TTA	9123
1687	TTG	22
1687	CTA	7
1688	ACT	9135
1688	ACC	11
1688	ACA	7
1689	AAA	9130
1689	AAG	21
1690	CAT	8951
1690	TAT	160
1690	CAC	21
1690	AAT	15
1690	CAA	5
1691	ATA	9155
1692	AGG	9135
1692	AGA	19
1692	CGT	2
1693	ATT	9100
1693	GTT	24
1693	ATA	19
1693	ATC	8
1693	ACT	2
1694	GCT	9011
1694	GCC	114
1694	GCA	19
1694	ACT	5
1694	GCG	2
1694	GAT	2
1695	AAT	9140
1695	AAC	16
1696	TCC	5765
1696	TCT	3341
1696	TCA	36
1696	TCY	5
1696	TCG	3
1696	AGC	2
1697	GAA	9142
1697	GAG	10
1698	TTA	9089
1698	TCA	50
1698	TTG	9
1698	CTA	5
1698	CTC	2
1699	GAA	9127
1699	GAG	19
1699	GGA	6
1699	AAA	5
1700	AGT	8473
1700	AAT	536
1700	AGC	120
1700	AGA	9
1700	GGT	7
1700	GAT	4
1700	AAC	3
1700	RGT	2
1701	AAT	9147
1701	GAT	9
1702	TAC	9004
1702	TAT	150
1702	CAC	2
1702	TGC	2
1703	AAC	9135
1703	AAT	17
1703	AAA	2
1704	AAA	9149
1704	AAG	3
1704	AGA	3
1704	AAT	2
1705	TTA	9133
1705	TTG	11
1705	CTA	6
1705	TCA	4
1706	TAT	9148
1706	TAC	9
1707	CAT	8764
1707	CAC	269
1707	CAA	79
1707	TAT	26
1707	AAT	3
1708	CCC	8048
1708	CCT	1092
1708	CCA	15
1709	ACA	8957
1709	ACT	160
1709	ATA	9
1709	ACG	8
1709	ACC	5
1709	GCA	5
1709	AAA	4
1709	TCA	3
1709	TCT	2
1710	CCA	8791
1710	CCT	346
1710	TCA	7
1710	CCG	7
1710	CCC	3
1710	ACA	2
1711	GAA	9149
1711	GAG	4
1711	AAA	3
1712	ACC	8617
1712	ACT	505
1712	GCC	21
1712	GCT	5
1712	ACA	3
1712	AAC	2
1712	ATC	2
1713	CTA	9070
1713	TTA	74
1713	CTG	5
1713	CTT	3
1713	ATA	2
1713	TTG	2
1714	GAA	9029
1714	GAG	100
1714	AAA	21
1714	GGA	3
1715	AAT	9103
1715	AAC	28
1715	AGT	16
1715	GAT	4
1715	AAG	3
1715	AAA	3
1716	ATA	9139
1716	GTA	8
1716	ATG	7
1716	ACA	2
1716	ATT	2
1717	CTA	9097
1717	TTA	41
1717	CTG	8
1717	TCA	3
1717	CTC	3
1717	TTG	2
1717	CTT	2
1718	ACC	8948
1718	GCC	108
1718	ATC	52
1718	ACT	26
1718	ACA	15
1718	TTA	3
1718	GCT	2
1718	GCA	2
1718	CCC	2
1719	AAT	8958
1719	TAT	154
1719	AGT	16
1719	AAC	13
1719	AAG	5
1719	GAT	5
1719	ATC	3
1719	CAT	2
1720	CCG	8608
1720	CCA	437
1720	CCT	50
1720	CTG	27
1720	CAG	24
1720	TCG	12
1721	GTT	8847
1721	ATT	261
1721	GTC	43
1721	GCT	5
1721	ATA	2
1722	AAA	9081
1722	GGA	48
1722	AAG	8
1722	GAA	6
1722	AGA	6
1722	ATA	4
1722	AAT	2
1723	AGT	6268
1723	GGT	2001
1723	TGT	373
1723	AGC	371
1723	AAT	130
1723	TAT	3
1723	TCA	2
1723	AAC	2
1723	TCT	2
1724	AAT	8578
1724	GAT	512
1724	AGT	54
1724	AAA	5
1724	AAG	4
1724	AAC	3
1725	GGA	5687
1725	GAA	2234
1725	GAT	530
1725	GAC	510
1725	GAG	99
1725	GGG	70
1725	GTA	7
1725	AGA	6
1725	GRA	5
1725	GGC	2
1725	AAT	2
1726	AAA	8683
1726	AGA	334
1726	GGG	47
1726	GAA	28
1726	AAG	26
1726	AAT	15
1726	AAC	7
1726	ATA	6
1726	AGG	5
1726	CGA	3
1726	GGA	2
1727	AAG	8830
1727	AAA	141
1727	AGG	89
1727	GAG	48
1727	ATG	44
1727	AAT	3
1727	AAC	2
1728	ACA	9107
1728	ACG	20
1728	GCA	11
1728	ATA	9
1728	TCA	6
1728	AAA	2
1728	ACT	2
1729	CTG	9003
1729	TTG	65
1729	CTA	42
1729	CTT	24
1729	CCG	11
1729	CAG	7
1729	CCT	2
1729	ATG	2
1729	TTA	2
1730	AGT	8580
1730	AAT	536
1730	AAC	25
1730	ATT	8
1730	GGT	6
1730	AGC	4
1731	GAC	8422
1731	GGC	460
1731	GAA	133
1731	GAT	112
1731	AAC	30
1732	TAT	9031
1732	CAT	43
1732	TAC	42
1732	TGT	25
1732	TCT	7
1732	TGG	3
1733	TGT	9032
1733	TGC	59
1733	CGT	26
1733	TAT	18
1733	TAC	5
1733	AGT	5
1733	TTT	4
1734	ATA	8770
1734	GTA	334
1734	ACA	28
1734	ATG	8
1734	TTA	3
1734	ATT	2
1734	GTG	2
1734	AAA	2
1735	GGT	8835
1735	GGC	140
1735	GAT	114
1735	AGT	53
1735	GGA	4
1735	GGG	3
1736	AAA	9073
1736	GAA	66
1736	AAG	9
1736	AGA	3
1736	CAA	2
1737	AAT	8838
1737	AAC	240
1737	AGT	49
1737	AAA	9
1737	ACT	9
1737	ATT	6
1737	GAT	3
1738	GTT	9076
1738	ATT	26
1738	GCT	23
1738	GTC	15
1738	GTA	5
1738	GTG	4
1738	GGT	2
1739	GAC	5468
1739	GAT	3636
1739	AAT	12
1739	AAC	10
1739	GGC	9
1739	GAA	7
1739	GGT	4
1739	GAY	3
1740	TCA	9049
1740	TCT	57
1740	CCA	22
1740	TTA	10
1740	TCG	8
1740	AGC	2
1740	GCA	2
1741	ATA	9041
1741	ATG	76
1741	ACA	14
1741	GTA	12
1741	ATT	3
1741	AGA	2
1741	ATC	2
1742	ATG	9035
1742	ATA	104
1742	GTG	4
1742	CTG	3
1742	ACG	2
1743	TTA	9078
1743	TCA	51
1743	TTG	13
1743	TTT	3
1743	CTT	2
1743	CTA	2
1744	CCA	6315
1744	CCT	2783
1744	TCA	13
1744	CCG	13
1744	ACA	9
1744	CTT	5
1744	CCW	3
1744	CTA	2
1744	TCT	2
1745	TCG	8107
1745	TTG	918
1745	TCA	108
1745	GCG	6
1745	TYG	3
1745	ACG	3
1745	TTA	2
1745	CCG	2
1745	TTT	2
1746	TTA	9114
1746	TCA	16
1746	CTA	14
1746	TTG	6
1746	ATA	2
1747	TCT	9022
1747	TCC	54
1747	CCT	35
1747	ACT	22
1747	TTT	8
1747	TAT	5
1747	CTT	3
1747	AGT	2
1747	TCA	2
1748	AAT	8972
1748	AGT	90
1748	AAC	44
1748	GAT	23
1748	ATT	20
1749	AAG	9072
1749	AGG	57
1749	AAA	15
1749	AAT	3
1749	GAG	2
1750	AAG	9034
1750	AAA	75
1750	AGG	25
1750	ATG	10
1750	GAG	9
1751	CTT	9062
1751	CCT	30
1751	CTC	21
1751	TTT	18
1751	CAT	9
1751	CTG	3
1751	TTA	2
1751	TTG	2
1751	CTA	2
1752	ATT	9061
1752	GTT	50
1752	ATC	30
1752	ACT	4
1752	ATA	3
1753	AAA	9133
1753	AAG	7
1753	AGA	4
1753	GAA	3
1753	AAT	3
1754	TCG	7397
1754	TCA	1675
1754	TTG	34
1754	ACG	20
1754	TCT	17
1754	TCC	2
1755	TCT	8884
1755	TCA	179
1755	ACT	32
1755	TCC	29
1755	CCT	14
1755	TCG	4
1755	TAT	4
1755	AGC	2
1755	TTT	2
1756	ACA	8324
1756	ACT	695
1756	GCA	101
1756	ATA	9
1756	ACG	7
1756	GCT	7
1756	AAA	2
1756	GCC	2
1756	ACC	2
1757	ATG	9007
1757	ACG	113
1757	ATA	14
1757	GTG	9
1757	ATT	8
1758	ATT	9080
1758	ATC	25
1758	GTT	19
1758	ATG	16
1758	ATA	10
1758	ACT	3
1759	AGA	8927
1759	AAA	186
1759	AGG	28
1759	GGA	7
1760	ACC	9074
1760	ACT	33
1760	ATC	19
1760	ACA	17
1760	GCC	5
1761	AAT	9130
1761	CAT	7
1761	AGT	7
1762	TAC	9094
1762	TAT	47
1762	CAC	5
1762	TGC	2
1763	AGC	9131
1763	AGT	14
1763	TCA	2
1763	AAC	2
1764	AGA	8626
1764	AAA	497
1764	AGG	26
1765	CAA	9146
1765	CAG	7
1766	GAT	9092
1766	GAC	47
1767	TTG	9085
1767	TTA	32
1767	CTG	28
1767	TTT	2
1767	CTA	2
1768	TAT	9111
1768	TAC	37
1768	CAT	2
1769	AAT	9150
1769	AAC	4
1770	TTA	9095
1770	CTA	33
1770	TTG	28
1771	TTT	8887
1771	TTC	267
1771	TAT	4
1772	CCT	9137
1772	CCC	15
1772	CCA	6
1773	ACG	8463
1773	ACA	354
1773	ATG	315
1773	GCG	12
1773	ATT	4
1773	ACT	4
1773	CCG	2
1774	GTT	9105
1774	GTA	38
1774	ATT	7
1774	GTC	3
1774	GCT	2
1774	GTG	2
1775	GTG	9114
1775	GTA	35
1775	ATG	5
1775	GTC	2
1776	ATT	9074
1776	GTT	48
1776	ATC	27
1776	ATA	9
1777	GAT	9084
1777	GAC	73
1778	AAA	9043
1778	AGA	101
1778	AAG	10
1778	AGG	4
1779	ATT	9137
1779	ATC	19
1779	ATA	2
1780	ATA	9120
1780	ATT	26
1780	GTA	10
1781	GAT	9149
1781	GAC	8
1782	CAT	9029
1782	CAC	121
1782	TAT	7
1783	TCA	9141
1783	TCT	6
1783	TCG	5
1783	AGT	2
1783	TCC	2
1784	GGT	9000
1784	GGC	154
1784	GGG	3
1785	AAT	9144
1785	AAC	12
1786	ACA	9096
1786	ACT	43
1786	ATA	8
1786	ACG	6
1786	ACC	5
1787	GCC	8954
1787	GCT	78
1787	ACC	70
1787	TCC	32
1787	GCA	9
1787	GAA	6
1787	GAC	3
1787	GTC	2
1788	AAA	7761
1788	AAG	1387
1788	AAT	3
1788	AGA	2
1789	TCT	8267
1789	TTT	719
1789	TCC	150
1789	ACT	6
1789	TAT	6
1789	TCA	5
1790	AAC	8737
1790	AAT	416
1790	AGC	3
1790	GAC	2
1791	CAA	9091
1791	CAG	64
1792	CTT	9134
1792	CTC	13
1792	CTG	4
1792	TTG	2
1793	TAC	9133
1793	TAT	23
1794	ACT	8999
1794	ACC	130
1794	ACG	19
1794	ACA	6
1795	ACT	9055
1795	ACC	85
1795	ACA	9
1795	ATT	5
1795	GCT	2
1796	ACT	9143
1796	ATT	6
1796	ACA	2
1796	TCT	2
1796	ACC	2
1796	GCT	2
1797	TCT	8951
1797	TCC	124
1797	TTT	34
1797	ACT	15
1797	TCA	13
1797	CCT	10
1797	TAT	7
1797	AGT	2
1798	CAT	9073
1798	CAC	82
1798	TAT	3
1799	CAA	9134
1799	CAG	16
1799	CAT	3
1799	CCA	2
1800	ATA	8925
1800	TTA	158
1800	ATT	43
1800	GTA	12
1800	ACA	11
1800	ATG	6
1801	TCC	8322
1801	TCT	775
1801	TCA	27
1801	ACC	27
1801	CCT	3
1802	TTA	9088
1802	CTA	51
1802	TTG	12
1802	TTC	2
1802	TCA	2
1803	GTG	8585
1803	GTA	429
1803	ATG	74
1803	GCG	34
1803	GTT	27
1803	GCA	2
1804	CAC	9063
1804	AAC	35
1804	CAT	27
1804	CTC	8
1804	AGG	7
1804	CGC	6
1804	CAA	3
1804	TAC	2
1805	AAT	9140
1805	AAC	9
1806	AGC	9109
1806	AGT	36
1806	AGY	2
1806	AAC	2
1806	TCA	2
1807	ACA	9123
1807	GCA	10
1807	ACT	6
1807	ACG	5
1807	ATA	4
1807	ACC	3
1808	TCA	9086
1808	TCG	50
1808	TCT	19
1808	AGT	2
1809	CTT	9112
1809	CTG	20
1809	CTC	17
1809	CTA	4
1810	TAT	9054
1810	TAC	100
1811	TGC	9116
1811	TGT	41
1812	ATG	9140
1812	TTG	11
1812	ATA	4
1813	CTT	9140
1813	CTC	10
1813	CTA	4
1813	TTA	2
1814	CCT	9075
1814	CCA	55
1814	CCC	23
1815	TGG	9156
1816	CAT	9153
1816	CAC	2
1817	CAT	9076
1817	CAC	81
1818	ATT	8862
1818	ATA	230
1818	ATC	37
1818	GTT	20
1818	GTC	8
1819	AAT	6413
1819	AAC	2741
1819	AAY	3
1820	AGA	9143
1820	AGG	10
1820	CGA	3
1820	CGT	2
1821	TTC	9130
1821	TTT	25
1822	AAT	9141
1822	AAC	16
1823	TTT	9151
1823	TTC	7
1824	GTA	8753
1824	GTG	373
1824	GTT	30
1824	GTC	2
1825	TTT	9142
1825	TTC	16
1826	AGT	9142
1826	AGC	15
1827	TCT	9091
1827	TCC	45
1827	TCG	15
1827	AGT	2
1827	TCA	2
1827	AGC	2
1828	ACA	9085
1828	ACC	28
1828	ACT	25
1828	ACG	20
1829	GGT	9099
1829	GGC	29
1829	GGG	21
1829	GGA	8
1830	TGT	9130
1830	TGC	25
1830	TGY	2
1831	AAA	9140
1831	AAG	17
1832	ATT	9129
1832	ATA	14
1832	ATC	9
1832	GTT	4
1833	AGT	9144
1833	AGC	10
1833	TCA	2
1833	GGT	2
1834	ATA	9144
1834	GTA	11
1834	ATT	2
1835	GAG	8817
1835	GAA	326
1835	GAT	8
1835	GGG	6
1836	TAT	9104
1836	TAC	34
1836	TTT	13
1836	CAT	4
1836	TGT	3
1837	ATT	9138
1837	ATA	7
1837	ATC	6
1837	GTT	3
1838	TTA	9115
1838	CTA	20
1838	TTG	17
1838	GTA	2
1838	CTT	2
1839	AAA	9135
1839	AAG	21
1840	GAT	8586
1840	GAC	568
1840	TAT	2
1841	CTT	9042
1841	CTC	104
1841	CTA	5
1841	TTA	2
1842	AAA	9003
1842	AAG	148
1842	AAR	2
1843	ATT	9142
1843	ATC	8
1843	ATG	3
1843	ATA	2
1844	AAG	8525
1844	AAA	579
1844	CAG	35
1844	AGG	11
1844	AAT	2
1844	AGA	2
1845	GAT	9066
1845	GAA	66
1845	AAT	11
1845	GAC	10
1845	GGT	2
1846	CCT	9038
1846	CCC	114
1846	CTT	2
1847	AAT	9008
1847	AGT	120
1847	AAC	24
1847	ART	2
1848	TGT	9127
1848	TGC	32
1849	ATA	9135
1849	ATC	10
1849	GTA	5
1849	ATT	5
1849	ATG	4
1850	GCA	9147
1850	GCG	7
1850	GCT	2
1851	TTC	9070
1851	TTT	87
1852	ATA	9155
1852	ATT	2
1853	GGT	9129
1853	GGC	22
1853	GGA	7
1854	GAA	9150
1854	GAG	8
1855	GGA	9117
1855	GGT	25
1855	GGG	14
1855	GGC	2
1856	GCA	9126
1856	GCT	26
1856	GCG	6
1857	GGG	9084
1857	GGA	63
1857	GGT	11
1858	AAT	9139
1858	AAC	20
1859	TTA	9114
1859	CTA	32
1859	TTG	8
1859	CTT	2
1859	CTG	2
1860	TTA	8812
1860	TTG	327
1860	CTA	18
1860	CTT	2
1861	TTG	9064
1861	CTG	47
1861	TTA	42
1861	CTA	2
1861	CTT	2
1862	CGT	8503
1862	CGC	646
1862	AGA	4
1862	CGY	3
1863	ACA	8987
1863	ACG	162
1863	ACT	7
1864	GTA	7692
1864	GTG	1446
1864	ATA	8
1864	GTT	5
1864	GCA	2
1864	GTR	2
1865	GTG	8758
1865	GTA	381
1865	GTT	12
1865	ATG	2
1865	GCG	2
1865	GTC	2
1866	GAA	9044
1866	GAG	113
1867	CTT	9127
1867	CTC	13
1867	CTA	11
1867	TTT	5
1867	TTG	2
1868	CAT	9155
1868	CAC	2
1869	CCT	9135
1869	CCA	10
1869	CCC	7
1869	TCT	4
1870	GAT	8995
1870	GAC	161
1871	ATA	9149
1871	GTA	3
1871	ATT	2
1871	ATG	2
1872	AGA	8896
1872	AAA	130
1872	CGA	128
1872	AGG	4
1873	TAT	9149
1873	TAC	6
1873	TTT	3
1874	ATT	9148
1874	GTT	4
1874	ATC	4
1874	ATA	2
1875	TAC	9115
1875	TAT	42
1876	AGA	9127
1876	AGG	31
1877	AGT	9141
1877	AGC	15
1877	TCA	2
1878	CTG	8999
1878	TTG	71
1878	CTA	67
1878	TTA	11
1878	CTT	9
1879	AAA	9127
1879	AAG	29
1880	GAT	9152
1880	GAC	5
1881	TGC	8713
1881	TGT	444
1882	AAT	9145
1882	AAC	11
1883	GAT	9144
1883	GAC	12
1884	CAT	9136
1884	CAC	21
1885	AGT	9079
1885	AGC	75
1885	TCT	2
1886	TTA	9136
1886	TTG	13
1886	CTA	8
1887	CCA	8619
1887	CCT	538
1888	ATT	9137
1888	ATA	15
1888	ATC	3
1888	ACT	2
1889	GAG	9111
1889	GAA	46
1890	TTT	9143
1890	TTC	11
1890	TGT	2
1891	TTA	9123
1891	CTA	23
1891	TTG	8
1891	CTT	2
1892	AGG	9042
1892	AGA	114
1893	CTG	8803
1893	TTG	176
1893	CTA	140
1893	CTT	19
1893	TTA	11
1893	ATG	8
1894	TAC	9084
1894	TAT	68
1895	AAT	9140
1895	AAC	17
1896	GGA	8531
1896	GGG	609
1896	GGT	10
1896	AGA	3
1896	GAA	2
1897	CAT	9094
1897	AAT	25
1897	CAC	24
1897	TAT	8
1897	CTT	4
1898	ATC	9021
1898	ATA	64
1898	ATT	46
1898	GTC	25
1899	AAC	9101
1899	AAT	50
1899	AGC	3
1899	ACC	2
1900	ATT	9126
1900	ATA	25
1900	ATC	2
1900	GTT	2
1901	GAT	9150
1901	GAC	6
1902	TAT	9119
1902	TAC	37
1903	GGT	9101
1903	GGC	49
1903	GGA	6
1904	GAA	9139
1904	GAG	16
1904	CAA	2
1905	AAT	9141
1905	AAC	14
1905	ATT	2
1906	TTG	9078
1906	TTA	76
1906	CTG	2
1906	TTC	2
1907	ACC	9128
1907	ACT	18
1907	ACA	8
1907	ACG	2
1907	ACY	2
1908	ATT	9134
1908	ATC	16
1908	ATA	8
1909	CCT	8812
1909	CCC	333
1909	CCA	13
1910	GCT	9128
1910	GCC	18
1910	GCA	11
1911	ACA	9126
1911	ACT	18
1911	ACG	13
1912	GAT	8796
1912	GAC	358
1913	GCA	8872
1913	GCT	274
1913	GCC	8
1913	GCG	2
1914	ACC	8895
1914	ACT	150
1914	ACY	25
1914	ACA	8
1915	AAC	9058
1915	AAT	97
1915	AAY	2
1916	AAC	9037
1916	AGC	70
1916	AAT	32
1916	TAC	11
1916	CAC	5
1917	ATT	9114
1917	ATA	29
1917	ATC	12
1917	GTT	2
1918	CAT	9142
1918	CAC	15
1919	TGG	9157
1920	TCT	9047
1920	TCC	100
1920	TCA	6
1920	AGC	2
1921	TAT	9144
1921	TAC	12
1922	TTA	8776
1922	TTG	366
1922	CTA	12
1922	CTT	2
1923	CAT	9151
1923	CAC	5
1924	ATA	9147
1924	ATT	7
1925	AAG	9084
1925	AAA	72
1926	TTT	8857
1926	TTC	282
1926	TAT	17
1927	GCT	8679
1927	ACT	349
1927	AGT	55
1927	GCA	33
1927	GCC	20
1927	GTT	19
1928	GAA	9117
1928	GAG	40
1929	CCT	8974
1929	CCC	182
1930	ATC	9095
1930	ATT	34
1930	GTC	24
1930	ATA	5
1931	AGT	9112
1931	AGC	17
1931	AAT	16
1931	GGT	9
1931	ART	4
1932	CTT	9080
1932	CTC	32
1932	CTG	28
1932	ATC	12
1932	CTA	4
1932	TTA	2
1933	TTT	9095
1933	TTC	25
1933	TTA	2
1934	GTC	8620
1934	GTT	387
1934	ATC	117
1934	GTA	34
1935	TGT	9138
1935	TGC	20
1936	GAT	9149
1936	GAC	9
1937	GCT	9057
1937	GCC	65
1937	GCA	33
1937	GTT	2
1938	GAA	9136
1938	GAG	21
1939	TTG	8418
1939	TTA	724
1939	CTG	17
1940	CCT	8969
1940	CCC	145
1940	TCT	28
1940	CCA	6
1940	AGT	2
1940	TCC	2
1940	CTT	2
1941	GTA	9057
1941	ATA	52
1941	GCA	23
1941	GTC	12
1941	GTG	7
1941	GTT	5
1942	ACA	9034
1942	ATA	99
1942	ACG	18
1942	ACT	6
1943	GTC	7136
1943	GAC	1903
1943	ATC	51
1943	GCC	18
1943	GAT	17
1943	GTT	9
1943	GTA	7
1943	TTC	4
1943	GTG	4
1943	GWC	3
1943	TAC	2
1944	AAC	9060
1944	AAT	92
1944	AGC	4
1945	TGG	9159
1946	AGT	9077
1946	AGC	58
1946	AAT	14
1946	GGT	4
1946	TGT	2
1946	TCT	2
1947	AAG	8558
1947	AAA	596
1947	AGG	3
1948	ATT	9126
1948	ATC	22
1948	ATA	8
1949	ATA	9135
1949	GTA	16
1949	ATT	2
1950	ATA	8999
1950	TTA	101
1950	ACA	31
1950	ATT	13
1950	GTA	7
1950	ATG	4
1950	ATC	2
1951	GAG	9008
1951	GAA	150
1952	TGG	9158
1953	AGC	9076
1953	AGT	66
1953	AAC	8
1953	GGC	3
1953	TCT	2
1954	AAG	9125
1954	AAA	29
1954	ATG	3
1955	CAT	9155
1955	CAC	3
1956	GTA	9108
1956	GTG	31
1956	GTT	10
1956	ATA	5
1956	GCA	3
1957	AGA	9126
1957	AGG	28
1957	AAA	2
1958	AAA	9067
1958	AAG	86
1958	AAR	3
1959	TGC	7840
1959	TGT	1315
1959	TGY	2
1960	AAG	8614
1960	AAA	535
1960	AGG	3
1960	CAG	2
1961	TAC	9043
1961	TAT	110
1961	CAC	3
1962	TGT	9083
1962	TGC	75
1963	TCT	8633
1963	TCC	509
1963	TTT	5
1963	ACC	3
1963	TCG	3
1963	TCA	2
1963	AGC	2
1964	TCA	9063
1964	TTA	41
1964	TCT	36
1964	ACA	9
1964	TCG	5
1964	AGC	2
1964	AGT	2
1965	GTT	9067
1965	GTC	52
1965	ATT	25
1965	GTA	11
1965	GCT	3
1966	AAT	9136
1966	GAT	15
1966	AAC	5
1966	ACT	4
1967	AAA	9133
1967	AGA	16
1967	AAT	3
1967	AAG	3
1967	GAA	2
1967	AAC	2
1968	TGT	9086
1968	TGC	54
1968	AGT	18
1969	ACA	8460
1969	ACG	536
1969	ATG	77
1969	ATA	67
1969	ATT	11
1969	GCA	4
1969	TCA	4
1970	TTA	9149
1970	TTG	7
1970	CTA	4
1971	ATA	9144
1971	ATT	12
1971	ATC	2
1972	GTA	9114
1972	GCA	15
1972	ATA	14
1972	GTG	11
1972	GTT	6
1973	AAA	9085
1973	AAG	75
1974	TAT	9015
1974	TAC	133
1974	CAT	10
1975	CAT	9154
1975	CAC	6
1976	GCT	9131
1976	GCG	19
1976	GCC	6
1976	GCA	4
1977	CAA	9151
1977	CAG	6
1977	CAT	2
1978	GAT	9107
1978	GAC	51
1979	GAT	9139
1979	AAT	8
1979	GAC	6
1979	TAT	3
1979	GAA	2
1980	ATC	8837
1980	ATT	276
1980	GTC	26
1980	ATA	9
1980	ACC	4
1981	GAT	9097
1981	AAT	38
1981	GAC	24
1982	TTC	9127
1982	TTT	30
1983	AAA	9098
1983	AAG	54
1983	AGA	5
1984	TTA	9147
1984	TTG	8
1984	CTA	4
1985	GAC	9060
1985	GAT	83
1985	AAC	10
1985	GAA	5
1985	TAC	2
1986	AAC	9003
1986	AAT	148
1986	ACC	8
1987	ATA	9137
1987	ATT	13
1987	ATC	9
1988	ACT	9125
1988	ACC	14
1988	ATT	6
1988	ACA	5
1988	GCT	5
1988	AAT	3
1989	ATA	9149
1989	ACA	3
1989	ATG	2
1989	GTA	2
1990	TTA	9139
1990	TTG	13
1990	TTT	3
1990	TCA	2
1990	CTT	2
1991	AAA	9154
1991	AAG	3
1992	ACT	9145
1992	ACC	8
1992	ACA	5
1993	TAT	9143
1993	TAC	15
1994	GTA	9051
1994	GTG	79
1994	GTT	28
1995	TGC	9035
1995	TGT	123
1996	TTA	8827
1996	TTG	304
1996	CTA	26
1996	CTT	2
1997	GGC	8186
1997	GGT	941
1997	GGA	22
1997	AGC	7
1997	GGG	2
1998	AGT	9128
1998	AGC	30
1999	AAG	9124
1999	AAA	36
2000	TTA	9066
2000	TTG	68
2000	CTA	21
2000	TCA	2
2000	CTT	2
2001	AAG	8983
2001	AAA	169
2002	GGA	8773
2002	GGG	376
2002	GGT	8
2003	TCT	9037
2003	TCG	89
2003	TCC	17
2003	TCA	10
2003	AGT	2
2003	TGC	2
2003	AGC	2
2004	GAA	9054
2004	GAG	103
2005	GTT	9128
2005	GTC	22
2005	ATT	3
2005	AGT	2
2005	GTA	2
2006	TAC	9087
2006	TAT	70
2007	TTA	9140
2007	CTA	13
2007	TTG	6
2008	GTC	9129
2008	GTT	20
2008	GTA	4
2008	ATC	3
2008	GTG	2
2009	CTT	9078
2009	CTC	69
2009	TTA	4
2009	CTA	3
2009	CTY	2
2009	TTT	2
2010	ACA	9107
2010	ACT	38
2010	TCA	6
2010	ATA	2
2010	AAA	2
2010	ACG	2
2011	ATA	9149
2011	ACA	6
2011	ATT	3
2012	GGT	6586
2012	GGC	2557
2012	GGA	8
2012	GGG	4
2012	GGY	3
2013	CCT	9123
2013	CCA	28
2013	CCC	4
2013	CTT	3
2014	GCA	9004
2014	ACA	106
2014	GCG	29
2014	GCT	13
2014	GAA	2
2014	TCA	2
2014	GCC	2
2015	AAT	8870
2015	AAC	284
2016	GTG	8898
2016	ATA	100
2016	GTA	86
2016	ATG	36
2016	GTT	22
2016	GGG	6
2016	GAG	5
2016	ATT	2
2017	TTC	8893
2017	TTT	212
2017	CTC	26
2017	TTA	18
2017	CTT	7
2018	CCA	9125
2018	CCT	23
2018	CCG	7
2018	CCC	3
2019	GTA	8942
2019	GTG	96
2019	GCA	74
2019	GTT	22
2019	ATA	16
2019	GGA	4
2019	GTC	2
2020	TTT	9092
2020	TTC	64
2021	AAT	9134
2021	GAT	18
2021	AGT	4
2021	AAC	2
2022	GTA	9110
2022	GTG	30
2022	ATA	9
2022	GTT	9
2023	GTA	9128
2023	GTG	23
2023	ATA	5
2024	CAA	9129
2024	CAG	30
2025	AAT	9061
2025	AGT	87
2025	AAC	11
2026	GCT	9121
2026	GCC	27
2026	GCA	4
2026	GCG	3
2026	ACT	2
2027	AAA	9134
2027	AAG	22
2027	CAA	2
2028	TTG	9079
2028	TTA	72
2028	CTG	6
2029	ATA	9147
2029	ATT	10
2030	CTA	9099
2030	TTA	29
2030	CTT	16
2030	CTG	13
2031	TCA	9119
2031	TCG	35
2031	TCT	4
2032	AGA	9130
2032	AGG	26
2033	ACC	7132
2033	ACT	2010
2033	ACA	13
2033	ACY	4
2034	AAA	9124
2034	CAA	29
2034	AAG	5
2035	AAT	9145
2035	AAC	7
2035	TAT	2
2035	GAT	2
2036	TTC	9148
2036	TTT	10
2037	ATC	9099
2037	ATT	28
2037	ACC	12
2037	GTC	10
2037	AAC	4
2037	CTC	4
2037	ATA	2
2038	ATG	9159
2039	CCT	9111
2039	CCC	46
2039	CCA	2
2040	AAA	8544
2040	AAG	610
2040	AAC	3
2040	AGA	2
2041	AAA	8608
2041	AAG	542
2041	AAC	2
2041	AGA	2
2041	ATA	2
2042	GCT	9071
2042	GCC	49
2042	GCA	18
2042	ACT	9
2042	ATT	7
2042	GTT	5
2043	GAT	9125
2043	GAC	34
2044	AAA	9119
2044	AAG	33
2044	AGA	3
2044	GAA	2
2045	GAG	9092
2045	GAA	64
2046	TCT	9121
2046	TCC	33
2046	TCA	3
2046	AGT	2
2047	ATT	9144
2047	ATC	13
2048	GAT	9124
2048	GAC	34
2048	AAT	2
2049	GCA	8990
2049	GCG	95
2049	GCT	70
2049	GCC	2
2050	AAT	9148
2050	AAC	11
2051	ATT	9146
2051	ATA	7
2051	ATC	6
2052	AAG	8660
2052	AAA	498
2053	AGT	9125
2053	AGC	27
2053	GGT	2
2053	TCA	2
2054	TTG	9131
2054	TTA	27
2055	ATA	9138
2055	GTA	19
2055	ATT	2
2056	CCC	9021
2056	CCT	123
2056	CCA	16
2057	TTT	9130
2057	TTC	29
2058	CTT	9117
2058	CTC	18
2058	CTA	7
2058	TTT	5
2058	ATT	4
2058	TTA	2
2059	TGT	9154
2059	TGC	4
2060	TAC	9112
2060	TAT	31
2060	TTC	14
2060	CAC	3
2061	CCT	8503
2061	CCC	653
2061	CCA	4
2062	ATA	9159
2063	ACA	9131
2063	ACG	17
2063	ACT	11
2064	AAA	9028
2064	AGA	113
2064	AAG	15
2065	AAA	8400
2065	AAG	742
2065	AAT	11
2065	AAR	2
2066	GGA	9124
2066	GGT	19
2066	GGG	14
2066	GAA	3
2067	ATT	9122
2067	ATC	24
2067	ATA	13
2068	AAT	9088
2068	AAC	53
2068	AAG	9
2068	ACT	3
2068	CAT	2
2069	ACT	8966
2069	GCT	139
2069	ACA	30
2069	ACC	11
2069	ACG	6
2069	AAT	3
2069	ATT	2
2070	GCA	9137
2070	TCA	10
2070	GCT	4
2070	GCG	3
2071	TTG	8460
2071	TTA	686
2071	TTT	3
2071	CTG	3
2071	TGG	2
2071	CTA	2
2072	TCT	8618
2072	TCA	489
2072	TCC	37
2072	TTT	10
2072	AGC	2
2073	AAA	9158
2074	TTA	8589
2074	CTA	525
2074	CTT	21
2074	TTG	18
2074	CTG	3
2075	AAG	9081
2075	AAA	72
2075	AGG	5
2076	AGT	9071
2076	GGT	48
2076	AGC	33
2076	TGT	2
2076	TCC	2
2076	RGT	2
2077	GTT	9066
2077	GTA	62
2077	GTC	17
2077	ATT	9
2077	GTG	5
2078	GTT	9105
2078	ATT	29
2078	GTA	13
2078	GTC	9
2078	GTG	3
2079	AGT	9085
2079	AGC	36
2079	AAT	30
2079	GGT	5
2079	TCT	2
2080	GGA	9112
2080	GGG	29
2080	GGT	9
2080	GAA	8
2080	AGA	2
2081	GAT	9124
2081	GAC	22
2081	AAT	12
2082	ATA	9158
2082	ATT	2
2083	CTA	9120
2083	CTT	14
2083	TTA	14
2083	CTG	10
2084	TCA	9043
2084	TCG	102
2084	TCT	14
2084	CCA	2
2085	TAT	9148
2085	TAC	12
2086	TCT	9022
2086	TCC	125
2086	TCG	5
2086	AGT	2
2086	AGC	2
2087	ATA	9151
2087	ATT	3
2087	GTA	2
2088	GCT	8813
2088	GCC	323
2088	GCA	20
2089	GGA	9126
2089	GGG	22
2089	GGT	7
2090	CGT	9081
2090	CGC	34
2090	CGG	23
2090	CGA	15
2090	AGA	4
2091	AAT	9151
2091	AAC	6
2092	GAA	9137
2092	GAG	22
2093	GTT	9107
2093	GTA	43
2093	ATT	3
2093	GTC	3
2093	GCT	2
2094	TTC	9137
2094	TTT	21
2095	AGC	9133
2095	AGT	17
2096	AAT	9141
2096	AAC	17
2097	AAA	9106
2097	AAG	52
2098	CTT	9151
2098	CTC	5
2098	TTA	2
2098	TTG	2
2099	ATA	9151
2099	ATT	7
2100	AAT	9102
2100	AAC	57
2101	CAT	9146
2101	CAC	12
2101	TAT	2
2102	AAG	9093
2102	AAA	67
2103	CAT	9129
2103	CAC	22
2103	TAT	9
2104	ATG	9133
2104	ATA	16
2104	ATT	4
2104	AAG	4
2104	GTG	3
2105	AAC	9070
2105	AAT	47
2105	AGC	43
2106	ATC	9133
2106	ATA	19
2106	ATT	6
2107	TTA	9081
2107	TTG	61
2107	CTA	16
2107	CTT	2
2108	AAG	8782
2108	AAA	366
2108	AGG	10
2109	TGG	9160
2110	TTC	8855
2110	TTT	293
2110	CTG	8
2110	CTC	2
2111	AAT	8317
2111	CAT	407
2111	AAC	317
2111	AGT	92
2111	ACT	11
2111	AAA	8
2111	GAT	8
2112	CAT	9158
2112	CAC	3
2113	GTT	9118
2113	ATT	14
2113	TGT	12
2113	GTA	5
2113	GCT	4
2113	GTC	4
2113	GTG	2
2114	TTA	9029
2114	TTG	122
2114	TTT	4
2114	CTG	2
2114	CTT	2
2115	AAT	9131
2115	AAC	25
2116	TTC	9130
2116	TTT	26
2117	AGA	9136
2117	AAA	14
2117	AGG	4
2117	CGA	2
2118	TCA	9145
2118	ACA	4
2118	TCC	3
2118	AGT	2
2119	ACA	9070
2119	ACT	47
2119	ATA	20
2119	GCT	8
2119	GCA	6
2119	ACG	2
2119	ACC	2
2120	GAA	9147
2120	GAG	6
2120	GAT	2
2121	TTA	8683
2121	CTT	338
2121	CTA	114
2121	TTT	9
2121	CTC	6
2121	TTG	5
2122	AAC	9116
2122	AAT	30
2122	ACC	4
2122	GAC	3
2122	AGC	2
2123	TAT	9133
2123	TAC	17
2124	AAT	9042
2124	AAC	107
2125	CAT	9139
2125	CAC	13
2126	TTA	9137
2126	CTA	10
2126	TTG	3
2126	CTC	2
2127	TAT	9137
2127	TAC	16
2128	ATG	9104
2128	ATA	5
2129	GTA	8903
2129	ATA	143
2129	GTG	30
2129	GTT	29
2129	GTC	2
2130	GAA	9089
2130	GAG	27
2131	TCT	8772
2131	TCC	335
2131	TCG	6
2131	AGC	2
2132	ACT	8434
2132	ACA	620
2132	ACC	49
2132	ACG	3
2133	TAT	9088
2133	TAC	27
2134	CCT	8463
2134	CCA	26
2134	CCC	21
2135	CAT	7935
2135	TAT	443
2135	TAC	103
2135	CAC	24
2135	CTT	2
2136	CTA	8429
2136	CTG	58
2136	TTA	11
2136	TTG	7
2136	CTC	2
2137	AGT	8430
2137	TCC	2
2137	AGC	2
2138	GAA	8428
2138	GAG	8
2139	TTG	8345
2139	TTA	78
2139	CTG	11
2139	CTT	2
2140	TTA	8395
2140	TTG	30
2140	CTA	5
2141	AAC	8389
2141	AAT	39
2142	AGC	8395
2142	AGT	16
2142	TGC	3
2142	GGC	3
2142	TCA	2
2142	TCT	2
2143	TTG	8391
2143	TTA	18
2143	CTG	2
2144	ACA	8023
2144	ACT	361
2144	ACG	22
2145	ACC	7752
2145	ACT	588
2145	ACA	3
2146	AAT	8265
2146	AAC	11
2147	GAA	8244
2147	GAG	15
2148	CTT	8225
2148	CTA	16
2148	CTC	13
2148	CTG	2
2148	TTG	2
2149	AAA	8224
2149	AAG	29
2150	AAA	8165
2150	AAG	67
2151	CTG	8183
2151	TTG	23
2151	CTA	18
2151	TTA	2
2152	ATT	8209
2152	ATA	10
2152	ATC	7
2152	GTT	5
2153	AAA	8227
2153	AAG	2
2154	ATC	8126
2154	ATA	74
2154	ATT	32
2155	ACA	8157
2155	ACG	47
2155	ACT	25
2156	GGT	8099
2156	GGC	119
2156	GGA	2
2157	AGT	8204
2157	AGC	8
2157	TGT	2
2158	TTG	7962
2158	CTG	180
2158	TTA	47
2158	ATG	4
2158	GTG	3
2158	TTC	2
2158	CTC	2
2159	TTA	8163
2159	TTG	16
2159	CTA	6
2159	TTR	2
2160	TAC	8095
2160	TAT	39
2160	TAA	2
2160	TGC	2
2161	AAC	8055
2161	AAT	33
2161	AGC	2
2162	TTT	7677
2162	TTC	46
2162	TTA	8
2162	CTT	8
2162	TCT	3
2162	TGT	2
2162	TAT	2
2163	TAT	5540
2163	AAT	1562
2163	CAT	602
2163	TAC	22
2163	AAC	4
2163	CCT	3
2163	TGT	3
2163	GAT	3
2163	CAC	2
2163	WAT	2
2164	AAT	7716
2164	AGT	14
2164	AAC	13
2164	AAA	3
2165	GAA	7720
2165	GAG	14
2165	AAA	6
2165	GGA	2
2165	GAC	2
2166	TAA	7695
2166	CAA	41
2166	TGA	3
2166	TAG	2

#KY654518|M
1	ATG	11304
1	AAG	3
2	GAA	11305
2	GAT	2
3	ACA	11174
3	ACG	129
3	ACT	9
4	TAC	11307
4	TAT	6
5	GTG	11326
6	AAT	9585
6	AAC	1745
6	AAY	2
7	AAA	11137
7	AAG	191
8	CTT	11328
8	CTC	6
9	CAC	11329
9	CAT	7
10	GAG	10366
10	GAA	964
10	GAR	3
11	GGC	11307
11	GGT	26
11	GGA	8
12	TCC	11328
12	TCT	15
12	TCA	3
13	ACA	11303
13	ACT	23
13	ACG	18
13	ATA	4
13	ACC	3
13	GCA	2
14	TAC	11332
14	TAT	21
15	ACA	11313
15	ACT	31
15	ACG	8
15	ACC	2
15	TCA	2
16	GCT	11299
16	GCA	32
16	GCC	25
16	GCG	2
17	GCT	11326
17	GCA	26
17	GCC	14
18	GTT	11274
18	GTC	48
18	GTA	32
19	CAA	11330
19	CAG	19
20	TAC	11332
20	TAT	34
21	AAT	11352
21	AAC	14
22	GTC	11259
22	GTT	87
22	GTA	11
22	ATC	8
23	CTA	11095
23	TTA	233
23	ATA	13
23	CTG	11
23	CTT	8
23	CTC	4
24	GAA	11344
24	GAG	24
25	AAA	10948
25	AGA	349
25	AAG	70
26	GAC	10958
26	GAT	407
27	GAT	11330
27	GAC	28
27	AAT	11
28	GAT	10839
28	GAC	529
28	AAT	3
29	CCT	11309
29	CCA	47
29	CCC	12
30	GCA	11352
30	GCT	11
30	GCG	6
31	TCA	11344
31	TCG	20
31	AGC	2
31	TCT	2
32	CTT	11065
32	CTA	129
32	CTG	118
32	CTC	54
32	CTK	2
33	ACA	11366
34	ATA	11370
35	TGG	11372
36	GTG	11265
36	GTT	69
36	GTA	32
36	GTC	2
37	CCC	11152
37	CCT	209
37	CCA	7
37	CCY	2
38	ATG	11368
39	TTC	11319
39	TTT	49
40	CAA	11358
40	CAG	10
41	TCA	11355
41	TCG	7
41	TCT	6
41	AGT	2
42	TCC	10858
42	TCT	486
42	TCA	21
42	AGT	2
42	ACC	2
43	ATG	7549
43	ATA	3574
43	ATR	4
43	GTG	3
43	ATT	2
44	CCA	11197
44	CAA	83
44	TCA	69
44	CCG	10
44	CCT	9
44	CCC	4
45	GCA	11346
45	GCG	11
45	GCT	8
45	GCC	2
45	ACA	2
45	TCA	2
46	GAT	11316
46	GAC	48
46	GAY	2
47	CTA	10310
47	TTA	650
47	CAA	375
47	TCA	17
47	CTC	5
47	CTG	5
47	TTG	4
47	ATA	2
48	CTC	10628
48	CTT	731
48	CTA	6
48	TTA	4
49	ATA	11357
49	ATT	6
49	GTA	4
49	ATC	2
50	AAA	11343
50	AAG	23
50	AGA	3
51	GAA	11148
51	GAG	222
52	CTA	11034
52	CTG	272
52	TTA	55
52	CTT	6
52	CTC	2
53	GCC	10411
53	GCT	942
53	GCA	8
53	ACC	3
53	GCY	2
53	TCC	2
54	AAT	11359
54	AAC	8
54	AGC	2
55	GTC	11033
55	GTT	321
55	GTA	6
55	GTY	6
55	ATC	2
56	AAT	10771
56	AAC	592
56	AGT	5
57	ATA	11364
57	ATC	4
57	GTA	2
58	CTA	11304
58	CTG	37
58	TTA	29
59	GTG	11147
59	GTA	221
59	GTC	2
60	AAA	11352
60	AAG	15
60	GAA	2
61	CAA	11362
61	CAG	10
62	ATA	11361
62	ATC	3
62	GTA	2
62	ATG	2
62	ATT	2
63	TCC	11204
63	TCT	126
63	TCA	35
63	AGT	2
64	ACA	11339
64	ACG	25
64	ACT	3
64	GCA	3
65	CCC	10910
65	CCT	412
65	ACC	18
65	CCA	11
65	CTC	9
65	TCC	8
66	AAG	10183
66	AAA	1003
66	AGG	182
66	CGG	2
67	GGA	11357
67	GGG	14
68	CCC	10549
68	CCT	784
68	CCA	38
69	TCA	11357
69	TCG	9
69	TCC	6
70	TTA	11227
70	CTA	128
70	TTG	13
70	CTT	4
71	AGA	11194
71	AGG	165
71	AAA	7
71	CGA	4
72	GTC	11342
72	GTA	14
72	ATC	9
72	GTG	5
73	ATG	9415
73	CTG	1934
73	CTA	6
73	TTG	5
73	ATA	4
73	ACG	3
73	MTG	2
74	ATA	11359
74	ATC	4
74	ATT	4
74	ATG	2
74	GTA	2
75	AAC	11333
75	AAT	38
76	TCA	10967
76	TCG	265
76	TCT	128
76	TCC	6
76	AGT	2
77	AGA	11360
77	AGG	11
78	AGT	11347
78	AGC	18
78	AAT	3
78	TCC	2
78	GGT	2
79	GCA	11260
79	GCT	107
79	GCG	3
80	GTG	11269
80	GTA	50
80	TTG	23
80	GTT	22
80	ATG	4
80	GTC	2
81	CTA	11128
81	CTG	137
81	TTA	68
81	CTT	35
82	GCA	11309
82	GCG	49
82	GCT	8
83	CAA	11364
83	CAG	6
84	ATG	11370
85	CCC	11202
85	CCT	111
85	CCA	51
86	AGC	11136
86	AGT	217
86	AAC	13
87	AAA	11345
87	AAG	24
87	AAT	2
88	TTT	10941
88	TTC	431
89	ACC	10968
89	ACT	392
89	ACA	11
90	ATA	11370
91	TGT	11227
91	TGC	91
91	AGC	47
91	AGT	7
92	GCC	9606
92	GCT	1756
92	GCA	6
93	AAT	11339
93	AAC	33
94	GTG	11306
94	GTA	63
94	GTT	2
95	TCC	11264
95	TCT	99
95	TCA	4
95	AGC	2
96	TTG	11181
96	TTA	154
96	CTG	34
97	GAT	11356
97	GAC	16
98	GAA	11365
98	GAG	5
99	AGA	11108
99	AGG	262
99	CGA	2
100	AGC	11339
100	AGT	28
100	TCA	4
101	AAG	11199
101	AAA	168
101	AGG	2
101	AAR	2
102	CTG	8508
102	CTA	2400
102	CTC	440
102	TTG	10
102	CTT	5
102	TTA	4
103	GCA	11347
103	GCC	7
103	GCG	6
103	ACA	3
103	GTA	3
103	GCT	3
103	TCA	2
104	TAT	11212
104	TAC	158
105	GAT	11235
105	GAC	132
106	GTA	11326
106	GTG	27
106	ATA	10
106	GTC	3
106	GCA	3
107	ACC	11282
107	ACT	68
107	ACA	11
107	GCC	6
107	ATC	2
108	ACA	11333
108	ACT	32
109	CCC	11172
109	CCT	143
109	CCA	48
109	TCC	3
110	TGT	10972
110	TGC	390
111	GAA	11290
111	GAG	71
111	GAT	3
112	ATT	10818
112	ATC	550
112	ATA	2
113	AAG	11267
113	AAA	104
114	GCA	11248
114	GCG	112
114	GCT	10
115	TGC	10841
115	TGT	532
116	AGT	11153
116	AGC	216
116	TCA	2
117	CTA	11157
117	TTA	187
117	CTG	24
117	TTG	2
117	CTC	2
118	ACA	11337
118	ACC	32
118	ACG	4
119	TGC	11291
119	TGT	78
119	TGY	3
120	CTA	11283
120	TTA	58
120	CTC	13
120	CTG	12
120	CTT	4
121	AAA	11359
121	AAG	13
122	TCA	11346
122	CCA	11
122	TCT	10
122	GTA	2
122	TCG	2
123	AAA	11350
123	AAG	16
123	GAA	6
124	AAT	11334
124	AAC	33
124	AGT	5
125	ATG	11373
126	TTA	11107
126	TTG	236
126	CTA	29
127	ACT	9642
127	ACA	1700
127	ACC	28
128	ACA	11252
128	ACT	116
128	ACC	3
128	ACG	2
129	GTT	7619
129	GTC	3744
129	GTG	4
129	GTY	3
130	AAA	11334
130	AAG	38
131	GAT	11358
131	GAC	15
132	CTC	11299
132	CTA	57
132	CTT	12
132	TTA	2
133	ACT	10540
133	ACC	814
133	ACA	7
133	GCT	5
133	ACY	2
133	ACG	2
133	ATT	2
134	ATG	11370
134	ATA	2
135	AAA	11131
135	AAG	236
135	AGA	2
136	ACA	11351
136	ACG	11
136	ACT	7
137	CTC	11144
137	CTT	107
137	CTA	107
137	TTC	5
137	ATC	4
137	TTA	2
138	AAC	11291
138	AAT	75
138	AGC	4
139	CCA	8565
139	CCT	1546
139	CCC	1209
139	CCG	8
139	CCW	2
140	ACA	11341
140	ACT	6
141	CAT	11335
141	CAC	14
142	GAC	11166
142	GAT	179
142	GAG	3
143	ATC	11114
143	ATT	221
143	ATA	15
144	ATT	11320
144	ATA	15
144	ATC	14
145	GCT	11326
145	GCA	12
145	GCC	10
146	TTA	11164
146	TTG	191
146	CTA	12
146	TTR	2
147	TGT	11357
147	TGC	12
148	GAA	11360
148	GAG	6
149	TTT	11354
149	TTC	16
150	GAA	11360
150	GAG	7
150	AAA	3
151	AAT	10977
151	AAC	393
152	ATA	11352
152	ATG	8
152	ATC	4
152	ATT	3
153	GTA	10649
153	GTG	520
153	ATA	147
153	GTC	26
153	GCA	17
153	TTA	4
153	ATC	3
153	ATG	3
154	ACA	11359
154	ACT	4
154	ACG	3
154	AAA	2
154	GCA	2
155	TCA	11329
155	TCT	31
155	AGT	2
156	AAA	11275
156	AAG	89
156	AGA	4
157	AAA	11096
157	AGA	259
157	AAG	13
158	GTC	11336
158	ATC	13
158	GTT	10
158	GTA	6
158	GTG	4
159	ATA	11203
159	ACA	153
159	GTA	8
159	CTA	4
159	ATT	2
160	ATA	11364
160	ATC	5
161	CCA	11358
161	CCC	8
161	CCT	3
161	CCG	2
162	ACA	11356
162	ACG	8
162	ACC	5
163	TAC	9948
163	TAT	1422
163	TAY	2
164	CTA	10929
164	TTA	414
164	CTG	28
164	CTT	2
165	AGA	11329
165	CGA	28
165	AGG	14
166	TCT	10429
166	TCC	935
166	TCA	6
166	AGT	2
167	ATC	11320
167	ATT	46
167	ATA	6
168	AGC	9850
168	AGT	1510
168	TCA	2
168	GGC	2
168	AAC	2
168	AGY	2
168	TCC	2
169	GTC	11318
169	GTT	25
169	ATC	17
169	GTA	12
170	AGA	11323
170	CGA	20
170	AAA	15
170	AGG	13
171	AAT	11139
171	AAC	228
171	AGT	2
172	AAA	11349
172	AAG	20
173	GAT	11345
173	GAC	24
174	CTG	11248
174	CTA	89
174	TTG	20
174	CTT	11
174	TTA	2
175	AAC	11319
175	AAT	41
175	AGC	6
176	ACA	11358
176	TCA	5
176	ACT	3
177	CTT	11083
177	CTC	276
177	CTG	6
177	CTA	3
178	GAA	11349
178	GAG	15
178	GGA	6
179	AAT	11340
179	AAC	22
179	AGT	7
180	ATA	11362
180	GTA	3
180	ATC	3
180	ATT	2
181	ACA	11337
181	ACG	16
181	ACT	7
181	ACC	6
181	GCA	3
182	ACC	11290
182	ACT	67
182	ACA	12
183	ACT	10754
183	ACC	367
183	ACA	239
183	ACW	9
184	GAA	11363
184	GAG	7
185	TTC	11338
185	TTT	32
186	AAA	11366
186	AAG	2
187	AAT	11357
187	AAC	10
187	ATT	2
188	GCC	11113
188	GCT	239
188	GCA	14
189	ATT	10782
189	ATC	578
189	ATA	4
190	ACA	11335
190	ACG	14
190	ACT	11
190	ACC	4
191	AAT	11358
191	AAC	4
192	GCA	11328
192	GCT	17
192	GCG	17
193	AAA	11360
193	AAG	4
194	ATC	10854
194	ATT	502
194	ATA	7
195	ATC	11315
195	ATT	31
195	ATA	14
195	GTC	2
196	CCT	11165
196	CCC	200
197	TAC	11258
197	TAT	108
198	TCA	11324
198	TCT	22
198	TCC	11
198	TCG	2
198	AGT	2
199	GGA	11339
199	GGT	21
199	GGG	6
200	TTA	9615
200	TTG	1611
200	CTA	129
200	CTG	3
200	CTT	2
200	TTR	2
201	CTG	10896
201	CTA	266
201	TTG	198
202	TTA	11315
202	CTA	24
202	TTG	22
202	CTT	2
203	GTC	11216
203	GTT	84
203	GTA	59
203	GTG	3
204	ATC	11150
204	ATT	118
204	ATA	91
205	ACA	11343
205	ACG	15
205	ACT	4
205	ACC	2
206	GTG	11299
206	GTA	38
206	GTT	29
207	ACT	11297
207	ACC	49
207	ACA	18
208	GAC	11315
208	GAT	51
209	AAC	11346
209	AAT	19
209	AGC	2
210	AAA	11350
210	AAG	19
211	GGA	11231
211	GGG	123
211	GGT	12
212	GCA	11330
212	GCG	32
212	GCT	3
213	TTC	10792
213	TTT	576
214	AAA	11343
214	AAG	23
215	TAC	11338
215	TAT	31
216	ATA	11138
216	ATT	221
216	ATC	4
216	ACA	3
216	AYA	2
217	AAG	11283
217	AAA	87
218	CCA	11328
218	CCG	33
218	CCT	5
218	CCC	4
219	CAA	11340
219	CAG	31
220	AGT	11354
220	AGC	5
220	TCC	3
221	CAA	11360
221	CAG	2
222	TTC	11319
222	TTT	39
222	TTY	3
223	ATA	11358
223	ATC	2
223	ATT	2
224	GTA	10701
224	GTG	651
224	ATA	12
224	GTC	3
225	GAT	11355
225	GAC	13
225	AAT	2
226	CTT	11327
226	CTA	33
226	CTC	8
226	TTA	2
226	CTG	2
227	GGA	11337
227	GGT	23
227	GGG	6
227	GGC	4
228	GCT	6732
228	GCC	4363
228	GCA	23
228	TCC	13
228	GCY	3
228	ACC	2
228	TCT	2
229	TAC	11328
229	TAT	40
229	CAC	2
230	CTA	10670
230	CTG	575
230	TTA	112
230	CTT	9
230	TTG	2
231	GAA	11248
231	GAG	123
232	AAA	11220
232	AAG	146
232	AGA	5
233	GAA	11357
233	GAG	12
234	AGT	10071
234	AGC	1292
234	AGY	3
234	TCA	2
234	TCC	2
235	ATA	11366
235	ATC	5
236	TAT	11236
236	TAC	133
237	TAT	11366
237	TAC	4
238	GTT	10938
238	GTC	419
238	ATT	5
238	GTG	3
238	GTA	3
239	ACA	11211
239	ACC	134
239	ACT	17
239	ACG	7
240	ACA	11336
240	ACG	28
240	ACT	3
241	AAT	11303
241	AAC	63
242	TGG	11365
242	CAG	2
243	AAG	11312
243	AAA	49
243	ATG	2
244	CAC	11324
244	CAT	40
244	CAY	2
245	ACA	11249
245	ACC	54
245	ACG	47
245	ACT	6
245	ATA	4
246	GCT	11309
246	GCC	43
246	TCT	5
246	GCA	4
247	ACA	11331
247	ACT	16
247	ACG	10
247	ACC	2
248	CGA	11258
248	AGA	65
248	CGT	16
248	CGG	10
248	CAA	2
248	AGG	2
249	TTT	11347
249	TTC	5
250	GCA	11317
250	TCA	11
250	GCG	5
250	GCC	3
250	GCT	3
251	ATC	11301
251	ATT	21
251	ATA	15
252	AAA	11318
252	AAG	19
253	CCC	11210
253	CCT	117
253	CCA	10
254	ATG	11080
254	ATA	232
254	ATT	13
254	ACG	5
254	GTG	4
255	GAA	11290
255	GAG	44
255	GAT	2
256	GAT	11320
256	GAC	13
256	AAT	2
257	TAA	10976
257	TGA	357
257	TAG	2

#KY654518|M2-1
1	ATG	11334
2	TCA	11348
2	TCG	11
2	TCT	3
3	CGA	11340
3	CGC	11
3	CGT	6
3	CGG	5
3	CAA	4
4	AGG	11274
4	AAG	59
4	AGA	58
5	AAT	11370
5	AAC	15
5	AGT	5
5	ATT	2
6	CCT	11180
6	CCC	207
6	CCY	3
6	CCG	2
7	TGC	11381
7	TGT	8
8	AAA	11380
8	AAG	2
8	AGA	2
9	TTC	10468
9	TTT	787
9	TAC	124
9	TTY	4
10	GAA	11374
10	GAG	8
10	GAR	2
11	ATT	11366
11	ATC	13
12	CGA	11285
12	CGT	55
12	AGA	29
12	CGG	9
12	CGW	2
12	MGA	2
13	GGT	11384
13	GGC	2
13	GGA	2
14	CAT	11366
14	TAT	13
14	CAC	11
14	CGT	4
15	TGC	11361
15	TGT	43
16	TTG	11289
16	TTA	109
16	CTG	11
17	AAT	11404
17	AAC	5
18	GGT	11384
18	GGC	25
18	GGG	2
19	AAA	10689
19	AAG	717
19	AGA	4
19	AGG	3
20	AGG	11216
20	AAG	124
20	AGA	75
21	TGT	11401
21	TGC	16
22	CAT	11413
22	CAC	3
22	CGT	2
23	TTT	11403
23	TTC	16
24	AGT	11407
24	AGC	6
24	AAT	5
25	CAT	9741
25	CAC	1675
26	AAT	11412
26	AAC	6
27	TAT	11416
27	TAC	3
28	TTT	11401
28	TGT	8
28	TAT	2
28	TTC	2
29	GAA	11411
29	GAG	5
30	TGG	11418
31	CCA	11366
31	CCG	25
31	TCA	16
31	CCT	8
32	CCC	11151
32	CCT	247
32	CCA	7
32	ACC	5
32	TCC	3
33	CAT	11411
33	CAC	7
34	GCA	11361
34	GCG	55
34	GCC	2
35	CTG	11253
35	TTG	93
35	CTA	54
35	CTT	10
36	CTT	11334
36	CTC	67
36	CTA	10
36	CTG	2
37	GTA	11396
37	GTG	16
37	ATA	4
38	AGA	11403
38	AGG	11
39	CAA	11413
40	AAC	11326
40	AAT	89
41	TTT	11391
41	TTC	22
41	CTT	2
42	ATG	11407
42	ATT	4
42	ATA	4
43	TTA	11388
43	CTA	26
43	TTG	3
44	AAC	11313
44	AAT	105
45	AGA	11360
45	AGG	34
45	AAA	20
45	CGA	3
46	ATA	11401
46	ATT	14
46	GTA	3
47	CTT	11401
47	CTC	15
48	AAG	11373
48	AAA	46
49	TCT	11404
49	TCC	13
50	ATG	11413
50	ATA	6
50	TTG	2
51	GAT	11384
51	GAC	37
52	AAA	10704
52	AGA	705
52	AAG	11
53	AGC	11262
53	AGT	158
54	ATA	11418
54	ATC	3
55	GAT	11396
55	GAC	26
56	ACT	11146
56	ACC	143
56	ACA	117
56	ACG	11
56	GCT	5
57	TTG	10491
57	TTA	907
57	CTG	22
58	TCA	11037
58	TCT	363
58	TCG	21
59	GAA	11413
59	GAG	8
60	ATA	11419
60	ATC	2
61	AGT	11025
61	AGC	397
62	GGA	11392
62	GGG	16
62	GGT	14
63	GCT	11374
63	GCA	35
63	GCC	11
63	GTT	2
64	GCA	11209
64	GCG	197
64	GCT	14
64	GAA	2
65	GAG	11379
65	GAA	43
66	TTG	9341
66	CTG	1981
66	CTA	42
66	TTA	42
66	YTG	2
67	GAC	11314
67	GAT	105
67	GCC	2
68	AGA	11336
68	CGA	81
68	AGG	6
69	ACA	10914
69	ACT	359
69	ACG	151
70	GAA	11411
70	GAG	13
71	GAG	11385
71	GAA	40
72	TAT	11371
72	TAC	51
73	GCC	11120
73	GCT	266
73	GCA	37
73	GCY	2
74	CTC	11169
74	CTT	254
74	CTA	2
75	GGT	11391
75	GGC	23
75	GGA	13
76	GTA	11255
76	ATA	71
76	GTG	66
76	RTA	11
76	GTT	2
77	GTT	11287
77	GTA	55
77	ATT	43
77	GTC	24
77	GTG	13
77	GCT	4
78	GGA	11174
78	GGG	233
78	GGT	20
79	GTG	10939
79	GTA	481
79	GTR	6
79	GTT	2
80	CTA	11317
80	TTA	87
80	CTG	19
80	CTT	3
81	GAG	11393
81	GAA	33
82	AGT	11398
82	AGC	26
83	TAT	9746
83	TAC	1675
83	TAY	2
84	ATA	11411
84	TTA	6
84	GTA	5
84	ATG	2
85	GGA	11371
85	GGG	23
85	GAA	15
85	GGT	11
85	AGA	3
86	TCA	9375
86	TCT	2033
86	TCC	9
86	TCG	4
86	TCW	3
87	ATA	11393
87	CTA	23
87	ACA	3
87	ATT	2
87	ATG	2
88	AAT	11318
88	AAC	104
88	AAY	2
89	AAT	11238
89	AAC	182
89	AAY	2
90	ATA	11421
91	ACT	11386
91	ACC	22
91	ACY	4
91	ACA	4
91	GCT	3
91	ACW	2
92	AAA	11414
92	AAG	6
93	CAA	11414
93	CAG	9
94	TCA	11396
94	TCG	22
94	TCT	2
95	GCA	11293
95	TCA	125
95	GCG	2
96	TGT	11401
96	TGC	22
97	GTT	11404
97	GTC	10
97	GTA	7
97	GAT	2
98	GCC	9377
98	GCT	2039
98	GCY	5
99	ATG	11418
99	ACG	5
100	AGC	11014
100	AGT	406
100	AGY	3
101	AAA	11163
101	AAG	262
102	CTC	11344
102	CTT	44
102	CTA	19
102	CTY	2
103	CTT	10187
103	CTC	1197
103	TTT	20
103	CTA	16
104	ACT	11303
104	GCT	76
104	ATT	19
104	ACC	15
104	AAT	4
104	ACA	4
104	ACG	2
104	AYT	2
105	GAA	11406
105	GAG	15
105	GAR	2
106	CTC	11360
106	CTT	46
106	ATC	12
106	CTA	5
106	MTC	2
107	AAC	11263
107	AAT	135
107	AGC	21
107	TAC	3
107	AAY	2
108	AGC	10519
108	AGT	879
108	GGC	13
108	AGY	4
108	AAC	3
108	GGT	2
109	GAT	11349
109	GAC	55
109	KAT	9
109	AAT	8
110	GAC	11181
110	GAT	238
110	GAA	2
111	ATC	11340
111	ATA	65
111	ATT	12
111	ATM	2
111	ATY	2
112	AAA	11401
112	AAG	20
112	AGA	2
113	AAA	11327
113	AAG	79
113	AGA	11
113	ACA	3
113	ATA	2
113	AAR	2
114	CTA	11260
114	CTG	123
114	ATA	16
114	TTA	15
114	CTT	4
114	CTR	2
114	CCA	2
115	AGG	10878
115	AGA	502
115	AAG	39
115	AGR	3
116	GAC	9328
116	GAT	2092
116	AAC	2
117	AAT	11124
117	CAT	242
117	AGT	24
117	ACT	18
117	AAA	14
117	AAC	3
118	GAA	11383
118	GAG	37
118	GAT	2
119	GAG	11257
119	GAA	155
119	GAT	5
119	GAR	2
120	CCA	10983
120	CTA	250
120	CCT	119
120	CCC	28
120	TCA	17
120	CCG	8
120	ACA	5
120	CAA	5
120	CTT	4
120	CCM	2
121	AAC	10685
121	AAT	713
121	AGC	18
121	GAC	3
121	AAY	3
122	TCA	11392
122	TCG	20
122	TCT	5
122	ACA	2
123	CCC	11016
123	CCT	340
123	CCA	43
123	TCC	16
123	CCY	2
124	AAA	10682
124	AAG	733
124	AGA	4
124	AAR	2
125	GTA	10688
125	ATA	657
125	GTG	51
125	GTT	16
125	GCA	7
125	RTA	2
126	AGA	11404
126	AGG	18
126	AAA	2
127	GTG	11177
127	GTA	192
127	GTT	53
128	TAC	11379
128	TAT	27
128	CAC	16
129	AAT	11183
129	AAC	223
129	AAY	4
129	AGT	3
130	ACT	11372
130	ACG	35
130	ACC	12
131	GTC	11314
131	GTT	60
131	GTA	43
131	GTY	2
132	ATA	11219
132	ACA	196
132	GTA	4
133	TCA	11414
133	TCT	5
133	TCG	4
134	TAT	11251
134	TAC	167
134	TAY	4
135	ATT	11228
135	ATC	184
135	ACT	4
135	ATY	2
136	GAA	11005
136	GAG	408
136	GAR	2
136	GAT	2
137	AGC	11389
137	AGT	32
138	AAC	11385
138	AAT	36
139	AGG	11197
139	AGA	217
139	AAG	2
140	AAG	9722
140	AAA	1689
140	AGG	5
141	AAC	11373
141	AAT	42
141	AGC	2
142	AAT	11329
142	AAC	45
142	TAT	34
142	AGT	3
142	ACT	2
142	AGC	2
143	AAA	11399
143	AAG	16
144	CAA	11418
145	ACT	11339
145	ACC	73
145	ACG	3
145	ACA	2
146	ATC	11393
146	ATT	23
147	CAT	11394
147	CAC	17
147	TAT	5
148	CTG	11206
148	TTG	155
148	CTA	52
148	CTT	4
149	TTA	11381
149	TTG	20
149	CTA	10
150	AAA	11400
150	AAG	8
151	AGA	11367
151	AGG	28
151	CGA	6
151	AAA	3
152	TTG	11125
152	CTG	164
152	TTA	115
152	TTR	3
153	CCA	11389
153	CCG	20
153	CCT	12
154	GCA	11383
154	GCG	27
154	GCT	5
154	GCC	3
154	ACA	2
155	GAC	11133
155	GAT	282
155	GAA	5
156	GTA	11268
156	GTG	134
156	GTC	19
157	TTG	10937
157	CTG	452
157	TTA	34
158	AAG	11309
158	AAA	68
158	AGG	48
159	AAA	11368
159	AAG	53
159	AGA	2
160	ACC	11385
160	ACT	29
160	ACA	9
161	ATC	10958
161	ATT	431
161	ATA	28
161	GTC	2
162	AAA	11413
162	AAG	5
163	AAC	11368
163	AAT	52
163	ACC	3
164	ACA	11415
164	ACG	6
164	ATA	2
165	TTG	10714
165	TTA	620
165	CTG	85
165	CTA	3
166	GAT	11386
166	GAC	37
167	ATC	11411
167	ATT	9
168	CAC	11212
168	CAT	196
168	CTC	2
169	AAG	11307
169	AAA	95
169	AAR	4
170	AGC	11142
170	AGT	173
170	AAC	44
170	ATC	31
170	TGC	10
170	GGC	5
171	ATA	11391
171	ACA	10
171	GTA	6
172	ACC	11046
172	ACT	298
172	ACA	26
172	ATC	22
172	GCC	6
172	CCC	2
173	ATC	10783
173	GTC	383
173	ATT	223
173	ATA	6
173	ACC	3
173	ATY	2
174	AAT	10438
174	AAC	533
174	AGT	427
174	TAT	4
175	AAC	11299
175	AAT	84
175	AGC	7
175	ACC	7
176	CCA	11267
176	CCT	52
176	TCA	36
176	CCC	26
176	CCG	12
176	CAA	5
177	AAA	11118
177	AAG	274
177	GAA	3
177	AGA	2
178	GAA	11388
178	GAG	4
178	GAT	2
179	TCA	11270
179	TTA	95
179	CCA	25
179	TCT	5
179	ACA	2
179	TCG	2
180	ACT	10911
180	GCT	424
180	ATT	38
180	ACC	16
180	ACG	5
180	ACA	5
181	GTT	11311
181	GTC	27
181	ATT	27
181	GTA	21
181	GAT	6
181	GCT	4
181	TTT	3
181	GTG	2
181	GGT	2
182	AGT	10144
182	AAT	538
182	AGC	534
182	GGT	180
182	TGT	3
183	GAT	11235
183	GAC	152
183	AAT	7
183	GGT	2
183	GGC	2
184	ACG	10229
184	ACA	1105
184	ATG	38
184	GCG	11
184	ACT	4
184	ATA	3
184	GCA	3
184	AAA	2
184	ACR	2
185	AAC	10073
185	AAT	1258
185	AGC	25
185	GAC	22
185	ACC	18
185	AAY	2
186	GAC	10867
186	GAT	480
186	AAC	47
186	AAT	3
186	GGC	2
186	TAC	2
186	GGT	2
187	CAT	11262
187	AAT	114
187	TAT	22
188	GCC	11304
188	GTC	77
188	GCA	12
188	GCT	5
188	ACC	2
189	AAA	11371
189	AAG	21
189	TAA	8
189	GAA	2
189	AGA	2
190	AAT	11383
190	AGT	2
190	GAT	2
191	AAT	11392
192	GAT	11388
193	ACT	11382
193	GCT	5
194	ACC	11236
194	GCC	147
195	TGA	11353
195	GGA	17
195	CGA	7
195	TAA	3

#KY654518|M2-2
1	ATG	11437
2	CCA	11341
2	TCA	75
2	CAA	13
2	CCT	6
2	CTA	5
2	CCG	2
2	TCT	2
3	AAA	11415
3	AGA	22
3	AAG	4
3	GAA	2
4	ATA	11436
4	GTA	2
5	ATG	11438
6	ATA	11431
6	ATG	5
7	CTA	11285
7	CTG	147
8	CCT	11409
8	CCG	16
8	CCC	7
9	GAC	11387
9	GAT	31
9	GAA	14
9	AAC	3
10	AAA	11427
10	AAG	11
10	AGA	2
11	TAT	11422
11	TAC	17
11	TTT	5
12	CCT	11414
12	CCC	28
12	CCG	2
13	TGT	11384
13	TGC	59
14	AGT	11295
14	AGC	105
14	TGT	31
14	ATT	5
14	AGG	2
15	ATA	11383
15	GTA	51
15	ATT	5
16	AAT	11255
16	ACT	102
16	AAC	41
16	AGT	37
16	AAG	2
17	TCC	11322
17	TCT	68
17	TCA	23
17	ACC	22
17	ACT	2
18	ATA	11436
19	CTA	11391
19	TTA	24
19	CTG	11
19	ATA	2
20	ATA	11363
20	ATT	57
20	GTA	3
20	ATC	2
21	ACA	11366
21	GCA	34
21	ACG	10
21	ATA	10
21	ACT	7
21	ACC	2
22	AGT	11358
22	AGC	46
22	GGT	11
22	AAT	11
23	AAT	10791
23	AGT	466
23	AGA	101
23	AAC	60
23	GAT	8
23	GGT	3
24	TGT	9935
24	TAT	1457
24	TGC	27
24	CGT	4
24	AGT	4
24	TTT	2
24	TRT	2
25	AGA	11042
25	AAA	380
25	AGG	8
26	GTC	10734
26	GTT	604
26	ATC	74
26	ATT	11
26	GTA	4
27	ACT	10963
27	ACA	398
27	ACC	60
27	ATT	5
27	GCT	2
28	ATG	11413
28	ATA	11
28	ATT	6
29	TAT	11273
29	TAC	165
29	CAT	3
29	TAY	2
30	AAT	11377
30	AAC	61
31	CAA	11396
31	CGA	24
31	CAG	4
31	AAA	4
31	CAC	3
32	AAA	10866
32	AAG	545
32	ACA	13
32	AGA	12
32	AAC	2
32	AGG	2
33	AAC	11378
33	AAT	47
33	ACC	12
33	AGC	3
34	ACA	11420
34	ATA	20
34	ACG	3
34	ACT	2
35	CTA	11199
35	CTG	132
35	TTA	93
35	CCA	12
35	ATA	3
36	TAT	11374
36	TGT	30
36	CAT	30
36	TAC	11
36	CAC	2
37	ATC	10742
37	TTC	538
37	ATT	107
37	ATA	40
37	GTC	12
37	TTA	4
38	AAT	11397
38	AAC	16
38	GAT	14
38	TAT	7
38	CAT	5
38	AGT	4
39	CAA	11392
39	CAG	31
39	CTA	9
39	CGA	5
39	AAA	2
40	AAC	11113
40	AAT	171
40	CAC	65
40	ACC	39
40	TAC	31
40	GAC	8
40	AAA	6
40	AGC	5
40	MAC	3
41	AAC	11330
41	AAT	92
41	AGC	11
41	GAC	6
41	ACC	3
42	CAA	11256
42	CCA	106
42	CTA	33
42	CGA	16
42	AAA	11
42	CAC	9
42	CGG	7
42	CAG	5
43	AAT	11223
43	TAT	112
43	AAC	59
43	CAT	22
43	AGT	12
43	GAT	9
43	AAA	4
44	AAC	10345
44	AGC	917
44	AAT	99
44	GAC	59
44	GGC	9
44	AGT	7
44	ACC	3
45	CAT	11145
45	TAT	249
45	CTT	16
45	CAC	16
45	CGT	10
45	AAT	3
45	TGT	2
46	ATA	10577
46	TTA	394
46	ACA	336
46	ATG	74
46	ATT	52
46	GTA	4
46	CTA	4
46	AGA	3
47	TAC	11401
47	CAC	25
47	TAT	9
47	GAC	2
47	AAC	2
48	CCA	10670
48	TCA	664
48	CCG	70
48	CTA	21
48	CAA	8
49	CCG	10573
49	CCA	612
49	CTG	98
49	CTA	53
49	TCG	46
49	CAG	32
49	ACG	4
49	TTG	3
49	TCA	3
49	CCT	2
50	GAT	10680
50	AAT	686
50	GAC	35
50	GAG	7
50	ATT	6
50	AAC	5
50	TAT	5
50	GAA	3
51	CAA	11312
51	CTA	62
51	CAG	37
51	CGA	5
51	AAA	4
51	CCA	3
52	CCA	11294
52	ACA	104
52	CTA	13
52	CCT	4
52	CCG	3
52	TCA	2
53	TTC	11347
53	TTT	55
54	AAT	11315
54	AAC	79
54	AAG	8
54	AGT	7
54	GAT	2
55	GAA	11334
55	GAG	10
55	CAA	7
55	GAT	3
55	GGA	2
56	ATC	11304
56	ATT	52
56	GTC	4
56	ATA	3
56	ACC	2
57	CAT	11354
57	CAC	12
57	TAT	9
58	TGG	11373
59	ACC	11209
59	ACT	149
59	ACA	11
59	TCC	5
60	TCT	11260
60	TCC	35
60	TCA	32
60	TCG	16
60	TGT	9
60	CCT	9
60	TTT	8
60	TAT	3
60	ACT	2
61	CAA	11281
61	CAG	57
61	CAT	27
61	CGA	8
61	AAA	3
62	GAC	10356
62	GAA	457
62	GAT	358
62	GGC	177
62	AAC	19
62	GCC	4
63	TTG	11313
63	TTA	44
63	CTG	14
64	ATT	11255
64	ATA	80
64	ATC	8
64	AGT	8
64	GTT	2
64	ATG	2
65	GAT	11157
65	GAC	114
65	GAA	54
65	AAT	27
65	GGT	3
66	GCA	11180
66	ACA	109
66	GCT	21
66	GCC	7
66	TCA	4
66	GCG	3
67	ACT	10797
67	ATT	496
67	ACC	29
67	ACA	9
67	ACG	5
67	TCA	3
68	CAA	11259
68	AAA	41
68	CGA	33
68	CAG	18
68	CTA	6
68	CAC	3
68	CAT	3
69	AAT	11292
69	AGT	51
69	AAC	9
69	ATT	6
69	GAT	3
70	TTT	11322
70	TTC	37
70	TAT	2
71	CTA	11307
71	CTG	32
71	TTA	23
71	ATA	2
72	CAA	11322
72	CAG	30
72	AAA	9
72	CGA	4
73	CAT	11332
73	CAC	16
73	TAT	10
73	AAT	5
73	CGT	3
73	CTT	2
74	CTA	11259
74	CTC	72
74	TTA	24
74	CTG	6
74	CTT	6
74	ATA	4
75	GGT	11279
75	GGC	44
75	AGT	38
75	GAT	4
75	AAC	2
76	ATT	10372
76	ATC	770
76	GTT	207
76	ATA	7
76	CTT	4
76	ACT	3
77	ACT	9414
77	GCT	1666
77	ACG	119
77	ATT	71
77	ACC	56
77	AAT	24
77	CCT	10
77	ATA	3
78	GAT	11252
78	GAG	97
78	GAC	9
78	GAA	3
78	GGT	2
79	GAT	11328
79	GAC	30
79	AAT	2
80	ATA	11252
80	GTA	47
80	ACA	42
80	TTA	20
80	AGA	3
80	ATG	2
81	TAC	10811
81	TAT	497
81	CAC	39
81	TGC	7
81	TAY	2
82	ACA	11319
82	ACG	20
82	ACT	6
82	ATA	5
82	GCA	4
83	ATA	11257
83	GTA	94
83	RTA	2
83	ACA	2
84	TAT	11322
84	TAC	32
84	CAT	2
84	TGT	2
85	ATA	11341
85	GTA	10
85	ATT	5
86	TTA	10965
86	TTG	373
86	CTA	7
86	CTG	2
87	GTG	10803
87	GTA	542
88	TCA	11348
89	TAA	11271
89	TAG	66
89	TGA	14

#KY654518|N
1	ATG	11008
1	AGT	14
2	GCT	11021
2	GCA	3
3	CTT	10990
3	ATT	30
3	CTC	4
3	CCT	4
3	CTA	2
4	AGC	11007
4	AGT	21
5	AAA	11016
5	AAG	15
6	GTC	10901
6	GTT	130
6	GTA	2
7	AAG	10941
7	AAA	85
7	AGG	7
8	TTG	10984
8	TTA	32
8	CTG	19
9	AAT	10581
9	AAC	457
10	GAT	10974
10	GAC	66
11	ACA	11010
11	ACG	20
11	ACT	4
12	CTC	10987
12	CTT	25
12	TTA	7
12	ATC	7
12	TTC	4
12	TTG	3
12	CTA	2
13	AAC	10989
13	AAT	44
14	AAA	10994
14	AAG	41
15	GAT	10988
15	GAC	48
16	CAA	11021
16	CAG	11
17	CTT	11022
17	CTG	6
17	CCT	3
17	TTA	2
18	CTA	10359
18	CTG	655
18	TTA	12
18	CCA	3
18	CTC	2
19	TCA	11026
19	TCT	7
19	TCG	3
19	AGC	2
20	TCC	10902
20	TCT	125
20	ACC	5
20	AGC	4
20	TCA	3
21	AGC	10919
21	AGT	118
21	TCG	2
21	TGC	2
22	AAA	11036
22	AAG	8
22	AGA	2
23	TAT	10231
23	TAC	816
24	ACC	10961
24	ACT	111
24	GCC	11
24	ACA	3
25	ATC	11145
25	ATT	16
25	ATA	2
26	CAA	11152
26	CAG	11
27	CGG	11047
27	CGA	88
27	CGT	17
27	AGG	10
28	AGC	11145
28	AGT	13
28	TCT	2
29	ACA	10656
29	ACT	488
29	ACG	15
30	GGA	11102
30	GGT	50
30	GGG	8
30	SGA	2
30	GGC	2
31	GAC	10439
31	GAT	719
31	AAC	6
32	AGC	10598
32	AGT	535
32	AAC	13
32	GGC	8
32	AAT	6
32	TGC	2
32	TCA	2
33	ATT	11136
33	ATA	16
33	ATC	6
33	ACT	3
33	ACC	3
33	GTT	2
34	GAC	10680
34	GAT	484
35	ACT	10774
35	ACA	374
35	ACC	14
36	CCT	10899
36	CCC	259
36	CCA	7
37	AAT	11096
37	AAC	63
37	GAT	5
38	TAT	10022
38	TAC	1138
38	TAY	2
39	GAT	11153
39	GAC	6
39	AAT	3
40	GTG	11093
40	GTA	45
40	GTT	22
41	CAG	11056
41	CAA	105
42	AAA	11161
42	AGA	3
43	CAC	11022
43	CAT	116
43	TAC	24
44	ATT	10275
44	ATC	879
44	CTA	6
44	ACC	3
44	ATA	3
45	AAT	10699
45	AAC	469
46	AAG	9854
46	AAA	1305
46	AGG	3
46	AAR	2
47	TTA	10982
47	CTA	175
47	TTG	11
48	TGT	9762
48	TGC	1398
48	TGY	2
49	GGC	10750
49	GGT	408
49	GGA	6
49	GGG	2
50	ATG	11167
51	TTA	11048
51	CTA	91
51	TTG	17
51	ATA	2
52	TTA	11119
52	CTA	40
52	TTG	9
53	ATC	11070
53	ATT	65
53	ATA	32
54	ACA	11077
54	ACT	49
54	ACG	27
54	ACC	3
55	GAA	11149
55	GAG	11
55	GAT	6
56	GAT	11151
56	GAC	14
57	GCT	9206
57	GCC	1887
57	GCA	33
57	ACT	17
57	GTT	5
57	GCY	3
57	GTC	3
58	AAT	10992
58	AAC	169
58	AGT	2
59	CAT	10986
59	CAC	172
59	CAY	2
60	AAA	11147
60	AAG	8
60	GAA	2
61	TTC	10788
61	TTT	372
62	ACT	11130
62	ACA	30
63	GGG	11113
63	GGA	50
64	TTA	10701
64	GTA	363
64	TTG	82
64	CTA	8
64	TCA	6
64	TTT	3
65	ATA	11148
65	GTA	9
65	ATC	3
65	ATT	2
66	GGT	11130
66	GGC	30
66	GGA	2
67	ATG	11127
67	ATA	37
68	TTA	10882
68	CTA	218
68	TTG	65
69	TAT	11137
69	TAC	30
70	GCT	10396
70	GCC	682
70	GCG	86
70	TCT	2
71	ATG	11170
72	TCT	10962
72	TCC	200
72	TCA	4
72	TCG	2
73	AGA	11078
73	AGG	92
73	CGG	2
74	TTA	11089
74	CTA	42
74	TTG	24
74	CTG	2
75	GGA	11045
75	GGG	107
75	GGR	3
75	GGC	2
75	GGT	2
76	AGA	11095
76	AGG	59
76	CGG	2
77	GAA	11147
77	GAG	10
78	GAC	11085
78	GAT	71
79	ACC	11063
79	ACT	82
79	ACA	10
80	ATA	11117
80	ATG	29
80	ACA	17
80	ATT	9
81	AAA	11157
81	AAG	16
82	ATA	11168
82	ATC	5
83	CTC	10950
83	CTA	117
83	CTT	97
83	TTA	2
84	AAA	10616
84	AGA	539
84	AAG	16
85	GAT	11161
85	GAC	11
86	GCG	8742
86	GCA	2307
86	GCT	117
86	GCR	2
86	GCC	2
87	GGA	11115
87	GGT	46
87	GGG	10
87	GGC	2
88	TAT	11159
88	TAC	15
89	CAT	11133
89	CAC	38
89	CAA	2
90	GTT	8698
90	GTC	1916
90	GTA	546
90	ATC	3
90	ATT	2
90	GTY	2
91	AAG	9720
91	AAA	1445
91	AGG	4
91	AAR	2
92	GCA	10925
92	GCT	232
92	GCG	10
92	GCC	5
93	AAT	11162
93	AAC	9
93	AGT	2
94	GGA	11150
94	GGG	18
94	GGT	4
95	GTG	10977
95	GTA	195
95	GTT	2
96	GAT	10969
96	GAC	195
96	AAT	5
97	GTA	11049
97	ATA	87
97	GTG	15
97	GCA	10
97	GTT	5
97	TTA	4
97	GTC	3
98	ACA	10937
98	ACG	163
98	ACT	31
98	ATA	27
98	ACC	8
98	GCA	5
98	GCC	3
99	ACA	11136
99	ATA	27
99	ACG	5
99	ACC	3
100	CAT	11142
100	TAT	27
100	CAC	5
101	CGT	9420
101	CGA	1674
101	CGC	60
101	CAT	6
101	CGG	4
101	AGA	2
101	AGG	2
101	TGT	2
102	CAA	11157
102	CAG	12
102	CAT	3
102	CGA	2
103	GAC	11081
103	GAT	92
104	ATT	7432
104	ATC	3516
104	TTT	112
104	GTC	76
104	ATA	26
104	ATY	4
104	GTT	4
105	AAT	10825
105	AAC	345
105	AGT	3
106	GGG	10469
106	GGA	559
106	GGT	143
107	AAA	11130
107	AAG	44
108	GAA	11161
108	GAG	6
108	GAT	4
109	ATG	11168
109	ATA	2
110	AAA	11142
110	AAG	23
110	AGA	6
111	TTT	9249
111	TTC	1918
111	TTY	2
111	TTA	2
112	GAA	11145
112	GAG	25
112	GAT	3
113	GTG	11109
113	GTA	45
113	GTT	19
114	TTA	11152
114	TTG	16
114	CTA	6
115	ACA	11083
115	ACG	86
115	ACT	2
116	TTA	10609
116	TTG	553
116	CTG	4
116	CTA	2
116	CTC	2
117	GCA	11091
117	TCA	31
117	ACA	23
117	GTA	12
117	GCC	5
117	GCT	5
117	GCG	4
118	AGC	11097
118	AGT	32
118	AAC	31
118	GGC	4
118	TGC	3
118	TCT	2
119	TTA	11137
119	TTG	24
119	CTA	12
120	ACA	11137
120	ACG	31
120	ACT	3
121	ACT	11056
121	ACG	34
121	GCT	29
121	TCA	22
121	ACA	12
121	ACC	11
121	AAT	3
121	TCT	3
122	GAA	10887
122	GAC	133
122	GAT	125
122	GAG	27
123	ATT	11124
123	ATA	33
123	ATC	11
124	CAA	11169
124	CAG	3
125	ATC	10995
125	ATT	130
125	GTC	31
125	ATA	18
126	AAC	11121
126	AAT	38
126	AGC	13
127	ATT	11146
127	ATC	20
127	ATA	7
128	GAG	11076
128	GAA	96
129	ATA	11126
129	GTA	43
129	ATC	2
130	GAA	10980
130	GAG	192
131	TCT	11152
131	TCC	15
131	TCA	3
132	AGA	10983
132	AGG	185
132	CGT	2
133	AAA	11115
133	AAG	53
133	AGA	2
134	TCC	11147
134	TCT	13
134	TCA	7
134	TAC	2
135	TAC	11161
135	TAT	10
136	AAA	11091
136	AAG	72
137	AAA	10756
137	AAG	411
137	AGA	4
138	ATG	11156
138	ATA	14
139	CTA	11101
139	CTG	59
139	TTA	4
139	CTT	2
140	AAA	11147
140	AAG	22
141	GAA	11118
141	GAG	51
141	GAR	2
142	ATG	11159
143	GGA	10875
143	GGG	279
143	GGT	12
143	GGC	2
144	GAG	11071
144	GAA	92
144	GAR	2
145	GTG	10956
145	GTA	197
145	GTT	8
145	ATG	2
145	GTC	2
146	GCT	11133
146	GCC	15
146	GCA	11
146	ACT	4
146	GCG	2
147	CCA	11101
147	CCG	40
147	CCT	8
147	CCC	6
147	TCA	6
147	CTA	5
148	GAA	11122
148	GAG	46
149	TAC	11069
149	TAT	81
149	CAC	10
149	TGC	4
149	TAY	3
150	AGG	11085
150	AGA	85
151	CAT	11127
151	CAC	40
151	CAY	2
152	GAC	11040
152	GAT	129
152	GAY	2
153	TCT	11047
153	TCA	89
153	TCC	32
153	AGT	4
154	CCT	11124
154	CCA	40
154	CCC	5
154	CCW	3
155	GAT	11093
155	GAC	74
155	GAY	3
156	TGT	11165
156	TGC	7
157	GGG	10715
157	GGA	445
157	GGT	4
158	ATG	11173
159	ATA	11164
159	ATT	5
159	GTA	2
160	ATA	11167
160	ATG	3
160	ACA	3
160	ATT	2
161	TTA	11081
161	TTG	40
161	CTA	28
161	CTG	24
161	YTR	2
162	TGT	11036
162	TGC	136
163	ATA	11009
163	ATC	143
163	GTA	12
163	ATG	5
163	ATT	5
164	GCA	10871
164	GCG	205
164	GCT	65
164	GCC	29
165	GCA	10444
165	GCG	690
165	GCC	36
165	GCM	2
166	TTA	11093
166	TTG	33
166	CTT	32
166	CTA	10
166	TTT	4
166	YTW	2
167	GTA	11043
167	GTG	129
167	GTC	2
168	ATA	11168
168	ATC	6
169	ACC	11090
169	ACT	78
169	ACA	5
170	AAA	11168
170	AAG	4
171	TTA	10985
171	TTG	158
171	CTA	27
172	GCA	11146
172	GCG	19
172	GCT	3
172	ACA	2
172	GCC	2
173	GCA	11154
173	GCG	13
173	GCT	4
174	GGA	10586
174	GGG	578
174	GGC	3
174	GGR	2
174	GGT	2
175	GAT	11086
175	GAC	85
175	GAY	2
176	AGA	11132
176	AGG	28
176	CGA	12
177	TCA	10083
177	TCT	1075
177	TCG	7
177	TCC	2
177	TCW	2
177	AGT	2
178	GGT	11094
178	GGC	75
178	GGA	2
179	CTT	11097
179	CTC	65
179	ATT	4
179	TTA	4
180	ACA	10879
180	ACT	134
180	ACG	118
180	GCA	22
180	ACC	2
181	GCT	10970
181	GCC	157
181	GCA	40
181	GCW	2
182	GTG	11044
182	GTA	121
182	GTT	5
182	GTR	2
183	ATT	11070
183	ATC	90
183	ATA	8
183	ACT	2
184	AGG	7462
184	AGA	3705
184	CGT	2
185	AGA	11119
185	AGG	50
185	AGR	2
186	GCT	6815
186	GCC	4318
186	GCA	24
186	TCT	2
186	GCW	2
186	GCY	2
186	GCG	2
187	AAT	7129
187	AAC	4033
187	AAY	4
188	AAT	11163
188	AAC	10
189	GTC	9479
189	GTT	1664
189	GTA	23
189	GTY	3
190	CTA	10969
190	TTA	124
190	CTG	46
190	CTT	8
190	YTA	3
190	CTC	2
191	AAA	11159
191	AAG	10
192	AAT	11139
192	AAC	31
192	TAT	2
193	GAA	11172
193	GAG	2
194	ATG	11130
194	ATA	42
195	AAA	11172
195	AAG	3
196	CGT	11049
196	CGC	79
196	CRT	19
196	CAT	3
196	AGA	2
196	CGG	2
197	TAT	10912
197	TAC	255
197	RAT	5
198	AAA	11082
198	AAG	90
199	GGT	10385
199	GGC	776
199	GGG	9
199	GGA	2
200	TTA	11089
200	CTA	73
200	TTG	8
200	CTT	2
201	TTA	10179
201	CTA	649
201	TTG	315
201	ATA	25
201	TCA	3
202	CCC	10665
202	CCA	423
202	CCT	77
203	AAG	11020
203	AAA	152
204	GAT	10989
204	GAC	132
204	GAA	46
205	ATA	11164
205	ATC	3
205	ATT	2
206	GCC	11064
206	GCT	80
206	GCA	24
206	GCG	2
207	AAC	11042
207	AAT	113
207	ACC	9
207	GAC	2
208	AGC	11000
208	AGT	159
208	AAC	2
208	TCC	2
208	AGY	2
209	TTC	11108
209	TTT	58
209	ATC	2
210	TAT	11163
210	TAC	7
211	GAA	11115
211	GAG	53
212	GTG	11123
212	GTA	43
212	TTG	2
213	TTT	11146
213	TTC	24
214	GAA	11145
214	GAG	16
214	GGA	2
214	GAT	2
215	AAA	11129
215	AAG	45
216	TAT	10421
216	CAT	660
216	TAC	83
216	TGT	2
217	CCT	11037
217	CCC	110
217	CCA	25
218	CAC	11089
218	CAT	79
218	CAY	2
219	TTT	11092
219	TTC	41
219	CTT	32
219	TTA	4
220	ATA	11169
220	ATT	2
221	GAT	11147
221	GAC	26
222	GTT	11056
222	GTA	76
222	GTC	28
222	ATT	3
223	TTT	11150
223	TTC	24
224	GTT	11080
224	GTC	45
224	GTG	35
224	GTA	11
225	CAT	10991
225	CAC	180
226	TTT	11092
226	TTC	81
227	GGT	10594
227	GGC	567
227	GGA	10
228	ATA	11168
228	ATC	5
229	GCA	11148
229	GCC	13
229	GCG	13
230	CAA	11144
230	CAG	31
231	TCT	11090
231	TCC	44
231	TCA	37
231	AGT	2
232	TCT	10930
232	TCC	232
232	TCA	6
232	TCY	3
232	AGT	2
233	ACC	10563
233	ACA	462
233	ACT	144
234	AGA	11015
234	AGG	159
235	GGT	11067
235	GGC	52
235	GGG	28
235	GGA	23
236	GGC	10797
236	GGT	372
236	GGA	3
237	AGT	11043
237	AGC	127
237	TCT	4
238	AGA	11167
238	AGG	4
238	CGT	2
239	GTT	11029
239	GTC	132
239	ATT	6
239	GTG	4
240	GAA	11135
240	GAG	39
241	GGG	11075
241	GGA	83
241	GGT	11
242	ATT	10969
242	ATC	177
242	ATA	19
242	GTT	2
243	TTT	11143
243	TTC	29
244	GCA	11137
244	GCG	27
244	GCT	8
245	GGA	11123
245	GGG	51
246	TTG	11024
246	CTG	81
246	TTA	67
246	CTC	2
247	TTT	10109
247	TTC	1063
248	ATG	11169
248	AAG	6
249	AAT	11163
249	AAC	10
250	GCC	11065
250	GCT	105
250	GCA	4
251	TAT	11126
251	TAC	47
252	GGT	11092
252	GGA	59
252	GGC	19
253	GCA	10968
253	GCG	28
253	GCT	10
253	TCA	5
254	GGG	10948
254	GGA	79
254	GGC	8
254	GGT	5
254	GGR	2
255	CAA	11101
255	CAG	65
256	GTG	11118
256	GTA	37
256	GTT	8
256	GTC	2
257	ATG	11166
258	TTA	10647
258	CTA	500
258	TTG	14
258	CTT	2
259	CGG	10443
259	AGG	663
259	CGA	46
259	AGA	7
259	MGG	3
260	TGG	11150
261	GGG	10213
261	GGA	950
261	GGT	6
262	GTC	11110
262	GTT	49
262	GTA	8
263	TTA	11093
263	CTA	59
263	TTG	18
263	CTC	2
264	GCA	11124
264	GCG	33
264	GCT	7
264	GCC	6
265	AAA	11165
265	AAG	7
266	TCA	11132
266	TCC	17
266	TCT	13
266	TCG	9
267	GTT	10325
267	GTC	808
267	GTA	29
267	ATT	6
267	GTG	2
268	AAA	11158
268	AAG	15
269	AAC	10494
269	AAT	678
270	ATT	10679
270	ATC	485
270	GTT	5
270	ATA	2
271	ATG	11174
272	TTA	10706
272	CTA	458
272	TTG	4
272	CTG	3
273	GGA	11114
273	GGG	60
274	CAC	10469
274	CAT	701
274	CAY	3
275	GCT	11058
275	GCC	114
276	AGT	11153
276	AGC	18
276	TCA	2
277	GTA	10574
277	GTG	589
277	GTC	6
278	CAA	11116
278	CAG	57
279	GCA	11076
279	GCG	55
279	GCT	41
279	GCC	2
280	GAA	11161
280	GAG	13
281	ATG	11174
282	GAA	11121
282	GAG	47
282	GAC	4
283	CAA	11163
283	CAG	10
284	GTT	10927
284	GTG	213
284	GTA	25
284	GTC	9
285	GTG	10897
285	GTA	151
285	GTT	125
286	GAG	10768
286	GAA	403
287	GTG	9974
287	GTA	698
287	GTT	495
287	GTC	5
288	TAT	11093
288	TAC	80
289	GAG	10505
289	GAA	668
290	TAT	7737
290	TAC	3433
290	TAY	2
291	GCT	10533
291	GCC	611
291	GCA	27
292	CAG	10572
292	CAA	601
292	CGG	2
293	AAA	11160
293	AAG	12
294	TTG	10978
294	TTA	183
294	CTG	9
294	CTT	2
295	GGT	11137
295	GGA	18
295	GGC	16
296	GGA	11039
296	GGT	88
296	GGG	43
297	GAA	11159
297	GAG	10
298	GCA	11146
298	GCT	11
298	GCG	10
299	GGA	11154
299	GGG	10
299	GGT	7
299	GGC	2
300	TTC	11105
300	TTT	69
301	TAC	11154
301	TAT	18
302	CAT	11136
302	CAC	34
303	ATA	11169
303	ATT	2
304	TTG	11103
304	TTA	60
304	CTG	9
305	AAC	11107
305	AAT	65
306	AAC	10861
306	AAT	309
306	AAY	2
307	CCA	11056
307	CCC	65
307	CCG	36
307	CCT	16
308	AAA	11120
308	AAG	52
309	GCA	11109
309	GCT	56
309	GCG	7
310	TCA	11158
310	TCT	7
310	TCG	5
310	AGT	2
311	CTA	10494
311	TTA	662
311	TTG	8
311	CTG	5
311	CTT	2
312	TTA	11073
312	TTG	60
312	CTA	30
312	CTG	5
312	CTT	2
313	TCT	10903
313	TCC	261
313	TCA	5
313	AGC	2
314	TTG	11095
314	CTG	50
314	TTA	23
315	ACT	11130
315	ACA	27
315	ACC	10
315	AAT	3
316	CAA	11163
316	CAG	8
317	TTT	11104
317	TTC	66
318	CCT	9539
318	CCC	1617
318	CCA	12
319	CAC	11119
319	CAT	43
319	AAC	8
320	TTC	11102
320	TTT	68
321	TCT	10375
321	TCC	785
321	TCA	6
322	AGT	11162
322	AGC	5
322	TCT	2
323	GTA	11116
323	GTC	30
323	GTG	13
323	GTT	7
324	GTA	11082
324	GTG	62
324	GCA	15
324	GTC	5
324	GTT	2
324	ATA	2
325	TTG	10435
325	TTA	642
325	CTG	73
325	CTA	13
326	GGC	11100
326	GGA	35
326	GGT	30
327	AAT	11144
327	AAC	21
328	GCT	10597
328	GCC	469
328	GCA	91
328	GTT	2
329	GCT	11136
329	GCA	16
329	GCC	9
329	GCW	3
329	GCG	3
330	GGC	10871
330	GGT	287
330	GGA	5
330	GGY	3
331	CTA	11051
331	TTA	78
331	CTG	40
332	GGC	10720
332	GGT	427
332	GGA	25
333	ATA	11172
333	ATC	2
334	ATG	11168
334	ATA	6
335	GGA	11062
335	GGG	104
335	GGT	5
335	GGC	2
336	GAA	11072
336	GAG	102
337	TAC	11140
337	TAT	33
338	AGA	11125
338	AGG	43
338	AAA	4
338	CGT	2
339	GGT	11017
339	GGC	151
339	GGA	5
339	AGC	2
340	ACA	11160
340	ACT	5
340	ATA	3
340	GCA	3
340	ACG	3
341	CCA	11053
341	CCG	105
341	CCT	15
342	AGG	10806
342	AGA	364
342	AAG	2
343	AAT	11116
343	AAC	56
344	CAA	11161
344	CAG	13
345	GAT	11069
345	GAC	102
346	TTA	10548
346	CTA	610
346	TTG	7
346	CTC	5
347	TAT	11166
347	TAC	5
348	GAT	11014
348	GAC	156
349	GCT	10858
349	GCA	307
349	GCG	3
349	GCC	2
350	GCA	11103
350	GCG	31
350	GCT	31
350	GCC	5
351	AAA	10577
351	AAG	594
352	GCA	11141
352	GTA	16
352	GCG	9
352	ACA	2
353	TAT	11156
353	TAC	14
354	GCT	11116
354	GCC	36
354	GCA	20
355	GAA	11144
355	GAG	29
356	CAA	11161
356	CAG	13
357	CTC	11117
357	CTT	52
357	CTA	3
357	TTG	2
358	AAA	11034
358	AAG	135
358	AGG	3
359	GAA	11164
359	GAG	9
360	AAT	11148
360	AAC	25
361	GGT	11128
361	GGC	24
361	GGA	21
362	GTG	11067
362	GTA	104
362	GTC	2
363	ATT	10869
363	ATC	291
363	ATA	10
364	AAC	11075
364	AAT	99
365	TAC	11056
365	TAT	118
366	AGT	11154
366	AGC	9
366	AAT	8
366	TCC	2
367	GTA	11130
367	GTG	30
367	GTC	10
367	ATA	2
367	GTT	2
368	TTA	10956
368	CTA	137
368	TTG	79
368	CTC	2
369	GAT	10015
369	GAC	1158
370	TTG	11039
370	CTG	89
370	TTA	44
370	CTA	2
371	ACA	11119
371	ACG	42
371	ACT	13
372	GCA	11076
372	GCG	53
372	ACA	19
372	GCT	16
372	GCC	3
372	GTA	2
372	TCA	2
373	GAA	11156
373	GAG	15
373	GAT	3
374	GAA	11152
374	GAG	21
375	CTA	11030
375	CTG	89
375	TTA	22
375	CTT	21
375	TTG	7
376	GAG	11044
376	GAA	116
376	GAT	10
377	GCT	11095
377	GCC	62
377	ACT	9
377	GCA	4
378	ATC	11120
378	ATT	36
378	ATA	12
379	AAA	11144
379	AAG	21
379	AGA	2
379	AAC	2
380	CAT	11050
380	CAC	115
380	TAT	2
381	CAG	11136
381	CAA	31
381	CAT	2
382	CTT	10938
382	CTC	218
382	CTA	9
382	TTG	2
383	AAT	11154
383	AAC	13
384	CCA	11076
384	CCT	70
384	CCC	9
384	CCG	4
384	TCA	4
384	ACA	2
385	AAA	11141
385	AAG	22
385	AGA	5
386	GAT	11080
386	GAC	80
386	GAA	5
387	AAT	11146
387	AAC	11
387	GAT	6
387	AGT	5
388	GAT	11150
388	GAC	16
389	GTA	11141
389	GTG	17
389	ATA	4
389	GTT	3
390	GAG	11139
390	GAA	24
390	GAT	5
391	CTT	11157
391	CTA	4
391	CTC	3
391	TTG	2
392	TGA	11141
392	TAA	20

#KY654518|NS1
1	ATG	8504
2	GGC	8339
2	GAC	133
2	GGA	56
2	GGT	20
2	AGC	16
2	GGG	3
3	AGC	8552
3	TGC	23
3	AGT	14
4	AAC	8022
4	AAT	589
4	AGC	9
4	ACC	4
5	TCA	10021
5	TCG	23
5	ACA	7
5	TTA	6
5	CCA	2
6	TTG	9847
6	TTA	195
6	CTG	8
6	TTT	2
7	AGT	9389
7	AGC	662
7	TGT	28
7	GGT	19
8	ATG	10248
8	GTG	13
8	ATA	3
9	ATA	9940
9	TTA	334
10	AAA	10238
10	AGA	13
10	AAG	11
11	GTT	10242
11	ATT	13
11	GCC	6
11	GTC	4
11	GTG	2
11	GTA	2
12	AGA	10267
12	AGG	4
12	GGA	3
13	TTG	9754
13	TTA	437
13	CTG	75
13	CTA	4
13	ATG	4
14	CAA	10271
15	AAT	10254
15	AAC	10
16	CTG	9645
16	TTA	368
16	TTG	225
16	CTA	33
16	CTT	8
17	TTT	10273
17	TTC	9
17	CTT	2
18	GAC	10231
18	GAT	67
18	AAC	2
19	AAT	10303
19	AAC	9
20	GAT	10299
20	GAC	9
20	CAT	3
20	GAA	3
21	GAA	10277
21	GAG	37
21	AAA	2
22	GTA	10182
22	GTT	99
22	GTG	22
22	TTA	4
22	ATA	4
22	GTC	2
23	GCA	10300
23	GCT	8
23	GCG	8
24	TTG	10254
24	CTG	32
24	TTA	26
24	CTA	3
25	TTA	9865
25	CTA	433
25	TTG	17
25	CTT	2
26	AAA	10308
26	AAG	10
27	ATA	10315
27	ATG	3
27	TTA	2
27	GTA	2
27	ATT	2
28	ACA	9953
28	ACC	358
28	ATA	9
28	ACT	4
28	ACG	2
29	TGC	10246
29	TGT	87
30	TAT	10293
30	CAT	23
30	TGT	12
30	TAC	3
30	GAT	2
30	AAT	2
31	ACT	10190
31	ACG	91
31	GCT	32
31	ACC	12
31	ACA	3
32	GAC	10150
32	GAT	162
32	GAA	8
32	AAC	7
33	AAA	10304
33	AAG	19
33	GAA	4
33	AGA	2
34	TTA	9961
34	TTG	370
35	ATA	10319
35	ATT	4
35	ATG	3
36	CAG	9759
36	CAT	541
36	CAA	17
36	CGG	3
36	CTG	2
36	CTT	2
37	TTA	10270
37	TTG	51
37	CTA	3
37	CTG	2
38	ACT	9761
38	ACC	546
38	ATT	8
38	ACG	5
38	ACA	3
39	AAT	10302
39	AAC	24
40	GCT	10268
40	GCC	36
40	GCA	8
40	ACT	7
40	GCG	2
41	TTG	9712
41	TTA	604
41	CTG	3
41	CTA	3
41	TTR	2
42	GCT	10245
42	GCC	52
42	GCG	11
42	GTT	3
42	GCA	2
43	AAG	6919
43	AAA	3391
43	AAR	2
44	GCA	9817
44	GCG	482
44	GCT	14
44	TCA	2
45	GTT	9716
45	GTG	536
45	GTC	52
45	GTA	4
45	ATT	3
45	TTT	2
45	ATG	2
46	ATA	10314
46	ATT	2
47	CAT	9877
47	CAC	442
48	ACA	10304
48	ACG	9
48	ACT	4
49	ATC	10199
49	ATA	69
49	ATT	52
49	CTC	2
50	AAA	10307
50	AAG	13
51	TTG	10260
51	TTA	35
51	CTG	4
51	ATG	2
51	CTT	2
52	AAT	10302
52	AAC	4
52	AGT	2
53	GGC	10096
53	GGT	168
53	GGA	43
54	ATT	10276
54	ATA	17
54	ATC	13
54	ACT	2
54	GTT	2
55	GTA	10113
55	GTG	122
55	ATA	66
55	GTC	5
55	ATG	2
55	ACA	2
56	TTT	10299
56	TTC	38
57	GTG	10065
57	GTA	251
57	GTT	20
58	CAT	10335
58	CAC	3
59	GTT	8930
59	GTC	1248
59	GTA	146
59	ATT	8
59	GTY	2
59	GCT	2
60	ATT	9860
60	ATA	467
60	ATC	12
61	ACA	10324
61	ACG	10
61	ACT	3
62	AGT	10098
62	AGC	215
62	GGT	18
62	TCT	4
62	AAT	2
63	AGT	10295
63	GGT	28
63	AGC	5
63	AAT	3
63	TGT	3
63	TCT	2
64	GAT	10311
64	GAC	14
64	GGT	5
64	AAT	4
64	TAT	2
64	GAA	2
65	ATT	10242
65	ACT	39
65	ATC	20
65	GTT	12
65	AAT	11
65	ATA	2
65	GTG	2
66	TGC	10319
66	TGT	17
67	CCT	10261
67	CCC	64
67	CTT	3
67	CCA	3
67	CCG	2
67	TCT	2
68	AAT	10323
68	AAC	14
68	GAT	4
68	AGT	4
69	AAT	10320
69	AAC	11
69	GAT	11
69	TGT	2
70	AAT	10296
70	AAC	28
70	AGT	11
70	GAT	10
71	ATT	10266
71	GTT	38
71	ATA	26
71	ACT	11
71	ATC	6
72	GTA	10323
72	GTG	13
72	ATA	8
72	GTC	2
73	GTG	10127
73	GTA	189
73	GAG	11
73	ATG	10
73	GTT	8
73	GTC	2
74	AAA	10320
74	AAG	16
74	GAA	10
74	AGA	2
75	TCC	10266
75	TCT	64
75	TCA	16
75	TCG	2
76	AAT	9958
76	AAC	390
77	TTC	10316
77	TTT	31
78	ACA	10099
78	ACT	240
78	ATA	6
78	GCA	2
79	ACA	10341
79	ACG	2
79	GCA	2
79	TCA	2
80	ATG	10347
81	CCA	10275
81	CCC	49
81	CCG	16
81	CCT	7
82	GTA	9708
82	GTG	409
82	ATA	221
82	GCA	4
82	GCG	3
82	GTT	2
83	TTA	10214
83	CTA	124
83	TTG	8
84	CAA	9880
84	CAG	444
84	CAT	15
84	CGA	4
84	CTA	2
85	AAT	10341
85	AGT	3
85	AAC	2
86	GGA	10292
86	GGT	36
86	GGG	17
86	GGC	2
87	GGT	10283
87	GGC	59
87	GGA	3
87	GGG	3
88	TAT	10341
88	TAC	5
89	ATA	10342
89	ATT	4
89	ATG	2
90	TGG	10345
91	GAA	10278
91	GAT	56
91	AAA	2
91	GGA	2
92	ATG	10327
93	ATG	10315
93	ATA	9
93	GTG	2
93	ATT	2
94	GAA	9938
94	GAG	397
95	TTA	10175
95	TTG	148
95	CTA	5
96	ACA	10315
96	ACG	11
97	CAC	9969
97	CAT	361
98	TGC	10312
98	TGT	23
99	TCT	10290
99	TCC	21
99	TTT	9
99	TCA	9
99	ACT	2
99	AGT	2
100	CAA	10268
100	CAG	60
101	CCT	9503
101	CCC	801
101	TCT	13
101	CCA	3
101	CAT	2
102	AAT	10281
102	AAC	42
102	AGT	2
102	ACT	2
103	GGC	10050
103	GGT	252
103	GAC	5
103	AGC	4
103	GGA	4
103	TGC	3
104	CTA	10112
104	TTA	107
104	ATA	94
104	TTG	3
104	YTA	2
104	CTG	2
105	ATA	10206
105	CTA	85
105	ACA	14
105	ATG	5
105	TTA	4
105	TTG	2
106	GAT	10121
106	GAC	172
106	GAA	21
106	TAT	3
106	AAT	2
107	GAC	10206
107	GAT	116
108	AAT	10324
108	AAC	4
109	TGT	10326
109	TGC	8
110	GAA	8728
110	GAG	1596
110	GAT	3
111	ATT	9889
111	ATC	427
111	ATA	10
111	GTT	2
112	AAA	10315
112	AAG	6
112	AGA	4
113	TTC	10164
113	TTT	156
114	TCC	10133
114	TCA	115
114	TCT	73
114	AGT	2
115	AAA	10305
115	AAG	9
115	AGA	8
115	GAA	2
116	AAA	10117
116	AAG	220
116	AGA	5
117	CTA	10302
117	TTA	23
117	CTG	14
117	CCA	2
118	AGT	9972
118	AGC	363
118	AAT	2
118	TCC	2
119	GAT	10329
119	GAC	10
119	AAT	3
120	TCA	10318
120	TCT	11
120	TCG	10
120	TCC	4
120	AGT	2
121	ACA	10319
121	ATA	14
121	ACG	5
121	ACC	2
122	ATG	10338
123	ACC	10216
123	ACT	115
123	ACA	3
123	ACY	3
123	TCC	2
124	AAT	9962
124	AAC	375
125	TAT	10329
125	TAC	9
126	ATG	10337
127	AAT	10293
127	AGT	17
127	GAT	7
127	AAC	4
128	CAA	10308
128	CAG	13
128	CGA	2
129	TTA	10259
129	TTG	44
129	CTA	22
130	TCT	10309
130	TCA	11
130	TCC	4
130	AGT	2
131	GAA	10298
131	GAG	27
131	AAA	2
132	TTA	9683
132	CTA	610
132	TTG	21
132	CTT	2
133	CTT	10194
133	CTC	104
133	CTA	15
133	ATT	5
133	TTT	2
133	TTA	2
134	GGA	10300
134	GGG	9
134	GGT	4
135	TTT	10291
135	CTT	11
135	TTC	9
135	TTA	3
136	GAC	9796
136	GAT	524
137	CTC	9847
137	CTT	373
137	ATC	74
137	CTA	15
137	TTA	2
137	ATT	2
137	MTC	2
138	AAT	10293
138	AAC	27
138	AGT	3
139	CCA	10241
139	CCG	53
139	CCT	14
139	TCA	7
139	CTA	2
140	TAA	10291
140	TAG	14
140	TGA	13

#KY654518|NS2
1	ATG	10824
1	ATR	2
2	GAC	10666
2	GAT	96
2	AAC	37
2	GGC	20
2	GAA	14
3	ACA	10144
3	ATA	344
3	GCA	244
3	ACG	50
3	ACT	38
3	AAA	9
3	TCA	5
4	ACA	10610
4	ACC	57
4	ACT	54
4	ATA	53
4	ACG	18
4	GCA	13
4	AAA	10
5	CAC	10750
5	CAT	33
5	AAC	12
5	CAA	9
5	TAC	7
5	CAG	2
6	AAT	10725
6	AAC	49
6	GAT	20
6	AGT	12
6	TAT	7
6	ATT	6
6	AAG	2
6	AAA	2
7	GAT	10334
7	GGT	321
7	AAT	83
7	GAC	71
7	GGC	3
7	TAT	2
8	ACC	8865
8	ACT	1613
8	GCC	277
8	AAT	35
8	ATC	11
8	AAC	10
8	ACA	3
8	ATT	2
9	ACA	10665
9	TCA	52
9	GCA	45
9	AAA	26
9	ATA	20
9	ACT	6
9	CCA	2
9	ACG	2
10	CCA	10721
10	TCA	43
10	CAA	35
10	CTA	14
10	CCG	4
10	CCT	4
10	ACA	3
11	CAA	10780
11	CAG	52
11	AAA	7
11	CGA	5
11	GAA	4
11	CTA	2
12	AGA	10786
12	AAA	39
12	GGA	26
12	AGG	4
13	CTG	10655
13	CTA	158
13	TTG	31
13	CTT	6
13	CCG	3
13	ATG	2
14	ATG	10816
14	ATA	27
14	ACG	8
14	ATT	3
14	GTG	2
15	ATC	10804
15	GTC	19
15	ATT	13
15	ATA	13
15	ACC	3
15	AAC	2
16	ACA	10779
16	ACG	45
16	ACT	18
16	GCA	4
16	AAA	2
16	ATA	2
16	ACC	2
17	GAC	10737
17	GAT	103
17	AAC	10
18	ATG	10836
18	AYG	6
18	ATA	5
18	ACG	5
19	AGA	10803
19	AGG	49
19	AAA	11
20	CCA	10671
20	CCG	144
20	CCT	28
20	CCC	6
20	CTA	2
21	TTA	9225
21	CTA	967
21	TTG	654
21	CTG	17
22	TCG	5485
22	TCA	5366
22	TCT	5
22	TCR	3
22	GTT	2
23	CTT	10777
23	CTC	45
23	CTG	13
23	CTA	11
23	TTT	7
23	ATT	7
23	CCT	2
23	ATG	2
23	TTA	2
24	GAG	10787
24	GAA	65
24	GAT	15
24	GAC	2
25	ACT	10645
25	ACC	206
25	TCT	8
25	ACA	5
25	TCA	3
25	ACY	2
26	ATA	10540
26	ACA	306
26	GTA	15
26	AAA	3
26	TTA	3
26	ATT	2
26	ATG	2
27	ATA	10871
28	ACA	10804
28	ACG	40
28	ATA	14
28	ACC	8
28	ACT	4
29	TCT	10277
29	TCA	570
29	TCC	18
29	TCG	6
29	AGC	2
30	CTA	10599
30	TTA	247
30	CTG	22
30	CTC	3
30	ATA	3
31	ACC	10312
31	ACT	490
31	ACA	74
32	AGA	10791
32	AAA	79
32	AGG	5
32	CGA	2
33	GAC	6064
33	GAT	4796
33	AAC	6
33	GAA	5
33	AAT	4
34	ATC	10843
34	ATA	26
34	ATT	14
35	ATA	10869
35	GTA	5
35	ATC	3
35	ACA	2
36	ACA	10866
36	ACG	8
36	ACT	2
37	CAT	10258
37	CAC	616
38	AAA	10346
38	AGA	491
38	GAA	15
38	AAG	10
38	CAA	6
38	AGG	5
39	TTT	10829
39	TTC	39
40	ATA	10864
40	ATT	5
40	ATC	4
40	GTA	2
41	TAC	10845
41	TAT	29
42	TTG	10800
42	TTA	59
42	CTG	8
42	CTC	2
43	ATA	10839
43	ATG	30
43	ATT	3
43	ATC	2
44	AAT	10853
44	AAC	21
45	CAT	10869
45	CAC	5
45	AAT	3
46	GAA	10844
46	GAG	4
47	TGC	10416
47	TGT	431
48	ATA	10833
48	ACA	7
48	ATT	5
48	ATC	2
49	GTG	10743
49	GTA	98
49	GTT	8
50	AGA	10150
50	AGG	478
50	AAA	215
50	GGA	2
50	CGA	2
51	AAA	10789
51	AAG	61
52	CTT	10722
52	CTA	118
52	CTC	12
52	TTG	2
53	GAT	10807
53	AAT	60
53	GAC	11
53	GGT	2
54	GAA	10856
54	GAG	11
54	AAA	2
55	AGA	10839
55	AAA	21
55	AGG	8
56	CAG	10610
56	CAA	251
57	GCC	10803
57	GCT	48
57	GCA	14
58	ACA	10857
58	ACG	4
58	ACT	3
58	ACC	2
59	TTT	10773
59	TTC	49
59	TTA	28
59	TCT	5
59	CTT	4
59	ATT	3
60	ACA	10853
60	ACG	7
60	ATA	4
60	GCA	4
60	ACT	2
61	TTT	10194
61	TTC	683
62	CTG	10511
62	TTG	204
62	CTA	131
62	CTT	6
62	TTA	2
63	GTC	10800
63	GTT	29
63	ATC	12
63	GCC	7
63	GTA	4
64	AAC	10477
64	AAT	358
65	TAT	10802
65	TAC	25
65	CAC	2
66	GAA	10828
66	GAG	9
67	ATG	10831
67	GTG	4
67	ATA	2
68	AAA	10806
68	AAG	28
68	GAA	2
69	CTA	10789
69	CTG	24
69	TTA	10
69	CCA	3
69	CTC	2
69	CTT	2
70	TTG	10714
70	TTA	91
70	CTG	28
71	CAC	10782
71	CAT	48
71	AAC	3
71	TAC	2
72	AAA	10794
72	AAG	29
72	AGA	11
73	GTG	10594
73	GTA	234
73	GTT	7
74	GGA	10811
74	GGT	16
74	GGG	5
74	GGC	4
75	AGC	10777
75	AGT	60
75	TCA	2
76	ACT	10633
76	ACC	186
76	GCT	4
76	ACA	3
76	TCT	3
77	AAA	10576
77	AAG	258
78	TAT	10072
78	TAC	739
78	CAC	8
78	CAT	7
79	AAA	10810
79	AAG	16
79	AAC	4
79	AGA	2
80	AAA	10781
80	AAG	44
80	CAA	7
80	AGA	4
80	ATA	3
81	TAT	10782
81	TAC	54
82	ACT	10439
82	ACA	379
82	ACC	14
82	ACG	3
82	ATT	2
83	GAA	10823
83	GAG	18
83	GGA	2
84	TAC	10718
84	TAT	123
84	CAC	2
85	AAC	10705
85	AAT	146
85	AGC	2
86	ACA	10828
86	ACG	26
86	ACT	7
86	GCA	2
87	AAA	10830
87	AAG	28
87	AGA	3
88	TAT	10795
88	TAC	39
88	CAT	2
89	GGC	10768
89	GGT	54
89	GGA	6
89	GGG	2
90	ACT	10673
90	ACC	144
90	ACA	10
90	GCT	2
91	TTC	10065
91	TTT	758
91	CTC	3
92	CCT	10623
92	CCC	201
92	CCA	3
93	ATG	10855
93	ATA	2
94	CCA	10760
94	CCG	74
94	CCT	21
95	ATA	10864
96	TTT	9973
96	TTC	881
97	ATC	10797
97	ATT	37
97	GTC	14
97	ATA	12
98	AAT	10656
98	AAC	177
98	GAT	24
98	AGT	2
99	CAT	10860
99	CAC	4
100	GAT	10820
100	AAT	15
100	GGT	14
100	GAC	8
100	GGC	3
101	GGG	10830
101	GGA	26
101	GGT	10
101	GAG	2
101	GGC	2
102	TTC	10827
102	TTT	34
102	CTC	3
103	TTA	10590
103	CTA	201
103	TTG	45
103	TTT	16
103	CCA	4
103	CTG	2
103	CTC	2
104	GAA	10837
104	GAG	35
104	AAA	2
105	TGC	10758
105	TGT	102
106	ATT	10834
106	ATA	20
106	ATC	11
106	GTT	10
107	GGC	10802
107	GGT	51
107	GGA	20
108	ATT	10205
108	ATC	664
108	ATA	4
109	AAG	10687
109	AAA	186
110	CCT	10282
110	CCC	540
110	CCA	38
110	CCY	9
111	ACC	10177
111	ACA	573
111	ACT	114
112	AAG	10768
112	AAA	87
112	AGG	5
113	CAC	10715
113	CAT	142
113	TAC	2
114	ACA	7779
114	ACC	2495
114	ACT	571
114	ACG	9
114	ACM	3
115	CCC	10804
115	CCT	35
115	CCA	12
115	TCC	9
116	ATA	10844
116	ACA	9
116	GTA	8
117	ATA	10847
117	ATG	5
117	ATC	5
117	ACA	4
118	TAC	10353
118	TAT	505
119	AAG	10785
119	AAA	22
119	AGG	2
120	TAT	10745
120	TAC	53
121	GAT	10762
121	GAC	37
122	CTC	10533
122	CTA	144
122	CTT	117
122	TTG	2
123	AAT	10743
123	AAC	39
123	AAA	3
123	GAT	3
124	CCA	10726
124	CCG	34
124	CCT	24
124	CTA	4
124	TCA	2
125	TGA	10360
125	TAA	425

#KY654518|P
1	ATG	11404
2	GAA	11248
2	GAC	115
2	GAT	31
2	GAG	9
2	GAR	2
3	AAG	11360
3	AAA	41
3	AGG	4
4	TTT	11352
4	TTC	51
5	GCT	11385
5	GCC	12
5	GCA	7
5	GCW	2
6	CCT	11402
6	CCC	3
6	CCA	3
7	GAA	11380
7	GAG	28
8	TTC	11343
8	TTT	62
8	TTY	2
9	CAT	11363
9	TAT	21
9	CAC	21
9	CAG	2
10	GGA	11390
10	GGG	15
10	CTT	2
11	GAA	11392
11	GAT	7
11	GAG	5
11	TTC	2
12	GAT	11023
12	GAC	378
12	GAY	3
12	CAT	2
13	GCA	11380
13	GCC	16
13	GCT	11
13	GAT	2
14	AAC	11364
14	AAT	39
14	AGC	3
14	GAT	2
14	AAY	2
15	AAC	11232
15	AAT	172
15	TTA	2
15	AGC	2
16	AGA	11246
16	AGG	134
16	AAA	22
16	ARA	3
16	CGA	3
16	TTT	2
17	GCC	11024
17	GCT	360
17	GCA	22
17	GCY	2
18	ACC	10643
18	ACT	604
18	ACA	160
19	AAA	11389
19	AAG	21
20	TTC	10676
20	TTT	734
21	CTA	11276
21	TTA	105
21	CTG	22
21	CTT	8
22	GAA	11167
22	GAG	241
23	TCA	11375
23	TCT	31
23	AGT	2
23	TCC	2
24	ATA	11368
24	ATT	26
24	ATC	10
24	ACA	3
24	TTA	2
25	AAG	10989
25	AAA	416
25	AAR	3
25	AGG	2
26	GGC	10538
26	GGT	739
26	GGA	133
27	AAA	11365
27	AAG	38
27	AGA	5
27	AAR	2
28	TTC	11334
28	TTT	77
28	TTY	2
29	ACA	11378
29	ACG	14
29	GCA	11
29	ACC	3
29	RCA	3
29	ACT	2
29	CCA	2
30	TCA	11361
30	TCG	24
30	TTA	21
30	TCT	6
30	AGT	2
31	CCC	10486
31	CCT	726
31	CCA	168
31	ACC	15
31	TCC	7
31	ACT	5
31	YCC	3
31	CCY	2
32	AAA	11370
32	AAG	30
32	AGA	14
33	GAT	11242
33	GAC	155
33	GAA	16
33	GTT	2
34	CCC	11025
34	CCT	238
34	CCA	41
34	CTC	38
34	TCC	31
34	GCC	25
34	CAC	6
34	ACC	5
34	CCY	3
34	CCM	2
35	AAG	11312
35	AGG	4
36	AAA	11384
36	AAG	26
36	AAR	2
37	AAA	11375
37	AAG	36
37	AGA	2
38	GAT	11256
38	GAC	145
38	GGT	5
38	GAG	3
39	AGT	11267
39	AGC	130
39	AAT	9
39	AGY	2
39	TCA	2
40	ATC	11379
40	ATT	21
40	ATA	9
40	ATM	2
41	ATA	11412
42	TCT	11392
42	TCA	11
42	TCC	9
42	AGC	2
43	GTC	11330
43	GTA	36
43	GTT	34
43	ATC	11
43	TTC	3
44	AAC	10768
44	AAT	648
45	TCA	11406
45	TCT	7
45	TCG	2
46	ATA	11407
46	ATT	3
46	GTA	3
47	GAT	11006
47	GAC	382
47	GAA	24
47	GAY	2
48	ATA	11406
48	CTA	3
48	TTA	2
48	ATC	2
49	GAA	11399
49	GAG	11
49	GAT	3
49	GGA	3
50	GTA	11370
50	GTG	19
50	GCA	9
50	GTC	6
50	GTT	6
50	GTM	2
50	ATA	2
51	ACC	11259
51	ACT	76
51	ACA	49
51	TCC	24
51	ATC	4
51	ACY	2
52	AAA	11355
52	AAG	60
53	GAA	11401
53	GGA	6
53	GAG	6
53	GAR	2
54	AGC	11209
54	AGT	195
54	AGY	8
54	TCA	2
55	CCT	11220
55	CCC	167
55	CTT	16
55	CCG	7
55	CCK	2
56	ATA	11407
56	ATC	3
56	ACA	2
57	ACA	11042
57	ACT	316
57	ACG	43
57	ATA	9
57	TCA	2
57	ACC	2
58	TCA	11383
58	TCG	14
58	TCT	10
58	TTA	3
58	AGC	2
59	AAT	11245
59	AGT	132
59	AAC	32
59	GGC	3
60	TCA	11297
60	TCG	52
60	CCA	39
60	TTA	10
60	TCT	5
60	ACA	4
60	ACC	3
60	AGT	2
60	AGC	2
61	ACC	11032
61	ACT	330
61	GCC	30
61	ATC	7
61	AAC	5
61	ACG	4
61	ACA	4
61	CCC	2
62	ATT	11045
62	ATC	256
62	ACT	92
62	GTT	8
62	ACC	6
62	ATA	5
63	ATA	10853
63	GTA	347
63	ACA	94
63	ATC	89
63	ATT	10
63	TTA	8
63	GCA	8
63	ATG	3
64	AAC	9297
64	AAT	2079
64	ACC	14
64	AGC	13
64	AAY	3
64	AAA	2
64	CAC	2
64	AGT	2
65	CCA	10782
65	CCT	388
65	CCG	120
65	CAA	51
65	CTA	34
65	TCA	16
65	CCC	11
65	TCT	6
65	TCG	2
65	ACA	2
66	ATA	10581
66	ACA	782
66	ATT	35
66	GTA	5
66	TTA	3
66	ACT	2
66	ATG	2
66	GCA	2
67	AAT	11390
67	AGT	18
67	AAC	6
68	GAG	11323
68	GAA	68
68	GAT	18
68	GGG	2
69	ACA	9795
69	ATA	1483
69	GCA	119
69	ACG	9
69	GCC	3
69	AYA	2
70	GAT	11330
70	GAC	47
70	GAA	32
70	AAT	5
71	GAT	11258
71	GAC	138
71	AGT	4
71	TAT	4
71	GAA	2
72	ACT	11304
72	ATT	34
72	AAT	27
72	ACC	21
72	GCT	19
72	ACG	6
72	ACA	3
73	GTA	10782
73	GCA	481
73	ATA	69
73	ACA	29
73	TCA	24
73	GTT	10
73	GTG	5
73	TTA	4
73	CCA	3
73	GCT	2
74	GGG	11158
74	GGA	130
74	GAG	83
74	GTG	16
74	AGG	14
74	GAA	3
74	GGC	2
75	AAC	11180
75	AAT	138
75	TAC	55
75	AGC	26
75	CAC	5
75	ACT	2
75	GAC	2
76	AAG	11373
76	AAA	35
77	CCC	11231
77	CCT	83
77	TCC	36
77	CCA	25
77	CTC	24
77	GCC	3
77	ACC	2
77	CAC	2
78	AAT	11129
78	AAC	243
78	TAT	22
78	AGT	8
78	ACT	3
78	GAT	2
79	TAT	11360
79	TAC	43
79	CAT	6
80	CAA	11393
80	CAG	7
80	CCA	4
80	CTA	3
81	AGA	11015
81	AGG	372
81	CGA	17
81	CGG	2
82	AAG	10761
82	AAA	647
83	CCT	11187
83	CCA	203
83	CCC	13
83	TCT	2
83	CTT	2
84	CTA	11137
84	TTA	223
84	CTG	47
84	TTG	2
85	GTA	11083
85	GTG	312
85	GTC	5
85	ATA	5
85	GTT	4
86	AGT	11346
86	AGC	57
86	AAT	2
86	TCC	2
86	TCA	2
87	TTC	11309
87	TTT	98
88	AAA	11299
88	AGA	95
88	AAG	14
89	GAA	11299
89	GAG	61
89	GAC	25
89	GAT	22
89	GAM	3
90	GAC	11330
90	GAT	75
90	AAC	4
91	CCT	11135
91	CCC	227
91	TCT	25
91	CTT	9
91	CTC	5
91	CCA	5
92	ACG	9292
92	ATG	1633
92	ACA	372
92	ATA	94
92	ACT	6
92	ACC	5
92	GCG	4
93	CCA	10781
93	CCC	492
93	CCG	77
93	CCT	54
93	CTA	5
93	TCA	2
94	AGT	11383
94	AAT	15
94	AGC	5
94	GGT	4
94	TCA	2
95	GAT	11289
95	GAC	119
95	AAT	2
95	GAG	2
96	AAT	11401
96	AAC	6
96	AAY	2
97	CCT	10311
97	CCC	1067
97	CTT	16
97	CCA	10
97	TCT	3
97	CYT	2
98	TTT	11377
98	TTC	31
98	TTY	2
99	TCA	11219
99	TCT	96
99	ACA	46
99	TCG	39
99	AGT	4
99	TCC	3
99	TCW	2
100	AAA	11388
100	AAG	14
100	AGA	6
100	AAR	2
101	CTA	11261
101	CTG	65
101	TTA	46
101	CTC	25
101	TTG	7
101	CTT	3
101	YTR	2
102	TAC	11308
102	TAT	101
103	AAA	11385
103	AAG	25
104	GAA	11387
104	GAG	3
104	GAT	2
105	ACC	11332
105	ACT	55
105	ACA	4
106	ATA	11343
106	ACA	30
106	ATG	9
106	ATC	7
106	TTA	3
107	GAA	11366
107	GAG	27
108	ACA	11388
108	ACG	3
109	TTT	11384
109	TTC	25
110	GAT	11369
110	GAC	40
111	AAC	10998
111	AAT	409
112	AAT	11317
112	AAC	91
113	GAA	11359
113	GAG	49
114	GAA	11376
114	GAG	30
114	GAT	2
115	GAA	11231
115	GAG	175
115	GGA	3
116	TCT	11211
116	TCC	183
116	TCA	11
116	AGT	2
116	CCT	2
117	AGC	11395
117	AGT	8
117	TCA	2
117	TCT	2
117	TGC	2
118	TAT	11325
118	TAC	81
118	TAY	4
119	TCA	11379
119	TCG	24
119	TCR	3
119	AGC	2
120	TAT	11347
120	TAC	61
121	GAA	11343
121	GAG	60
121	GAR	3
121	GAT	2
122	GAA	11396
122	GAG	9
122	GAR	3
123	ATA	11379
123	ATT	22
123	ATC	4
123	ATM	3
124	AAT	11387
124	AAC	19
125	GAT	11373
125	GAC	30
125	GAY	2
126	CAG	10918
126	CAA	485
126	CAR	3
127	ACA	11377
127	ACT	16
127	ACG	12
127	GCA	2
128	AAC	10259
128	AAT	1129
128	AGC	11
128	ACC	4
128	AAY	4
128	GAC	2
129	GAT	11295
129	GAC	107
129	AAT	6
129	GAA	2
130	AAT	11328
130	AAC	72
130	AGT	5
130	AAY	4
131	ATA	11390
131	ATT	12
131	ACA	5
131	ATW	3
131	GTA	2
132	ACA	11328
132	ACG	54
132	ACT	18
132	ACC	8
133	GCA	11366
133	GTA	14
133	TCA	9
133	ACA	7
133	GCG	6
133	GAA	4
133	GCT	3
134	AGA	11375
134	AGG	36
135	TTA	11375
135	CTA	24
135	TTG	11
135	YTA	3
136	GAT	11296
136	GAC	118
137	AGG	11360
137	AGA	50
137	AGR	2
137	AAG	2
138	ATT	11374
138	ATC	38
138	ATA	3
139	GAT	11411
139	GAC	5
140	GAG	10874
140	GAA	538
140	GAR	2
141	AAA	11362
141	AAG	52
142	TTA	11332
142	CTA	75
142	TTG	7
143	AGT	11263
143	AGC	148
143	TCT	2
143	GGT	2
144	GAA	11406
144	GAG	8
145	ATA	11400
145	ATG	5
145	ATT	4
145	GTA	3
145	RTA	2
146	CTA	10805
146	TTA	474
146	CTG	111
146	YTA	20
146	CTT	2
147	GGA	11328
147	GGG	60
147	GGT	27
148	ATG	11412
149	CTT	11383
149	CTC	17
149	CTA	6
149	CTG	2
149	TTA	2
149	CTY	2
150	CAC	11351
150	CAT	59
150	CAY	2
151	ACA	11399
151	ACG	11
151	ACT	2
152	TTA	11001
152	CTA	384
152	TTG	26
153	GTA	11316
153	GTG	92
153	GTT	3
154	GTA	11268
154	GTG	110
154	GTT	22
154	ATA	5
154	GTC	2
154	GTW	2
155	GCG	8999
155	GCA	2271
155	GCT	132
155	GCR	5
155	GCC	2
156	AGT	11389
156	AGC	16
156	TCT	4
157	GCA	11399
157	GCT	4
157	GCG	4
157	GCC	2
158	GGA	11320
158	GGT	53
158	GGG	36
159	CCC	10094
159	CCT	1300
159	CCA	13
159	CCG	2
160	ACA	11367
160	ACT	35
160	ACG	4
161	TCT	11359
161	TCC	33
161	TCA	7
161	TCG	6
161	AGT	2
162	GCT	11285
162	GCC	115
162	GCA	5
163	CGG	11062
163	CGA	288
163	AGG	44
163	CGT	9
163	AGA	4
164	GAT	11370
164	GTT	29
164	GAC	7
165	GGT	11320
165	GGC	73
165	GGA	11
165	GGG	4
166	ATA	11380
166	TTA	31
167	AGA	11159
167	AGG	28
167	CGA	2
168	GAT	11142
168	GAC	46
169	GCC	11061
169	GCT	112
169	GCA	11
170	ATG	11188
171	GTT	10928
171	GTC	211
171	ATT	40
171	GTA	8
171	GTG	2
172	GGT	11134
172	GGC	39
172	GGG	13
172	GGA	3
173	TTA	10947
173	TTG	187
173	CTA	53
173	CTC	2
174	AGA	10998
174	CGA	183
174	AGG	7
174	CGG	2
175	GAA	11173
175	GAG	15
176	GAA	11181
176	GAG	6
177	ATG	11403
177	ATA	4
177	ATT	2
178	ATA	11405
179	GAA	11401
179	GAG	8
180	AAA	11407
180	AAG	3
181	ATC	11191
181	ATT	194
181	ATA	26
182	AGA	11291
182	AGG	121
183	ACT	11269
183	ACC	127
183	GCA	6
183	ACA	6
184	GAA	11374
184	GAG	37
185	GCA	11372
185	GCG	34
185	GCT	6
186	TTA	11220
186	TTG	174
186	CTA	18
187	ATG	11411
188	ACC	11368
188	ACT	35
188	ACA	9
189	AAT	11269
189	AAC	141
189	AGT	2
190	GAC	11007
190	GAT	403
190	GAY	2
191	AGA	11354
191	AGG	39
191	AAA	17
191	AGR	2
192	CTA	10836
192	TTA	560
192	CTG	9
192	CTC	2
192	YTA	2
193	GAA	11332
193	GAG	76
193	GAR	2
194	GCT	11258
194	GCC	128
194	GCA	5
194	ACT	5
194	GCY	2
195	ATG	11407
196	GCA	11363
196	GCG	23
196	GTA	12
196	GCT	6
196	GCC	2
196	ACA	2
197	AGA	11293
197	AGG	114
198	CTC	10722
198	CTT	680
198	CTA	4
198	CTY	3
198	TTA	2
199	AGG	11286
199	AGA	119
199	AAG	6
200	AAT	11374
200	AAC	28
200	GAT	6
200	AGT	5
201	GAA	10742
201	GAG	665
201	AAA	4
202	GAA	10719
202	GAG	694
203	AGT	11371
203	AGC	40
203	TCC	2
203	AGY	2
204	GAA	11402
204	GAG	7
204	AAA	4
205	AAG	11395
205	AAA	18
205	AAR	2
206	ATG	11413
206	GTG	2
207	GCA	11377
207	GCG	11
207	ACA	11
207	GTA	7
207	GCT	7
208	AAA	11245
208	AAG	157
208	AGA	7
209	GAC	11258
209	GAT	153
209	AAC	3
210	ACA	11345
210	ACG	59
210	ACC	4
210	ACT	2
210	ACM	2
211	TCA	11402
211	TCG	5
211	TCT	5
212	GAT	11301
212	GAC	110
213	GAA	11405
213	GAG	7
213	AAA	2
214	GTG	11254
214	GTA	133
214	GTT	23
215	TCT	11214
215	CAT	60
215	TCC	31
215	ACT	14
215	TAT	14
215	TCA	6
215	CCT	4
215	TTT	3
216	CTC	11105
216	CTT	240
216	CTA	63
216	TTA	2
216	TTC	2
217	AAT	11346
217	AAC	64
217	ACT	2
218	CCA	11395
218	CCT	9
218	TCA	3
218	CTA	3
218	CCG	2
219	ACA	11381
219	ATA	11
219	ACG	10
219	ACC	4
219	ACT	4
219	GCA	3
220	TCA	11386
220	TCT	12
220	TCG	6
220	TCC	5
220	AGC	2
221	GAG	11259
221	GAA	86
221	AAG	36
221	GTG	21
221	GCG	3
221	AAA	2
221	GGG	2
222	AAA	11378
222	AAG	16
222	AGA	13
223	CTG	10710
223	TTG	662
223	CTA	22
223	TTA	18
223	CTC	2
224	AAC	11367
224	AAT	43
224	AGT	2
225	AAC	11372
225	AGC	17
225	AAT	12
225	GAC	5
225	TAC	3
225	ACC	3
226	CTG	11272
226	CTA	86
226	TTG	53
227	TTG	11145
227	CTG	190
227	TTA	71
227	TTR	3
227	CTA	2
228	GAA	11333
228	GAG	73
228	GAT	5
229	GGG	11178
229	GGA	223
229	GAG	5
229	GAC	2
229	AGG	2
230	AAT	11288
230	AAC	70
230	GAT	46
230	AGT	4
230	ATT	3
231	GAT	10580
231	GAC	825
231	AAT	3
231	TAT	2
232	AGT	11389
232	AGC	20
232	TCA	2
233	GAC	11223
233	GAT	187
234	AAT	11386
234	AAC	23
234	TAT	2
235	GAT	11405
235	GAC	6
236	CTA	10917
236	TTA	482
236	CTT	8
236	ATA	2
236	CTG	2
237	TCA	11389
237	TCG	9
237	TCT	5
237	TTA	3
237	ACA	2
237	TCC	2
238	CTT	11378
238	CTC	23
238	CTA	4
238	TTA	2
239	GAA	11299
239	GAT	93
239	GAG	13
239	GAC	3
240	GAT	11360
240	GAC	47
241	TTC	11359
241	TTT	48
242	TGA	11370
242	TAA	34

#KY654518|SH
1	ATG	11549
2	GAA	11480
2	GAG	43
2	GGA	3
3	AAT	11313
3	AAC	214
4	ACA	11526
5	TCC	11482
5	TCT	46
6	ATA	11485
6	GTA	38
6	ACA	2
6	ATG	2
7	ACT	7605
7	ACC	3290
7	ACA	634
7	ACY	4
8	ATA	11528
8	GTA	7
8	ACA	3
9	GAA	11503
9	GAG	37
10	TTC	11524
10	TTT	9
10	CTC	2
11	TCA	11519
11	TCG	6
11	TCC	5
11	TCT	4
11	CCA	2
11	ACA	2
12	AGC	11511
12	AGT	22
12	AGA	6
12	AAC	4
12	GGC	2
12	TCA	2
13	AAA	11498
13	AAG	27
13	ATA	5
13	AGA	2
14	TTC	11433
14	TTT	80
15	TGG	11527
16	CCT	11379
16	CCC	114
16	CCA	31
16	TCT	4
17	TAC	11419
17	TAT	108
17	CAC	4
17	TAY	2
18	TTT	11373
18	TTC	183
18	CTT	6
18	CTC	2
18	TCC	2
19	ACA	11602
19	ACT	11
19	ACG	10
19	TCA	5
19	GCA	3
19	ATA	2
20	CTA	9927
20	TTA	1701
20	YTA	6
20	CCA	5
21	ATA	11586
21	GTA	64
21	TTA	3
21	ACA	2
21	ATT	2
21	ATG	2
22	CAC	11017
22	CAT	549
22	TAC	90
23	ATG	11657
24	ATA	11144
24	ATC	522
24	GTA	3
24	ACA	3
24	ATT	2
24	GTC	2
25	ACA	11633
25	ACG	16
25	ACC	10
25	ACT	6
25	TCA	4
25	GCA	3
26	ACA	11631
26	ATA	21
26	ACG	20
26	ACT	4
27	ATA	11624
27	ACA	27
27	GTA	9
27	TTA	9
27	ATC	3
28	ATC	11637
28	ATT	15
28	GTC	12
28	ATA	8
29	TCT	11544
29	TCC	71
29	TTT	54
29	TCA	6
29	TCY	2
29	TCG	2
30	TTG	11513
30	TTA	80
30	CTG	80
30	CTA	2
30	TTT	2
31	ATA	11034
31	CTA	625
31	GTG	7
31	TTA	6
31	ACA	3
31	GTA	2
32	ATC	11603
32	ATT	38
32	ATA	28
32	GTC	7
32	CTC	3
33	ATA	11668
33	ATG	8
33	ACA	5
33	ATC	2
34	ATC	11657
34	ATA	15
34	ATT	10
35	TCC	11550
35	TCT	79
35	TCA	45
35	ACC	4
35	TTC	3
35	AGC	2
36	ATC	11638
36	ATT	29
36	ATA	13
36	GTC	2
37	ATG	11683
38	ATT	9738
38	AGT	1868
38	ACT	48
38	ATA	9
38	GTT	6
38	ATC	6
38	GCT	2
38	AKT	2
39	GCA	11664
39	GCG	11
39	ACA	3
39	GTA	2
39	GCT	2
40	ATA	11668
40	ATG	6
40	ATC	4
40	ACA	2
41	CTA	11590
41	TTA	52
41	CTT	31
41	CCA	3
41	YTA	2
41	CTG	2
41	CGC	2
42	AAC	11573
42	AAT	94
42	ACC	4
42	AAA	3
42	CAC	2
42	GAC	2
43	AAA	11660
43	AAG	11
44	CTC	11039
44	CTT	621
44	ATC	8
44	CTA	5
44	TTC	3
44	CTY	2
45	TGC	8424
45	TGT	3132
45	TAT	72
45	TAC	23
45	CGT	15
45	GGC	7
45	TGY	2
46	GAA	11639
46	GAG	30
46	AAA	3
46	GAC	3
47	TAT	11597
47	TAC	68
47	CAT	11
47	TGT	3
48	AAT	10961
48	AAC	709
48	AGC	6
48	AAA	4
49	GTA	11142
49	GCA	383
49	ATA	112
49	TTA	21
49	GTG	20
50	TTC	11258
50	TTT	229
50	TAC	100
50	CTC	60
50	TCC	16
50	TGC	8
50	GTC	5
50	ATC	3
51	CAT	11298
51	CAC	203
51	CAA	151
51	TAT	16
51	CTT	5
51	AAT	3
52	AAC	11616
52	AAT	50
52	AAA	4
52	AGC	4
52	GAC	3
53	AAA	11629
53	AAG	19
53	AGA	12
53	GAA	3
54	ACC	11553
54	ACA	65
54	ACT	39
54	GCC	6
54	CCC	5
54	ATC	4
55	TTT	11496
55	CTT	70
55	TTA	65
55	TTC	22
55	CTA	5
55	ATT	4
55	YTT	3
55	TAT	2
55	TTG	2
56	GAG	11568
56	GAA	69
56	GAT	28
56	AAG	3
56	GGG	2
57	CTA	11438
57	TTA	180
57	CCA	26
57	TTG	14
57	ATA	11
57	CTG	5
58	CCA	11637
58	CCG	21
58	CTA	10
58	TCA	6
58	CCT	2
58	ACA	2
59	AGA	11289
59	AGG	234
59	CGA	134
59	AAA	15
59	GGA	3
60	GCT	11526
60	GCC	78
60	ACT	43
60	GTT	12
60	GCA	10
60	TCT	4
60	GAT	4
61	CGA	11363
61	CAA	286
61	TGA	11
61	AGA	6
61	CGG	4
61	CGT	2
62	GTC	11443
62	GTA	91
62	ATC	61
62	GTT	51
62	TTC	10
62	GCC	6
62	GTG	2
63	AAT	9220
63	AAC	2422
63	AGC	5
63	GAT	4
63	CAT	3
63	AGT	3
64	ACA	11586
64	ATA	20
64	ACT	18
64	ACG	10
64	GCA	9
64	ACC	3
65	TAG	11474
65	TAA	152
65	CAG	10

